Time_Step,Time_s,FR_hip_effort,FR_knee_effort,FR_foot_effort,BR_hip_effort,BR_knee_effort,BR_foot_effort,BL_hip_effort,BL_knee_effort,BL_foot_effort,FL_hip_effort,FL_knee_effort,FL_foot_effort
0,0.0,-0.2564837043394997,-0.6628825708532369,2.970984867603664,0.14136451908605835,-0.7064235504897898,2.345422513054674,-0.2376037617821269,0.6545411331371802,-2.8528497089366374,0.15863837301772876,0.7223750965954806,-2.416465553471453
1,0.02,-0.2566149788356658,-0.662886443051537,2.9720878407373013,0.14146817702656697,-0.7065795215311969,2.3461363786865,-0.23760138891140664,0.6547854903857572,-2.8540572607998365,0.15869716983102825,0.722515715128331,-2.4176186991742967
2,0.04,-0.2567153987105567,-0.6628811688600834,2.973190813871346,0.14159732851001086,-0.7067425723834396,2.3468736839613493,-0.23760487703975794,0.6550298476342176,-2.855286869540486,0.15875596664428326,0.7226644170547112,-2.418727980030965
3,0.06,-0.2568067765136044,-0.6628898590149361,2.9742937870056343,0.1417285574709086,-0.7069081001956707,2.3476296571231314,-0.23761547285660986,0.6552560036911956,-2.8565213753280827,0.15881476345750803,0.7228126756413096,-2.4198163407475706
4,0.08,-0.25690005499104596,-0.6629731496569332,2.975396760140061,0.14183391564426148,-0.7070054483585481,2.3484749899593393,-0.2376485529373805,0.6552829315677338,-2.857811140641892,0.158873560270729,0.7228871934927884,-2.420905123603133
5,0.1,-0.2569943541177313,-0.6630525718044349,2.9764997332749314,0.14193951525361376,-0.707046188064055,2.3493478367633607,-0.23767937072246936,0.6552330501616914,-2.859145980840706,0.15893235708390507,0.7229420268731332,-2.422008540878303
6,0.12,-0.25708468343746266,-0.6631040296274551,2.97754755775327,0.1420529089975364,-0.7070896452918679,2.3501997822937395,-0.2377014898985777,0.6551978111437298,-2.8604913318054153,0.15899115389706497,0.7229922836859549,-2.4231304900287913
7,0.14,-0.2571797669319169,-0.6631499759867494,2.9786505308885145,0.14216315392337633,-0.7071457523605845,2.3509955175171746,-0.23772118025313088,0.6551848564855567,-2.8618305023600574,0.15904701086954856,0.7230427432073041,-2.424199192394421
8,0.16,-0.25727960460109417,-0.6632046964952601,2.979808652680738,0.14228293936565523,-0.7072183282346729,2.351873937194189,-0.2377430682889418,0.6551818665372426,-2.863160018581003,0.15910874752332804,0.7231057371676688,-2.4253726349803335
9,0.18,-0.2573746880955428,-0.6632649792844141,2.980911625816432,0.1423943820329181,-0.7072911812204311,2.3527144322880535,-0.23776758517630486,0.6551804264196953,-2.8644831892283684,0.15916754433642732,0.7231715958901631,-2.4264822365542553
10,0.2,-0.2574697715899922,-0.6633284925935147,2.9820145989523636,0.14250477823768692,-0.7073642641171153,2.3535571783515583,-0.23779314923608624,0.6551778080928544,-2.8658048886890373,0.159226341149509,0.7232398771375455,-2.427588640374197
11,0.22,-0.42405353091207343,-0.8545574732152356,3.1323424118906082,0.24341880430741636,0.24972373601496634,3.4039453143709704,-0.3505023518268018,0.7697590899789547,-2.4114983003475854,0.2363244055118936,0.5265609344371301,-1.8784532394007236
12,0.24,-0.35355894075366134,-0.8918008286078756,3.100043408364367,0.46007200037651497,-0.25992971342914295,3.3446458377830273,-0.30406341170351064,0.8270144642415437,-2.4495623445934003,0.1990314957645527,0.34175764499060296,-1.3562307958880921
13,0.26,-0.4711226588440241,-0.8189712229647299,3.028932330413508,0.448974183984315,-0.5041354361541495,2.9998790230373724,-0.17249189423924638,0.8785208384464651,-2.5040690740103755,0.1484252906491817,0.44182487445707336,-0.8337991530231961
14,0.28,-0.624726464937715,-0.7222660979880372,2.958095842529616,0.38789162623997503,-0.48198322407240934,2.680910721493278,-0.059432864803570046,0.828459357394297,-2.606853577127748,0.18123002431351506,0.36986239609166705,-1.3067025154218057
15,0.3,-0.6933817472417251,-0.6956106468069032,2.902974337609048,0.3086701332468659,-0.5083050207481481,2.019508739092532,0.004457106762379162,0.7838370562986164,-2.7060421964251997,0.1841668691741964,0.605930241590056,-1.2824967299873862
16,0.32,-0.8797526307250806,-0.7296093520957372,2.9108784380673782,0.3267270042566883,-0.5128385324375153,1.9733422779598078,0.007574979406278354,0.7716906897873065,-2.4839103038659607,0.2395550901869951,0.6244192787560335,-1.2800434603468966
17,0.34,-0.6342400492493713,-0.6731918303183737,3.009166440455363,0.502187940390924,-0.37748986307436283,2.21948196044997,-0.08423346076628623,0.5991101414084901,-2.6595154644018306,0.22801857362273398,0.6422013600540947,-0.9365288164776886
18,0.36,-0.5602981144868581,-0.6967964579358489,2.9922756516130162,0.6764764720137939,-0.4293243528162668,2.4860520176742753,-0.22503308857384766,0.6618429652226265,-2.6318869868079653,0.12201144119658902,0.5379094303712219,-0.8129546245232384
19,0.38,-0.5498194682239597,-0.7174251346757607,3.004210673948083,0.6689798308725708,-0.4525467930242781,2.4946812439786386,-0.2496955451038763,0.7113263887849852,-2.5864719185477134,0.1125520955876213,0.5716547159928387,-0.7575391126523743
20,0.4,-0.5850282907743584,-0.7268811149115407,3.015900076003577,0.6410003326284304,-0.4715976321895394,2.4343156750780244,-0.2088152534702457,0.7280143928987154,-2.5541045996040754,0.1489275017663745,0.5931312949368729,-0.7979134219016994
21,0.42,-0.9744476105801863,-0.6141851473410884,3.033520797558468,1.3967002609004364,-1.6462237931038635,1.8879693919382776,-0.21051309685672356,0.668946874150159,-2.2808882530082757,0.16951750828713796,0.8688730983430165,-0.8757094895365336
22,0.44,-0.9088415514810525,-0.5150532210224996,2.9394723470864546,1.226433823685554,-1.0486206943085783,2.262851349629588,-0.2864719982384345,0.49080341965828234,-2.192678807044965,0.14793013265671573,0.9179116001135773,-0.8954768472147687
23,0.46,-0.7114962397418247,-0.5688756855451962,2.705487766194633,1.0432313372171256,-0.7192479781332894,2.5534517782466253,-0.20269813897099198,0.5592056641153832,-1.5157883666575036,0.18336811183895266,0.8006487153411208,-0.9983288573563114
24,0.48,-0.7110275107587362,-0.6445363728519441,2.5610958648426005,0.900640972036632,-0.5756073282664275,2.6806354979440132,-0.08675999312150917,0.5485618316339816,-0.9934033507461404,0.1600722686911457,0.6440096028646473,-1.1804936911893202
25,0.5,-0.8335606036076832,-0.6249939785071864,2.6379311310448417,0.8889342965063864,-0.5878160653522211,2.6383208013734256,-0.106367829772364,0.44774355363952745,-1.1242528307252584,0.17618955352951374,0.6376020875490518,-1.2274208585609645
26,0.52,-1.0764454683205738,-0.6282632146165656,2.650790182561344,0.9148112065943969,-0.7058001959095636,2.5800186505692664,-0.15963954691647386,0.6878858447792253,-1.026015818741156,0.32036173071107976,0.7057880845206607,-1.3163656634108531
27,0.54,-1.0329479992597708,-0.6713555125296774,2.6095528311553164,0.9555932885135314,-0.7523586498537622,2.577664488271856,-0.18600953787881047,0.7277460522277489,-1.0338499071771654,0.29577588037125674,0.7496059206114795,-1.2447529523816758
28,0.56,-0.9670903310377894,-0.6683875455896591,2.620283230229594,1.0138376568864746,-0.7563103825708124,2.601686425175813,-0.1963322625603873,0.7160623873518775,-1.072975779798372,0.29619032707755377,0.7606969023522544,-1.174753316118036
29,0.58,-0.9056983078501695,-0.6582293236773742,2.6336942537127164,1.0699338309733837,-0.750172599685116,2.6360001986744903,-0.2116115412447316,0.6963015577493353,-1.1171018452146582,0.2913216709641284,0.7614180331199395,-1.1139697944381972
30,0.6,-0.8781435903094563,-0.6520338767756034,2.6309974869558705,1.0944303429889828,-0.7442259168713231,2.653691647883415,-0.22456460297327688,0.6858525840149523,-1.1447928793928537,0.27786593653788866,0.7556404453710587,-1.0665596119948884
31,0.62,-0.5746587964034071,-0.41529955156915155,1.9954231749116116,1.194460750957532,-0.8066823082718988,2.244815552280292,-0.29274187319659506,-0.26183339868744804,-2.2002709988156575,0.3651312363732169,0.9711910193880122,-1.1677332115566954
32,0.64,-0.2660118474829942,-0.2789309453161846,1.4993369768951297,1.121101173216488,-0.8264363598167415,2.203333889515746,-0.4891746801309943,0.22411235519395362,-1.6567484556834557,0.2457963383086827,0.9783074668503503,-1.2847299604345268
33,0.66,-0.3607854389081057,-0.44224883417403693,0.9508115196557902,0.762891754682775,-0.8373695367555054,2.242730983448811,-0.22967504685889223,0.5067837706046407,-1.2416307297687914,0.25681394975831057,0.81080313000222,-1.5801114663843767
34,0.68,-0.4984838235142493,-0.5118616389483721,0.9637579199323636,0.46118760495628797,-0.7523070829226042,2.344220780655255,-0.1966798381618023,0.49706406886119814,-0.8845934874890768,0.27788865166886173,0.7043363343564517,-1.8048356338575882
35,0.7,-0.720130998479782,-0.5408629334185835,1.0304914812845911,0.38736552287551895,-0.8092835256048553,2.25621208558611,-0.18900034925048473,0.5121535282609334,-0.9494898466098913,0.3525420310283518,0.7375461755662408,-1.8466568324899915
36,0.72,-0.692097805269731,-0.4505120116260277,1.15007459082342,0.42007708005771927,-0.9381385623326532,1.8187635531177153,-0.6965513677921292,0.4608038615689443,-1.5797597476049854,0.8075337649978718,0.8645298945211504,-1.8585309602206075
37,0.74,-0.6625454576834455,-0.4396457397625162,1.009063833685222,0.4947447463467968,-0.9512900905966648,1.6611814289741071,-0.6699811960459029,0.4348256445793418,-1.7670935890060657,0.7606701247928066,0.8949007116099919,-1.9566230976844114
38,0.76,-0.6434945119474084,-0.42278008455168425,0.8314509901855979,0.5345757462133295,-0.9304484850174274,1.548386952988663,-0.6885907157567123,0.40339395575459164,-1.9393904295425828,0.6672490909638291,0.9010014723646381,-2.0889367301286583
39,0.78,-0.5719964981104874,-0.3406590159901976,0.2982711017096331,0.5629241260741368,-0.8932549892723789,1.466110196747564,-0.6800780854879529,0.39181460727605216,-2.0605738750072913,0.62044954970887,0.8973630665966903,-2.2012749823403763
40,0.8,-0.6253721628572442,-0.36979489208909566,0.6922998940740934,0.5532649405872837,-0.9095567458493539,1.4217502761700125,-0.6562461465248587,0.37413524826932676,-2.085917038754023,0.6293753035538624,0.8683422007538871,-2.2590080272008453
41,0.82,-0.6311115099327033,-0.6099145546091651,0.6881564703048499,0.557298146101789,-0.7805981253630729,1.2481421843623197,-1.3543785516634725,1.4090232096369175,-1.7120200338485392,1.1160422608009464,0.6840203076815166,-2.3797003844018
42,0.84,-0.5813015107853717,-0.6687374123481363,0.6631612531795772,0.6431222404146282,-0.5590240260949997,1.2513295534796167,-1.213692448495577,0.8956818478984723,-2.1069743045765215,1.2065828782772123,0.5833661402943655,-2.443952180090388
43,0.86,-0.5749992188553146,-0.6665853557617057,0.6403807176682184,0.6685733852515597,-0.4629532120113924,1.2217247412145016,-1.1620892286437419,0.6751888523347513,-2.3182318146312473,1.1204460831630527,0.5602446451460154,-2.3934517249821883
44,0.88,-0.6003008533050062,-0.6462473340503992,0.6028337556072958,0.6633319563181649,-0.5336767138050726,1.135576005956625,-1.1591100304129263,0.7378447941534179,-2.3262699654384758,0.9937290237992311,0.5725566779852316,-2.3423941208464854
45,0.9,-0.6212154031610982,-0.6432934049571214,0.5971802122305412,0.6532705777517467,-0.6043635606284287,1.0593044321320675,-1.1326949064776413,0.7835882406574743,-2.31123832972811,0.8960717057032013,0.5964335095759493,-2.2590084405988553
46,0.92,-0.5374040493987872,-0.6326967526640297,0.6316023184768731,0.49039797620020337,-0.664104236785306,0.9289229100112648,-1.0837882257945524,0.7547139559264605,-2.386700876442163,0.9430637821972923,0.6720216844899173,-2.053021576939853
47,0.94,-0.5355407689182128,-0.6094293533891534,0.6857922501623094,0.49723757593000756,-0.6815455975122524,0.8808208442940662,-1.0140733731343925,0.7210383760485255,-2.4135409507850913,0.8486449361845838,0.6806990525541566,-1.9407472231813272
48,0.96,-0.5698632172224714,-0.6055637807996055,0.7209907940274335,0.4652528886357878,-0.6663972398991816,0.8697628299850755,-0.9639041227364262,0.7328553995930178,-2.383737883315629,1.0022650818302408,0.6640574874614128,-2.0311251542413076
49,0.98,-0.579071573310186,-0.6215531331157883,0.7266397085800276,0.4514533799415804,-0.6690938202644404,0.8781975301869904,-0.960543757712264,0.7344523909805355,-2.364106200863288,1.012192165034893,0.6727269840526255,-2.0191159980053595
50,1.0,-0.5657088680092868,-0.6205274274533306,0.716869461931642,0.45440370808555186,-0.6731637530391819,0.8960533449718662,-0.9687371992235354,0.7360394068753868,-2.3475998093641817,1.0142039011241644,0.6697924593513043,-1.9985941018188602
51,1.02,-0.023145626483947745,0.27146912449286187,0.6361424366133202,-0.08416914379358445,-0.8687726500000478,0.9738754390010049,-0.7404945729774713,0.4651663765175801,-2.028523414103842,1.290687748122347,0.7565831015862339,-1.873546881730853
52,1.04,0.013618810140189591,-0.2426550102096861,0.5548948826919466,-0.16448882555970254,-0.9381949594119979,1.1149675621322197,-0.4534143346093087,0.44735512317151394,-1.1935702953284755,1.2969299147230884,0.8609962875259713,-1.6388116185567807
53,1.06,0.04580090596642197,-0.3257346313965219,0.41360701405080225,-0.15412737870682966,-0.860004504553853,1.2915546310263197,-0.47650824633082156,0.40403801116443494,-1.118009871405242,0.9950821481307941,0.8536976393678313,-1.6537532974470954
54,1.08,0.11313573666061316,-0.2698017859684774,0.31155808266052304,-0.12508955390140147,-0.8114767178620763,1.5159485548253284,-0.6825504787554384,0.548692705417764,-0.9038427012369177,0.681898351285155,0.8400919787231632,-1.6161701358245386
55,1.1,0.19387972140705712,-0.2854264901721835,0.3387294795411198,-0.0843006771866819,-0.7903543396247236,1.613976083302865,-0.7124507903856768,0.5228312770360339,-0.8747506624692245,0.642365726562544,0.8427211944457725,-1.5360224748512814
56,1.12,0.40509330560124623,-0.22516209056587666,0.1892096032840791,-0.38301421262183694,-0.7230349825140228,1.6469524127195005,-0.6474582906366478,0.5345163923703612,-0.7619690918666469,0.8212173474984317,0.7501134796421518,-1.58562443215521
57,1.14,0.4550016831233822,-0.2442272852378774,0.2157656899720371,-0.3499193504548139,-0.7449418429272379,1.6271936178170003,-0.6078019054672765,0.5335005518089071,-0.7677183244242011,0.8679859636931784,0.7823099023739364,-1.5275390553570625
58,1.16,0.4746239878894837,-0.25382390442885033,0.18626295188779846,-0.3809214479314199,-0.7499401344898283,1.6121010271036977,-0.5914071456209855,0.5410049587353103,-0.7536483420077782,0.8786749556642912,0.7832418792052138,-1.5527814158419702
59,1.18,0.43669770841872396,-0.24432136248497394,0.18424231205277086,-0.4108197391472169,-0.7551505945066602,1.5867516496539311,-0.5678789720539927,0.5514586178718913,-0.7448542393014902,0.8929608966627041,0.7772774680318331,-1.5894204305092483
60,1.2,0.41555829152634344,-0.23151037581384393,0.18023692231893917,-0.42046271500465915,-0.7635626689655357,1.5560422164300969,-0.5487006270347349,0.5603340444470023,-0.7514645050183602,0.9026936227337982,0.770195756896352,-1.6203552293520698
61,1.22,0.5858031989506589,-1.197198400377429,-0.5842226631049925,-0.5731304069453123,-0.5574424384218446,1.6089479087852225,-0.30128472783043675,0.7543797725491145,-0.5788101257454906,1.198121439694416,0.483234634009023,-1.7365482583121379
62,1.24,0.47022317716762985,-0.6747542804044742,-0.08345218767893448,-0.3303961745938814,-0.5140549476086851,0.6925945093883152,-0.3459329538641172,0.712300980334801,-0.5704465227863541,0.8720397329656231,0.5570090186780428,-1.4663234785894177
63,1.26,0.5317814013987688,-0.3755419776326271,0.22371385702907115,-0.1976761733490916,-0.22136920565372525,0.2901921074105014,-0.48455747833689594,0.4959261832236791,-0.4673395220940667,0.5839194419828609,0.5486363447802326,-1.2459505843889696
64,1.28,0.5299614272828106,-0.41489163125673945,0.40635049066866674,-0.2744067167180617,-0.2049672692535462,0.25408029628380885,-0.5067228164047325,0.32019841721003794,-0.2216013215139394,0.5111607965064132,0.5295885462839953,-0.7719498897345844
65,1.3,0.5258692114499391,-0.46769736861884115,0.4592714605636177,-0.2923405601079798,-0.1966688592645764,0.23418921825231082,-0.40124318518524715,0.2973575508075617,0.0032589462582342243,0.5132470731450837,0.5438865192890026,-0.8044053090324357
66,1.32,0.5900799406135607,-0.48313131558873,0.41207854574488423,-0.27154044602448263,-0.15071759872595453,0.12877827336827827,-0.36148304670380826,0.22207925940469886,0.07954105381943224,0.34499239292078054,0.5523326605637939,-0.7113354543405118
67,1.34,0.616711412935469,-0.4963892061799264,0.3903463517422561,-0.23014887560951586,-0.12663875263097268,0.11206518522655692,-0.3177386173621851,0.13505117023342705,-0.053670674722309575,0.26362047219486456,0.5498007506342575,-0.6856087718408752
68,1.36,0.6263191565058166,-0.4971175713151182,0.36493523100924613,-0.21714264117920778,-0.10156155933331709,0.10430460220957885,-0.326561935441811,0.17654688159749365,0.11302319189756457,0.22442013309825165,0.5551386656738044,-0.689578609802495
69,1.38,0.6198981841350001,-0.4965058158981076,0.347595150283215,-0.21787705064673085,-0.10090004337508293,0.09982716404164371,-0.31759058034079574,0.19084632073034705,0.09049941880758983,0.23746860632203246,0.5607045476556928,-0.7107664446852128
70,1.4,0.6003042811546841,-0.49250406242430633,0.3403457514066308,-0.22458911327893377,-0.11395643669567716,0.05741672019312469,-0.28795124836557784,0.2106511421277183,0.07362125000311628,0.26263183811360674,0.565870506753616,-0.7350819185550564
71,1.42,0.30041017783367585,-0.5841160461852337,0.29656251104697484,-0.06599474120877458,0.10240839960341228,-0.014005802825429459,0.08845876796491295,0.38864070446066706,0.132543227068791,-0.0431986686438835,-0.35063730046325725,-0.6754258868027683
72,1.44,0.06436968174534591,-0.5964073948946989,0.09450917985437962,0.010907897405960557,0.09245430239833975,-0.011080406876321058,-0.01467173151427794,0.45918574652566063,0.11716276630058556,0.06400228300095959,-0.05945242563202413,-0.15270959784256188
73,1.46,-0.07886882652196454,-0.5080521161962501,0.018495927432818915,0.04705020326043441,0.07960379115560079,-0.011094903663286915,-0.06809245557996019,0.4528455803471428,0.03921950485601064,0.06860883842991881,-0.07597742702247012,-0.013204558674634326
74,1.48,-0.11375197663072951,-0.44080250206402316,0.003333507594188434,0.04736963971668544,0.07210094587941639,-0.00912952232898015,-0.06304775539445628,0.4363549228343448,-0.034284555407593675,0.05251289871000607,-0.07250382801061417,-0.0018363003027137836
75,1.5,-0.06880429450474783,-0.41774372581163705,0.012754501733134582,0.0283162915168923,0.06559463148827975,-0.00789289225950146,-0.04074053574873639,0.4365057014652407,-0.06723572655390675,0.03703525852574178,-0.07190845563727914,0.0003965121530254412
76,1.52,-0.04111696148740787,-0.46242335480138785,0.16585524266339907,0.02108101305866511,0.05073079645284892,-0.006211171442539937,0.22174828256713336,0.4381794961768854,-0.0052590657278277775,-0.037331283662890125,-0.08760011842220083,0.019283293224938575
77,1.54,0.025636849702323106,-0.5045370333010822,0.06485039319547081,-0.0074010226401456485,0.08482427314790289,-0.011650732961927812,0.011216140175059813,0.4657076324645846,0.02412592688725612,0.050831103272502315,-0.07842749926330532,0.014582128223464247
78,1.56,0.09404017566405977,-0.49100269665624846,0.024680741149477936,-0.010036330535038957,0.1016938627070571,-0.015856140631335947,-0.11168142145640014,0.4650641710393218,0.007519878308518441,0.05513587733152766,-0.07147943647541118,0.010943472945248556
79,1.58,0.13313296270051292,-0.47079045724261337,0.013666725572212823,-0.012495403712931629,0.10333219802435079,-0.017021616331269585,-0.153140069884286,0.4579511219326766,-0.02025698616697666,0.04809284627245656,-0.06543533310736312,0.008617712320891008
80,1.6,0.13351050168323042,-0.4588253572207517,0.01767927085381621,-0.014545808039287678,0.09889064800397926,-0.01573778187658867,-0.1294676922012954,0.4557179632112993,-0.037666126862592075,0.03353383859501604,-0.06326259399258041,0.008203409237883819
81,1.62,0.10414022070194687,-0.4859787219597922,0.21962298214395498,-0.015414200947070952,-0.06575050232411675,-0.002722098923587407,0.07240902228660226,0.19927783681150607,-0.07531811253692372,-0.3040310426215795,0.9906464977705545,0.9241721025032859
82,1.64,0.08420618640032103,-0.39178842221208676,0.2182778488717908,-0.023121965601661604,0.03238219773891489,-0.008741609832604497,-0.04070936271914479,0.27880664865131305,-0.027837483688229886,-0.05984893984329609,0.4419840747005638,0.3755988304549769
83,1.66,-0.025690855558630432,-0.18881988683475132,0.26014080528284567,-0.044129199535160236,-0.21803042722630642,-0.15054060607841174,-0.07675799587282522,0.13789861448929835,-0.17704273544522844,-0.13916680594455152,0.22599582627248116,0.06625263159791828
84,1.68,-0.055846339979451445,-0.18971409368524866,0.23047008818547376,-0.01905463960203182,-0.19962912382403217,-0.13866137922215332,-0.04306167721010938,0.13632698724671444,-0.19792567991299745,-0.16548873637280936,0.24097702787517344,0.0565257473119255
85,1.7,-0.06272743918387176,-0.20827009739128846,0.22987648148660422,-0.0266248606302449,-0.2172843585959341,-0.14909372772180596,-0.013703033249032867,0.14899899804061134,-0.1748038355058525,-0.15743355985381588,0.2567896796205851,0.07299377591645118
86,1.72,-0.16572178068537255,-0.21936643019729346,-0.04816049584398896,0.03326550540630448,-0.23937839697550534,-0.11463613936790967,0.10724661997751975,0.13587879806615047,-0.08710989939804889,-0.16611217585067478,0.2279397980999897,0.07837555069088878
87,1.74,-0.12486995850742108,-0.24776317686924887,0.2420459833072831,0.06567002361567671,-0.2421846771205526,-0.05192853024776711,0.032733202528966,0.14173896310448564,-0.09481624459936888,-0.15309449052736046,0.2334017258692716,0.07697345780223011
88,1.76,-0.09368059696908992,-0.2588209953980057,0.21736794730472458,0.08432857794259813,-0.2436281435477533,-0.013801720345988228,-0.015648059678487813,0.15055580720134126,-0.09875464212291529,-0.1439515302565479,0.23742151831250619,0.067667672375058
89,1.78,-0.08569132421511073,-0.26268858878589246,0.21134966515400333,0.0884566038959671,-0.24374350640675613,-0.00304713572401738,-0.028516712542377063,0.1543884051460392,-0.09810779616998264,-0.13994849557461783,0.24059935358593382,0.0659090642798581
90,1.8,-0.09348359134903372,-0.26089732202734106,0.21756016286462165,0.08317302626015843,-0.2435992922329735,-0.011893725017468104,-0.017101949458031288,0.15214168492129204,-0.09630860075349498,-0.14017698533882006,0.23940871397640784,0.06681456619124632
91,1.82,-0.20899880461824027,-0.4628960481552925,0.19249048191470125,0.07932961602009969,0.6914547134823446,0.7519441066544807,0.015920386369507628,0.31505768562093533,0.17994333063445347,-0.016843642826383773,-0.023701717813720907,-0.03488900949725776
92,1.84,0.027456091687510648,-0.5121634106829457,0.10326664233257393,-0.04824191279096743,0.19499077121965813,0.25539793783596587,0.061479094640754246,0.4446122961259862,0.07760333794082533,-0.005009700354820481,-0.07817167020814304,-0.001011426382281022
93,1.86,0.154220403870615,-0.4868615161967137,0.0072229299010427295,-0.07685396640393236,0.07514408769237668,0.021989316942564396,0.08095149073050016,0.4939396973922232,-0.055964154972779095,-0.04425177204845186,-0.03413198717640732,-0.003069133690331377
94,1.88,0.18871376157795405,-0.46049179872870416,-0.04204395134072131,-0.06711953512795067,0.07907193591929224,0.00861503302001615,0.07485611283900762,0.48999235818799514,-0.1398532465668435,-0.08643694066472386,-0.015986636233186274,-0.017202692969680328
95,1.9,0.1630347832387895,-0.4445038455657196,-0.04809425818490032,-0.04988289195718977,0.07767822982933414,0.003938230352543898,0.07489785484464395,0.4790418859907587,-0.15163360028318143,-0.09442841015640886,-0.009151425006590663,-0.020341076939647373
96,1.92,-0.14131823225287918,-0.4341585859727079,0.004392148136017848,0.00901001317813388,0.07234035893515081,0.01429830229771853,0.12135155046455234,0.4624048179899351,0.0157810907044848,-0.02852169410425364,-0.08701107564914572,0.001475291155406372
97,1.94,-0.008936243924971277,-0.4114861315929666,-0.010986313298413763,-0.052986891800700986,0.07606042617974673,0.007119303228319829,0.1033403003479022,0.45556642394346997,-0.07816056008355765,-0.0029920210190085943,-0.06889012449390876,-0.0014416082582436596
98,1.96,0.06383321616130061,-0.4128218554984064,-0.04796919109673281,-0.04261169216985354,0.08441843560874254,0.003326704021445054,0.06135459194224949,0.474011905014713,-0.12354225781690126,-0.003058155597629956,-0.0689441782667898,-0.0030479143942753195
99,1.98,0.08403173343273831,-0.4170596501014205,-0.06893446485959825,-0.028693148329539234,0.07119099596933454,0.0019118915871462472,0.02583226942837466,0.4737918151518015,-0.140733230575469,-0.03374763662765074,-0.008151906535072778,0.04598110300752045
100,2.0,0.07512593145290518,-0.4058803463729651,-0.05248685753482124,-0.020984792739426238,0.07156632715631063,0.0008530123315915461,0.008437782915465673,0.4609837148263815,-0.13209686685186287,-0.020852275175923567,-0.021736856465837423,0.02875309151931954
101,2.02,-0.23348150280636942,-0.3786658411816932,0.021470015430334,0.06624033321514355,-0.83602301426974,-0.04307000828847635,0.03828021664425377,0.3703433521771606,0.010371656461496709,0.03136798243183281,-0.009870160396816194,-0.053703969225278536
102,2.04,-0.021524595678163838,-0.3691303943068805,0.02789453905824124,-0.05277776113011892,-0.3134318217970169,-0.020823515657616587,0.034583076501299256,0.37586067602844475,-0.09086304885617552,0.017395037282108707,-0.00914026004291682,0.0437307048776617
103,2.06,-0.1234715515013215,-0.1544561354628884,0.02114449009128616,0.16960314521010472,-0.25310879547970366,0.1070279239726799,0.03330733552981392,0.2441719858656528,-0.21983314248911207,-0.05247178954518174,0.21405112376565746,0.09037846234811356
104,2.08,-0.16108735514306785,-0.17633687178205287,0.05712950498140773,0.14428102072362126,-0.24246013662786048,0.11518180889466412,0.038738741186958414,0.23928737271090683,-0.21662392493456442,-0.05071560016533502,0.19851364830839685,0.05734576707663089
105,2.1,-0.17598463277700405,-0.18280781045821798,0.05729872511674583,0.12718783499453162,-0.2716993750361457,0.09236487097575083,0.05282949359152318,0.25759200034635077,-0.1915674433377779,-0.033335271834876674,0.1881167399848076,0.04207147054061422
106,2.12,-0.21422878183490457,-0.18062211827867378,0.029648402317118516,0.16044497664341695,-0.27694292439675705,0.10477079865313821,-0.010364150071863226,0.29460964245693755,-0.19492850808550757,0.09738778228721853,0.21113680883662306,-0.04216601957512067
107,2.14,-0.21698888442591058,-0.18066670079560143,0.02843277127442073,0.17065656603874968,-0.2790481720828194,0.11359388575959331,-0.031576870349221756,0.29478975169364274,-0.2000987159634237,0.07603655704249274,0.2124337012779265,-0.03265415271194855
108,2.16,-0.2220308121364096,-0.180713850546328,0.03685986634553107,0.18263904520534488,-0.2774430962041139,0.11433061532223532,-0.029931231596774712,0.2911028113760957,-0.20679526900926723,0.07912196440457696,0.21427620892556495,-0.02328949579888731
109,2.18,-0.22201473830668894,-0.1796574228162691,0.03724266419666275,0.1814739272593284,-0.27743484731578494,0.11445932685172491,-0.028199129584396136,0.29108768639208904,-0.2052988122958566,0.08181386291209962,0.21495105554593288,-0.022633355068971822
110,2.2,-0.22446825986352054,-0.17932436021581527,0.037157515583625816,0.17942343383032602,-0.27775901731275476,0.11326641987078248,-0.026652658243774816,0.2911788014882897,-0.2046442166612415,0.083042608073255,0.21402684547715772,-0.02507752825940479
111,2.22,-0.02909928157344116,0.08796641175017392,-0.0069429598585390995,0.10437489667072467,-0.3470405325331616,-0.1119851129124031,-0.056108540791756756,-0.6395166544423188,-0.970227279185419,0.20417134583397428,0.3813165699402573,-0.044049317950898836
112,2.24,0.006494263333027425,0.08544535288013971,0.002665783247422421,0.011758987644459998,-0.4159347933645582,-0.07144338600147765,0.04807118707748392,-0.14303290550954317,-0.47375256266111543,-0.04756161710170681,0.453787212466754,-0.060371729970604776
113,2.26,0.0403642338335331,0.06593331230497798,0.0076341020932571,-0.0577647306127306,-0.4585803813133955,-0.009614856310699721,0.08139299344552486,-0.06230898257862094,-0.03061110258027988,-0.1633226747391879,0.4594448443059537,-0.06280554991233242
114,2.28,0.04014603852020365,0.07747660629125772,0.00669960459945762,-0.0721053925939498,-0.4722856225977024,0.014730515935321292,0.06515309991477976,-0.07884926144937426,-0.012099325584288306,-0.16231681418435545,0.461129151519264,-0.04123311059676352
115,2.3,0.026246234985248845,0.08513882411959453,0.004775038225928646,-0.06181427387697224,-0.47085423502079177,0.01829452069986079,0.04264259889780279,-0.07712554618253645,-0.006052581795678497,-0.10390314342770476,0.4516271919531254,-0.016117327092666556
116,2.32,0.04302637787744565,0.10812490510165824,-0.0038141565169539093,-0.12829548401819743,-0.4375298870843128,-0.08219777831204605,-0.022572732427469988,-0.053215734074779114,-0.016521159268795244,0.20582412484003682,0.4310573884964337,-0.0538375122984798
117,2.34,0.03532668106176788,0.0533745197049698,0.004369136297890819,-0.09929660802845344,-0.38632959605828343,0.01332989243969293,-0.09986178556717334,0.06252006517064344,-0.02819796091292201,0.15290527260261388,0.3516527534028541,-0.06081707029747327
118,2.36,0.01837740529905306,0.05686039867226428,0.0033374526753117695,-0.06548633819764982,-0.37617145835251664,0.0505734604691134,-0.10144486389954535,0.04180986948872106,-0.020068222457082174,0.1549621777619305,0.3226904760598149,-0.03607125365523542
119,2.38,0.012772746919179657,0.06222150105839355,0.0009753256018467105,-0.04068540271522798,-0.38828533751373284,0.05331962942861562,-0.09936462235022343,0.017092534906117313,-0.03644774242304602,0.16093486059992346,0.3282815173556328,-0.0022789848447197225
120,2.4,0.003658830050860016,0.06938715875716704,0.0012955633003240707,-0.034999886537041114,-0.4066182746556026,0.043309354545715856,-0.08123268188212501,0.0019371079537763847,-0.03636450546150133,0.14143968109721675,0.34523927847128716,0.00786528075079826
121,2.42,0.05892611454282744,0.05588310762297802,-0.0020598384728914843,-0.13518757012716212,-0.27196352487379744,-0.06232339250877064,-0.19680797778561554,0.9495208313748167,0.09247097327730303,0.4120461830460621,0.19677571589809834,0.058399428796728214
122,2.44,0.014632539955961938,0.04224471209397053,0.0032807205523917304,-0.17315697053081755,-0.26256679950280737,-0.019791837716695626,-0.12931312452900612,0.42697501342135724,-0.14093946057532267,0.23772893717235455,0.17184627004844877,0.05988935932752684
123,2.46,-0.003426905817945018,-0.31739231022219255,-0.33491993300147926,-0.17469246256680182,-0.2529775991111253,0.006152497364631471,-0.1601876387023292,0.1358300165970736,-0.11475008093658276,0.1944044780942898,0.14898872766609333,0.06320305140882262
124,2.48,0.12751522245647387,-0.1887113637770465,-0.2741088703713818,-0.04598043079770095,-0.15091796202181934,0.05715297440700007,-0.1285242148189323,0.20685480161210512,-0.18038296504543927,0.05475869310410339,0.25672393300070007,0.058857712122328903
125,2.5,0.13289245418425255,-0.09534128946571982,-0.23227091743218828,-0.052800125491652666,-0.17002161356307566,0.0784903017252043,-0.12821717769011376,0.21919495218271562,-0.16694669325565936,0.03654637770791397,0.1869380998510594,0.01195267831986635
126,2.52,0.2019872575877678,-0.06754278934587879,-0.20270776497064635,-0.22556468796863705,-0.1864557642832475,0.045204042786366916,-0.1955289785823124,0.19860736164959528,-0.009336109789518932,0.21221998288440824,0.172049826993082,-0.01170864473498548
127,2.54,0.21959563080331207,-0.07870323504321541,-0.17720214627515976,-0.2116103170674601,-0.17781531854505822,0.06015982160557018,-0.22068483259921234,0.22690328392200798,-0.0998278592711763,0.22561088679813943,0.1687382122514023,0.009607272980705572
128,2.56,0.21179347021447925,-0.08784927056748543,-0.16129621806332503,-0.22122038040422667,-0.1834488906254604,0.062632852068839,-0.20999831429225677,0.22913215665443093,-0.08756829162150023,0.23671479883705587,0.10295044928565286,0.02781137432701672
129,2.58,0.20777135236172195,-0.08872019171283965,-0.15696230588403398,-0.2244071488837238,-0.1864555902920706,0.05731025753120508,-0.20588939181860633,0.22789114341812428,-0.08177599836934968,0.23932534159003538,0.15396702288270497,-0.026383017732348663
130,2.6,0.20641970140778002,-0.08896958279550252,-0.1527177436222369,-0.22499941904680726,-0.18430833436227295,0.055554085379762586,-0.20402552826068132,0.22623674894567036,-0.08135256436603078,0.23938955003068546,0.15294836073090556,0.02055013317543891
131,2.62,0.36750234607526044,1.2424665654469698,0.1677806248233059,-0.3724610708471642,-0.3770625929654243,-0.010161603036900474,-0.12031974035975276,0.12209611136777904,-0.03525825793709286,0.23410026199178768,0.10094626885175395,-0.012631773904488636
132,2.64,0.062144052968182595,0.6939634154935208,0.03425875591434535,-0.23723363167778377,-0.4138743323901233,-0.08370851424600928,-0.11972854608385963,0.030757792447795126,-0.011314209353916388,0.14070314275752135,0.2713743542192734,0.03081210412488425
133,2.66,-0.05587889307564506,0.19749992118265713,0.01829124233315718,0.00037108888416217956,-0.36658505462217866,-0.06370679060358739,-0.04949068415492319,-0.05218780829712434,0.006456767130131297,0.013888456888011741,0.3313178963153642,0.12222791807804112
134,2.68,-0.05241462750027096,0.0354186052448231,0.008837181381021686,0.13279986824401854,-0.34947333915751966,-0.03997051505740254,0.012277765186741563,-0.10026815449595913,-0.0006112339823146073,-0.10431995132832596,0.3426753339145361,0.14931156163310547
135,2.7,-0.05833910113862535,0.03704355073646248,0.039335399490321526,0.15012034936359378,-0.3536690154042382,-0.01908236752469175,0.034331042627031724,-0.10555017472304193,-0.0006024642611930642,-0.16931628231590745,0.3415723628803315,0.14421990852395117
136,2.72,0.35531350762855307,0.1505465942854471,0.053485778533226,-0.14489882063881,-0.35947601176866695,-0.06186115999434039,0.004951882694445603,-0.08287682963644544,0.0009874978792034084,-0.11564850770439963,0.38378052684369446,0.06514898589128945
137,2.74,-0.03710110310507214,0.06175508254668249,-0.010228210092010609,0.012278037461616445,-0.37788492265825663,-0.08219716456140358,0.011585967000507222,-0.10306124350866587,0.007902310433187537,-0.11707188888186651,0.3813166485600577,0.06058669401541142
138,2.76,-0.055069937231200794,0.04910478300417176,-0.008773346950173122,0.09755644917952125,-0.20410413499829627,0.0012747134368693847,0.025850913521554268,-0.02624682042783877,0.0072237391790045125,-0.14881668773442344,0.3787556501813973,0.1137729384765519
139,2.78,0.10071182299529377,-0.15108520982723583,-0.15228696164501038,0.105034308821397,-0.20009405804991334,-0.009834316202463528,0.04166010416931809,-0.05026427098159604,0.007323689047737447,-0.14713133457766542,0.32868760302757005,0.025300720379255598
140,2.8,0.051492515492265495,-0.0686908039970166,-0.1215371666012631,0.07999590392026514,-0.226184900781636,-0.0407470554191941,0.03399918802810682,-0.05509882108499761,0.007423638917813502,-0.11720759700272285,0.3085462491629991,-0.003345279957610442
141,2.82,0.6642073180295395,-1.2581785021094816,-1.217996094392679,-0.1642194300106926,-0.16498220231357907,-0.0715722870957681,0.004523063606238942,-0.021166021939536747,0.0011141301721634689,-0.031849799693776173,0.336955189839837,-0.09984678143454298
142,2.84,0.11382330921818751,-0.7357566568085787,-0.669559887632794,-0.0546882085511059,-0.24836171863901502,-0.10912810390252103,-0.009169337968601948,-0.06732491997420718,0.006145594785888303,-0.031625755382003407,0.30929379394540557,-0.10562034414978877
143,2.86,0.02484842999517059,-0.47446728424919027,-0.3821917317576995,-0.03485889563146244,-0.1940935919374422,0.0049543564898376635,0.0380827964028532,0.17064003390140225,0.2417143296591553,0.029434396306498873,0.3547879764814529,0.01587700522894006
144,2.88,0.1246361138053522,-0.17087062982017165,-0.04172568432766127,-0.06706777762134908,-0.1273798179142079,0.07346480705743721,0.05726192300102341,0.09824753221880092,0.22938804883064945,0.05794739471649821,0.10376360320639405,-0.033750098776742316
145,2.9,0.15659961708378253,-0.15873551131002145,-0.024076916185432007,-0.0826763641984416,-0.13727367874855567,0.05807698212964099,0.05570454516965945,0.1123542882374369,0.22573592304881554,0.05302083280726551,0.11555795852440226,-0.024718377112120965
146,2.92,0.14939751673231033,-0.16449581774924868,-0.056052745019571554,-0.14835149569262374,-0.11999073284069581,0.0011367220093763397,0.1969454954361053,0.11302936651893289,0.25669597346441925,-0.060207208933041614,0.1055947364533953,-0.047977557736662124
147,2.94,0.13914084215132033,-0.15792913531997071,-0.08248335057244202,-0.06957410468049657,-0.1212565805000733,-0.005173611719138632,0.16194806840403958,0.11447828442169268,0.19608002506319028,-0.10338471844440383,0.11472533895662312,-0.04838438936351053
148,2.96,0.12141571965372178,-0.17789857823697064,-0.08304896512430235,-0.01597208706542097,-0.1161130431511754,-0.002939469736015221,0.1493775353516531,0.10993084153187635,0.16126218048425592,-0.12192343723206735,0.13191723375199774,-0.033795994541876984
149,2.98,0.10838011027684193,-0.18836107886899714,-0.08288224981149886,-0.009261181861089957,-0.12014455362352265,-0.004504374588374521,0.1408609512540666,0.12377555608281283,0.15137714700773192,-0.11930171496870819,0.14856798759036896,-0.022777900491039116
150,3.0,0.10817077447201703,-0.1940734241623484,-0.08294576980522855,-0.023871407075079596,-0.11547599071369487,-0.0022177403614648816,0.1501284767334974,0.11662756339931384,0.1552856566144015,-0.11783106547856373,0.14733642837343214,-0.019966745992447715
151,3.02,0.11283570148777883,-0.1406385996346059,-0.4308035315025598,-0.021548452584475547,-0.008904066354476686,-0.05666986851561409,0.3585917910021921,0.28997458497154505,0.2536173039750329,-0.1269994753677809,-1.058223480599603,-0.26767649977829766
152,3.04,0.028262850311457564,-0.3296824192886506,-0.03744013686259523,-0.02650755664291131,0.045322819747539836,0.052992778921889694,0.1997719957951084,0.3333712667382418,0.2997404517139994,0.0690322231439712,-0.5619013169969231,-0.0341915768604914
153,3.06,0.04072429175300708,-0.36261800640965824,-0.1792364185657294,0.00751608352836421,0.05897858023560881,0.007648177370745052,0.005379171804242439,0.2872200125907073,0.260677610054121,0.06523746835838984,-0.08342318078244526,-0.016658244312670545
154,3.08,0.08765376714020912,-0.3230168828019719,-0.19202951766952361,0.011508790728152252,0.08113784322465564,-0.01638261493559151,-0.06903904152580666,0.1933170301549728,-0.08431676167934507,0.061933732059424866,-0.048128694603770894,-0.008612681070083394
155,3.1,0.11891993589371572,-0.2941604569590395,-0.19796604579371085,-0.004660000803928466,0.08806970996016886,-0.002800790044409418,-0.07600584172076619,0.2798941093071279,0.1858714414731687,0.04764735161747649,-0.0537454370149916,-0.0050439154401342445
156,3.12,0.10334123727096337,-0.33028548031453087,0.1670684950568849,-0.004308936230731142,0.05728083262176231,-0.016349717753573717,0.21851984914493788,0.29113029855741956,0.23904945302995995,-0.011818388363348087,-0.09093231069826165,0.12601279583204095
157,3.14,0.07824196570216,-0.33535876216445926,-0.09275234973923593,-0.005945471596929458,0.0807931793310955,-0.01137408125524006,0.06640669193354551,0.3087266920979472,0.23374148868784192,0.05479515443870153,-0.07371334777701617,0.01377312072417744
158,3.16,0.0775844631227397,-0.32946419696992635,-0.1823386645768714,0.0018475831688312232,0.09395720872810438,-0.014013312104729558,-0.017499085814378312,0.3145063011826109,0.2018641671336358,0.05418839637274987,-0.07414034460444112,0.01363423855159715
159,3.18,0.09267413960261572,-0.316713807230053,-0.22251039463756347,-0.004744768072240873,0.09146262596843334,-0.013655599126335155,-0.02714310014731788,0.31464900410284274,0.1695491659437564,0.044271585216233394,-0.06518626831422944,0.011764843947148412
160,3.2,0.10644475268530733,-0.2995457663945569,-0.22949392370461733,-0.006725438559127547,0.08885144832502045,-0.012031016098371039,0.004445520763999886,0.3162630509743279,0.15217221662883387,0.030112145000406935,-0.06523952531039254,0.010924448766691963
161,3.22,0.013522695183209907,-0.3021913030425342,-0.05432571879649739,0.00746328234312485,0.06218378112127218,-0.003622351767758575,0.23126367213909643,0.2720839020304414,0.21833981975754505,-0.04765199182309804,1.1566029728928764,1.1739633969535854
162,3.24,0.08985658346607302,-0.3254289515350536,-0.09260338656201292,-0.005240815658655071,0.08939070901073921,-0.009902006793071794,0.06784518314139826,0.2934157709268277,0.23318917074379253,0.030664902670041766,0.790899255526536,0.6516149118894168
163,3.26,0.09696585220736859,-0.2877826371606715,-0.09982773804095751,-0.008459006541018034,-0.15784060809850062,-0.0789359714003014,-0.04775276037501591,0.10103287155726243,0.10774802497864877,-0.06860952287959082,0.5056027765872166,0.3500943714907878
164,3.28,0.1083678682403571,-0.1178616007177824,-0.020365805196694287,-0.018709879777016956,-0.10716800993696327,-0.0868843795845691,-0.02664132822371362,0.07690960564318997,0.06266376641176086,-0.09238664798998573,0.13856766549060368,0.06101086163814756
165,3.3,0.07208351386969254,-0.12740471987122476,-0.039119540184498675,-0.017296329567408036,-0.11660387780368547,-0.10616876734811301,0.017199468556740854,0.08946389391314695,0.06218512503866802,-0.09618993086748442,0.15779188026151014,0.06040485712498006
166,3.32,-0.039378258173550784,-0.15844652993927977,0.053386634926695736,0.04604813803614672,-0.15097198268913825,-0.09683702292480179,0.09159743351477859,0.04642177835611176,-0.03772279767229114,-0.09973696189025558,0.13724997821376336,0.06472391387846449
167,3.34,-0.0646059176852927,-0.16835146921577604,0.021285280878452495,0.06402758298198516,-0.15292025038626395,-0.0681912080176483,0.0814141324947324,0.08671234713489646,0.10716285626158983,-0.10706512425472042,0.14870353611116893,0.07635006502756672
168,3.36,-0.04069622596216932,-0.1754055593035701,-0.002795813047785395,0.0744684820648291,-0.1521953436583686,-0.04300042780239133,0.048192848211282946,0.08980996328422569,0.10372704611087868,-0.10409394716294415,0.15897526054970018,0.06903603648363546
169,3.38,-0.024276159755908744,-0.1784034714418496,-0.0106855981938275,0.0752024766961241,-0.15281399811909951,-0.03333677115489797,0.03594351947840134,0.09140940330176574,0.10603229160830313,-0.10402819937850116,0.15901107848758864,0.06513690092700236
170,3.4,-0.01992219933305075,-0.1782892581946663,-0.008181453044490417,0.07123006305617004,-0.15404652487265819,-0.03702309079015706,0.041392811454901784,0.0907005026834144,0.10415623497452517,-0.100892610637558,0.15905133219998896,0.06649221295570151
171,3.42,-0.20344742869052193,-0.31313664262053814,0.01620830175117005,0.06361945942050734,0.782525763392812,0.7258027498656399,0.07454478739037051,0.24591673965388805,0.33452893550066065,-0.007393347915788308,-0.006257458885414943,-0.015377588819833893
172,3.44,-0.12316436026671754,-0.3837098872852379,-0.0513085816597785,-0.04504498506098381,0.2599645753629809,0.2031093895412992,0.11066618792339111,0.3312965138145123,0.24475617937226135,0.005129555582102475,-0.08399956731133182,0.004444269683932162
173,3.46,0.1560399096608235,-0.3926242201469118,-0.09597528628451718,-0.07818389702024484,0.06649236657898183,0.023096590897042524,0.11606498469867793,0.38048134393186966,0.11990761529576716,-0.0240559148172093,-0.0776465672549274,-0.0022511129631601345
174,3.48,0.21006066341150909,-0.3490459297271845,-0.19928197057482622,-0.06430490187087179,0.08392693903477114,0.008729744239755921,0.10605954220604784,0.3886221388025203,0.039004163111540174,-0.01800810111362116,-0.05543426011820635,-0.004656289085250315
175,3.5,0.1868641716452693,-0.3179956631264168,-0.24981862382120767,-0.04460341945685295,0.06534366416837258,0.004766605978466509,0.0880085959537634,0.360748165939739,0.003921991348557502,-0.08298705111161389,-0.056998041046436534,0.014884370941845054
176,3.52,-0.15060865725513514,-0.41752865341306494,-0.6384192912014929,0.001649496392579497,0.06755444773258182,0.014712928971012923,0.13711604391683627,0.33267565402125315,0.1609450857199018,-0.017845666345156982,0.02386488392261854,-0.004435945183782847
177,3.54,-0.0013965686238635727,-0.2954255435169536,-0.16693709974535656,-0.056156310541312704,0.07548041733863728,0.007150215653132258,0.12347031814836054,0.33981538543532347,0.07778905712867926,-0.0036636786489148247,-0.07857012842781905,-9.236773658605202e-05
178,3.56,0.07632567842183122,-0.29189716916209524,-0.18644809652610592,-0.049299421254898695,0.07484860288003611,0.0034407046967281363,0.08524064453768067,0.3497281808532581,0.03454583905389286,-0.030783235014392063,-0.06604569840978002,-0.003554076634178588
179,3.58,0.16109406073245242,-0.30062565028388183,-0.21228449689616105,-0.04246118018932219,0.07398050030517019,0.001261535971185307,0.04511465340984212,0.3434926294779934,0.02419453209072453,-0.026330288415142174,-0.027253078111856274,0.04105926014986777
180,3.6,0.16522395306316784,-0.30229115346253577,-0.21351986827856567,-0.02661794998592335,0.07536308998507299,0.0003258429251595807,0.034792437052895045,0.3458335716844129,0.040582952624469204,-0.023286063554005004,-0.02026554745008255,0.02798999928383314
181,3.62,-0.10112144493611248,-0.300749156365251,-0.17628340678484317,0.05621448942450813,-0.836961720245968,-0.041174985084791005,0.07516063078208735,0.2852011770321706,0.12471856871296219,0.029875181676381243,0.018113784127194527,-0.09404152796503651
182,3.64,-0.13593280478314063,-0.2729726876870286,-0.12145276604256677,-0.051301902435186064,-0.31436970002962816,-0.022045330214427367,0.05257743847144465,0.2929880606517684,0.07376842019388344,0.02340343149402878,-0.012175532121482924,0.006159996998179429
183,3.66,0.08219089836050719,-0.28579198415938534,-0.12148606552076172,0.14101028880020988,-0.23962637370313528,0.020481725513930266,0.06791253577212773,0.25400749156822117,-0.02971215085002718,-0.02970237319220589,-0.013573960231320098,0.061738171161935196
184,3.68,0.003208255402365384,-0.15222343998274607,-0.11292417270515012,0.08639892233707594,-0.16727773870263818,0.07330121251786603,0.0505627045017604,0.18485657852975845,-0.06562443985335367,-0.05508928052416602,0.1694704013591179,0.1057111750389382
185,3.7,-0.027956160948572575,-0.13932681984224804,-0.10539672125248134,0.07113195900246394,-0.182710204029921,0.05510215188737458,0.06815973746232733,0.20454825999062987,-0.04433042453548178,-0.03831853141067676,0.14353793231270395,0.05556886180561879
186,3.72,-0.2042534279739044,-0.13631122221665368,-0.06576670010716462,0.15126287232950744,-0.20521892177269918,0.04488529666906349,0.012237869241160826,0.24525252694713173,-0.06178807707190995,0.0966150117798143,0.14786553696929405,-0.21151748640691978
187,3.74,-0.18159307544602307,-0.14219088119106102,-0.0744536297647159,0.1800334009747643,-0.20148149564129686,0.056136789804073606,-0.021123249815006333,0.23629635483373534,-0.08325102307845561,0.0625090900160632,0.16601982194577,-0.017206095142705657
188,3.76,-0.15789733355827842,-0.1443411043875537,-0.07853908586728375,0.18402881640387264,-0.19813503185837217,0.05971631840013911,-0.02963684848455132,0.23486091918835933,-0.08302861692372102,0.05773010859562289,0.17005415281703767,0.008592736917485244
189,3.78,-0.15544219270279971,-0.14387001302682434,-0.07342875013770808,0.1741790317701403,-0.20489940112670768,0.05653516699294045,-0.024339473291499426,0.22869902713923423,-0.07997888194591016,0.06487785256487344,0.1685077098811224,0.01349642488523492
190,3.8,-0.1622110060883804,-0.1434777343988747,-0.0685721820528419,0.17537266313432606,-0.19876791040762815,0.056666668488126015,-0.02172979902375239,0.23423915286582875,-0.07859622759315957,0.06645212778511447,0.16774086251725528,0.010106967911093029
191,3.82,-0.21070466902271612,-0.09573030092228885,1.3893972430583865,0.06944675509225703,-0.30374649220333216,-0.17609029935244064,-0.05894306492646745,-0.6976537032998855,-0.8441323768935494,0.1926664221000169,0.288795409968277,-2.753031071680263
192,3.84,-0.021537859505819296,0.08574562628042841,-0.013163052584235502,-0.026106966712555708,-0.38712352335806444,-0.13506331473930283,0.04929768778565852,-0.17505845193162084,-0.32147526902464485,-0.06894175638619474,0.38740608186332076,-0.0050387729519411895
193,3.861,0.012565902241444327,0.08607032853540442,-0.004818409856746864,-0.087386808771246,-0.4247603210288573,-0.06905831309143312,0.0799644556299411,-0.06418814131123718,-0.02477746744147802,-0.18069644547738764,0.43033704305454423,-0.010300075579643048
194,3.88,0.0427447851744832,0.06692206777185081,-0.003773786009805241,-0.09758153504815402,-0.43713259692698636,-0.03764342236456242,0.06537172791329963,-0.07661663815058567,-0.01063183263581205,-0.17773158343831164,0.42733330404750475,-0.005560085821832178
195,3.9,0.0362361824800176,0.0773001763906743,-0.005265831897458356,-0.08457642703228868,-0.4352382947771276,-0.028384344491474228,0.04313121125976803,-0.07615964320136302,-0.005107403101982044,-0.11618675714061066,0.4160139728082955,0.02099903257320604
196,3.92,-0.029451901098137834,0.11192998524214283,-0.00020941635691559823,-0.147305476749917,-0.4033854227418811,-0.12932937459210156,-0.021300558148842297,-0.05246222511316202,-0.016490940542713772,0.18510344331796386,0.40500780494790395,0.010225254376195286
197,3.94,0.035092251278520614,0.09998207724207815,-0.0037819637782027515,-0.09156963061364043,-0.38742696981521235,-0.06056793991111881,0.03767877138043141,-0.06062403220866883,-0.008027310911302765,0.014448770759715984,0.38044639533478347,0.007624243133540626
198,3.96,0.0228245819553241,0.02487776237851677,0.0037958973888507774,-0.05677435213221926,-0.3439846835399889,-0.003238552235010822,-0.09345400693182403,0.020131495469961513,-0.027593736099978616,0.07029147825141206,0.3311552486884434,0.027007526874636534
199,3.98,0.017918112762445797,0.058424843650849254,0.0037443818596829548,-0.034070378835276166,-0.3450786495441589,-0.009429857590583707,-0.07737884305433046,0.0015000633705230804,-0.027510499138608535,0.10980969714346103,0.290385018649271,0.026400786493011003
200,4.001,0.0028716903688271456,0.06254918757398215,0.0013419730874678626,-0.0429360483185785,-0.360982439310209,-0.018141455154096653,-0.07802686978525439,-0.005578976191160864,-0.027423100324662386,0.11267291998241763,0.2993726901114432,0.04796232095370162
201,4.02,0.02586025566459238,0.072822698236294,0.0014942909901200507,-0.15770938770327925,-0.23460122911747783,-0.12268996394630058,-0.22937354802453536,0.985280514846629,0.09705402384424211,0.4218223040336026,0.1854803006388009,-2.07931999451942
202,4.04,0.03469593875074234,0.052584505264379425,-0.0027791237995959117,-0.20251655043293398,-0.2227715619985851,-0.07862963732827624,-0.1192393211956213,0.4627478742877451,-0.09205214081932964,0.25285479894247626,0.12447555389718779,0.10138420060281073
203,4.06,0.01524235643459422,0.04083821289409652,0.00323494479591227,-0.22150539810518327,-0.27812337221666433,-0.061137382139412166,-0.149594052456719,0.09933390436924028,0.0510651419991989,0.23519811728621487,0.11478397578155167,0.10480964028481435
204,4.08,0.08281442267615259,-0.25757799933118974,0.0006117870496477329,-0.07952854094889611,-0.13504493407820767,-0.003724293639862708,-0.10475718115322372,0.17971172193617624,-0.08419253404671417,0.027941450394584427,0.23115669162376418,0.11940493011253056
205,4.1,0.15696152030971566,-0.0808772138995966,-0.24234158569185096,-0.05903019438620326,-0.1287664683529115,0.01379843326817401,-0.09819510917468034,0.16578697407072598,-0.1368017735591087,-0.005433929206321145,0.17078876697395845,0.06077011835992105
206,4.12,0.20620184306605424,-0.048368854992137444,-0.2208854072996796,-0.21322836881478402,-0.14616485678765073,-0.006991163896683833,-0.1774462854428626,0.19726243210311037,-0.08151348358619384,0.15279282225647017,0.1543937997824464,0.012186767113127134
207,4.14,0.23326732447230128,-0.06586664321382206,-0.21014850149775596,-0.22094457819061844,-0.1455641892481351,0.008456144040745656,-0.19064171578540456,0.18871600108427822,-0.06496001466540949,0.152056639436367,0.15990121730373202,0.04450129469808203
208,4.16,0.23217486622581973,-0.07977215001361479,-0.1907623629346419,-0.2282457374832234,-0.15686963400298942,0.011890590828883246,-0.17633083413122683,0.1913479884027437,-0.04313106687986465,0.18781768547885952,0.15177745806950743,0.06283493713835786
209,4.18,0.22319051480078148,-0.07654721844140402,-0.16740350013304356,-0.2359961918893344,-0.15769422238316885,0.01214197772217504,-0.16726975716148532,0.1923979075077915,-0.0366833394919098,0.18063550339633747,0.14268077155423015,0.0598499998131361
210,4.2,0.22057450659039657,-0.07498999043729987,-0.1594020508299474,-0.23441355356022178,-0.15923671849097493,0.008716647073029105,-0.16227215263743064,0.19645618551819252,-0.03191977763104578,0.20013319773281207,0.13757280479208453,0.05716609352876029
211,4.22,0.48582368431661593,1.1522902596855484,0.18477954105460137,-0.3544304044714144,-0.349077024341337,-0.041899351453732914,-0.09922131930574754,0.09282652444374292,0.011577356485862556,0.19959928412413191,0.17627990184649994,0.019927886043736714
212,4.24,0.020690932346696833,0.6037503173342844,0.03432117636402365,-0.23070214763774732,-0.3824114386839983,-0.12416956147728139,-0.11174764974662806,0.0273062109594447,-0.07649098433197318,0.10963634236453731,0.28546277584456714,0.06287690502046892
213,4.26,-0.05691361144795268,0.09048492174718581,0.0161185488546145,0.003315614684719914,-0.34140217606910317,-0.10732368817473217,-0.038585562062885326,-0.07020108434848393,-0.0075412681927723435,-0.013798990429936708,0.3361002543888305,0.15303239052213377
214,4.28,-0.055771043170882245,0.03560148842998756,0.010285631235927906,0.13101009569903915,-0.3293382323711026,-0.07825957897430091,0.013589454983488732,-0.1012129546179873,-0.0001803269619315151,-0.12872843625322947,0.3360390327525309,0.1714909824205831
215,4.3,-0.05959495236799445,0.03686623382324536,0.028183179523222607,0.13561997320637117,-0.3329276451742074,-0.05516370042595681,0.03186423564548101,-0.10524159723915268,-0.0006222160890272943,-0.17779194447636998,0.32863524493809787,0.16641057593408187
216,4.32,0.747644892825502,0.06705831168377838,0.0271012802491834,-0.16239987562308955,-0.33919424198710546,-0.09661257723912323,0.00235349895800685,-0.08222871378618635,0.001048902613262792,-0.11447497213972943,0.3574856352670276,0.06744493011498784
217,4.34,-0.027928543310134335,0.06090202253123707,-0.010826530977640747,-0.01280733823265276,-0.34462167574172364,-0.1095703756981316,0.004486987795773778,-0.1020324348195451,0.006353081945155242,-0.12123022403340669,0.36036233023786757,0.10062465610468563
218,4.36,-0.053792241618355136,0.048792725457896854,-0.009407987165245213,0.08285650521107238,-0.1967947650304145,-0.033696920417748966,0.019904098411874908,-0.03390674898418386,0.00788757846908339,-0.1588395170393117,0.35891036428394885,0.14586858254309457
219,4.38,0.0967579983364088,-0.11886496290603947,-0.16251817224105272,0.09248927333851348,-0.17559197107407679,-0.03449266483587646,0.041946571475206265,-0.04826909740273118,0.00798417151296002,-0.16119767706622784,0.3194096175959449,0.05401025559548575
220,4.4,0.05128729647204641,-0.07360072228455129,-0.12622658669258918,0.06907576230144012,-0.2042944939266832,-0.06895078309033306,0.03447990731591837,-0.05414083877053129,0.008080764558587833,-0.1341966311314171,0.2843985598739956,0.03052635916478577
221,4.42,0.47630970729585853,-1.3372074087838641,-1.5276834769459393,-0.16591401599838018,-0.14959435886870207,-0.09948656034911219,0.005842897397736302,-0.017851800334529433,-8.366799099096545e-05,-0.05187268237826877,0.3946699119374516,-0.08558309711969689
222,4.44,0.08842705588596594,-0.7886910888298044,-0.8270950578873217,-0.06319403451006544,-0.2277121449925354,-0.140827338844614,-0.006635694762475913,-0.06861624795499734,0.006327113519482036,-0.04955391403593673,0.28724333153229503,-0.06300936619188077
223,4.46,0.014636300184500045,-0.29221567862022635,-0.27848977389521057,-0.0447402632479893,-0.20249156458974205,-0.047553895374986443,0.03307680714934001,0.17877676553971034,0.2485928248477344,0.006031432265330022,0.26934152333268974,0.04413077204430729
224,4.48,0.12928921551737294,-0.14880049079319257,-0.02324026463559109,-0.07670656001201585,-0.11903516839143158,0.03522054523547882,0.05835521388243175,0.08903025917134326,0.2220079890670979,0.034565365700104454,0.10971411340067935,-0.00232657941878317
225,4.5,0.14789527561187069,-0.1554644925491358,-0.02107070217047699,-0.08872372993213577,-0.12167331326947459,0.02373088212405458,0.056177192370076144,0.09593715774049986,0.22507851063105702,0.03536734231985369,0.09583808374808145,-0.0019692864718448277
226,4.52,0.14509661961642664,-0.148324619471201,-0.05698434334849098,-0.1319457914638299,-0.10921784115233955,-0.016520274656391304,0.1961271092262416,0.09820945806896184,0.26023225839169084,-0.0796616035411211,0.07356169485695736,-0.009215159007282758
227,4.54,0.1305755563447858,-0.16119538831226332,-0.08337875125289865,-0.06734720828431984,-0.10328654248058482,-0.03153148746679904,0.16799821017886218,0.09540398685039415,0.20527455209616746,-0.1166362509123982,0.10972173747916675,-0.02448316226383873
228,4.56,0.1144905161538633,-0.17520061119438418,-0.0847184469876267,-0.015852547059298033,-0.10157879785759805,-0.031467125205794394,0.15221885128926604,0.09906309897788769,0.17557168138067747,-0.12602496470313712,0.12372595536530401,-0.013773089059614468
229,4.58,0.10173256415877699,-0.18479904860813984,-0.08280670495580666,-0.006585739295176828,-0.10560412920414214,-0.031863167813594884,0.1449602439103645,0.10677232050769096,0.16158636746288846,-0.14466741696953891,0.13846053602095984,-0.002723892613518464
230,4.6,0.10409176057075034,-0.1868224565942875,-0.08400000074896358,-0.024084615271412497,-0.10758296536170958,-0.031992244756645194,0.1499837477954435,0.10577773978628319,0.16408142703528114,-0.13619776555203567,0.13889383219607085,8.368108824358123e-05
231,4.62,0.027427914549848123,-0.25355116271372524,0.09184025718635405,-0.019493171174756477,-0.014153997199397667,-0.07688317876040757,0.3611368836489349,0.28620043359744357,0.2696122466101266,-0.14272434247774857,-1.063466860237701,-0.22073648271846857
232,4.64,0.022304420711560503,-0.3433672552978154,-0.06354578101305844,-0.018892064416116613,0.04427567452435202,0.026821588001275543,0.20435625547196423,0.324589608623112,0.3133675536902959,0.0701790301248491,-0.5671476380060005,-0.0322377263714313
233,4.66,0.06058656375388856,-0.35810702358128244,-0.18754199545544104,0.008351590742160301,0.06140173451672509,0.005397323124434222,0.007333865029384101,0.2795089756993523,0.2760990047211669,0.0664129608237726,-0.08521236179978442,-0.016124639054370282
234,4.68,0.10272864344520699,-0.31163560775749455,-0.19362946274544207,0.0015861037840301968,0.08563047425284441,-0.006476511870883966,-0.08170250562307936,0.258548284211064,0.2321368602123448,0.0582831383102847,-0.0482799483452038,-0.008064487876252024
235,4.7,0.125832182635438,-0.2904020294381024,-0.19982722664004798,-0.0029728266186955926,0.08674220806351854,-0.0065598351675038025,-0.0703112265296269,0.26751972877639946,0.19910060131557328,0.04794808706271922,-0.052705888041816515,-0.004862708980998137
236,4.72,0.08470105397481413,-0.3116215042484756,-0.04016302013426257,0.0067445412714403075,0.06601417363125651,-0.00823169215109587,0.21892858495886916,0.28475136074374424,0.25400988051755746,-0.01097798318482901,-0.0844293563585564,0.024505239836770776
237,4.74,0.08990958484728381,-0.3387415161593094,-0.11588661238744971,-0.0010828450404280106,0.07551136318444897,-0.005842962868538859,0.06627625001501028,0.30686042804389024,0.23980871842120677,0.0570344093022761,-0.06707666597524051,0.013897487220128651
238,4.76,0.06987599356599154,-0.3292843802260358,-0.2030850033570446,0.0035533378544884177,0.0935182294792497,-0.013853814125547287,-0.013490665779818778,0.31112831168798544,0.2075902325699841,0.05770718596632881,-0.06620972599406619,0.022079648077966224
239,4.78,0.08657592983898117,-0.318624415735478,-0.23335853703192144,-0.004115858783962482,0.09090945726860644,-0.013548340037509765,-0.02221166347793132,0.3105459478159034,0.1754056783507016,0.04446009037089228,-0.06512741038780635,0.012194313778242538
240,4.8,0.10365751807978625,-0.29826142457481525,-0.23452173775692725,-0.006420345909805319,0.08815325590548297,-0.011830549271397067,0.011246515240455002,0.31205837352969445,0.15831692431634026,0.029639611464403068,-0.06515994625747352,0.011036134889985338
241,4.82,0.05483284985436679,-0.34995083056781073,-0.03323138097387213,0.007021392141609323,0.05984165762128382,-0.003183270004004507,0.2397541122127475,0.2695183347381957,0.22479897917082328,-0.045749978091583154,1.3143497367892687,1.1721425213432504
242,4.84,0.08835628830818204,-0.31313664884189163,-0.1046881553555325,0.0070953574427918414,0.08975845667421208,-0.021556504887884104,0.07712873281612734,0.21236363257703778,-0.10200621154820336,0.03676624079390228,0.79063653412263,0.6759126650599749
243,4.86,0.12140899777248447,-0.3937728123651473,-0.14435892529320102,-0.009808289031836528,-0.1520546043978792,-0.06789046792366274,-0.04084857969604598,0.10550165727792207,0.11086160625758751,-0.07171721861860082,0.5268546265509042,0.35120679062639426
244,4.88,0.10695827945024225,-0.12731024373492744,-0.028851289967475352,-0.0218066281218118,-0.1069438697888267,-0.07398147555580542,-0.027576468686463365,0.08212556705124374,0.0680331880029621,-0.08505972451764676,0.13674331741230045,0.06686153151674656
245,4.9,0.07616091269352404,-0.12421803856087249,-0.04556454086472542,-0.01972948734140439,-0.11338292283887992,-0.10180287586047784,0.015051371611355526,0.0913335061862725,0.06560706195564642,-0.09125473187491151,0.15295840070581532,0.05846320639938665
246,4.92,-0.10483219351527032,-0.16783761592454394,3.114086208686964,0.038285836300468314,-0.15276244221728585,-0.09243587572984882,0.11041382130667565,0.08572816180763716,0.12121849543149782,-0.09908000827006105,0.13016822092950311,0.06128313175856895
247,4.94,-0.05529933441075725,-0.1642703692539173,0.026387454423361933,0.06359738200910207,-0.14940519988639372,-0.05990965754901309,0.08241990916922792,0.08923638170957866,0.11473488086546074,-0.10494556565065824,0.14484471116460296,0.07401656854981631
248,4.96,-0.030557620393572876,-0.17499164613256346,-0.007578238210314614,0.07526766795472321,-0.1490931704681973,-0.03671565382713923,0.05134148994922731,0.09154106895475485,0.10950709972035622,-0.10201479207720793,0.15443008881702036,0.06739497406860731
249,4.98,-0.016344913369565353,-0.17850493375811613,-0.01932855311651749,0.07526249313103216,-0.14973939892059768,-0.02844110465441016,0.040648818336454944,0.09305140386514713,0.11202584089365758,-0.10206506761733389,0.15467608122270174,0.06219545630089793
250,5.0,-0.016291806622582238,-0.17896910424143217,-0.01962021240080747,0.07149684875248599,-0.1499349759475203,-0.03300436545213706,0.04727470180811632,0.09214156677398647,0.114435414261427,-0.10173932248097511,0.15482488566450958,0.06474997156116219
251,5.02,-0.2748108978238254,-0.3106727822145433,-0.4302380505220279,0.062386106526108875,0.7866633859900158,0.7311766122861789,0.07959693873143309,0.24365419834709248,0.33362043713144607,-0.008177511027198024,-0.006939751146571582,-0.015282055307773157
252,5.04,-0.12004898981161333,-0.3745991390348356,-0.02424594024393384,-0.03522085521279214,0.26410475804407507,0.20848817885376425,0.10576057541090005,0.2347882746415969,-0.12182823286017652,0.005910979151086539,-0.08452824915126084,0.004510704834168461
253,5.06,0.11546589948783118,-0.3814276975703831,-0.10845950775340138,-0.07400908098922812,0.07107867959725805,0.022631032027338904,0.11659831463930255,0.3723772524264233,0.12209798892009768,-0.02366855702595714,-0.06997627524474745,-0.001996865544772658
254,5.08,0.20719014868022606,-0.3344895381170906,-0.1811751321230568,-0.06481074206343147,0.07330450918122222,0.00761322323624164,0.10031971240715717,0.3690857952221952,0.036360668643088595,-0.0269625985318928,-0.052661586665435245,-0.005508504122876623
255,5.1,0.19061561207515865,-0.3335351762026761,-0.24108067308747852,-0.04398553609670379,0.06521136862471337,0.004975118235148096,0.08721636278435468,0.3616087034327994,0.008511157151861515,-0.07874287989541306,0.03976323434800497,-0.0036734858277118476
256,5.12,-0.11838461834182534,-0.31578916099067894,-0.20817622919379508,0.003981188965979654,0.06759746754449314,0.014610389766631454,0.13631788260082842,0.3305354899383257,0.1641183746681883,-0.018214120817323903,-0.06708545797143867,-0.005764596015692763
257,5.14,-0.05319815308798098,-0.20146751137980384,-0.17151163708342526,-0.05548481401217434,0.0757902200623042,0.007072160628748991,0.12045408874658359,0.3361064598777747,0.08199366696470073,-0.004384600852614794,-0.07560209511951554,0.0004562317601917443
258,5.16,0.09084448249121833,-0.29940673230600084,-0.1907975241786595,-0.04917789104357665,0.06566486548947167,0.006545902917450025,0.07786317814449531,0.33137914525912815,0.03502299733421868,-0.01803725274080275,-0.06718140867092301,-0.0033621681133491066
259,5.18,0.16252685487591448,-0.3007805304993999,-0.20898513339631697,-0.0406822099912903,0.0770738542049491,0.0016712938689501522,0.046312838443524684,0.34914178581183136,0.020762656084797604,-0.023109781425558275,-0.026417974692250074,0.03729272855069704
260,5.2,0.16895140071096837,-0.3008411341614919,-0.21536026977917563,-0.027364254275091635,0.075753713846716,0.0004759849528048199,0.03627030167382454,0.34675340388633874,0.037072693034663096,-0.022912378539083067,-0.02068809808546604,0.02532268218602557
261,5.22,-0.16857140717082175,-0.22837499109242393,-0.1546614422680679,0.0538413353190732,-0.8342198609963078,-0.04121831749420335,0.07511958586397105,0.2858620900971014,0.1227115998332371,0.029542960197321416,-0.00435188436069292,-0.08950408623906606
262,5.24,-0.1264054318340167,-0.27323308337785757,-0.12098533874535417,-0.052134996820653784,-0.2854906511647963,-0.020832556367805732,0.05388118349572449,0.29684817590467727,0.07032726903033215,0.021099236452397946,-0.012350845282749323,-0.0045781261543687
263,5.26,0.07250979015775734,-0.2835958707903996,-0.12465530668210423,0.13396607053149656,-0.2256046545496584,0.03282308009866361,0.06604619044986644,0.2460346892203778,-0.03264654839896053,-0.030523354381658055,-0.01382475043309983,0.05659005506961626
264,5.28,0.008102322262010336,-0.15411323899925733,-0.11553898655492742,0.08850971704424085,-0.1699230956973069,0.07718665945150097,0.05535643169658725,0.18829702810222324,-0.06301464448374389,-0.051711118046882776,0.16391643032957184,0.07957020930300013
265,5.3,-0.028622702573539906,-0.13685935190093804,-0.10984382394563674,0.07185800316658425,-0.18523273504930113,0.05865430572781746,0.0725771472044086,0.20685012375648287,-0.04261468893569692,-0.03598856508686417,0.14258208512879106,0.04865882950506001
266,5.32,-0.21622487421602643,-0.12244340174700674,-0.06428656783122719,0.1518079871766043,-0.20621578604933116,0.05097082650123272,0.015708544619371503,0.24453336704380568,-0.06403258964303815,0.09820213287536622,0.1476645451073121,-0.04980430982538514
267,5.34,-0.18613577529286943,-0.1382922557990785,-0.08071223025104127,0.18534433572105674,-0.2047582566670797,0.06537925212713583,-0.016528453338913975,0.23937082072200233,-0.08396455593328411,0.06569621437186479,0.16263214322104824,-0.0065714916146163704
268,5.36,-0.15854702690606315,-0.14230189515355712,-0.08592434781095168,0.17126819678986852,-0.1649659368760894,0.01520052621426532,-0.025583509520476718,0.24028892948409308,-0.08247059304102994,0.058151757834813855,0.17046891757209537,0.012653294646562147
269,5.38,-0.15818737376387465,-0.14213008837590527,-0.07914752169120678,0.1794411903358184,-0.20277714848966127,0.06647429754059594,-0.01997633206497609,0.23531164463884835,-0.0796281903900827,0.06715904575351812,0.16859075838680687,0.013417582415889112
270,5.4,-0.16431078741552455,-0.14180137296521875,-0.07710828682715423,0.17662860994845914,-0.20187071418339536,0.0641285738036291,-0.01717044902671963,0.2367522362024349,-0.07907749836832642,0.06813629344341757,0.16652493515057817,0.00819472185411485
271,5.42,-0.2313742120224237,0.055690082902905114,-0.0156277042305909,0.08185535333533701,-0.30398341198320245,-0.17076093956524005,-0.057179649941192734,-0.6940196967343875,-0.8449296320718092,0.18823914432784378,0.27237253823647595,-0.0027568855624474364
272,5.44,-0.026920285459945542,0.08406807987387423,-0.01586258609117161,-0.0167667315501435,-0.38780862103869357,-0.12960888951780986,0.04952304632889448,-0.1714240233537968,-0.32227642290518255,-0.07157137337000333,0.37127749671491644,-0.002964312436235156
273,5.46,0.008286958746620762,0.0707575213914497,-0.005944498323880859,-0.08196804610468034,-0.4269619238849542,-0.06703477895338009,0.08047465161900257,-0.06293160134299358,-0.025966123228631233,-0.1801013240853768,0.4315941390565249,-0.011518171919981612
274,5.48,0.04195324571105623,0.06991503003098452,-0.0038685580251818785,-0.09827705971538331,-0.4383921825127403,-0.033510813078812485,0.06551112479704337,-0.0762923576661158,-0.010690431915134135,-0.17653397997162248,0.4271700945442803,0.0013837762719839386
275,5.5,0.036990830189314365,0.08027481475432661,-0.005489104954715912,-0.08830672349940345,-0.43716654619884737,-0.026142517922391362,0.04304853921684794,-0.07586166636889675,-0.0057345262690387255,-0.11373630051399275,0.41871962321118156,0.018018834070180623
276,5.52,-0.037030850297244344,0.11186034845347016,0.0017867088004409337,-0.151943118197787,-0.4053578489676808,-0.127582909579532,-0.02257130854211492,-0.0521455864629177,-0.016565594628515035,0.18859146955841632,0.42524870223126165,0.0009573627546278773
277,5.54,0.038188557893969306,0.09988498627454866,-0.0005537491629002966,-0.11672879177626386,-0.36251376400422886,-0.02866963501013345,-0.11466819939256168,0.14548768973583087,0.0706535578321908,0.0169818616863657,0.3837785608020279,0.003905747806532578
278,5.56,0.031887455187636055,0.03165271995523332,0.004296885972680353,-0.06745418984186788,-0.34118103702810765,0.000976489996062313,-0.09664350004468852,0.03394162065908461,0.00318845981564686,0.09527899959060987,0.31636960843453493,0.00823213481414306
279,5.58,0.014127722644138387,0.058518494854751066,0.0020825072896305252,-0.04313491286118683,-0.34862153418769626,-0.0050003243381177565,-0.08543791485172432,0.007145106359820463,-0.01858717999808643,0.12630117337856417,0.2873840441288034,0.03098020343490146
280,5.6,0.004974931916388824,0.05917578588658495,0.001186603492342092,-0.04822219714179571,-0.3647770449971044,-0.012875173738714385,-0.08299828250446467,-0.0003126947715578754,-0.01850394303000938,0.12049811495717747,0.29837783635215887,0.05394183006834469
281,5.62,0.03303425047255015,-0.1062950160064399,0.7856536173845795,-0.16145342302030805,-0.23083064339344705,-0.11567643429902377,-0.19551960223430587,0.9405726843245459,0.10643240912384189,0.40429982018939375,0.1762134511936173,0.05660314323883925
282,5.64,0.03488485934481467,0.050742240121844404,0.0005382769931563114,-0.20315262214458366,-0.22431897719198102,-0.07395933120783577,-0.1310691915865826,0.41802110136643145,-0.12627209046263682,0.24529761655081034,0.13115934793254347,0.11573319413032448
283,5.66,0.011926272989208325,0.03835272935681977,0.0032686126515628078,-0.2150830422739767,-0.28005215855391996,-0.06380012215157116,-0.14751855409199188,0.06713587525654452,-0.07676984067422685,0.23017033864608893,0.12562590699122056,0.1078446938801989
284,5.68,0.09219257133710845,-0.2025222423499317,-0.323435993933176,-0.06660088798955063,-0.1314620176782407,-5.745762075570759e-07,-0.10967879686247875,0.18128366453894518,-0.20513064640052325,0.025565426449290524,0.23225689135933947,0.09461671697309154
285,5.7,0.1539063719193913,-0.08821471263134946,-0.24067206353252127,-0.06438981431003793,-0.14154470576833622,0.022231573643518437,-0.09820206306969456,0.1849384431392192,-0.14397755775930166,-0.006925361206536709,0.1681280572090884,0.05665373494292558
286,5.72,0.1980692097195765,-0.05236491148488351,-0.21163965575455745,-0.21288989586288687,-0.14948483176321264,0.0067772166606474005,-0.18770282265372917,0.20888664037120636,-0.08933432467656635,0.1629575981942673,0.15347823486959006,0.018592296721005264
287,5.74,0.2259501976001005,-0.06941215671970552,-0.1931739064377317,-0.21966895316603627,-0.15433622763674545,0.01470890601081215,-0.19642573834981097,0.1981237679046298,-0.07237449530142548,0.1792002359114958,0.1549908744792716,0.05418383213985384
288,5.76,0.22329480941813007,-0.07937181725910944,-0.17326037822685209,-0.2303069552006093,-0.1615720231056742,0.018380887295918136,-0.18356901266985207,0.200431100089978,-0.05454064804307657,0.19487192622252023,0.15088373101576663,0.06414497696260502
289,5.78,0.21767101018844692,-0.07531852605007493,-0.1606766523717552,-0.2336971988286445,-0.16646093813963556,0.01450424078294682,-0.17562674202642095,0.19981393449537785,-0.0498557239339551,0.2032322086929203,0.14461886699242144,0.06391754574144332
290,5.8,0.21526889480504896,-0.07534317112244174,-0.15726432627397433,-0.2347555973534662,-0.16569604495902657,0.011859514338198096,-0.17405284806981625,0.20134150094825923,-0.04993637841182402,0.20337716202392386,0.1360432422562846,0.05819352998534458
291,5.82,0.7604691386420466,1.1249909972204162,0.16205142148845963,-0.35718701698443167,-0.34740243585696035,-0.03195154257628738,-0.10518672846720528,0.10232990680597362,-0.0044287557615718676,0.205283615745037,0.11090615933821707,0.020138237995518254
292,5.84,0.06669786763675345,0.6286934834457847,0.03335948321089932,-0.24369765427138584,-0.40383409578407875,-0.12104937547104944,-0.11479671347804085,0.03834444578823272,-0.00808079790976865,0.120641858057044,0.2656786529391828,0.06075871336399008
293,5.86,-0.05487060454264517,0.09214611012325502,0.013603792445288143,-0.00022992135634739008,-0.34824040157323943,-0.10137053642702454,-0.043229271280906506,-0.0655339206953277,-0.014920343193227215,-0.005170352106683526,0.32797338458052344,0.15064132643938993
294,5.881,-0.05466247910550558,0.036502338361070474,0.008902268818799436,0.13256115379113448,-0.32961181163178194,-0.07108540594819956,0.014926207015967075,-0.10258071439874655,-0.0002043040434789034,-0.13270333801761117,0.33537721608812276,0.1673888190152691
295,5.9,-0.05783415647637931,0.03705973596146267,0.006969162624174352,0.1352595691914152,-0.3342040414342711,-0.05233521860098869,0.032593114575642346,-0.10498364581141102,-0.0006048888982141953,-0.1762094233540094,0.33005570584056065,0.1608040586066534
296,5.92,0.3568541864745115,0.0697343061794953,-0.02428430072485921,-0.15735616726604537,-0.33837257813792826,-0.09447634741321756,0.002759898962990115,-0.08264824460425041,0.0009985215564519978,-0.1220909312802622,0.3245704269607061,0.05352804903607278
297,5.94,-0.041795026061524077,0.05946073772952003,-0.010540801324330412,0.0052529588179647535,-0.3434871189955958,-0.10743012565250734,0.00854368200425848,-0.1045397673216084,0.007169974103605592,-0.1265224540131427,0.3660701277297101,0.08886945043249556
298,5.96,-0.05463121576603097,0.04807891090014199,-0.008547855686821343,0.09478028107018337,-0.2007540898325526,-0.030176359223538562,0.02018301354231442,-0.03021356510515874,0.007158486387654539,-0.1593351834877637,0.35853938080227526,0.13917244805933965
299,5.98,0.10146662783895957,-0.12585831222550026,-0.1755046894582588,0.0926510602019027,-0.17652791930511075,-0.028458756161662963,0.04328451379589021,-0.04655510763848339,0.0072512621824716295,-0.15950168590483832,0.3063501226992265,0.052025633735975546
300,6.0,0.05741718786663044,-0.07373287105747203,-0.1353190517864604,0.0644028578732303,-0.20404894218203687,-0.06323977321503624,0.035418079703122635,-0.05314788696809436,0.0073440379786172405,-0.1298006975761074,0.2852775446297481,0.02279485346476476
301,6.02,0.4858638882653187,-1.3412587456991896,-1.2855358207052427,-0.1655322352708426,-0.14915953727373538,-0.0799173539870919,0.0072778733981659904,-0.01798966987503868,0.0012424191984231336,-0.04549185361490855,0.3059700793323277,-0.08887220707785201
302,6.04,0.09887586941848225,-0.7404914299851435,-0.6848765427990786,-0.0779818580368247,-0.23643813793298213,-0.13687141362296537,-0.00842217119621437,-0.06888493966119455,0.006072216613209863,-0.0408380205290228,0.3029246548634044,-0.10819140706370348
303,6.06,0.025190677202935552,-0.217860178734249,-0.16233923825281094,-0.04931639185500436,-0.1584393913385503,0.040369747116494575,0.03336988305502089,0.18036836679696205,0.25310902566878113,0.013973544608929335,0.34965319582044196,0.003538469220686735
304,6.08,0.12637902102742804,-0.14178293539598608,-0.012149200427129636,-0.08052404750315934,-0.12648240224225432,0.0413726141179202,0.06325737483406857,0.09321190110997495,0.22259197496087355,0.05101291919828024,0.10396116460186641,-0.011259157356897809
305,6.1,0.1528350328308322,-0.15576415208278713,-0.034199910013408275,-0.09005335790107355,-0.12650991801265277,0.034403451053126755,0.05742899301471725,0.09971421035926208,0.22275833374732523,0.04206593773014489,0.0997528228203407,-0.006333707074114653
306,6.12,0.14749398381746356,-0.1538483180136432,-0.058787751471248706,-0.13851454153237638,-0.11548960948676606,-0.012928279047099117,0.1970689971503518,0.10203921788049264,0.25569027230000485,-0.07358801970762534,0.101621036629364,-0.02364750491040213
307,6.14,0.13116186965464954,-0.15177228833301265,-0.0834104985611232,-0.06427450567878429,-0.10917807723173766,-0.022160987000134497,0.1667128497977333,0.09836118060524619,0.19931742567636165,-0.11280436569598815,0.11419406577717431,-0.034981192753717166
308,6.16,0.11308417632796519,-0.17051962703706183,-0.08525591450735773,-0.009479259851688071,-0.10758320057127449,-0.021431351081306144,0.15237280220321597,0.09789446284241168,0.16745070950538596,-0.13325655189521227,0.12706289797683415,-0.021387843422189523
309,6.18,0.1028016375992048,-0.18527012008918137,-0.08515828284260976,-0.0002610534612986007,-0.11000264901125978,-0.021285053355687422,0.14755867545411247,0.10121216290555614,0.1574774408897889,-0.13847727192692136,0.13629707327788737,-0.011787662551803163
310,6.2,0.10256264017065528,-0.18885303274156937,-0.08493075649213211,-0.017938705553336966,-0.11040796091369602,-0.021374740976091627,0.1528419872519419,0.10190352430323407,0.16048308579874157,-0.13009055709528541,0.14109759753010778,-0.006355307853196046
311,6.22,0.021744861506106522,-0.36439427173031347,-0.4329458510915694,-0.01786629204031001,-0.011395708546958122,-0.07166292993357201,0.35702541267800403,0.28691781411420075,0.2655495809314812,-0.1385625172806345,-1.0351643746431207,-0.3311482135938323
312,6.24,0.020516607012954,-0.3265562673421471,-0.0529259060246286,-0.01701298857023735,0.042452670489668706,-0.020099816680741622,0.204687915706125,0.32602815041475997,0.30880285646389205,0.07139164609993026,-0.5127074857989498,-0.0370163116581137
313,6.26,0.05305734418214057,-0.3596901340290355,-0.17420902907728203,0.006998982884441764,0.0592572519307442,0.008202447935062557,0.006755068421134325,0.28171872713921975,0.2712186898575877,0.0656155713853101,-0.06331831991476017,-0.018154193697023452
314,6.281,0.10116600549626559,-0.32858357862393467,-0.18666076568223613,-9.422139479530953e-05,0.08650789566044177,-0.00464098121918155,-0.08533695023676639,0.2633228858607382,0.22305716448018809,0.056807406467033875,-0.048565890629022446,-0.009048732460101433
315,6.3,0.1250091850550222,-0.2985443435358021,-0.19294328756697468,-0.0037105422868974006,0.08747638224483513,-0.00471291708474092,-0.0724156049597878,0.27230799204560413,0.19284581540865606,0.04765907769823492,-0.05193624412817949,-0.005360298967959948
316,6.32,0.07981339089585801,-0.34069724394875933,-0.05788326790085191,0.005410966407378481,0.06748637046551528,-0.00839225170161112,0.21613959840481278,0.2932255458788916,0.24693711525434714,-0.010039660850506782,-0.1254959531956475,0.029949045753125625
317,6.34,0.08013967122375884,-0.3326983157694013,-0.11048219393615183,-0.004332827102431651,0.07985784287559088,-0.011453848592173105,0.06594723617523932,0.3086371837857791,0.23671181814490055,0.05765140403029795,-0.06922775882609314,0.0141212500856642
318,6.36,0.07873387647852884,-0.32855769103521704,-0.19692037207463134,0.00116943052859797,0.09338995820717833,-0.013927011555525837,-0.016210159278513533,0.3111846707487901,0.2031677908124974,0.054778145799195065,-0.0712348109479675,0.013484089936679322
319,6.38,0.09035274256336226,-0.3130899899862678,-0.23310742197554365,-0.004848703392227278,0.09075799289161349,-0.01355140415246342,-0.024785223143770782,0.3120962740080333,0.17089801106938085,0.04502579913696315,-0.06615531940382444,0.011713338885985303
320,6.4,0.10461927079714603,-0.29527250362540824,-0.2382321418981401,-0.009436746244533006,0.08826525028052151,-0.01195365313768948,0.004829238218638888,0.32120218223431307,0.15379799145975107,0.03101612082297107,-0.06621092280962662,0.010911277658754243
321,6.42,0.022448136720535444,-0.31219057499775266,-0.05028454058874404,0.005467933721046425,0.06161086582617084,-0.003624203406369375,0.22956903913917165,0.27484349484035964,0.22202557365676676,-0.03565194312844683,1.2341397470919817,1.0417744128461337
322,6.44,0.08786327851019379,-0.3178310184175794,-0.08632949697942677,-0.004314674546263338,0.08389200561054275,-0.010283980551146626,0.06766476784207567,0.2817649026034328,0.23086533153519637,0.029041866684035272,0.737830364099791,0.5193666369881651
323,6.46,0.1297767898821043,-0.37282712518622796,-0.15496478782969333,-0.00855059321882104,-0.14802718639588716,-0.06507317692871309,-0.04266198200043537,0.09979528447673189,0.1050936037641442,-0.06822665367210637,0.5000521813602931,0.23195318911627694
324,6.48,0.10138066263402169,-0.12536754493209995,-0.026086938718445724,-0.016448184442538975,-0.10813477235736807,-0.07653718101421311,-0.02468151037778946,0.08100570810010227,0.0651516696675522,-0.0906586389507004,0.13730578574545438,0.05029358236225345
325,6.5,0.07150065629014887,-0.1266763320662625,-0.043078281975273996,-0.016253320969337307,-0.1157785620555156,-0.10171774033241626,0.017401074866872864,0.09161666518375271,0.06547765376701303,-0.09315173761868784,0.1566735851288934,0.061312091664026014
326,6.52,-0.10645487173091692,-0.16547852870944837,0.05013439041039924,0.04304236899152446,-0.1523968572098879,-0.09063496861528084,0.10456289289580004,0.08354798932336668,0.1176966636023982,-0.09860745027841067,0.13402003799461276,0.06791884174619056
327,6.54,-0.05595858387415564,-0.1660850524289032,0.021589951504067784,0.06745580897290152,-0.1503735549939507,-0.06138096619159983,0.08234408006122945,0.08753192563511439,0.11482751476345723,-0.10579017217605896,0.1482950536933939,0.07367897298403167
328,6.56,-0.03321935833347242,-0.17631333391708076,-0.007041929096885169,0.07842860310227265,-0.14994404992638835,-0.03816711373761303,0.051982527048429664,0.0898822114639963,0.1104178441044954,-0.10382538708789818,0.15653633818143523,0.06803852303184585
329,6.58,-0.019067058473825407,-0.18008688757359725,-0.015959544351198063,0.07809059172846222,-0.15073165054380466,-0.029596828511924467,0.041274175388001155,0.09111415518952762,0.11332805140941249,-0.103646619390973,0.15658153602678154,0.061994460740467355
330,6.6,-0.019632719675939835,-0.1810128177075359,-0.013461057081243843,0.0716417048999914,-0.15646044514745663,-0.03581152690873221,0.04451399482556175,0.09424556096827427,0.10972899375292844,-0.10202087288638309,0.15730760747651001,0.06321574437824301
331,6.62,-0.27889412066456026,-0.3089440191148447,0.010754207645596064,0.0603950988384912,0.780942297099644,0.7291980080114575,0.07181304090806587,0.2481450328640443,0.31775919014484955,-0.003693995071783772,-0.02671883075033156,-4.243425863842121
332,6.64,-0.07405262574733748,-0.3757685937798265,-0.04615492941928234,-0.04328546529746846,0.2583822816752498,0.20651142325982041,0.1035537614205941,0.3326320956212076,0.24335056832101742,0.00941324382098712,-0.08497523014106173,0.00628216021128708
333,6.66,0.13772755543559762,-0.3816446866289644,-0.12560077454548021,-0.07525271572202596,0.06881627662065304,0.02265238015917259,0.11214152358902427,0.37900556040164296,0.11804096092739472,-0.02314508495392318,-0.06086207594773313,-0.0018467865092591795
334,6.68,0.20784452472600984,-0.34072787881986066,-0.18772988060963375,-0.06363191867075578,0.08435396080599561,0.008617445204808366,0.10473563880366354,0.3894566931205251,0.039596248995554695,-0.018001092480311842,-0.05498364151981945,-0.004811256124830993
335,6.7,0.18743334637644005,-0.3116435961057687,-0.24693312517424715,-0.04061048034183294,0.06751483239923074,0.004012929377900376,0.0837752165164691,0.37184298490258405,0.003422417605365352,-0.07158306683389856,-0.06351286118621732,-0.003625702919695606
336,6.72,-0.1696888111638047,-0.3227264939941307,-0.21031150580771002,0.007913417032134273,0.06702865421830867,0.014553852832183578,0.1265396734826647,0.341108542362791,0.15097946665304657,-0.011112056779049861,0.02263207001914387,-0.07457177686207025
337,6.74,-0.00958826642826778,-0.2838963926984949,-0.18465423416380936,-0.055385124013956843,0.0739857402875421,0.007289910409381539,0.11535370984713508,0.34344253064066904,0.06169031260961075,0.0007557709669898383,-0.08141517840272237,0.0008252209073185135
338,6.76,0.12410458845448237,-0.29862608233144183,-0.20888606902049572,-0.054847012988873955,0.071169544399957,0.003855075103817218,0.07508125680114291,0.34998292641655204,0.01711940586837782,-0.021886188419803543,-0.06505740862586061,-0.0045756131018793444
339,6.78,0.1621174240363416,-0.29447471375204737,-0.21139027225699542,-0.04371164616962113,0.07648322587805799,0.0015301788482845191,0.038266424859678544,0.3551034298884308,0.011400760656827547,-0.01659990579473435,-0.03508524191622252,0.049350413552141925
340,6.8,0.17060082495503964,-0.29573559288419393,-0.2124777148277536,-0.028408202863976034,0.07591061158937197,0.00029871790549099164,0.02837509603078539,0.3513619759585755,0.028733344127584992,-0.016289291141748728,-0.024239278557195557,0.03186605203108234
341,6.82,-0.04789845941855986,-0.2469756228943341,-0.13684068808748268,0.05492714547994049,-0.8348823243448324,-0.04120974357950524,0.0712685724758062,0.29017243528897313,0.118267884886993,0.037776976667155404,0.1948493916968991,-0.006667895501664023
342,6.84,-0.14404559774297737,-0.27328018590969044,0.06017173951976024,-0.04870394576011963,-0.3122876738621374,-0.022058885213676965,0.048988776022372255,0.29940704734622775,0.06938923458266308,0.027661334345310082,-0.010957516155795544,-0.011504127739387693
343,6.86,0.06557385521547152,-0.290984906532271,-0.1283605324889236,0.14306814502642443,-0.24040351083088074,0.01855221783741573,0.06588368256514034,0.2612135030803431,-0.03306474481338714,-0.02208426899041534,-0.0149895861095376,0.05347032774677571
344,6.88,0.0011159146223671326,-0.1515991459865273,-0.11129616170371498,0.09137799874039233,-0.16944176778012743,0.07746226879005283,0.051637575116106026,0.19287160126386477,-0.07096480703315003,-0.04631511035156191,0.16471341925497773,0.08390828590541682
345,6.9,-0.03249893622588703,-0.13611877330234917,-0.10731325697099486,0.07189042967073474,-0.18608751624308292,0.05699804113071438,0.06575191511367195,0.2090433325877342,-0.05067953799473035,-0.03302186704181711,0.14048780880679765,0.051299552528210335
346,6.92,-0.22093914608198312,-0.09008968794615785,-0.06865349284953245,0.15185572196152636,-0.20688292178020762,0.04823492058383072,0.010019162938028799,0.2489161017011676,-0.07131767934088717,0.10147438285684657,0.16049455059217993,-0.04451704275572685
347,6.94,-0.17741854241482696,-0.14030796298016301,-0.07929774810418172,0.18601488784690587,-0.204660567505587,0.06140481654718016,-0.02113796384959417,0.24247205082783124,-0.09030279266157454,0.06862121974876792,0.16513858209911514,-0.0024105101662423023
348,6.96,-0.16388485787109042,-0.15348008533287005,-0.08160948350351316,0.18712816129273752,-0.20352434661400576,0.06360977168102527,-0.031157827003303138,0.23862672245529504,-0.09099614121948421,0.06240162843902408,0.1708740411886096,0.014931458357983318
349,6.98,-0.16364565796257619,-0.1447700118405068,-0.07451207859664902,0.18071050219621343,-0.20174538979646345,0.06360709972828726,-0.024170666780084723,0.2400861490840749,-0.0849894698450264,0.0708924699897012,0.16864456543415585,0.01647488349136647
350,7.0,-0.1713157799695772,-0.15249765700193652,-0.07226895688315554,0.1787560625587855,-0.20221501987105553,0.06163765831208726,-0.02234720567257963,0.23978941412833135,-0.08513823803949858,0.07186971034543685,0.16802856817804745,0.010147651512015299
351,7.02,-0.08074779066909132,0.0638440461580141,-0.019296984406288936,0.08720195284165422,-0.29768436243098395,-0.17113526861194028,-0.0694391664352198,-0.7170710026000546,-0.876915395974321,0.20425530485137222,0.2820866507390985,-0.006788789336863277
352,7.04,-0.014348902686290715,0.08430693116379577,-0.013344260817939019,-0.017274081215102394,-0.38681263606821714,-0.12919412014271334,0.05027823190279529,-0.16835084536608746,-0.32814106726544445,-0.0719683688110343,0.38727259041023726,-0.0028391998557215914
353,7.06,0.022342176744528486,0.06597794201643904,-0.004405995635606841,-0.08332974199875454,-0.41569566055139023,-0.06342235730324586,0.08089779448525296,-0.05753953399910716,-0.02601967796727489,-0.1801947463934572,0.4286747749898967,-0.011963548717630668
354,7.08,0.04016704347698287,0.0712496140100788,-0.004108614586589621,-0.09873989414811425,-0.43845718690237534,-0.035987013999523476,0.06606585280697125,-0.07709505196058314,-0.01029387802238585,-0.17608369505894114,0.4282840090408558,0.002764950901031099
355,7.1,0.038092194139208946,0.08031692430134958,-0.004871864073276472,-0.08879283579891112,-0.4368118425454829,-0.028581401891404623,0.04342982971824498,-0.07642066699837426,-0.005702305347372871,-0.11533406423860323,0.4228932311485015,0.016065806591490317
356,7.12,-0.06965935322704361,0.11271708371821211,0.04497511652657221,-0.14773147484514068,-0.4032819007730622,-0.13482309250785507,-0.022851573649333656,-0.053026168275721305,-0.01643018060787199,0.19549344978138058,0.5589480205910067,0.45286147497634616
357,7.14,0.037697096553928944,0.09874396522227641,-0.001614189028637747,-0.11090052318859286,-0.37540507693623837,-0.036577026572477966,-0.1139244083475073,0.12348087533240647,0.044810934380655365,0.030472503012018315,0.3846360431749786,0.0034932261494172168
358,7.16,0.028907749536172114,0.038695006144775446,0.004204980571259231,-0.06859399464727942,-0.34181727822747937,-0.0007711788940891751,-0.09336007093370446,0.03123289782183311,0.003470325021438264,0.09593712854734147,0.32533963540494715,0.004951835126965454
359,7.18,0.015300555030617159,0.058955717316188885,0.003457098460479119,-0.05005098801903293,-0.35307987857013945,0.00019704371804454834,-0.08722673131163883,0.01086396545698852,-0.010074318795330633,0.12388602403597976,0.2881107430820334,0.025735481603637422
360,7.2,0.009760819448811589,0.06343515173420501,0.001207435742537094,-0.05171088308879804,-0.3666841267073669,-0.009565928237477483,-0.08187545089327242,-0.0008864318446553526,-0.009991081832532528,0.1217184315303568,0.29325033894605446,0.05204819119084497
361,7.22,-0.0327034084569737,0.0146778024128882,0.018144476004629623,-0.1518311250693357,-0.1711075239378359,0.06905836095372042,-0.1983946723230967,0.9401559301093318,0.10996794052035241,0.409689952903639,0.08464926631613184,0.49549449356470326
362,7.24,0.03550064877491063,0.04772889161222156,-0.003202758400160488,-0.20424556382067993,-0.228455830850117,-0.07016546982845384,-0.1373688571929741,0.4176031363940562,-0.12930309065231807,0.25035207352316063,0.12898302615326532,0.10783235829810411
363,7.26,0.014093964003342126,0.05419251099333586,0.003887592373641724,-0.21351787766655864,-0.28457599273994594,-0.06567666250587281,-0.15204247179934946,0.06469767580488955,-0.06678472499929747,0.22390111759085707,0.11083275434378331,0.10442066962356017
364,7.28,0.06275900579075802,-0.12616175903846752,-0.2856844434475057,-0.06898008860425614,-0.1343481487680925,-0.003954895703159628,-0.10594331558347869,0.1786300812878503,-0.11899800990058579,0.02280349256609243,0.24272523060823026,0.10520050083599428
365,7.3,0.14892992092924034,-0.07742429032044756,-0.24904387443184997,-0.06555454386914719,-0.1424101718463821,0.019529414868869915,-0.09691439955288586,0.18552385337051952,-0.14838332344749286,-0.010334099316309978,0.1701305827921674,0.055880291045416586
366,7.32,0.18359212658319962,-0.035177408992387874,-0.21694550686665293,-0.21617263172648438,-0.15569051097178815,-0.000906504897883964,-0.16932014712694235,0.16734686129303095,-0.0128860780603203,0.16504390080393053,0.1613276969386609,0.014040173223918678
367,7.34,0.22094629061429732,-0.06502854625976298,-0.2003610515055178,-0.21823770430616904,-0.1513920157336608,0.012068995884364248,-0.1911108500612267,0.2004680800846978,-0.06952684670501488,0.18687241825729142,0.15353786468269648,0.05249209036435609
368,7.36,0.22932643762777669,-0.08103115419198911,-0.17615581107712003,-0.22978573290205773,-0.15994870942057804,0.018054796375982007,-0.1845606557355344,0.19865842136350215,-0.05027342600622639,0.198150952708902,0.14971174590085393,0.06688702426459242
369,7.38,0.21930738943515662,-0.07451379765513753,-0.16310677232149964,-0.23364926216586304,-0.16413857923656577,0.015480387974804416,-0.17660901120957623,0.19934990486759596,-0.044459731758892757,0.20596193417277778,0.13846745069283645,0.06474120321822871
370,7.4,0.21717386824475768,-0.07454682397453082,-0.16051688550892126,-0.23614490871088573,-0.163102994951687,0.013364073631380008,-0.17526729057177884,0.19848690060067883,-0.047097460674139724,0.2062025076529102,0.1336132854323201,0.05916469793339882
371,7.42,0.6660866329543969,1.0469082724347647,0.13213759366120104,-0.3639859311175738,-0.35239475451460556,-0.033585713406121404,-0.10423397026275441,0.10359448833026078,0.0038286612320365676,0.21702175623781983,0.09891390511576664,0.03010730931059849
372,7.44,0.06660997669015878,0.5244543332621081,0.032204638779400774,-0.23935793887540557,-0.38896371097841176,-0.12204314063598706,-0.12193462507778041,0.03636474287033503,-0.07954703703034996,0.12116162250125184,0.2653965786201706,0.06441331706836695
373,7.46,-0.05520254039444328,0.06001261649298617,0.014204104680971164,-0.00593911891715973,-0.34486914225343573,-0.10372284836403345,-0.04536497001136838,-0.06167766855671808,0.0016001736332640626,-0.004885754627777655,0.32856870839350627,0.1544652107998861
374,7.48,-0.052773454607364885,0.03656276774109907,0.008182256486034073,0.1248019229222184,-0.32729231012596494,-0.07637834060482648,0.0123925594925101,-0.10116928478363149,-0.000281166447351322,-0.12547032829245394,0.3320498945233816,0.17046871198331673
375,7.5,-0.05773282267954375,0.03720079733124483,0.006923034665278077,0.13500961530088249,-0.3320072384280486,-0.054319504318197126,0.03335042789137836,-0.10500270392077689,-0.0006129384437362495,-0.17976875961714633,0.3270758002244597,0.16273219075591544
376,7.52,0.4247619339393449,0.25313952270543305,-0.02542329494225859,-0.16034278893800258,-0.3379344830647948,-0.09637116740237128,0.0032251546411734278,-0.08188270071323368,0.0007309257584612594,-0.12395891525583651,0.3245337573920867,0.054721002210226716
377,7.54,-0.031000354835712618,0.06371935423753075,-0.010796166053531175,-0.003222130578509133,-0.34502588805432854,-0.11078256038265913,0.007685499956376657,-0.10467013950939293,0.0069640415046169635,-0.1272969701057188,0.3714250053058507,0.10362133453114089
378,7.56,-0.05458164683064562,0.049942560090858026,-0.008683522220692269,0.08741227284100417,-0.2007033367350956,-0.034852492951081226,0.017754688266551834,-0.03362976010015731,0.0077039272771713685,-0.16133325421817785,0.3581381466484975,0.1466919276993872
379,7.58,0.1064696927841858,-0.15404911674935184,-0.14721864958715905,0.0934945993116714,-0.1744176307068974,-0.03277086650922004,0.04266010579786182,-0.04574767012198168,0.007793537106697723,-0.16514124332187644,0.30310413924616175,0.04532877443404648
380,7.6,0.05622927366239425,-0.08430180208984973,-0.11976196062202554,0.06898196020672416,-0.20048517411490352,-0.06709008821947532,0.03538058937184174,-0.053831026518205274,0.007883146938042984,-0.1372687039827683,0.2877287739431661,0.02698819350484094
381,7.62,0.4827157371998869,-1.4229362538243981,-1.7979714056093756,-0.16450198773193406,-0.14518293334224014,-0.08525576616079544,0.008642758288111035,-0.017483754066731805,0.0012010598217087332,-0.05403848037902917,0.2590693579127298,-0.7493045951617427
382,7.64,0.10325661778507456,-0.8744538616424455,-0.8722870390005903,-0.07475757207110179,-0.22697244744295814,-0.14121250959109796,-0.006828175796978392,-0.0668657595092553,0.004920349855023487,-0.048497565292269104,0.30830000866292684,-0.10599044941419256
383,7.66,0.025793824298773027,-0.35187524899711176,-0.37594887136510535,-0.054953475829538884,-0.20469881305192472,-0.051340789429719674,0.037268324897802754,0.18231002783051442,0.24873942215737166,0.007060324706778195,0.35138458591203925,0.004886294456146717
384,7.68,0.13758165127463193,-0.15408849920338086,-0.0347115218543268,-0.08296737273519131,-0.12199011552694783,0.032479547644893525,0.06165279812104256,0.0910822741958539,0.2205916933494965,0.040604693981138654,0.10270288523684237,-0.010925984183813242
385,7.7,0.15396178390645418,-0.15401404566102944,-0.013630400640116253,-0.09472894694485837,-0.12271194981342556,0.02500365117809783,0.05756286629787792,0.09750148431306145,0.222181755874006,0.033435853885411246,0.10497200741840135,-0.01007378169270537
386,7.72,0.14941456700515032,-0.15742738695366265,-0.04927160809484418,-0.13617965758239767,-0.11297172580078639,-0.011689988537584434,0.19892874749741513,0.10183436383952349,0.2584296340206712,-0.08089413282089253,0.10417383660891821,-0.035374361331533793
387,7.74,0.13394901518620497,-0.1599513839338424,-0.0783798074092216,-0.07821474658495553,-0.11401643717913121,-0.029153213100382186,0.16712121343022565,0.10472984217583282,0.20164480615553,-0.11898198351051446,0.11941000922937467,-0.0368818527460093
388,7.76,0.11741458524410181,-0.17478540425206368,-0.07942079647697847,-0.021992162008559885,-0.1076356478938719,-0.02629914497558461,0.15536555768265425,0.10054405702338881,0.16594408705304767,-0.1370657955179856,0.13079155051452004,-0.0224026620237123
389,7.78,0.10870020786461405,-0.18601486066239278,-0.07878494176204065,-0.009093332367987733,-0.1133652808130366,-0.027606353479434187,0.14929068403613863,0.11104061935065786,0.15858862899611156,-0.1435182374065617,0.13907858876160772,-0.012476187207337147
390,7.8,0.10775285733834464,-0.1905075570371395,-0.07938201604772985,-0.025778987085950195,-0.11067202162124239,-0.025237915239898906,0.15407072560252183,0.10754660567078728,0.15801826840059377,-0.1362988859841304,0.14132737041154286,-0.00464698736663971
391,7.82,0.026933250416610877,-0.17689744078688802,0.05985126281995215,-0.019647021945668697,-0.00629834981260774,-0.052559865045764376,0.37538259595275103,0.28404923466072246,0.27051064881099046,-0.14375328137915255,-0.9792942254590535,-0.3835905843911017
392,7.84,0.024859847599904804,-0.3373526355029004,-0.06774236679202547,-0.02402208869961884,0.04423856661745233,0.033332069827999244,0.20676092633772863,0.3280146802578494,0.3139317314445882,0.07043052762860158,-0.4568158922219069,-0.04224148234345759
393,7.86,0.05626545252133179,-0.3646586225056292,-0.18034156218675976,0.007500964935986683,0.06110685031017793,0.0058881498220820505,0.005827615978918871,0.28086986193004926,0.27427272308295825,0.06563897928047996,-0.06664703618180767,-0.017217122856745704
394,7.88,0.09872795951939042,-0.3257211242206052,-0.18404546536023525,0.0019327405355267537,0.08632949228644368,-0.004714933323363035,-0.08617571203072849,0.2607774213624038,0.22890074020225398,0.05825350649814483,-0.04798727422712995,-0.01000655181173185
395,7.9,0.12427362268607228,-0.2987390401276996,-0.189446073622621,-0.0034621975268229934,0.08760737673204773,-0.004792300800731841,-0.07637062271939134,0.27092691499791355,0.19381836022543836,0.04830052793394338,-0.05270882046674846,-0.00566900338897619
396,7.92,0.05362734854927949,-0.3311834624677088,-0.051890186639326014,0.009212450365372896,0.0657726486740345,-0.0078087429650961215,0.2255264967105103,0.2901183131260642,0.24438054433754602,-0.02170283025996128,-0.0837320715432872,0.0870086561208917
397,7.94,0.08781672209741585,-0.3450795361583965,-0.11454301271811701,0.0020698374246807053,0.07510335412872894,-0.002433362612452833,0.07268448736064248,0.3096462073533726,0.2400774430776591,0.05575271661135828,-0.07042988398721742,0.015499417885340233
398,7.96,0.07395043815932183,-0.3287061066693063,-0.19541871333994848,0.0010032799334970463,0.08225396136383097,-0.014300429979970664,-0.01918375057658195,0.29212413233863443,0.19553187513880627,0.04419140381746141,-0.0710698045552029,0.013729089110994241
399,7.98,0.08474112281647689,-0.3221072262847794,-0.22672703164533145,-0.002484892220782185,0.09132563038097674,-0.01360331506271134,-0.025878104411326625,0.316233528540969,0.1706909818655197,0.046224441896327635,-0.06606936288745159,0.012345420076399827
