Time_Step,Time_s,FR_hip_effort_applied,FR_hip_angle_deg,FR_knee_effort_applied,FR_knee_angle_deg,FR_foot_effort_applied,FR_foot_angle_deg,BR_hip_effort_applied,BR_hip_angle_deg,BR_knee_effort_applied,BR_knee_angle_deg,BR_foot_effort_applied,BR_foot_angle_deg,BL_hip_effort_applied,BL_hip_angle_deg,BL_knee_effort_applied,BL_knee_angle_deg,BL_foot_effort_applied,BL_foot_angle_deg,FL_hip_effort_applied,FL_hip_angle_deg,FL_knee_effort_applied,FL_knee_angle_deg,FL_foot_effort_applied,FL_foot_angle_deg
0,0.0,-0.2564837043394997,-16.551820346700776,-0.6628825708532369,38.43082852712729,0.9414,38.24795491191512,0.14136451908605835,8.507629401137867,-0.7064235504897898,37.45178869140681,0.9414,36.86919833004376,-0.2376037617821269,-14.27030285510071,0.6545411331371802,-38.09595985238309,-0.9414,-37.77333014737315,0.15863837301772876,8.32357517406579,0.7223750965954806,-37.62574715574158,-0.9414,-36.09344727464718
1,0.02,-0.2566149788356658,-16.551820346700776,-0.662886443051537,38.42955142480455,0.9414,38.24795491191512,0.14146817702656697,8.50754245697334,-0.7065795215311969,37.45035304799288,0.9414,36.872262839625,-0.23760138891140664,-14.272746969753198,0.6547854903857572,-38.09595985236687,-0.9414,-37.771378801739324,0.15869716983102825,8.323575174066036,0.722515715128331,-37.625185982361046,-0.9414,-36.08595277579416
2,0.04,-0.2567153987105567,-16.550697998613817,-0.6628811688600834,38.42559992864763,0.9414,38.24795491184161,0.14159732851001086,8.507187288988103,-0.7067425723834396,37.44918383711415,0.9414,36.8737407145839,-0.23760487703975794,-14.273880099602584,0.6550298476342176,-38.095959852353865,-0.9414,-37.76976960444449,0.15875596664428326,8.323575174066633,0.7226644170547112,-37.623410753954644,-0.9414,-36.08454926226618
3,0.06,-0.2568067765136044,-16.550516758825843,-0.6628898590149361,38.423193486076414,0.9414,38.2479549118123,0.1417285574709086,8.506099102504132,-0.7069081001956707,37.44918383711415,0.9414,36.874903954768826,-0.23761547285660986,-14.274752745079914,0.6552560036911956,-38.09595985234247,-0.9414,-37.76859415062885,0.15881476345750803,8.323575174068182,0.7228126756413096,-37.62091922153938,-0.9414,-36.08078203681088
4,0.08,-0.25690005499104596,-16.550448165564553,-0.6629731496569332,38.420855690026805,0.9414,38.24795491176156,0.14183391564426148,8.50554929903789,-0.7070054483585481,37.44690291132036,0.9414,36.874903954768826,-0.2376485529373805,-14.274752745079914,0.6552829315677338,-38.09536307844837,-0.9414,-37.76686868021189,0.158873560270729,8.323575174069575,0.7228871934927884,-37.62038182984317,-0.9414,-36.07775435867352
5,0.1,-0.2569943541177313,-16.550448165564553,-0.6630525718044349,38.420855690026805,0.9414,38.24795491176156,0.14193951525361376,8.504900706162072,-0.707046188064055,37.444692594504005,0.9414,36.877159792509374,-0.23767937072246936,-14.276219176478563,0.6552330501616914,-38.092912340128684,-0.9414,-37.76365182315895,0.15893235708390507,8.323575174071056,0.7229420268731332,-37.61751766786166,-0.9414,-36.075474038475576
6,0.12,-0.25708468343746266,-16.550445905750305,-0.6631040296274551,38.416436682685,0.9414,38.24795491167696,0.1420529089975364,8.504288368823797,-0.7070896452918679,37.443069282438096,0.9414,36.877460704257075,-0.2377014898985777,-14.276219176478563,0.6551978111437298,-38.09193215016076,-0.9414,-37.75949091972808,0.15899115389706497,8.323575174072992,0.7229922836859549,-37.61482348602498,-0.9414,-36.073305619990506
7,0.14,-0.2571797669319169,-16.550445905741082,-0.6631499759867494,38.415355593949236,0.9414,38.24795491164551,0.14216315392337633,8.503714540388552,-0.7071457523605845,37.442110425653006,0.9414,36.877842615161825,-0.23772118025313088,-14.277817105416943,0.6551848564855567,-38.088196236032104,-0.9414,-37.75664727001703,0.15904701086954856,8.32357517407469,0.7230427432073041,-37.61335980724072,-0.9414,-36.07090800269496
8,0.16,-0.25727960460109417,-16.550445905735355,-0.6632046964952601,38.412334121287955,0.9414,38.2479549115797,0.14228293936565523,8.503714540388552,-0.7072183282346729,37.437762899636965,0.9414,36.87814698600492,-0.2377430682889418,-14.27800777588473,0.6551818665372426,-38.088196236032104,-0.9414,-37.753187859375124,0.15910874752332804,8.323575174077934,0.7231057371676688,-37.609940816280535,-0.9414,-36.07001368016943
9,0.18,-0.2573746880955428,-16.550445905730268,-0.6632649792844141,38.409237336394064,0.9414,38.24795491152085,0.1423943820329181,8.503714540388552,-0.7072911812204311,37.437422538590695,0.9414,36.87846382604271,-0.23776758517630486,-14.279138757581865,0.6551804264196953,-38.08107864119098,-0.9414,-37.75164068554043,0.15916754433642732,8.323575174079144,0.7231715958901631,-37.60778967565944,-0.9414,-36.066975623658564
10,0.2,-0.2574697715899922,-16.550445905721748,-0.6633284925935147,38.40837403582368,0.9414,38.24795491147326,0.14250477823768692,8.501750510884422,-0.7073642641171153,37.43353760240814,0.9414,36.878782334668955,-0.23779314923608624,-14.279977537417452,0.6551778080928544,-38.08107864119098,-0.9414,-37.74768362968723,0.159226341149509,8.323575174082444,0.7232398771375455,-37.60521335925257,-0.9414,-36.06426771461393
11,0.22,-0.42405353091207343,-16.550445905721748,-0.8545574732152356,39.21436790251588,0.9414,38.48450695654251,0.24341880430741636,11.877111391421433,0.24972373601496634,42.70839726304705,0.9414,39.27618236644575,-0.3505023518268018,-12.980064445404546,0.7697590899789547,-38.08107864119098,-0.9414,-37.96182100389374,0.2363244055118936,8.759845600994733,0.5265609344371301,-37.2073777601225,-0.9414,-36.954686199832345
12,0.24,-0.35355894075366134,-16.964575037365773,-0.8918008286078756,40.39504643491674,0.9414,38.3264226092397,0.46007200037651497,13.307705323121363,-0.25992971342914295,47.78738614776334,0.9414,44.227980697998206,-0.30406341170351064,-11.481961293535411,0.8270144642415437,-38.59394066047454,-0.9414,-39.88599372770368,0.1990314957645527,9.32460437407552,0.34175764499060296,-35.61049165231453,-0.9414,-43.470053454062274
13,0.26,-0.4711226588440241,-16.964575037365773,-0.8189712229647299,40.73633512828969,0.9414,38.651937198272655,0.448974183984315,13.286807010221557,-0.5041354361541495,47.78738614776334,0.9414,46.43199155606664,-0.17249189423924638,-11.81824898546733,0.8785208384464651,-39.452557988201484,-0.9414,-40.30341291776812,0.1484252906491817,9.32460437407552,0.44182487445707336,-34.521117496136135,-0.8337991530231961,-50.36216278053238
14,0.28,-0.624726464937715,-16.536656410349323,-0.7222660979880372,40.351548418909445,0.9414,39.218254785332185,0.38789162623997503,13.405577442690344,-0.48198322407240934,55.99206234671762,0.9414,49.29925686791196,-0.059432864803570046,-12.371126421269318,0.828459357394297,-39.887288497087894,-0.9414,-40.30341291776812,0.18123002431351506,10.318832455804204,0.36986239609166705,-34.78884898795892,-0.9414,-54.337638379539825
15,0.3,-0.6933817472417251,-16.025055776814632,-0.6956106468069032,39.705113380597496,0.9414,40.12442346028377,0.3086701332468659,13.7481032723004,-0.5083050207481481,56.62652690993501,0.9414,49.29925686791196,0.004457106762379162,-13.733077738669593,0.7838370562986164,-39.72150329413219,-0.9414,-38.997124777683965,0.1841668691741964,10.185200561615867,0.605930241590056,-35.19131690706071,-0.9414,-52.77480456022571
16,0.32,-0.8797526307250806,-14.310807402469733,-0.7296093520957372,39.456690400900456,0.9414,40.12442346028377,0.3267270042566883,19.278621352367797,-0.5128385324375153,57.69365852454893,0.9414,49.29925686791196,0.007574979406278354,-13.733077738669593,0.7716906897873065,-39.40368079393267,-0.9414,-38.997124777683965,0.2395550901869951,10.185200561615867,0.6244192787560335,-36.233174630465754,-0.9414,-52.62897908936156
17,0.34,-0.6342400492493713,-15.296099499545015,-0.6731918303183737,39.456690400900456,0.9414,41.30547616354033,0.502187940390924,21.82057355849712,-0.37748986307436283,58.462656339009925,0.9414,49.29925686791196,-0.08423346076628623,-12.400053755241414,0.5991101414084901,-38.94707039790863,-0.9414,-37.61950319844967,0.22801857362273398,10.185200561615867,0.6422013600540947,-37.0084666065021,-0.9365288164776886,-53.70783704820106
18,0.36,-0.5602981144868581,-15.296099499545015,-0.6967964579358489,39.015450012762855,0.9414,41.08504750955324,0.6764764720137939,21.620880060591542,-0.4293243528162668,57.76961325292171,0.9414,63.31075900664207,-0.22503308857384766,-11.765868663465309,0.6618429652226265,-37.61220750740897,-0.9414,-36.749996878573114,0.12201144119658902,11.964887743372199,0.5379094303712219,-37.0084666065021,-0.8129546245232384,-55.20734730101854
19,0.38,-0.5498194682239597,-17.646287935549466,-0.7174251346757607,39.01900917347194,0.9414,41.063311625880765,0.6689798308725708,21.620880060591542,-0.4525467930242781,57.83446082780202,0.9414,62.20553397216398,-0.2496955451038763,-10.27280335959987,0.7113263887849852,-37.68530301925613,-0.9414,-36.69808110361445,0.1125520955876213,12.922837167841738,0.5716547159928387,-36.88094790974187,-0.7575391126523743,-58.40153331160497
20,0.4,-0.5850282907743584,-18.167719991737385,-0.7268811149115407,39.236025941377925,0.9414,41.013920474199224,0.6410003326284304,21.620880060591542,-0.4715976321895394,58.15042449362105,0.9414,61.79095499334156,-0.2088152534702457,-9.904044467237709,0.7280143928987154,-37.78328746327861,-0.9414,-37.05026282892866,0.1489275017663745,12.96712700815998,0.5931312949368729,-36.88094790974187,-0.7979134219016994,-59.14249636040373
21,0.42,-0.9414,-18.167719991737385,-0.6141851473410884,39.265051970489566,0.9414,41.20353748912486,0.9414,21.79370498798701,-0.9414,56.86287983114318,0.9414,61.79095499334156,-0.21051309685672356,-9.115118557462017,0.668946874150159,-37.81610826620034,-0.9414,-37.05026282892866,0.16951750828713796,13.151825980896719,0.8688730983430165,-38.57157979921118,-0.8757094895365336,-59.66156027687436
22,0.44,-0.9088415514810525,-16.973120358525097,-0.5150532210224996,38.12916697033256,0.9414,41.20353748912486,0.9414,22.900021402920512,-0.9414,56.86287983114318,0.9414,57.87671172867337,-0.2864719982384345,-8.071321567161657,0.49080341965828234,-36.71086128203069,-0.9414,-37.804503190592385,0.14793013265671573,13.151825980896719,0.9179116001135773,-39.6570570189383,-0.8954768472147687,-59.99484734479456
23,0.46,-0.7114962397418247,-17.36542684929851,-0.5688756855451962,38.12916697033256,0.9414,43.06849397271189,0.9414,25.459047881203308,-0.7192479781332894,46.27816937233334,0.9414,57.87671172867337,-0.20269813897099198,-8.071321567161657,0.5592056641153832,-36.02757728531543,-0.9414,-41.02824998163786,0.18336811183895266,14.9469387617913,0.8006487153411208,-40.426594445325065,-0.9414,-59.86370274236331
24,0.48,-0.7110275107587362,-19.036800261538666,-0.6445363728519441,37.67581705563581,0.9414,45.45783458958438,0.900640972036632,26.603793840657392,-0.5756073282664275,40.37939036763882,0.9414,50.4813004514456,-0.08675999312150917,-8.071321567161657,0.5485618316339816,-36.02757728531543,-0.9414,-46.12241774223333,0.1600722686911457,14.910005463574663,0.6440096028646473,-40.199827449964545,-0.9414,-58.80592712704958
25,0.5,-0.8335606036076832,-19.036800261538666,-0.6249939785071864,37.67581705563581,0.9414,46.4594170838141,0.8889342965063864,28.66441070071014,-0.5878160653522211,39.116705837453694,0.9414,49.116503042409484,-0.106367829772364,-8.880650689886762,0.44774355363952745,-35.67502007098424,-0.9414,-50.29841671443234,0.17618955352951374,15.00680573289588,0.6376020875490518,-40.199827449964545,-0.9414,-58.80592712704958
26,0.52,-0.9414,-19.036800261538666,-0.6282632146165656,38.1898874765409,0.9414,46.468225940797794,0.9148112065943969,28.979267115842404,-0.7058001959095636,38.61148508318896,0.9414,49.116503042409484,-0.15963954691647386,-8.744581259435035,0.6878858447792253,-35.596854101834765,-0.9414,-52.17583323779051,0.32036173071107976,15.00680573289588,0.7057880845206607,-38.41978042380378,-0.9414,-56.815219236639685
27,0.54,-0.9414,-18.311152274022216,-0.6713555125296774,38.459277298466766,0.9414,47.2238996108275,0.9414,28.97934392284415,-0.7523586498537622,38.76898993981824,0.9414,49.116503042409484,-0.18600953787881047,-8.404799276405791,0.7277460522277489,-36.54012038113023,-0.9414,-52.43248093507458,0.29577588037125674,15.579262652057821,0.7496059206114795,-38.88153102589948,-0.9414,-56.8400559993837
28,0.56,-0.9414,-18.658780685286185,-0.6683875455896591,38.56157552087851,0.9414,47.56092844691368,0.9414,28.475096301088907,-0.7563103825708124,39.50239508131987,0.9414,49.32584934327757,-0.1963322625603873,-8.404799276405791,0.7160623873518775,-37.33251395200609,-0.9414,-52.41526818203635,0.29619032707755377,15.928182713929223,0.7606969023522544,-39.2045358118412,-0.9414,-57.747300625670455
29,0.58,-0.9056983078501695,-18.658780685286185,-0.6582293236773742,38.76194973895757,0.9414,47.56092844691368,0.9414,28.342391333123103,-0.750172599685116,39.74812768339843,0.9414,49.08171679341261,-0.2116115412447316,-8.028011021076834,0.6963015577493353,-37.39713012171924,-0.9414,-52.01540118559414,0.2913216709641284,15.984405378207603,0.7614180331199395,-39.28070891201265,-0.9414,-58.032067019967606
30,0.6,-0.8781435903094563,-20.006455289264675,-0.6520338767756034,38.71894356752241,0.9414,47.547395083586224,0.9414,27.403222158917853,-0.7442259168713231,39.76090881918976,0.9414,48.8081851103345,-0.22456460297327688,-7.85280355715817,0.6858525840149523,-37.29055045260227,-0.9414,-51.871935356663386,0.27786593653788866,16.148156611854382,0.7556404453710587,-39.30762983714079,-0.9414,-59.114489044023586
31,0.62,-0.5746587964034071,-20.006455289264675,-0.41529955156915155,37.6108795418386,0.9414,47.514920677647595,0.9414,27.000388960572963,-0.8066823082718988,40.25639384277127,0.9414,50.68885631008991,-0.29274187319659506,-7.85280355715817,-0.26183339868744804,-42.25297663367964,-0.9414,-51.871935356663386,0.3651312363732169,16.46398733404275,0.9414,-39.789035547274466,-0.9414,-59.407660274244186
32,0.64,-0.2660118474829942,-26.713255171823217,-0.2789309453161846,35.80339930432557,0.9414,47.514920677647595,0.9414,23.985778950875897,-0.8264363598167415,40.277296346196586,0.9414,51.968771443992765,-0.4891746801309943,-12.504785004688534,0.22411235519395362,-42.25297663367964,-0.9414,-59.91712849442015,0.2457963383086827,16.46398733404275,0.9414,-40.96416723105998,-0.9414,-59.71827385004371
33,0.66,-0.3607854389081057,-28.532894446940315,-0.44224883417403693,35.37268961497341,0.9414,61.63073196486326,0.762891754682775,24.30438512954403,-0.8373695367555054,40.72790498941532,0.9414,52.82321692372756,-0.22967504685889223,-12.888727564673411,0.5067837706046407,-42.25297663367964,-0.9414,-64.08281148897753,0.25681394975831057,18.22841770316882,0.81080313000222,-40.96416723105998,-0.9414,-59.12443667610562
34,0.68,-0.4984838235142493,-28.83126684163317,-0.5118616389483721,36.27166966206407,0.9414,66.03395768498731,0.46118760495628797,27.981026383872926,-0.7523070829226042,40.53225567332994,0.9414,52.38312288315782,-0.1966798381618023,-15.540202762497536,0.49706406886119814,-55.84006555822024,-0.8845934874890768,-64.08281148897753,0.27788865166886173,18.830468868414293,0.7043363343564517,-40.07727945334334,-0.9414,-56.609301629026014
35,0.7,-0.720130998479782,-27.52843318064897,-0.5408629334185835,36.871821112497166,0.9414,66.79729883386766,0.38736552287551895,30.50484640075632,-0.8092835256048553,40.10940679431242,0.9414,52.41667857817816,-0.18900034925048473,-15.778529663776634,0.5121535282609334,-56.37020587255926,-0.9414,-64.08281148897753,0.3525420310283518,18.879146143471356,0.7375461755662408,-39.51842466993367,-0.9414,-54.028876779886545
36,0.72,-0.692097805269731,-27.455976691995645,-0.4505120116260277,36.76251639765971,0.9414,66.35904465173878,0.42007708005771927,30.645250291593545,-0.9381385623326532,40.63417113887824,0.9414,53.44341319132555,-0.6965513677921292,-15.778529663776634,0.4608038615689443,-57.25437955827938,-0.9414,-73.61597977189913,0.8075337649978718,17.24562034208549,0.8645298945211504,-39.50104079386383,-0.9414,-53.50753264987678
37,0.74,-0.6625454576834455,-28.363689332336467,-0.4396457397625162,36.76251639765971,0.9414,66.2747006551073,0.4947447463467968,29.75264141726976,-0.9414,41.52008780332109,0.9414,53.44341319132555,-0.6699811960459029,-19.784339332387333,0.4348256445793418,-57.96925410303582,-0.9414,-72.30172644449593,0.7606701247928066,16.553195120238744,0.8949007116099919,-40.51754832382127,-0.9414,-53.222502173996396
38,0.76,-0.6434945119474084,-28.363689332336467,-0.42278008455168425,36.76251639765971,0.8314509901855979,67.37316728854711,0.5345757462133295,27.978427314274686,-0.9304484850174274,41.81173116652504,0.9414,58.12338606169936,-0.6885907157567123,-20.372024081175137,0.40339395575459164,-57.96925410303582,-0.9414,-69.96734806939793,0.6672490909638291,16.193264488095092,0.9010014723646381,-40.82795765104598,-0.9414,-52.40618664320929
39,0.78,-0.5719964981104874,-28.99858375385202,-0.3406590159901976,36.00483900421081,0.2982711017096331,68.74943666638487,0.5629241260741368,27.435245059267302,-0.8932549892723789,41.78151336717832,0.9414,59.22850367201069,-0.6800780854879529,-20.583781978970194,0.39181460727605216,-57.54470368676586,-0.9414,-69.96734806939793,0.62044954970887,16.60011137134253,0.8973630665966903,-41.132157542260856,-0.9414,-51.153602851293805
40,0.8,-0.6253721628572442,-29.339020589610445,-0.36979489208909566,36.00483900421081,0.6922998940740934,70.21751302106149,0.5532649405872837,27.170685225566945,-0.9095567458493539,41.6391561029086,0.9414,60.87521931495146,-0.6562461465248587,-20.66301286455522,0.37413524826932676,-57.40985281272306,-0.9414,-67.14209592485182,0.6293753035538624,16.60011137134253,0.8683422007538871,-41.15143079013027,-0.9414,-50.632161784888325
41,0.82,-0.6311115099327033,-30.463317971650678,-0.6099145546091651,36.00483900421081,0.6881564703048499,71.29175758295246,0.557298146101789,26.927061161459278,-0.7805981253630729,41.363593994131826,0.9414,61.98548421510863,-0.9414,-21.72260451521536,0.9414,-56.763855268096655,-0.9414,-66.62265383198182,0.9414,16.940906401274397,0.6840203076815166,-40.57031279634897,-0.9414,-49.41672444585026
42,0.84,-0.5813015107853717,-30.463317971650678,-0.6687374123481363,37.69777771094963,0.6631612531795772,71.53091805495283,0.6431222404146282,26.927061161459278,-0.5590240260949997,39.940105836224554,0.9414,62.2848424511725,-0.9414,-23.38292124447302,0.8956818478984723,-47.65308667284695,-0.9414,-66.62265383198182,0.9414,16.11042990835163,0.5833661402943655,-38.975151343409344,-0.9414,-49.090351973262415
43,0.86,-0.5749992188553146,-32.53636569889779,-0.6665853557617057,38.49919419072469,0.6403807176682184,71.87743410295326,0.6685733852515597,23.544570123920252,-0.4629532120113924,37.65683755790093,0.9414,62.99059174233901,-0.9414,-24.860485846197598,0.6751888523347513,-43.564460177019605,-0.9414,-66.62265383198182,0.9414,14.451312733455303,0.5602446451460154,-38.975151343409344,-0.9414,-49.090351973262415
44,0.88,-0.6003008533050062,-32.799313020996905,-0.6462473340503992,38.61719719972708,0.6028337556072958,72.16407627695382,0.6633319563181649,23.067876121833706,-0.5336767138050726,37.15336336297275,0.9414,63.13204432822243,-0.9414,-25.382885031679848,0.7378447941534179,-43.564460177019605,-0.9414,-66.62265383198182,0.9414,14.687713088245703,0.5725566779852316,-37.709439634001804,-0.9414,-48.74962160461813
45,0.9,-0.6212154031610982,-32.705516261472575,-0.6432934049571214,38.591949133356266,0.5971802122305412,72.56740730123326,0.6532705777517467,23.067876121833706,-0.6043635606284287,37.44134312234498,0.9414,63.87282836773576,-0.9414,-25.382885031679848,0.7835882406574743,-40.321999156931625,-0.9414,-53.33485984125807,0.8960717057032013,16.252423755248987,0.5964335095759493,-37.751413383401854,-0.9414,-49.02799753414661
46,0.92,-0.5374040493987872,-33.053315977398746,-0.6326967526640297,38.49867721430022,0.6316023184768731,72.4891634647424,0.49039797620020337,23.067876121833706,-0.664104236785306,37.83988319667026,0.9289229100112648,64.36523760899087,-0.9414,-26.548160427035047,0.7547139559264605,-40.07997273279189,-0.9414,-52.74883101628757,0.9414,16.977858883089223,0.6720216844899173,-38.03112615159606,-0.9414,-50.06482606050668
47,0.94,-0.5355407689182128,-33.338861287716156,-0.6094293533891534,38.39846917285416,0.6857922501623094,72.38662054748139,0.49723757593000756,22.147400953845846,-0.6815455975122524,38.43247403538641,0.8808208442940662,65.341204446439,-0.9414,-26.548160427035047,0.7210383760485255,-39.85470758014786,-0.9414,-52.354296175351344,0.8486449361845838,19.433217114701534,0.6806990525541566,-38.65598050611187,-0.9414,-50.06482606050668
48,0.96,-0.5698632172224714,-33.30847651048102,-0.6055637807996055,38.204508167088775,0.7209907940274335,72.0756706107491,0.4652528886357878,22.096486404872536,-0.6663972398991816,38.43247403538641,0.8697628299850755,65.90040670881883,-0.9414,-27.94857555730052,0.7328553995930178,-39.66290424367634,-0.9414,-52.07810066717526,0.9414,19.666111015205857,0.6640574874614128,-38.69788939725937,-0.9414,-53.98333358834168
49,0.98,-0.579071573310186,-33.26183882322048,-0.6215531331157883,38.205389902951325,0.7266397085800276,71.47497665557505,0.4514533799415804,22.133905177445474,-0.6690938202644404,38.672633378227175,0.8781975301869904,65.90040670881883,-0.9414,-27.94857555730052,0.7344523909805355,-39.59102757003416,-0.9414,-52.22966716236342,0.9414,19.666111015205857,0.6727269840526255,-38.7338817458952,-0.9414,-53.99442603798608
50,1.0,-0.5657088680092868,-33.130233486332955,-0.6205274274533306,38.227337577504485,0.716869461931642,71.61018085308162,0.45440370808555186,22.34937438068136,-0.6731637530391819,38.68138428107528,0.8960533449718662,66.14463316407353,-0.9414,-28.48084623268858,0.7360394068753868,-39.59102757003416,-0.9414,-52.369298590473775,0.9414,19.098731981790948,0.6697924593513043,-38.74567553181613,-0.9414,-54.10955920622464
51,1.02,-0.023145626483947745,-32.06198035796829,0.27146912449286187,41.691125963065325,0.6361424366133202,73.92574358454645,-0.08416914379358445,22.34937438068136,-0.8687726500000478,39.506987555391945,0.9414,65.74609058321732,-0.7404945729774713,-27.984752676703003,0.4651663765175801,-39.49355994782225,-0.9414,-52.67225272929025,0.9414,19.12387648373888,0.7565831015862339,-38.68468888581989,-0.9414,-54.89541135005415
52,1.04,0.013618810140189591,-29.630033678783096,-0.2426550102096861,44.38803830510852,0.5548948826919466,73.92574358454645,-0.16448882555970254,25.30364607804369,-0.9381949594119979,39.506987555391945,0.9414,64.10652026717607,-0.4534143346093087,-27.984752676703003,0.44735512317151394,-37.163781158047314,-0.9414,-56.42225053125148,0.9414,18.538471555654333,0.8609962875259713,-39.24804145218804,-0.9414,-56.23576786890262
53,1.06,0.04580090596642197,-29.154540642351915,-0.3257346313965219,53.687793981673444,0.41360701405080225,82.7511251662584,-0.15412737870682966,25.816867979619634,-0.860004504553853,41.02774781593163,0.9414,62.41059290237897,-0.47650824633082156,-30.054551701828213,0.40403801116443494,-36.87323428197251,-0.9414,-64.88266581451818,0.9414,18.538471555654333,0.8536976393678313,-40.02360729939615,-0.9414,-58.33376217391203
54,1.08,0.11313573666061316,-29.39008813720401,-0.2698017859684774,54.88139141298323,0.31155808266052304,82.7511251662584,-0.12508955390140147,26.401526945197922,-0.8114767178620763,40.64704884736588,0.9414,61.251636758692705,-0.6825504787554384,-30.10008243095383,0.548692705417764,-36.76930946241834,-0.9038427012369177,-66.96852525822456,0.681898351285155,22.41502726065606,0.8400919787231632,-40.72684670889558,-0.9414,-58.791345204063596
55,1.1,0.19387972140705712,-29.897605047972505,-0.2854264901721835,55.59621436836214,0.3387294795411198,86.23693377858424,-0.0843006771866819,26.111788510838476,-0.7903543396247236,40.554875935343944,0.9414,58.33570594865759,-0.7124507903856768,-29.04351387047196,0.5228312770360339,-37.17836326888564,-0.8747506624692245,-68.3206289100551,0.642365726562544,24.392011369644518,0.8427211944457725,-40.720798402883666,-0.9414,-58.791345204063596
56,1.12,0.40509330560124623,-27.461938703769714,-0.22516209056587666,55.59621436836214,0.1892096032840791,85.14351497574083,-0.38301421262183694,26.354445757027694,-0.7230349825140228,39.74686000550824,0.9414,56.34396975332212,-0.6474582906366478,-28.295841983133,0.5345163923703612,-37.17836326888564,-0.7619690918666469,-69.04808754368098,0.8212173474984317,25.991523916232126,0.7501134796421518,-40.59161547760092,-0.9414,-60.1615680814915
57,1.14,0.4550016831233822,-26.745588149252953,-0.2442272852378774,54.449721543349064,0.2157656899720371,84.51839417164736,-0.3499193504548139,26.354445757027694,-0.7449418429272379,39.74686000550824,0.9414,55.5600254054944,-0.6078019054672765,-26.846002973999095,0.5335005518089071,-37.25945600596769,-0.7677183244242011,-69.44992270183332,0.8679859636931784,26.355322524881437,0.7823099023739364,-40.02068129398987,-0.9414,-60.1615680814915
58,1.16,0.4746239878894837,-24.555878886888582,-0.25382390442885033,54.414725137501485,0.18626295188779846,83.27656714164972,-0.3809214479314199,26.267037416426717,-0.7499401344898283,39.3406630924324,0.9414,55.37798656541443,-0.5914071456209855,-26.846002973999095,0.5410049587353103,-37.26392378487271,-0.7536483420077782,-69.64233583869508,0.8786749556642912,26.525448135404776,0.7832418792052138,-40.05612415325508,-0.9414,-60.75756726194653
59,1.18,0.43669770841872396,-24.283935421494974,-0.24432136248497394,54.378461199632994,0.18424231205277086,83.1113817759134,-0.4108197391472169,26.551682364727984,-0.7551505945066602,39.369242446484805,0.9414,55.38292062792002,-0.5678789720539927,-26.690366106232197,0.5514586178718913,-37.35765709416683,-0.7448542393014902,-69.77580023875609,0.8929608966627041,26.42212638510234,0.7772774680318331,-40.045180450760924,-0.9414,-60.757450560655236
60,1.2,0.41555829152634344,-23.824293285214438,-0.23151037581384393,54.306095504190324,0.18023692231893917,83.06239239979963,-0.42046271500465915,26.76623988605305,-0.7635626689655357,39.41025961423895,0.9414,55.70523872006077,-0.5487006270347349,-27.007631050216286,0.5603340444470023,-37.43984891559733,-0.7514645050183602,-69.77580023875609,0.9026936227337982,26.331861959837738,0.770195756896352,-39.99733628253282,-0.9414,-60.757450560655236
61,1.22,0.5858031989506589,-22.038263116394656,-0.9414,50.764807975871605,-0.5842226631049925,80.06849982053733,-0.5731304069453123,26.780628963196612,-0.5574424384218446,38.176106766993755,0.9414,54.92253525054677,-0.30128472783043675,-26.8799925460343,0.7543797725491145,-38.69616649409536,-0.5788101257454906,-70.305874734491,0.9414,26.243700100177982,0.483234634009023,-39.99733628253282,-0.9414,-60.408593238512424
62,1.24,0.47022317716762985,-19.161165225306235,-0.6747542804044742,42.973727875612504,-0.08345218767893448,72.28406137003078,-0.3303961745938814,26.16515056712255,-0.5140549476086851,37.860484683645616,0.6925945093883152,57.184763913200484,-0.3459329538641172,-26.961700481206318,0.712300980334801,-39.319324291496926,-0.5704465227863541,-70.7767230373388,0.8720397329656231,26.301678801015466,0.5570090186780428,-38.648206118142504,-0.9414,-59.924177376610466
63,1.26,0.5317814013987688,-19.161165225306235,-0.3755419776326271,42.973727875612504,0.22371385702907115,66.21665704034727,-0.1976761733490916,23.361630206909368,-0.22136920565372525,37.49546370841694,0.2901921074105014,60.780647036608144,-0.48455747833689594,-26.827653466068718,0.4959261832236791,-38.84826533916623,-0.4673395220940667,-71.33662711873247,0.5839194419828609,29.054400733569867,0.5486363447802326,-37.50730293625293,-0.9414,-62.304259882649575
64,1.28,0.5299614272828106,-16.625078115489536,-0.41489163125673945,35.21115810135631,0.40635049066866674,66.21665704034727,-0.2744067167180617,22.650100677985588,-0.2049672692535462,33.973341734070736,0.25408029628380885,66.51650939099291,-0.5067228164047325,-25.13709170341831,0.32019841721003794,-37.9760641977238,-0.2216013215139394,-71.33662711873247,0.5111607965064132,31.369042283516805,0.5295885462839953,-37.443155380579846,-0.7719498897345844,-63.54522436391003
65,1.3,0.5258692114499391,-16.42284123003249,-0.46769736861884115,34.6336924904222,0.4592714605636177,61.23878946413253,-0.2923405601079798,22.768049110320636,-0.1966688592645764,33.973341734070736,0.23418921825231082,66.51650939099291,-0.40124318518524715,-25.12305082276622,0.2973575508075617,-35.96271913505284,0.0032589462582342243,-75.3814140632074,0.5132470731450837,32.87731498595121,0.5438865192890026,-37.30415124350455,-0.8044053090324357,-67.7402204038579
66,1.32,0.5900799406135607,-16.516003289904265,-0.48313131558873,34.6967874405461,0.41207854574488423,61.23878946413253,-0.27154044602448263,21.688416411927687,-0.15071759872595453,32.8802508451727,0.12877827336827827,68.66122408399909,-0.36148304670380826,-24.95683748589423,0.22207925940469886,-34.9375660943354,0.07954105381943224,-76.0623756848153,0.34499239292078054,34.28940611138224,0.5523326605637939,-37.28073276650809,-0.7113354543405118,-67.7402204038579
67,1.34,0.616711412935469,-17.00159479013234,-0.4963892061799264,34.741948189566756,0.3903463517422561,60.22029669472585,-0.23014887560951586,20.723902386400972,-0.12663875263097268,32.137110570339914,0.11206518522655692,69.01639344609136,-0.3177386173621851,-24.159765457091645,0.13505117023342705,-34.9375660943354,-0.053670674722309575,-76.8977538146617,0.26362047219486456,34.28940611138224,0.5498007506342575,-37.355830027986386,-0.6856087718408752,-69.98418441118957
68,1.36,0.6263191565058166,-17.24092218149809,-0.4971175713151182,34.83069027264948,0.36493523100924613,60.203846494806,-0.21714264117920778,19.993093392159423,-0.10156155933331709,31.85433559624846,0.10430460220957885,69.16346433728093,-0.326561935441811,-24.159765457091645,0.17654688159749365,-33.403694576781994,0.11302319189756457,-77.79814061215342,0.22442013309825165,36.26028581973826,0.5551386656738044,-37.39323522140717,-0.689578609802495,-70.98618803921316
69,1.38,0.6198981841350001,-17.368303283940325,-0.4965058158981076,34.888775953626734,0.347595150283215,60.203846494806,-0.21787705064673085,19.86724524087387,-0.10090004337508293,31.723638217353034,0.09982716404164371,69.37196509398872,-0.31759058034079574,-23.919046317307693,0.19084632073034705,-33.22180505185856,0.09049941880758983,-77.86430447160215,0.23746860632203246,36.45195124117459,0.5607045476556928,-37.43380324802019,-0.7107664446852128,-71.10766328061898
70,1.4,0.6003042811546841,-17.378536271365032,-0.49250406242430633,34.88078162846258,0.3403457514066308,60.59529400219765,-0.22458911327893377,19.86724524087387,-0.11395643669567716,31.620941568489773,0.05741672019312469,69.44444175469246,-0.28795124836557784,-24.151070959636016,0.2106511421277183,-33.27852761684646,0.07362125000311628,-77.86430447160215,0.26263183811360674,36.45195124117459,0.565870506753616,-37.49333791703216,-0.7350819185550564,-71.02251159207248
71,1.42,0.30041017783367585,-17.11525459703869,-0.5841160461852337,34.88078162846258,0.29656251104697484,61.45846975158846,-0.06599474120877458,19.13637471271005,0.10240839960341228,30.391378134114536,-0.014005802825429459,69.2043112975994,0.08845876796491295,-25.157937025337265,0.38864070446066706,-33.95676320399779,0.132543227068791,-77.26273974853581,-0.0431986686438835,35.64433181807424,-0.35063730046325725,-37.49333791703216,-0.6754258868027683,-74.83751815765642
72,1.44,0.06436968174534591,-16.008167887597814,-0.5964073948946989,34.88078162846258,0.09450917985437962,61.45846975158846,0.010907897405960557,19.13637471271005,0.09245430239833975,29.387334906681456,-0.011080406876321058,69.0034096576836,-0.01467173151427794,-25.254016392363425,0.45918574652566063,-35.3451327065891,0.11716276630058556,-77.13779815771434,0.06400228300095959,30.576622997017505,-0.05945242563202413,-46.83571411812728,-0.15270959784256188,-79.93168592060135
73,1.46,-0.07886882652196454,-14.66196682531775,-0.5080521161962501,34.88078162846258,0.018495927432818915,65.02826119706725,0.04705020326043441,14.842993189597294,0.07960379115560079,29.19068906765473,-0.011094903663286915,68.85508565959331,-0.06809245557996019,-24.661033147162502,0.4528455803471428,-35.847933850708436,0.03921950485601064,-76.8098475223264,0.06860883842991881,28.964220996059176,-0.07597742702247012,-49.655585819626054,-0.013204558674634326,-79.93168592060135
74,1.48,-0.11375197663072951,-12.974319495611791,-0.44080250206402316,34.88078162846258,0.003333507594188434,66.23828281319885,0.04736963971668544,14.374662728901175,0.07210094587941639,29.19087826841511,-0.00912952232898015,68.80677416676072,-0.06304775539445628,-24.481233361616777,0.4363549228343448,-35.956626918598346,-0.034284555407593675,-75.98527360078842,0.05251289871000607,28.204254432360255,-0.07250382801061417,-50.82776837482506,-0.0018363003027137836,-88.20226180898398
75,1.5,-0.06880429450474783,-11.638921760751906,-0.41774372581163705,34.885875549618774,0.012754501733134582,66.68945402918627,0.0283162915168923,14.319912342186253,0.06559463148827975,29.200353821864407,-0.00789289225950146,68.79963649754134,-0.04074053574873639,-24.293327831847524,0.4365057014652407,-35.95662691859829,-0.06723572655390675,-75.98527360078842,0.03703525852574178,28.151566994425806,-0.07190845563727914,-51.58025841655352,0.0003965121530254412,-89.5920382377832
76,1.52,-0.04111696148740787,-12.065936660429395,-0.46242335480138785,34.93122018442689,0.16585524266339907,66.9659855785033,0.02108101305866511,14.04153738944936,0.05073079645284892,29.069952177499403,-0.006211171442539937,67.56143089238394,0.22174828256713336,-24.741421419598243,0.4381794961768854,-35.62267380985576,-0.0052590657278277775,-74.42373326212814,-0.037331283662890125,26.44233122094411,-0.08760011842220083,-50.86859316170194,0.019283293224938575,-87.50193876545076
77,1.54,0.025636849702323106,-12.065936660429395,-0.5045370333010822,35.464731151886376,0.06485039319547081,67.43968185980168,-0.0074010226401456485,12.703284642896268,0.08482427314790289,29.069952177499403,-0.011650732961927812,66.96863785582272,0.011216140175059813,-24.500669340817524,0.4657076324645846,-35.76115531869311,0.02412592688725612,-74.36779468507375,0.050831103272502315,21.130298434904734,-0.07842749926330532,-50.86859316170194,0.014582128223464247,-85.7443873575028
78,1.56,0.09404017566405977,-14.733329112301151,-0.49100269665624846,35.68855213724542,0.024680741149477936,68.21181739617056,-0.010036330535038957,12.557524234302793,0.1016938627070571,28.70239435959286,-0.015856140631335947,66.83437862548583,-0.11168142145640014,-23.187696616750245,0.4650641710393218,-36.03251889258841,0.007519878308518441,-74.398010140657,0.05513587733152766,20.07079857244355,-0.07147943647541118,-50.574226496370656,0.010943472945248556,-85.55476041504384
79,1.58,0.13313296270051292,-15.667939925968563,-0.47079045724261337,35.69494364095733,0.013666725572212823,68.62663230404917,-0.012495403712931629,12.524776988944113,0.10333219802435079,28.70239435959286,-0.017021616331269585,66.83437862548583,-0.153140069884286,-21.40845773928467,0.4579511219326766,-36.08328020999483,-0.02025698616697666,-74.19892180367508,0.04809284627245656,18.496620902659686,-0.06543533310736312,-50.58541026426139,0.008617712320891008,-85.02255636698222
80,1.6,0.13351050168323042,-15.960505245569795,-0.4588253572207517,35.500234291684095,0.01767927085381621,68.7147568237907,-0.014545808039287678,12.527885064810723,0.09889064800397926,28.549472833419387,-0.01573778187658867,66.83437862548583,-0.1294676922012954,-20.927404471066374,0.4557179632112993,-36.06229949601051,-0.037666126862592075,-74.19892180367508,0.03353383859501604,18.360334372046875,-0.06326259399258041,-50.6324602446667,0.008203409237883819,-84.86734663700143
81,1.62,0.10414022070194687,-17.096945172141805,-0.4859787219597922,35.500234291684095,0.21962298214395498,68.95233700411656,-0.015414200947070952,12.527885064810723,-0.06575050232411675,28.64290998295432,-0.002722098923587407,65.8105972258453,0.07240902228660226,-20.815475737412953,0.19927783681150607,-35.527329841444924,-0.07531811253692372,-74.19892180367508,-0.3040310426215795,18.360334372046875,0.9414,-47.49614769585109,0.9241721025032859,-80.52450552605855
82,1.64,0.08420618640032103,-17.096945172141805,-0.39178842221208676,35.500234291684095,0.2182778488717908,68.45091715815698,-0.023121965601661604,10.939032363604891,0.03238219773891489,28.93438072657192,-0.008741609832604497,64.75962389481421,-0.04070936271914479,-20.181509740694075,0.27880664865131305,-34.13298244678686,-0.027837483688229886,-72.44659390220993,-0.05984893984329609,14.874463439869931,0.4419840747005638,-41.99995606808099,0.3755988304549769,-76.029651618571
83,1.66,-0.025690855558630432,-17.529257449417095,-0.18881988683475132,35.173953729043575,0.26014080528284567,68.23899742438316,-0.044129199535160236,10.832562661769273,-0.21803042722630642,31.082636240570825,-0.15054060607841174,65.57936949204873,-0.07675799587282522,-19.679154664828943,0.13789861448929835,-33.25649566716743,-0.17704273544522844,-71.96762220743217,-0.13916680594455152,12.340446989484592,0.22599582627248116,-37.096757329907724,0.06625263159791828,-69.62821086933414
84,1.68,-0.055846339979451445,-17.529257449417095,-0.18971409368524866,33.758167994273144,0.23047008818547376,68.32344945407495,-0.01905463960203182,10.679701208339283,-0.19962912382403217,31.22093961719762,-0.13866137922215332,65.79103496681272,-0.04306167721010938,-19.084654320011907,0.13632698724671444,-32.63977469993141,-0.19792567991299745,-70.88108838267429,-0.16548873637280936,12.18710206841904,0.24097702787517344,-33.21793377455733,0.0565257473119255,-66.7361225649167
85,1.7,-0.06272743918387176,-16.58945456998263,-0.20827009739128846,32.853099116310524,0.22987648148660422,68.35927669513912,-0.0266248606302449,10.537620534988278,-0.2172843585959341,31.477968292597566,-0.14909372772180596,65.8361788575206,-0.013703033249032867,-19.168193223743824,0.14899899804061134,-32.430226544305974,-0.1748038355058525,-70.74011862222946,-0.15743355985381588,12.179938766787336,0.2567896796205851,-32.46123628870911,0.07299377591645118,-66.7361225649167
86,1.72,-0.16572178068537255,-16.762714200835248,-0.21936643019729346,33.087679381194825,-0.04816049584398896,68.35927669513912,0.03326550540630448,10.254406686787572,-0.23937839697550534,31.766467728663013,-0.11463613936790967,65.8775262815109,0.10724661997751975,-19.168193223743824,0.13587879806615047,-31.99996702097525,-0.08710989939804889,-70.23632525545926,-0.16611217585067478,12.100176305571747,0.2279397980999897,-32.46123628870911,0.07837555069088878,-65.32143799459205
87,1.74,-0.12486995850742108,-17.394387220023855,-0.24776317686924887,33.26647099265871,0.2420459833072831,69.51251809593681,0.06567002361567671,10.168901079210748,-0.2421846771205526,31.870148186114474,-0.05192853024776711,65.43442665735013,0.032733202528966,-18.777180153116095,0.14173896310448564,-31.97891714028199,-0.09481624459936888,-70.21035538092839,-0.15309449052736046,12.090463319028101,0.2334017258692716,-31.832349840034368,0.07697345780223011,-65.32143799459205
88,1.76,-0.09368059696908992,-17.865952254811614,-0.2588209953980057,33.45000768643556,0.21736794730472458,69.84618521776068,0.08432857794259813,9.691436959934716,-0.2436281435477533,31.91878716520578,-0.013801720345988228,64.93168394633277,-0.015648059678487813,-17.552173713477796,0.15055580720134126,-32.036932178382024,-0.09875464212291529,-70.21035538092839,-0.1439515302565479,12.053130124732922,0.23742151831250619,-31.832867309508725,0.067667672375058,-65.17171663236968
89,1.78,-0.08569132421511073,-18.30958730105246,-0.26268858878589246,33.573406059381625,0.21134966515400333,70.09433653099582,0.0884566038959671,9.691436959934716,-0.24374350640675613,31.947412347873232,-0.00304713572401738,64.57658870712494,-0.028516712542377063,-17.136596639306088,0.1543884051460392,-32.088391572672876,-0.09810779616998264,-70.21035538092839,-0.13994849557461783,11.955172471086609,0.24059935358593382,-31.858247314577792,0.0659090642798581,-65.04405654685162
90,1.8,-0.09348359134903372,-18.30958730105246,-0.26089732202734106,33.616518105490854,0.21756016286462165,70.21713049317401,0.08317302626015843,9.283852804472394,-0.2435992922329735,31.95686898499389,-0.011893725017468104,64.43111781329989,-0.017101949458031288,-17.136596639306088,0.15214168492129204,-32.14094129123014,-0.09630860075349498,-69.82353013944488,-0.14017698533882006,11.91860533958997,0.23940871397640784,-31.858247314577792,0.06681456619124632,-65.00116944590177
91,1.82,-0.20899880461824027,-18.445991634934526,-0.4628960481552925,34.692819353499594,0.19249048191470125,71.0998984989804,0.07932961602009969,11.990655838105265,0.6914547134823446,35.09362135307198,0.7519441066544807,67.98894864905515,0.015920386369507628,-16.894927403042384,0.31505768562093533,-32.57997759304764,0.17994333063445347,-69.87254762511476,-0.016843642826383773,12.599034918456884,-0.023701717813720907,-31.235673121992566,-0.03488900949725776,-65.49539815758854
92,1.84,0.027456091687510648,-19.763915162738126,-0.5121634106829457,34.692819353499594,0.10326664233257393,71.99375460296194,-0.04824191279096743,16.68421272010182,0.19499077121965813,42.88470145302188,0.25539793783596587,71.88448870507646,0.061479094640754246,-15.448610969613446,0.4446122961259862,-33.26891562484609,0.07760333794082533,-70.42457174568429,-0.005009700354820481,12.563625974019653,-0.07817167020814304,-29.646883205065066,-0.001011426382281022,-66.09147289595201
93,1.86,0.154220403870615,-22.36851227157735,-0.4868615161967137,36.21069312152544,0.0072229299010427295,72.59705355094313,-0.07685396640393236,17.352351265415372,0.07514408769237668,46.35784009276597,0.021989316942564396,79.95486077769237,0.08095149073050016,-15.448610969613446,0.4939396973922232,-34.3750860130495,-0.055964154972779095,-69.53571539221402,-0.04425177204845186,12.591637610791755,-0.03413198717640732,-29.389030688750527,-0.003069133690331377,-66.33011903898476
94,1.88,0.18871376157795405,-22.36851227157735,-0.46049179872870416,36.21607350319188,-0.04204395134072131,73.76319249868982,-0.06711953512795067,17.352351265415372,0.07907193591929224,49.418344014614476,0.00861503302001615,81.54919769472721,0.07485611283900762,-15.448610969613446,0.48999235818799514,-35.375222078018076,-0.1398532465668435,-68.5259126430113,-0.08643694066472386,12.906135671052965,-0.015986636233186274,-29.284269510692273,-0.017202692969680328,-66.36592101277643
95,1.9,0.1630347832387895,-23.935784430903222,-0.4445038455657196,36.21607350319188,-0.04809425818490032,74.50738852203881,-0.04988289195718977,19.222057779408505,0.07767822982933414,50.14074262893765,0.003938230352543898,83.54241647124876,0.07489785484464395,-15.616593503752844,0.4790418859907587,-35.48619136369751,-0.15163360028318143,-67.80355217771903,-0.09442841015640886,13.249609095411389,-0.009151425006590663,-29.299369112092794,-0.020341076939647373,-66.33037636918742
96,1.92,-0.14131823225287918,-23.49188116266912,-0.4341585859727079,36.17883023619573,0.004392148136017848,74.9830312544961,0.00901001317813388,21.245360315016555,0.07234035893515081,51.047485353586595,0.01429830229771853,87.34306258591675,0.12135155046455234,-15.000324494579509,0.4624048179899351,-35.29344577020988,0.0157810907044848,-67.30440268118059,-0.02852169410425364,14.336116164476504,-0.08701107564914572,-29.299369112092794,0.001475291155406372,-66.6148596047083
97,1.94,-0.008936243924971277,-23.86153396788878,-0.4114861315929666,35.874432699469025,-0.010986313298413763,74.9830312544961,-0.052986891800700986,26.137718215640845,0.07606042617974673,51.6104618374716,0.007119303228319829,88.62815321768753,0.1033403003479022,-15.000324494579509,0.45556642394346997,-35.09528755032323,-0.07816056008355765,-67.30440268118059,-0.0029920210190085943,14.668539432781923,-0.06889012449390876,-29.233653644287873,-0.0014416082582436596,-68.19597956813993
98,1.96,0.06383321616130061,-23.86153396788878,-0.4128218554984064,35.77776093343288,-0.04796919109673281,75.52506518434637,-0.04261169216985354,27.988814415517172,0.08441843560874254,51.82706621415088,0.003326704021445054,89.57594155784007,0.06135459194224949,-13.949714496530463,0.474011905014713,-35.00037212611069,-0.12354225781690126,-66.053792598552,-0.003058155597629956,14.72219181419932,-0.0689441782667898,-29.23365364429461,-0.0030479143942753195,-68.44920361696332
99,1.98,0.08403173343273831,-24.942949477303078,-0.4170596501014205,35.71849996493574,-0.06893446485959825,76.02656155828032,-0.028693148329539234,28.664437032050714,0.07119099596933454,51.82706621415088,0.0019118915871462472,89.8795589417984,0.02583226942837466,-13.30295559230985,0.4737918151518015,-35.00037212611069,-0.140733230575469,-65.67540808908034,-0.03374763662765074,14.723275808968106,-0.008151906535072778,-29.40958505026641,0.04598110300752045,-68.56935824683879
100,2.0,0.07512593145290518,-25.6361102491829,-0.4058803463729651,35.67774581558208,-0.05248685753482124,76.21227141146065,-0.020984792739426238,28.75742903667536,0.07156632715631063,51.93416821360146,0.0008530123315915461,89.97777808764677,0.008437782915465673,-13.020592523353935,0.4609837148263815,-35.06263953432855,-0.13209686685186287,-65.43724978079233,-0.020852275175923567,14.8926969568036,-0.021736856465837423,-29.663634437280848,0.02875309151931954,-68.56935824683879
101,2.02,-0.23348150280636942,-25.446865131955576,-0.3786658411816932,35.43271512759286,0.021470015430334,76.55442326498569,0.06624033321514355,33.05726960359137,-0.83602301426974,46.3664705349672,-0.04307000828847635,89.97777808764677,0.03828021664425377,-12.083335144542371,0.3703433521771606,-34.50273949617764,0.010371656461496709,-65.13127532244805,0.03136798243183281,15.991732348180841,-0.009870160396816194,-30.016984925550315,-0.053703969225278536,-68.56935824683879
102,2.04,-0.021524595678163838,-25.504344726570803,-0.3691303943068805,35.350804122486224,0.02789453905824124,76.4874016455199,-0.05277776113011892,36.57691747444666,-0.3134318217970169,46.3664705349672,-0.020823515657616587,81.78057747329183,0.034583076501299256,-11.382484662487638,0.37586067602844475,-33.76835332538648,-0.09086304885617552,-64.81469758338558,0.017395037282108707,16.49665197863954,-0.00914026004291682,-30.176199138357692,0.0437307048776617,-69.83370334080976
103,2.06,-0.1234715515013215,-26.44501032458027,-0.1544561354628884,34.35538691088288,0.02114449009128616,76.48344212028971,0.16960314521010472,36.57691747444666,-0.25310879547970366,38.74854150721115,0.1070279239726799,80.09348391894062,0.03330733552981392,-11.382484662487638,0.2441719858656528,-33.197967403076554,-0.21983314248911207,-63.74712132389969,-0.05247178954518174,16.829425054513074,0.21405112376565746,-31.01952706916411,0.09037846234811356,-71.04263277275584
104,2.08,-0.16108735514306785,-26.10378498895696,-0.17633687178205287,34.00739171579371,0.05712950498140773,76.24609799166055,0.14428102072362126,37.53740170167758,-0.24246013662786048,35.411974518331476,0.11518180889466412,78.60044701747479,0.038738741186958414,-10.871586179476672,0.23928737271090683,-33.197967403076554,-0.21662392493456442,-62.622215941332335,-0.05071560016533502,17.449372428928932,0.19851364830839685,-32.09853030714027,0.05734576707663089,-71.21754774114264
105,2.1,-0.17598463277700405,-25.906247328168803,-0.18280781045821798,33.53174929872569,0.05729872511674583,76.17174538513973,0.12718783499453162,37.72418623921106,-0.2716993750361457,34.502390080809384,0.09236487097575083,78.22852090807493,0.05282949359152318,-10.82064116502219,0.25759200034635077,-32.14850581464546,-0.1915674433377779,-62.622215941332335,-0.033335271834876674,17.449372428928932,0.1881167399848076,-32.29677206893955,0.04207147054061422,-71.1420345377825
106,2.12,-0.21422878183490457,-26.532118796753675,-0.18062211827867378,33.11897279351878,0.029648402317118516,76.63056396857306,0.16044497664341695,37.87543268276131,-0.27694292439675705,34.291559791501705,0.10477079865313821,78.11188821931447,-0.010364150071863226,-10.82424401782128,0.29460964245693755,-32.33464435484519,-0.19492850808550757,-62.35048573400117,0.09738778228721853,17.90809479156049,0.21113680883662306,-32.52863830480957,-0.04216601957512067,-71.48345211349145
107,2.14,-0.21698888442591058,-27.477316266186687,-0.18066670079560143,33.11894337399898,0.02843277127442073,77.17343828301756,0.17065656603874968,37.68331527594038,-0.2790481720828194,34.28042337637117,0.11359388575959331,77.9624807959513,-0.031576870349221756,-10.488404004095745,0.29478975169364274,-32.44809225980909,-0.2000987159634237,-62.34945631669864,0.07603655704249274,17.90809479156049,0.2124337012779265,-32.78975072903211,-0.03265415271194855,-71.65335390916621
108,2.16,-0.2220308121364096,-27.86889200964803,-0.180713850546328,33.11894337399127,0.03685986634553107,77.28779453429205,0.18263904520534488,37.58099802574217,-0.2774430962041139,34.27770919029676,0.11433061532223532,77.95726334071537,-0.029931231596774712,-10.127346656003157,0.2911028113760957,-32.50715023702351,-0.20679526900926723,-62.3264064795547,0.07912196440457696,18.450093185742197,0.21427620892556495,-32.97303656715929,-0.02328949579888731,-71.79459947697718
109,2.18,-0.22201473830668894,-27.86889200964803,-0.1796574228162691,33.09731535782967,0.03724266419666275,77.31547334897836,0.1814739272593284,37.494362790347985,-0.27743484731578494,34.26389787798108,0.11445932685172491,77.87056537477375,-0.028199129584396136,-10.03836297687071,0.29108768639208904,-32.50593248817959,-0.2052988122958566,-62.2636589629303,0.08181386291209962,18.600320677814587,0.21495105554593288,-32.97303656715929,-0.022633355068971822,-71.9181965677141
110,2.2,-0.22446825986352054,-27.962519969012334,-0.17932436021581527,33.10197613988711,0.037157515583625816,77.31577012284914,0.17942343383032602,37.471698315660134,-0.27775901731275476,34.26065267459176,0.11326641987078248,77.85645442115963,-0.026652658243774816,-10.03352628712575,0.2911788014882897,-32.505932488185245,-0.2046442166612415,-62.23836368717987,0.083042608073255,18.600320677814587,0.21402684547715772,-33.02545524978487,-0.02507752825940479,-71.9181965677141
111,2.22,-0.02909928157344116,-28.23317845257001,0.08796641175017392,31.466620340165885,-0.0069429598585390995,77.95488404914123,0.10437489667072467,36.42581099252597,-0.3470405325331616,34.26065267459176,-0.1119851129124031,78.08267233461368,-0.056108540791756756,-13.336744580891082,-0.6395166544423188,-35.99056196296363,-0.9414,-65.53458988975106,0.20417134583397428,18.667811685034803,0.3813165699402573,-33.57776376785926,-0.044049317950898836,-72.8629511689773
112,2.24,0.006494263333027425,-32.17403069792013,0.08544535288013971,31.466620340165885,0.002665783247422421,78.35589233052495,0.011758987644459998,36.047472799927384,-0.4159347933645582,35.103883675103745,-0.07144338600147765,79.28888159596123,0.04807118707748392,-15.32527087098954,-0.14303290550954317,-44.08060041223205,-0.47375256266111543,-72.7263561479482,-0.04756161710170681,18.667811685034803,0.453787212466754,-34.599116405242164,-0.060371729970604776,-72.96170921339848
113,2.26,0.0403642338335331,-33.098218022387385,0.06593331230497798,30.42995246274176,0.0076341020932571,78.42889568250258,-0.0577647306127306,36.43943171929767,-0.4585803813133955,35.527662394108965,-0.009614856310699721,79.18975370043665,0.08139299344552486,-15.32527087098954,-0.06230898257862094,-47.98892555667852,-0.03061110258027988,-76.32223927323807,-0.1633226747391879,22.2873101821384,0.4594448443059537,-34.599116405242164,-0.06280554991233242,-72.96170921339848
114,2.28,0.04014603852020365,-33.55872475236903,0.07747660629125772,30.35806924692105,0.00669960459945762,78.44369096996422,-0.0721053925939498,36.90307308895653,-0.4722856225977024,36.1182080979194,0.014730515935321292,78.85844395361178,0.06515309991477976,-15.32527087098954,-0.07884926144937426,-47.98892555667852,-0.012099325584288306,-82.83428317125225,-0.16231681418435545,23.27191414562506,0.461129151519264,-35.85655099802658,-0.04123311059676352,-73.14937537712277
115,2.3,0.026246234985248845,-33.74530788409704,0.08513882411959453,30.216206316265968,0.004775038225928646,78.45126388555188,-0.06181427387697224,37.13420371652782,-0.47085423502079177,36.361356750047385,0.01829452069986079,78.64717215045997,0.04264259889780279,-19.31234309327707,-0.07712554618253645,-50.07148116413872,-0.006052581795678497,-83.93074271768444,-0.10390314342770476,23.621410975573994,0.4516271919531254,-35.92701290622836,-0.016117327092666556,-73.22730064008445
116,2.32,0.04302637787744565,-34.45956073128267,0.10812490510165824,29.997179355188248,-0.0038141565169539093,78.8651222958021,-0.12829548401819743,36.336480729042044,-0.4375298870843128,36.35994306136091,-0.08219777831204605,78.83451263024001,-0.022572732427469988,-19.31234309327707,-0.053215734074779114,-50.63621132718155,-0.016521159268795244,-87.67086729756566,0.20582412484003682,23.621410975573994,0.4310573884964337,-35.92701290622836,-0.0538375122984798,-74.11129604467794
117,2.34,0.03532668106176788,-35.8348518388977,0.0533745197049698,30.00501107708415,0.004369136297890819,79.03780843752237,-0.09929660802845344,35.389899421605854,-0.38632959605828343,36.35994306136091,0.01332989243969293,78.76211716773648,-0.09986178556717334,-25.45196350746046,0.06252006517064344,-52.66150593125276,-0.02819796091292201,-88.9437275272097,0.15290527260261388,22.926987389313226,0.3516527534028541,-35.569248103659184,-0.06081707029747327,-74.33444537715648
118,2.36,0.01837740529905306,-36.635034730113176,0.05686039867226428,30.355794837541975,0.0033374526753117695,79.0764995918137,-0.06548633819764982,35.06341677648351,-0.37617145835251664,35.73443972950625,0.0505734604691134,78.76211716773648,-0.10144486389954535,-26.943347471316155,0.04180986948872106,-52.66150593125276,-0.020068222457082174,-89.48925871766444,0.1549621777619305,23.021665695190862,0.3226904760598149,-35.23087439637985,-0.03607125365523542,-74.40976808046054
119,2.38,0.012772746919179657,-36.67531230899828,0.06222150105839355,30.375662944269234,0.0009753256018467105,79.1018741161134,-0.04068540271522798,34.28758140575921,-0.38828533751373284,35.73443972950625,0.05331962942861562,77.77354411149227,-0.09936462235022343,-26.943347471316155,0.017092534906117313,-53.16989953324593,-0.03644774242304602,-89.99448088126165,0.16093486059992346,23.03901086084606,0.3282815173556328,-34.73288592403662,-0.0022789848447197225,-74.63062519091095
120,2.4,0.003658830050860016,-36.67531230899828,0.06938715875716704,30.365366768250837,0.0012955633003240707,79.11209800838759,-0.034999886537041114,33.9937414615683,-0.4066182746556026,35.50039956504318,0.043309354545715856,77.77354411149227,-0.08123268188212501,-27.457731442167645,0.0019371079537763847,-52.988273743892584,-0.03636450546150133,-89.99448088122797,0.14143968109721675,23.05738526903829,0.34523927847128716,-34.718285365260265,0.00786528075079826,-74.63062519091095
121,2.42,0.05892611454282744,-37.69494591090943,0.05588310762297802,30.681134868124822,-0.0020598384728914843,79.38597481947805,-0.13518757012716212,33.9937414615683,-0.27196352487379744,35.073710826022904,-0.06232339250877064,77.31613349780335,-0.19680797778561554,-27.923985260311238,0.9414,-48.265667459809436,0.09247097327730303,-85.31488278115107,0.4120461830460621,22.65553925666716,0.19677571589809834,-34.234844862334306,0.058399428796728214,-74.63062519091095
122,2.44,0.014632539955961938,-39.41669904710161,0.04224471209397053,30.591089487524286,0.0032807205523917304,79.51601571759583,-0.17315697053081755,32.48380694098233,-0.26256679950280737,34.38462060329291,-0.019791837716695626,77.70826438033994,-0.12931312452900612,-27.923985260311238,0.42697501342135724,-44.96944126324073,-0.14093946057532267,-84.11190405109288,0.23772893717235455,23.254918803122877,0.17184627004844877,-33.50442673376839,0.05988935932752684,-76.5890004546524
123,2.46,-0.003426905817945018,-39.584637738031,-0.31739231022219255,30.5742260571931,-0.33491993300147926,79.5201247179729,-0.17469246256680182,32.561437435078,-0.2529775991111253,34.35477094979764,0.006152497364631471,77.56683882252113,-0.1601876387023292,-36.974966849995226,0.1358300165970736,-39.58592585625217,-0.11475008093658276,-81.21196293980651,0.1944044780942898,24.30198131610096,0.14898872766609333,-33.03392743608005,0.06320305140882262,-76.5890004546524
124,2.48,0.12751522245647387,-40.27876690199101,-0.1887113637770465,31.635851006453997,-0.2741088703713818,79.5201247179729,-0.04598043079770095,32.31780000205531,-0.15091796202181934,33.457785013119455,0.05715297440700007,77.122386486716,-0.1285242148189323,-36.974966849995226,0.20685480161210512,-39.58592585625217,-0.18038296504543927,-78.25116761301909,0.05475869310410339,25.122622793676715,0.25672393300070007,-33.26745383171769,0.058857712122328903,-76.7272817055612
125,2.5,0.13289245418425255,-40.75705251696704,-0.09534128946571982,32.0732145324866,-0.23227091743218828,81.8912094628283,-0.052800125491652666,31.327377056235772,-0.17002161356307566,33.05162449905891,0.0784903017252043,76.86746837139383,-0.12821717769011376,-37.76678311511504,0.21919495218271562,-34.23561909975629,-0.16694669325565936,-77.75917467064404,0.03654637770791397,26.174378284293688,0.1869380998510594,-33.26745383171769,0.01195267831986635,-76.66517371888692
126,2.52,0.2019872575877678,-41.29912168202608,-0.06754278934587879,32.00435084923316,-0.20270776497064635,81.8912094628283,-0.22556468796863705,31.327377056235772,-0.1864557642832475,32.95329797767156,0.045204042786366916,76.14236848348936,-0.1955289785823124,-37.729302251099284,0.19860736164959528,-33.843351849722616,-0.009336109789518932,-77.97558403773476,0.21221998288440824,27.322609093561617,0.172049826993082,-33.09357100902969,-0.01170864473498548,-76.88457568375453
127,2.54,0.21959563080331207,-41.61567529468519,-0.07870323504321541,32.027616224992265,-0.17720214627515976,81.66065581348359,-0.2116103170674601,31.327377056235772,-0.17781531854505822,32.99759735714747,0.06015982160557018,75.98536405112829,-0.22068483259921234,-37.47755118646297,0.22690328392200798,-33.7449378605197,-0.0998278592711763,-77.99115920981458,0.22561088679813943,27.83178463634558,0.1687382122514023,-32.94507193977783,0.009607272980705572,-77.27603617305382
128,2.56,0.21179347021447925,-41.962764979829,-0.08784927056748543,32.090455711768136,-0.16129621806332503,81.47046241063282,-0.22122038040422667,30.21727119056335,-0.1834488906254604,32.99759735714747,0.062632852068839,75.98536405112829,-0.20999831429225677,-37.23819820494514,0.22913215665443093,-33.704371342238694,-0.08756829162150023,-78.3776437784943,0.23671479883705587,27.83178463634558,0.10295044928565286,-32.864259555537444,0.02781137432701672,-77.33983439205201
129,2.58,0.20777135236172195,-41.980741440391114,-0.08872019171283965,32.11298776014646,-0.15696230588403398,81.3835743092781,-0.2244071488837238,30.131175208596055,-0.1864555902920706,33.02600447388728,0.05731025753120508,75.98536405112829,-0.20588939181860633,-37.257745943839005,0.22789114341812428,-33.686541862020675,-0.08177599836934968,-78.43478082103465,0.23932534159003538,27.869975953427392,0.15396702288270497,-32.81923588853925,-0.026383017732348663,-77.4969348937857
130,2.6,0.20641970140778002,-41.976979731915726,-0.08896958279550252,32.108075692403936,-0.1527177436222369,81.34349325693938,-0.22499941904680726,30.139834526136312,-0.18430833436227295,33.074323552254064,0.055554085379762586,75.67567211004645,-0.20402552826068132,-37.287350829563174,0.22623674894567036,-33.670154560608715,-0.08135256436603078,-78.43478082103465,0.23938955003068546,27.803486470647268,0.15294836073090556,-32.79016249980282,0.02055013317543891,-77.5032618840404
131,2.62,0.36750234607526044,-37.91046784967782,0.9414,36.17280584086964,0.1677806248233059,84.81437368745362,-0.3724610708471642,30.045124149943504,-0.3770625929654243,33.48522280033693,-0.010161603036900474,75.20819538119298,-0.12031974035975276,-36.93512096759009,0.12209611136777904,-32.7829476986339,-0.03525825793709286,-78.6039730134459,0.23410026199178768,28.29151901622706,0.10094626885175395,-33.006421606964395,-0.012631773904488636,-77.98063118347848
132,2.64,0.062144052968182595,-32.629738538942306,0.6939634154935208,39.7686889644098,0.03425875591434535,88.68658231161966,-0.23723363167778377,29.083813357838093,-0.4138743323901233,34.57128588969435,-0.08370851424600928,75.25245047994565,-0.11972854608385963,-35.592694594962516,0.030757792447795126,-32.58953779223712,-0.011314209353916388,-78.47106841408963,0.14070314275752135,30.608819389039684,0.2713743542192734,-33.72448394911823,0.03081210412488425,-78.49278130813596
133,2.66,-0.05587889307564506,-30.999610760505206,0.19749992118265713,45.162513648528936,0.01829124233315718,89.65264118324247,0.00037108888416217956,28.05761458676656,-0.36658505462217866,35.07653658846017,-0.06370679060358739,75.82716234316607,-0.04949068415492319,-35.46523167377879,-0.05218780829712434,-31.602771166808882,0.006456767130131297,-78.55311224287898,0.013888456888011741,31.77616091622817,0.3313178963153642,-34.15605238457886,0.12222791807804112,-79.09230725473017
134,2.68,-0.05241462750027096,-28.762428216718085,0.0354186052448231,50.75828908050338,0.008837181381021686,89.65264118324247,0.13279986824401854,24.936219895539033,-0.34947333915751966,35.04273659115092,-0.03997051505740254,75.83494140226196,0.012277765186741563,-35.96518811907168,-0.10026815449595913,-31.602771166808882,-0.0006112339823146073,-78.82305253236757,-0.10431995132832596,33.30967074849022,0.3426753339145361,-34.65519409674216,0.14931156163310547,-79.51552838199287
135,2.7,-0.05833910113862535,-28.335901708588384,0.03704355073646248,51.715201129070266,0.039335399490321526,89.99448088122514,0.15012034936359378,23.82030389843241,-0.3536690154042382,34.951783852136785,-0.01908236752469175,75.76387115246328,0.034331042627031724,-36.58666518609381,-0.10555017472304193,-30.395567749642897,-0.0006024642611930642,-78.97457776717972,-0.16931628231590745,34.534045622131934,0.3415723628803315,-34.84899732817072,0.14421990852395117,-79.6205141219252
136,2.72,0.35531350762855307,-23.57423742618155,0.1505465942854471,51.29467843421854,0.053485778533226,89.99448088122514,-0.14489882063881,23.72882910087213,-0.35947601176866695,34.79300529687989,-0.06186115999434039,75.76387115246328,0.004951882694445603,-36.34074570631841,-0.08287682963644544,-30.152006777876014,0.0009874978792034084,-78.6763702387982,-0.11564850770439963,34.534045622131934,0.38378052684369446,-35.02415371814372,0.06514898589128945,-79.61482203092572
137,2.74,-0.03710110310507214,-21.37563147616544,0.06175508254668249,50.957921209435554,-0.010228210092010609,86.57519102137971,0.012278037461616445,23.408960033774182,-0.37788492265825663,34.8120157788673,-0.08219716456140358,75.76387115246328,0.011585967000507222,-34.92811050780353,-0.10306124350866587,-30.045162206920576,0.007902310433187537,-78.57661970358636,-0.11707188888186651,37.2524832829763,0.3813166485600577,-35.20170353406293,0.06058669401541142,-79.51858734759907
138,2.76,-0.055069937231200794,-19.8147590193927,0.04910478300417176,51.76775493770111,-0.008773346950173122,86.46592056472551,0.09755644917952125,22.005794802395794,-0.20410413499829627,34.522233754071614,0.0012747134368693847,74.67190267292017,0.025850913521554268,-33.946085484669446,-0.02624682042783877,-30.05012795848479,0.0072237391790045125,-78.57661970358636,-0.14881668773442344,37.60212149305656,0.3787556501813973,-35.42089623499904,0.1137729384765519,-79.51858734759907
139,2.78,0.10071182299529377,-19.74518710445674,-0.15108520982723583,52.41740359499407,-0.15228696164501038,86.46592056472551,0.105034308821397,21.40604665462769,-0.20009405804991334,33.576066284294,-0.009834316202463528,74.039010828402,0.04166010416931809,-33.925837641351556,-0.05026427098159604,-30.306458602888572,0.007323689047737447,-78.5373655847691,-0.14713133457766542,38.03851246373067,0.32868760302757005,-35.17748955114437,0.025300720379255598,-79.26622309705658
140,2.8,0.051492515492265495,-19.481903382770447,-0.0686908039970166,52.387116916334726,-0.1215371666012631,86.51760748796771,0.07999590392026514,21.1235717322704,-0.226184900781636,33.325369721504536,-0.0407470554191941,74.02078442759192,0.03399918802810682,-33.95265476954018,-0.05509882108499761,-30.439112351442486,0.007423638917813502,-78.53736558473608,-0.11720759700272285,38.08716637438062,0.3085462491629991,-34.742424713031,-0.003345279957610442,-78.9672740485928
141,2.82,0.6642073180295395,-19.481903382770447,-0.9414,49.305335999312504,-0.9414,81.56725572431321,-0.1642194300106926,21.1235717322704,-0.16498220231357907,32.419216609619916,-0.0715722870957681,73.34225888258084,0.004523063606238942,-32.727588398933065,-0.021166021939536747,-30.938315540205565,0.0011141301721634689,-78.17345300268983,-0.031849799693776173,38.98761224879785,0.336955189839837,-34.6538353434869,-0.09984678143454298,-78.95023633619527
142,2.84,0.11382330921818751,-13.349122409167867,-0.7357566568085787,41.21459897093768,-0.669559887632794,76.47308796169666,-0.0546882085511059,21.1235717322704,-0.24836171863901502,32.700955324084816,-0.10912810390252103,73.32246540550317,-0.009169337968601948,-31.46851774749154,-0.06732491997420718,-30.804863028734342,0.006145594785888303,-77.84466335618312,-0.031625755382003407,39.119753676777314,0.30929379394540557,-34.6538353434869,-0.10562034414978877,-78.24445403664085
143,2.86,0.02484842999517059,-11.826549566355494,-0.47446728424919027,35.74216494117611,-0.3821917317576995,72.01877060805298,-0.03485889563146244,20.294944772747783,-0.1940935919374422,32.700955324084816,0.0049543564898376635,73.33618698069928,0.0380827964028532,-30.830725223107937,0.17064003390140225,-31.23984214120679,0.2417143296591553,-78.8462141422216,0.029434396306498873,39.65917223366336,0.3547879764814529,-34.72791590002256,0.01587700522894006,-78.5146121956126
144,2.88,0.1246361138053522,-11.729316419421167,-0.17087062982017165,33.40945745286921,-0.04172568432766127,66.87365025921582,-0.06706777762134908,20.1566521732928,-0.1273798179142079,33.07628799460426,0.07346480705743721,72.2328187829045,0.05726192300102341,-30.920930391745635,0.09824753221880092,-32.14513549155565,0.22938804883064945,-79.80615446864385,0.05794739471649821,39.303203872074896,0.10376360320639405,-34.72791590002256,-0.033750098776742316,-78.7080018334733
145,2.9,0.15659961708378253,-11.92115887882613,-0.15873551131002145,31.71177098453279,-0.024076916185432007,65.94846753361911,-0.0826763641984416,20.192921890791343,-0.13727367874855567,32.29914321534218,0.05807698212964099,71.75429480775041,0.05570454516965945,-30.920930391745635,0.1123542882374369,-32.22011571679426,0.22573592304881554,-79.82894516230637,0.05302083280726551,39.11508748426571,0.11555795852440226,-32.57979779114046,-0.024718377112120965,-78.74721161487226
146,2.92,0.14939751673231033,-11.92115887882613,-0.16449581774924868,31.665212885933254,-0.056052745019571554,65.54716521734944,-0.14835149569262374,19.573653681482153,-0.11999073284069581,31.959566937042062,0.0011367220093763397,70.97946330160747,0.1969454954361053,-30.676083003956528,0.11302936651893289,-32.17526849351878,0.25669597346441925,-79.82894516230637,-0.060207208933041614,39.11508748426571,0.1055947364533953,-32.335601831423475,-0.047977557736662124,-78.630928539565
147,2.94,0.13914084215132033,-11.880972925118664,-0.15792913531997071,31.15594732691972,-0.08248335057244202,65.53819360066474,-0.06957410468049657,18.906187595588854,-0.1212565805000733,31.76310754451939,-0.005173611719138632,70.77937792199558,0.16194806840403958,-30.393895197792105,0.11447828442169268,-32.23205988984548,0.19608002506319028,-79.63162851713903,-0.10338471844440383,39.91306313686184,0.11472533895662312,-32.32816713060565,-0.04838438936351053,-78.630928539565
148,2.96,0.12141571965372178,-11.728310272471356,-0.17789857823697064,31.209901623071115,-0.08304896512430235,65.53912733726624,-0.01597208706542097,17.933192661616772,-0.1161130431511754,31.735215770552685,-0.002939469736015221,70.77937792199558,0.1493775353516531,-29.778154654929587,0.10993084153187635,-32.25167929477612,0.16126218048425592,-79.63162851713903,-0.12192343723206735,40.560754517850704,0.13191723375199774,-32.46197054444203,-0.033795994541876984,-78.67944391829616
149,2.98,0.10838011027684193,-11.728310272471356,-0.18836107886899714,31.316634214548223,-0.08288224981149886,65.53912733726624,-0.009261181861089957,17.486693268534346,-0.12014455362352265,31.689747707058043,-0.004504374588374521,70.60835978325542,0.1408609512540666,-29.498566203572345,0.12377555608281283,-32.26143764014364,0.15137714700773192,-78.57710156414853,-0.11930171496870819,40.785314257129194,0.14856798759036896,-32.607516695598584,-0.022777900491039116,-78.74178232805082
150,3.0,0.10817077447201703,-11.576837342176988,-0.1940734241623484,31.358259799038432,-0.08294576980522855,65.53521101106665,-0.023871407075079596,17.346593343104438,-0.11547599071369487,31.687559210521115,-0.0022177403614648816,70.56490404388133,0.1501284767334974,-29.45666746472919,0.11662756339931384,-32.28944003019293,0.1552856566144015,-78.42759001963681,-0.11783106547856373,40.942673251909994,0.14733642837343214,-32.625584480906056,-0.019966745992447715,-78.82622258667179
151,3.02,0.11283570148777883,-12.389077544586714,-0.1406385996346059,31.95710880792655,-0.4308035315025598,65.92041766808781,-0.021548452584475547,16.288601974663617,-0.008904066354476686,30.603914049826663,-0.05666986851561409,69.63815139597976,0.3585917910021921,-29.45666746472919,0.28997458497154505,-32.63124535656558,0.2536173039750329,-78.21980191795447,-0.1269994753677809,36.94329437172285,-0.9414,-34.6077915700612,-0.26767649977829766,-83.88577342642841
152,3.04,0.028262850311457564,-12.494844809660364,-0.3296824192886506,32.65970028104709,-0.03744013686259523,66.39789960161866,-0.02650755664291131,15.40980396647362,0.045322819747539836,30.105787548609435,0.052992778921889694,69.1194540929016,0.1997719957951084,-28.80880356408236,0.3333712667382418,-33.94862084739956,0.2997404517139994,-78.5433126516515,0.0690322231439712,34.301248512641415,-0.5619013169969231,-34.6077915700612,-0.0341915768604914,-83.88577342642841
153,3.06,0.04072429175300708,-12.754175048584283,-0.36261800640965824,32.65970028104709,-0.1792364185657294,68.24322227928815,0.00751608352836421,15.01204928716579,0.05897858023560881,29.86531554629541,0.007648177370745052,68.63689463056866,0.005379171804242439,-28.30249303143701,0.2872200125907073,-34.16994074207645,0.260677610054121,-78.64731873648118,0.06523746835838984,34.301248512641415,-0.08342318078244526,-47.914971142316375,-0.016658244312670545,-88.91732975279204
154,3.08,0.08765376714020912,-13.307038588268245,-0.3230168828019719,32.65970028104709,-0.19202951766952361,68.79035883700148,0.011508790728152252,14.694114160428779,0.08113784322465564,29.86531554629541,-0.01638261493559151,68.61670388667963,-0.06903904152580666,-26.297003907287092,0.1933170301549728,-34.15188240602584,-0.08431676167934507,-78.58940023638576,0.061933732059424866,28.517908177149778,-0.048128694603770894,-50.97674448060162,-0.008612681070083394,-89.25421023941952
155,3.1,0.11891993589371572,-13.57276805066325,-0.2941604569590395,33.30908470169126,-0.19796604579371085,68.96848701966115,-0.004660000803928466,14.68273924193344,0.08806970996016886,29.176563132596353,-0.002800790044409418,68.62956364546193,-0.07600584172076619,-24.6571027319927,0.2798941093071279,-34.05965929196743,0.1858714414731687,-78.0559469721156,0.04764735161747649,28.232331161711876,-0.0537454370149916,-51.601698146526,-0.0050439154401342445,-89.25421023941952
156,3.12,0.10334123727096337,-13.57276805066325,-0.33028548031453087,33.54195087273913,0.1670684950568849,69.26603690490724,-0.004308936230731142,13.335084615479813,0.05728083262176231,29.027382484966,-0.016349717753573717,67.93763223132791,0.21851984914493788,-24.6571027319927,0.29113029855741956,-34.05965929196743,0.23904945302995995,-78.0559469721156,-0.011818388363348087,24.665503944234047,-0.09093231069826165,-51.00076247855748,0.12601279583204095,-89.12340610122007
157,3.14,0.07824196570216,-15.248512829962952,-0.33535876216445926,33.7632470999188,-0.09275234973923593,69.79527815422827,-0.005945471596929458,13.335084615479813,0.0807931793310955,28.952473386691732,-0.01137408125524006,67.10005248446188,0.06640669193354551,-24.549537878746246,0.3087266920979472,-34.05965929196743,0.23374148868784192,-77.03519986433706,0.05479515443870153,22.74421408886552,-0.07371334777701617,-51.00076247855748,0.01377312072417744,-85.58658114665923
158,3.16,0.0775844631227397,-15.248512829962952,-0.32946419696992635,33.79224874308037,-0.1823386645768714,70.33408864383779,0.0018475831688312232,12.52466210349164,0.09395720872810438,28.952473386691732,-0.014013312104729558,66.82207925921513,-0.017499085814378312,-23.05132407293303,0.3145063011826109,-34.05965929196743,0.2018641671336358,-77.03519986433706,0.05418839637274987,18.996538734606688,-0.07414034460444112,-50.61453119713204,0.01363423855159715,-85.14009224027495
159,3.18,0.09267413960261572,-15.668657454899689,-0.316713807230053,33.77163792281805,-0.22251039463756347,70.99817684230497,-0.004744768072240873,12.436168281234602,0.09146262596843334,28.614839462483385,-0.013655599126335155,66.6944976989933,-0.02714310014731788,-22.548169790754123,0.31464900410284274,-34.29536273225418,0.1695491659437564,-76.52221842506347,0.044271585216233394,18.586983602166022,-0.06518626831422944,-50.603574562653684,0.011764843947148412,-85.14009224027495
160,3.2,0.10644475268530733,-15.79011535258231,-0.2995457663945569,33.67836999594861,-0.22949392370461733,71.42743414478919,-0.006725438559127547,12.43500562181027,0.08885144832502045,28.602992598986827,-0.012031016098371039,66.6944976989933,0.004445520763999886,-22.153292933119978,0.3162630509743279,-34.36281807825328,0.15217221662883387,-76.1543068355579,0.030112145000406935,18.374954591638325,-0.06523952531039254,-50.60357456264594,0.010924448766691963,-84.78677635876012
161,3.22,0.013522695183209907,-16.501098010227953,-0.3021913030425342,33.771801518587026,-0.05432571879649739,71.69398958075747,0.00746328234312485,11.28859952379361,0.06218378112127218,28.453271275828953,-0.003622351767758575,65.33173587540878,0.23126367213909643,-22.379954426736678,0.2720839020304414,-33.775924070429596,0.21833981975754505,-76.1543068355579,-0.04765199182309804,15.752218597967016,0.9414,-48.66085463618039,0.9414,-79.70806134790656
162,3.24,0.08985658346607302,-17.71874482103146,-0.3254289515350536,33.949424265111816,-0.09260338656201292,71.55782726408783,-0.005240815658655071,10.61587275888519,0.08939070901073921,28.33651727790099,-0.009902006793071794,64.90626181547755,0.06784518314139826,-22.40174934980805,0.2934157709268277,-33.80899280790901,0.23318917074379253,-75.26862281554752,0.030664902670041766,12.571848191194753,0.790899255526536,-43.56668687724313,0.6516149118894168,-74.31423665761824
163,3.26,0.09696585220736859,-18.277761910860377,-0.2877826371606715,34.14284148192763,-0.09982773804095751,72.06859310628586,-0.008459006541018034,10.409114541044815,-0.15784060809850062,29.56037777346335,-0.0789359714003014,64.63905511440288,-0.04775276037501591,-20.359993525494573,0.10103287155726243,-32.87490099676948,0.10774802497864877,-75.26307192805498,-0.06860952287959082,11.784727755985655,0.5056027765872166,-35.07787496078263,0.3500943714907878,-71.41505224792095
164,3.28,0.1083678682403571,-18.277761910860377,-0.1178616007177824,32.480639840004315,-0.020365805196694287,72.06859310628586,-0.018709879777016956,10.390164327040422,-0.10716800993696327,30.107632187090815,-0.0868843795845691,64.93127201204834,-0.02664132822371362,-19.63750487946563,0.07690960564318997,-32.01126411509769,0.06266376641176086,-74.05175870210891,-0.09238664798998573,11.418574520857485,0.13856766549060368,-32.711973127461775,0.06101086163814756,-71.41505224792095
165,3.3,0.07208351386969254,-18.277761910860377,-0.12740471987122476,32.15343279320317,-0.039119540184498675,71.36566851177741,-0.017296329567408036,10.4029628993422,-0.11660387780368547,30.255011257310606,-0.10616876734811301,65.13282763276253,0.017199468556740854,-19.50360612604872,0.08946389391314695,-31.731099122165894,0.06218512503866802,-73.62637954765128,-0.09618993086748442,11.39469010324057,0.15779188026151014,-32.711973127461775,0.06040485712498006,-65.50587025271975
166,3.32,-0.039378258173550784,-18.244885958951247,-0.15844652993927977,32.26329560139899,0.053386634926695736,71.67761373071414,0.04604813803614672,10.4029628993422,-0.15097198268913825,30.255011257310606,-0.09683702292480179,65.28069930662458,0.09159743351477859,-19.50360612604872,0.04642177835611176,-31.313891101860445,-0.03772279767229114,-73.32995014547797,-0.09973696189025558,11.396794470685288,0.13724997821376336,-31.03453095795264,0.06472391387846449,-65.1628148815749
167,3.34,-0.0646059176852927,-18.711051484876172,-0.16835146921577604,32.43117540736791,0.021285280878452495,72.1992978756665,0.06402758298198516,10.019080108780766,-0.15292025038626395,30.7934677900948,-0.0681912080176483,65.19375762492021,0.0814141324947324,-18.780313635115416,0.08671234713489646,-31.334709269904227,0.10716285626158983,-72.37190582439943,-0.10706512425472042,11.452931277609228,0.14870353611116893,-30.927300903336498,0.07635006502756672,-65.06576875262282
168,3.36,-0.04069622596216932,-18.98326504686051,-0.1754055593035701,32.50964661106867,-0.002795813047785395,72.43696861411226,0.0744684820648291,9.633238442221165,-0.1521953436583686,30.7934677900948,-0.04300042780239133,64.93247799757806,0.048192848211282946,-18.780313635115416,0.08980996328422569,-31.34403491129878,0.10372704611087868,-72.23359934140932,-0.10409394716294415,11.48104307841156,0.15897526054970018,-30.921785474511637,0.06903603648363546,-64.96596410691957
169,3.38,-0.024276159755908744,-19.146084650431465,-0.1784034714418496,32.60045965925476,-0.0106855981938275,72.63515446666221,0.0752024766961241,9.479568176359464,-0.15281399811909951,30.868169410721038,-0.03333677115489797,64.88172608350344,0.03594351947840134,-18.040160107283512,0.09140940330176574,-31.377512730618324,0.10603229160830313,-72.0972597614963,-0.10402819937850116,11.48093878522742,0.15901107848758864,-30.9218362915612,0.06513690092700236,-64.96596410691957
170,3.4,-0.01992219933305075,-19.22989111891772,-0.1782892581946663,32.630174318425,-0.008181453044490417,72.67641387102299,0.07123006305617004,9.418154527204575,-0.15404652487265819,30.883248312640518,-0.03702309079015706,64.63294782265753,0.041392811454901784,-17.638780114807922,0.0907005026834144,-31.39400405333275,0.10415623497452517,-72.0742351151955,-0.100892610637558,11.472424598386555,0.15905133219998896,-30.926843488435527,0.06649221295570151,-64.90702787498755
171,3.42,-0.20344742869052193,-19.262145035296356,-0.31313664262053814,33.6711489784022,0.01620830175117005,72.67641387102299,0.06361945942050734,9.539901075390349,0.782525763392812,34.91355711743154,0.7258027498656399,70.31437444458678,0.07454478739037051,-16.948115213974663,0.24591673965388805,-31.65306459081415,0.33452893550066065,-71.8563125093707,-0.007393347915788308,12.364809843454896,-0.006257458885414943,-30.926843488435527,-0.015377588819833893,-65.77476551957812
172,3.44,-0.12316436026671754,-19.484121864413858,-0.3837098872852379,34.497158752718036,-0.0513085816597785,74.15034213480155,-0.04504498506098381,9.539901075390349,0.2599645753629809,41.80566643677925,0.2031093895412992,73.91025757143935,0.11066618792339111,-16.064006303548993,0.3312965138145123,-32.789119938999995,0.24475617937226135,-72.35248898792936,0.005129555582102475,12.379412495195604,-0.08399956731133182,-30.926843488435527,0.004444269683932162,-65.77476551957812
173,3.46,0.1560399096608235,-19.484121864413858,-0.3926242201469118,34.71954578014739,-0.09597528628451718,75.1816884869149,-0.07818389702024484,9.539901075390349,0.06649236657898183,46.620440677259694,0.023096590897042524,80.83934124965693,0.11606498469867793,-16.065928994035676,0.38048134393186966,-33.47622529353212,0.11990761529576716,-71.95457193650128,-0.0240559148172093,12.433786709165812,-0.0776465672549274,-28.954587755198766,-0.0022511129631601345,-66.32989263226531
174,3.48,0.21006066341150909,-23.733179527917912,-0.3490459297271845,34.70537097705378,-0.19928197057482622,75.58608372974906,-0.06430490187087179,18.91713369189146,0.08392693903477114,47.48463224002047,0.008729744239755921,83.16625527660385,0.10605954220604784,-16.065928994035676,0.3886221388025203,-33.47622529353212,0.039004163111540174,-70.70390344683881,-0.01800810111362116,12.623648458285615,-0.05543426011820635,-28.954587755198766,-0.004656289085250315,-66.36649119227015
175,3.5,0.1868641716452693,-24.090257343092553,-0.3179956631264168,34.60678586306883,-0.24981862382120767,76.00550634369803,-0.04460341945685295,19.15913912521366,0.06534366416837258,49.975108457061765,0.004766605978466509,83.16625527660385,0.0880085959537634,-15.929747923074386,0.360748165939739,-34.22615078985859,0.003921991348557502,-70.70390344683881,-0.08298705111161389,12.975675317429381,-0.056998041046436534,-29.334765237854043,0.014884370941845054,-66.42868084118393
176,3.52,-0.15060865725513514,-23.724013091144815,-0.41752865341306494,34.62618845779072,-0.6384192912014929,76.00550634369803,0.001649496392579497,22.293175549230966,0.06755444773258182,51.25748172082785,0.014712928971012923,86.04138297892761,0.13711604391683627,-14.809059714575286,0.33267565402125315,-34.22615078985859,0.1609450857199018,-70.70390344683881,-0.017845666345156982,13.105900413757036,0.02386488392261854,-29.521085313682587,-0.004435945183782847,-67.36709928622118
177,3.54,-0.0013965686238635727,-24.51053776973827,-0.2954255435169536,34.421779972442344,-0.16693709974535656,77.38014009665956,-0.056156310541312704,26.513976362818198,0.07548041733863728,51.58081568793015,0.007150215653132258,88.40290594927558,0.12347031814836054,-14.64690065704715,0.33981538543532347,-33.601652284617835,0.07778905712867926,-68.6530771616197,-0.0036636786489148247,14.418724317349684,-0.07857012842781905,-29.521085313682587,-9.236773658605202e-05,-67.9221311632867
178,3.56,0.07632567842183122,-25.306260873948016,-0.29189716916209524,34.32164246695389,-0.18644809652610592,77.56251255699962,-0.049299421254898695,27.94025705258849,0.07484860288003611,51.804552514020195,0.0034407046967281363,89.51799578969847,0.08524064453768067,-13.999922054593483,0.3497281808532581,-33.60647405867909,0.03454583905389286,-67.85383637687536,-0.030783235014392063,14.71135528827628,-0.06604569840978002,-29.23195214463493,-0.003554076634178588,-68.51820201897986
179,3.58,0.16109406073245242,-25.306260873948016,-0.30062565028388183,34.33642157346048,-0.21228449689616105,77.69403114674904,-0.04246118018932219,28.73029137299241,0.07398050030517019,51.84796554780321,0.001261535971185307,89.77622285256855,0.04511465340984212,-13.468901618376348,0.3434926294779934,-33.60647405867909,0.02419453209072453,-67.41176962155407,-0.026330288415142174,14.862368427425517,-0.027253078111856274,-29.23195214463493,0.04105926014986777,-68.51820201897986
180,3.6,0.16522395306316784,-26.462084058139787,-0.30229115346253577,34.317576102804956,-0.21351986827856567,77.69403114674904,-0.02661794998592335,28.73029137299241,0.07536308998507299,51.89554651197519,0.0003258429251595807,89.89364848068327,0.034792437052895045,-13.322213200857098,0.3458335716844129,-33.6132145326513,0.040582952624469204,-67.24433291969729,-0.023286063554005004,14.933701848184842,-0.02026554745008255,-29.687360386360144,0.02798999928383314,-68.85076132198694
181,3.62,-0.10112144493611248,-25.8042009962634,-0.300749156365251,34.15357489684422,-0.17628340678484317,78.1861110035544,0.05621448942450813,28.73029137299241,-0.836961720245968,47.541385289373345,-0.041174985084791005,88.13832335699713,0.07516063078208735,-12.23603228309537,0.2852011770321706,-33.19601060996017,0.12471856871296219,-66.49709330470606,0.029875181676381243,15.706279496393106,0.018113784127194527,-30.12110404810613,-0.09404152796503651,-69.37526259487858
182,3.64,-0.13593280478314063,-26.14721266178986,-0.2729726876870286,34.10255404553238,-0.12145276604256677,77.99440370807964,-0.051301902435186064,35.0915442409052,-0.31436970002962816,44.245159092634864,-0.022045330214427367,83.34526665847402,0.05257743847144465,-11.407308578751069,0.2929880606517684,-32.73299736391966,0.07376842019388344,-66.08000997851312,0.02340343149402878,15.706279496393106,-0.012175532121482924,-30.142332806593913,0.006159996998179429,-70.07062493155605
183,3.66,0.08219089836050719,-27.117326714707705,-0.28579198415938534,34.15722270135571,-0.12148606552076172,78.05326213268124,0.14101028880020988,38.27458346483962,-0.23962637370313528,37.35304977374219,0.020481725513930266,80.22112972546533,0.06791253577212773,-11.142337955392348,0.25400749156822117,-32.5810708688751,-0.02971215085002718,-65.35555653052303,-0.02970237319220589,16.75343002340222,-0.013573960231320098,-30.149097304962226,0.061738171161935196,-70.8023499446624
184,3.68,0.003208255402365384,-27.68864116466595,-0.15222343998274607,33.15000075423942,-0.11292417270515012,77.90792537945232,0.08639892233707594,38.239121474738404,-0.16727773870263818,34.68799612751761,0.07330121251786603,80.22112972546533,0.0505627045017604,-11.095934680079518,0.18485657852975845,-32.5810708688751,-0.06562443985335367,-64.33348178770379,-0.05508928052416602,16.89873114776168,0.1694704013591179,-31.528923682462892,0.1057111750389382,-71.13508935970533
185,3.7,-0.027956160948572575,-27.416870938546413,-0.13932681984224804,33.07344128617782,-0.10539672125248134,77.86609969682306,0.07113195900246394,38.51159674875816,-0.182710204029921,33.58927147438439,0.05510215188737458,78.73678645945385,0.06815973746232733,-11.020572256450487,0.20454825999062987,-31.586553722744796,-0.04433042453548178,-64.13577590961155,-0.03831853141067676,17.499602014413803,0.14353793231270395,-31.675090267009086,0.05556886180561879,-71.13508935970533
186,3.72,-0.2042534279739044,-27.382223624994282,-0.13631122221665368,32.63308000635608,-0.06576670010716462,78.21678288530111,0.15126287232950744,38.308247564386505,-0.20521892177269918,33.41132296098286,0.04488529666906349,78.5934472916027,0.012237869241160826,-10.937647879393138,0.24525252694713173,-31.712113678972177,-0.06178807707190995,-63.984863530484176,0.0966150117798143,17.499602014413803,0.14786553696929405,-32.1256576106684,-0.21151748640691978,-71.51941630216572
187,3.74,-0.18159307544602307,-28.085752818782606,-0.14219088119106102,32.63285787166746,-0.0744536297647159,78.3393236798264,0.1800334009747643,37.93127073516251,-0.20148149564129686,33.36484170185673,0.056136789804073606,78.59414017850551,-0.021123249815006333,-10.47120157018219,0.23629635483373534,-31.817876193327805,-0.08325102307845561,-63.775828584023316,0.0625090900160632,17.499602014413803,0.16601982194577,-32.31536626817552,-0.017206095142705657,-71.51941630216572
188,3.76,-0.15789733355827842,-28.555645222229277,-0.1443411043875537,32.64890920986163,-0.07853908586728375,78.4407518543531,0.18402881640387264,37.640519546888015,-0.19813503185837217,33.36196136046101,0.05971631840013911,78.51053668118172,-0.02963684848455132,-10.184789801820333,0.23486091918835933,-31.827565605101878,-0.08302861692372102,-63.70488871128306,0.05773010859562289,18.65023257561238,0.17005415281703767,-32.400725437445985,0.008592736917485244,-72.15363475981663
189,3.78,-0.15544219270279971,-28.652868513267894,-0.14387001302682434,32.64902277663339,-0.07342875013770808,78.4497789474782,0.1741790317701403,37.640519546888015,-0.20489940112670768,33.36196136046101,0.05653516699294045,78.44860473972126,-0.024339473291499426,-10.121773909400549,0.22869902713923423,-31.82756560510208,-0.07997888194591016,-63.581137725417065,0.06487785256487344,18.744415426962018,0.1685077098811224,-32.456772678103455,0.01349642488523492,-72.15363475981663
190,3.8,-0.1622110060883804,-28.652235005805423,-0.1434777343988747,32.64902277663339,-0.0685721820528419,78.4497789474782,0.17537266313432606,37.50076334797932,-0.19876791040762815,33.32376409255774,0.056666668488126015,78.43191557307955,-0.02172979902375239,-10.074487217810026,0.23423915286582875,-31.820293858120092,-0.07859622759315957,-63.58233227561589,0.06645212778511447,18.79323769938081,0.16774086251725528,-32.46487452725799,0.010106967911093029,-72.15363475981663
191,3.82,-0.21070466902271612,-29.744304230470178,-0.09573030092228885,32.64902277663339,0.9414,78.5583582807791,0.06944675509225703,36.340951825691214,-0.30374649220333216,33.51115709707113,-0.17609029935244064,79.03612497488021,-0.05894306492646745,-10.074515282820117,-0.6976537032998855,-37.08802812675334,-0.8441323768935494,-68.37684311566737,0.1926664221000169,18.79323769938081,0.288795409968277,-32.86651123353551,-0.9414,-72.96714601840648
192,3.84,-0.021537859505819296,-31.943066444756663,0.08574562628042841,30.610164186075174,-0.013163052584235502,78.5583582807791,-0.026106966712555708,36.244661671664346,-0.38712352335806444,34.585022010512425,-0.13506331473930283,79.998987612123,0.04929768778565852,-16.768395517624832,-0.17505845193162084,-41.582882030507015,-0.32147526902464485,-74.9692955159359,-0.06894175638619474,20.32673638270835,0.38740608186332076,-33.91389684824773,-0.0050387729519411895,-73.32299296315811
193,3.861,0.012565902241444327,-32.84628721027247,0.08607032853540442,30.610164186075174,-0.004818409856746864,78.50197238024076,-0.087386808771246,36.82269047643594,-0.4247603210288573,35.36655970585294,-0.06905831309143312,79.88187828470758,0.0799644556299411,-16.768395517624832,-0.06418814131123718,-46.93775825022789,-0.02477746744147802,-79.62313609589954,-0.18069644547738764,22.352663948403755,0.43033704305454423,-35.25665301420814,-0.010300075579643048,-73.50968602082831
194,3.88,0.0427447851744832,-33.70204463640272,0.06692206777185081,30.26574439998878,-0.003773786009805241,78.47098869568363,-0.09758153504815402,37.07457783410207,-0.43713259692698636,35.36655970585294,-0.03764342236456242,79.62184361550048,0.06537172791329963,-18.983079828836726,-0.07661663815058567,-49.45294480174121,-0.01063183263581205,-82.98872684870562,-0.17773158343831164,23.433039051906388,0.42733330404750475,-35.25665301420814,-0.005560085821832178,-73.62149728089072
195,3.9,0.0362361824800176,-33.778237559374205,0.0773001763906743,30.1873779750349,-0.005265831897458356,78.46606155043695,-0.08457642703228868,37.404215719832,-0.4352382947771276,35.87881611950579,-0.028384344491474228,79.17016164904082,0.04313121125976803,-19.299432860911267,-0.07615964320136302,-49.91619512964905,-0.005107403101982044,-82.98872684870562,-0.11618675714061066,23.433039051906388,0.4160139728082955,-35.474109800794096,0.02099903257320604,-73.62149728089072
196,3.92,-0.029451901098137834,-35.47344697574938,0.11192998524214283,29.95637530708248,-0.00020941635691559823,78.86028642021759,-0.147305476749917,37.201118438620654,-0.4033854227418811,35.893371455287664,-0.12932937459210156,79.26481556846097,-0.021300558148842297,-19.299432860911267,-0.05246222511316202,-51.40289022506436,-0.016490940542713772,-86.64433735129644,0.18510344331796386,23.247470910241116,0.40500780494790395,-35.572696062889506,0.010225254376195286,-74.57523344416394
197,3.94,0.035092251278520614,-36.19769055822256,0.09998207724207815,29.929668558332246,-0.0037819637782027515,78.95885916069857,-0.09156963061364043,35.80535364343384,-0.38742696981521235,35.76333861577529,-0.06056793991111881,79.12077807902267,0.03767877138043141,-26.623569349684267,-0.06062403220866883,-51.77601007080408,-0.008027310911302765,-88.89508700765916,0.014448770759715984,22.99803990618418,0.38044639533478347,-35.368923817481324,0.007624243133540626,-74.9931653968137
198,3.96,0.0228245819553241,-36.61447926547386,0.02487776237851677,30.329616417493124,0.0037958973888507774,78.96893542796234,-0.05677435213221926,34.743023758102424,-0.3439846835399889,35.76333861577529,-0.003238552235010822,78.53865529612114,-0.09345400693182403,-27.19666045535097,0.020131495469961513,-52.77065225471541,-0.027593736099978616,-89.96689558787268,0.07029147825141206,23.969874796531833,0.3311552486884434,-35.28270870508206,0.027007526874636534,-75.16714720280132
199,3.98,0.017918112762445797,-36.63736410436727,0.058424843650849254,30.387062881798613,0.0037443818596829548,78.9704926450336,-0.034070378835276166,34.18636079078192,-0.3450786495441589,35.12335187337548,-0.009429857590583707,78.38195751754027,-0.07737884305433046,-27.498236775311387,0.0015000633705230804,-52.84401174312068,-0.027510499138608535,-89.9944808812547,0.10980969714346103,24.013707225558914,0.290385018649271,-34.5109309198003,0.026400786493011003,-75.35679738727329
200,4.001,0.0028716903688271456,-36.56854795411527,0.06254918757398215,30.38624956452367,0.0013419730874678626,78.98784637913737,-0.0429360483185785,33.98284248211936,-0.360982439310209,35.06297003272327,-0.018141455154096653,78.22344978548576,-0.07802686978525439,-27.6096619224371,-0.005578976191160864,-52.79218544317759,-0.027423100324662386,-89.9944808812547,0.11267291998241763,23.679773013543247,0.2993726901114432,-34.34540828270168,0.04796232095370162,-75.53167860572935
201,4.02,0.02586025566459238,-37.248273597904586,0.072822698236294,30.718429626466396,0.0014942909901200507,79.22385019585415,-0.15770938770327925,33.07754047641436,-0.23460122911747783,34.588385303001424,-0.12268996394630058,78.22344978548576,-0.22937354802453536,-27.6096619224371,0.9414,-52.79218544317759,0.09705402384424211,-89.9944808812547,0.4218223040336026,23.07974417689623,0.1854803006388009,-33.91826640350549,-0.9414,-76.23648617349983
202,4.04,0.03469593875074234,-39.32210948125861,0.052584505264379425,30.584843778326434,-0.0027791237995959117,79.3856848833506,-0.20251655043293398,32.727131154458135,-0.2227715619985851,34.23878809155041,-0.07862963732827624,78.3436539686809,-0.1192393211956213,-27.6096619224371,0.4627478742877451,-42.94969105477063,-0.09205214081932964,-83.0434344100625,0.25285479894247626,23.371020951058785,0.12447555389718779,-33.91826640350549,0.10138420060281073,-76.91862202703595
203,4.06,0.01524235643459422,-39.61151907021436,0.04083821289409652,30.509569788614396,0.00323494479591227,79.38768744644803,-0.22150539810518327,32.785475297450915,-0.27812337221666433,33.84284294639887,-0.061137382139412166,78.22095967839142,-0.149594052456719,-36.74149128846029,0.09933390436924028,-37.23158991683352,0.0510651419991989,-79.49172155697629,0.23519811728621487,23.371020951058785,0.11478397578155167,-32.54221762038634,0.10480964028481435,-77.13012124258914
204,4.08,0.08281442267615259,-39.6348478414511,-0.25757799933118974,31.623264440590432,0.0006117870496477329,80.91900598047022,-0.07952854094889611,32.785475297450915,-0.13504493407820767,33.84284294639887,-0.003724293639862708,77.71222988729022,-0.10475718115322372,-37.578638500281215,0.17971172193617624,-34.38536358154703,-0.08419253404671417,-78.89581410905076,0.027941450394584427,25.621742944972457,0.23115669162376418,-33.031586706124415,0.11940493011253056,-77.25608990641261
205,4.1,0.15696152030971566,-40.90348032510248,-0.0808772138995966,31.903951101802203,-0.24234158569185096,81.75929309679168,-0.05903019438620326,31.78461274536174,-0.1287664683529115,33.116425430676514,0.01379843326817401,77.49657555719953,-0.09819510917468034,-38.23448376317884,0.16578697407072598,-33.578993996962566,-0.1368017735591087,-78.28060107999488,-0.005433929206321145,26.62334164474761,0.17078876697395845,-33.031586706124415,0.06077011835992105,-77.05917913125798
206,4.12,0.20620184306605424,-40.90348032510248,-0.048368854992137444,31.75755057208688,-0.2208854072996796,81.87062821831597,-0.21322836881478402,30.743364753025777,-0.14616485678765073,33.116425430676514,-0.006991163896683833,76.93329783280241,-0.1774462854428626,-38.21691625067878,0.19726243210311037,-33.32238055625964,-0.08151348358619384,-78.32229467935362,0.15279282225647017,26.62334164474761,0.1543937997824464,-32.857116538102666,0.012186767113127134,-77.33079019958946
207,4.14,0.23326732447230128,-41.95945893315913,-0.06586664321382206,31.78454380348814,-0.21014850149775596,81.8664967833417,-0.22094457819061844,30.315013534589728,-0.1455641892481351,32.586909461939655,0.008456144040745656,76.43673428489133,-0.19064171578540456,-37.83730367695189,0.18871600108427822,-33.2698979186035,-0.06496001466540949,-78.50886136616872,0.152056639436367,28.418507864582804,0.15990121730373202,-32.77558796821272,0.04450129469808203,-77.33079019958946
208,4.16,0.23217486622581973,-42.09994487011842,-0.07977215001361479,31.855173320158826,-0.1907623629346419,81.59733713593474,-0.2282457374832234,30.315013534589728,-0.15686963400298942,32.637686820229874,0.011890590828883246,76.43673428489133,-0.17633083413122683,-37.6107587077049,0.1913479884027437,-33.2698979186035,-0.04313106687986465,-78.60718406839642,0.18781768547885952,28.451724266612896,0.15177745806950743,-32.71152630350993,0.06283493713835786,-77.62669149512394
209,4.18,0.22319051480078148,-42.12331559426259,-0.07654721844140402,31.91740687469289,-0.16740350013304356,81.45553074847558,-0.2359961918893344,30.185444241461926,-0.15769422238316885,32.65199767402001,0.01214197772217504,76.15885554922289,-0.16726975716148532,-37.60798774998783,0.1923979075077915,-33.2497981693358,-0.0366833394919098,-78.76609167865455,0.18063550339633747,28.426605485251915,0.14268077155423015,-32.59532554376715,0.0598499998131361,-77.78018855593282
210,4.2,0.22057450659039657,-42.10560273181478,-0.07498999043729987,31.914939829289846,-0.1594020508299474,81.32928460378585,-0.23441355356022178,30.204067895634026,-0.15923671849097493,32.74742289003701,0.008716647073029105,76.14294478466188,-0.16227215263743064,-37.66660835491258,0.19645618551819252,-33.24626283770111,-0.03191977763104578,-78.939836419641,0.20013319773281207,28.426605485251915,0.13757280479208453,-32.551358205060666,0.05716609352876029,-77.78513911150911
211,4.22,0.48582368431661593,-40.43746176774607,0.9414,34.77939045644077,0.18477954105460137,86.23936189278943,-0.3544304044714144,30.226730654077215,-0.349077024341337,33.35836664819124,-0.041899351453732914,75.76414877639523,-0.09922131930574754,-37.71636712371942,0.09282652444374292,-32.46387453098738,0.011577356485862556,-79.06760649887018,0.19959928412413191,29.859314281433107,0.17627990184649994,-32.68162347741207,0.019927886043736714,-78.1549173647718
212,4.24,0.020690932346696833,-33.17318326156698,0.6037503173342844,43.16978441090593,0.03432117636402365,87.55207301227475,-0.23070214763774732,29.248740952335606,-0.3824114386839983,34.53897228970926,-0.12416956147728139,75.7456922896851,-0.11174764974662806,-36.54001729266434,0.0273062109594447,-32.46387453098738,-0.07649098433197318,-78.79460742339336,0.10963634236453731,31.120962678522996,0.28546277584456714,-33.3691305500458,0.06287690502046892,-78.376309568756
213,4.26,-0.05691361144795268,-33.17318326156698,0.09048492174718581,43.16978441090593,0.0161185488546145,89.53087030468252,0.003315614684719914,28.51668795308411,-0.34140217606910317,34.690193575297464,-0.10732368817473217,76.25925975459141,-0.038585562062885326,-35.65297959196562,-0.07020108434848393,-31.495902032456794,-0.0075412681927723435,-78.61530201484757,-0.013798990429936708,32.05380077662928,0.3361002543888305,-34.35099169746568,0.15303239052213377,-79.29429390259975
214,4.28,-0.055771043170882245,-29.289132985541972,0.03560148842998756,50.85380302427102,0.010285631235927906,89.8503706043407,0.13101009569903915,25.739631947300207,-0.3293382323711026,34.81527359489826,-0.07825957897430091,76.25971866915512,0.013589454983488732,-36.224380055105726,-0.1012129546179873,-30.58827914352965,-0.0001803269619315151,-78.61530201484757,-0.12872843625322947,33.60822606240046,0.3360390327525309,-34.35099169746568,0.1714909824205831,-79.29429390259975
215,4.3,-0.05959495236799445,-28.198008744411407,0.03686623382324536,51.794543626774185,0.028183179523222607,89.99448088121737,0.13561997320637117,23.87123407026686,-0.3329276451742074,34.7129141438966,-0.05516370042595681,75.95792477942763,0.03186423564548101,-36.224380055105726,-0.10524159723915268,-30.05820935156944,-0.0006222160890272943,-78.61530201484757,-0.17779194447636998,34.313927544931964,0.32863524493809787,-34.676978504981285,0.16641057593408187,-79.80779399982384
216,4.32,0.747644892825502,-24.326265980136963,0.06705831168377838,51.35086284122943,0.0271012802491834,89.99448088121737,-0.16239987562308955,23.682779219406033,-0.33919424198710546,34.515630673954945,-0.09661257723912323,75.41238350252371,0.00235349895800685,-35.651776357478944,-0.08222871378618635,-30.094318665591388,0.001048902613262792,-78.59952067008183,-0.11447497213972943,35.666854376725006,0.3574856352670276,-34.81593742488984,0.06744493011498784,-79.80779399982384
217,4.34,-0.027928543310134335,-21.521344826431566,0.06090202253123707,50.855726008765906,-0.010826530977640747,85.94118173088127,-0.01280733823265276,23.682779219406033,-0.34462167574172364,34.56528031595644,-0.1095703756981316,75.0777618952015,0.004486987795773778,-34.426647458045935,-0.1020324348195451,-30.042423730465046,0.006353081945155242,-78.59952067008183,-0.12123022403340669,37.30077571703423,0.36036233023786757,-34.8901665001416,0.10062465610468563,-79.74461954535354
218,4.36,-0.053792241618355136,-19.590615647383977,0.048792725457896854,50.855726008765906,-0.009407987165245213,86.25519191203632,0.08285650521107238,22.62384611290776,-0.1967947650304145,34.24185831498687,-0.033696920417748966,75.0777618952015,0.019904098411874908,-33.84873708576043,-0.03390674898418386,-30.0221532270166,0.00788757846908339,-78.44119967653701,-0.1588395170393117,37.68265289035373,0.35891036428394885,-35.14023122168994,0.14586858254309457,-79.74461954535354
219,4.38,0.0967579983364088,-19.80613258303735,-0.11886496290603947,52.38208334555673,-0.16251817224105272,86.52070675426901,0.09248927333851348,21.558038646368384,-0.17559197107407679,33.757106375886686,-0.03449266483587646,74.35016822224439,0.041946571475206265,-33.893040772290554,-0.04826909740273118,-30.40448483429993,0.00798417151296002,-78.44119967653701,-0.16119767706622784,37.91928983332271,0.3194096175959449,-34.697320544380325,0.05401025559548575,-79.74461954535354
220,4.4,0.05128729647204641,-19.504270605915412,-0.07360072228455129,52.2599284313268,-0.12622658669258918,86.43341380680607,0.06907576230144012,21.321748219044437,-0.2042944939266832,33.05031793267846,-0.06895078309033306,74.32688668053366,0.03447990731591837,-33.92889596914869,-0.05414083877053129,-30.419901953946546,0.008080764558587833,-78.44119967643651,-0.1341966311314171,38.18495768223048,0.2843985598739956,-34.697320544380325,0.03052635916478577,-79.74461954535354
221,4.42,0.47630970729585853,-19.504270605915412,-0.9414,47.484480149817635,-0.9414,81.44903474554624,-0.16591401599838018,21.315673287169112,-0.14959435886870207,32.141704798090416,-0.09948656034911219,74.32688668053366,0.005842897397736302,-33.32823642112352,-0.017851800334529433,-30.905798168850794,-8.366799099096545e-05,-77.933092456129,-0.05187268237826877,38.60841193015518,0.3946699119374516,-34.46827305429779,-0.08558309711969689,-79.22329519538226
222,4.44,0.08842705588596594,-13.231635973360733,-0.7886910888298044,44.78756780688303,-0.8270950578873217,76.95418083716127,-0.06319403451006544,21.016443065079287,-0.2277121449925354,32.45411963506818,-0.140827338844614,73.50697926037853,-0.006635694762475913,-31.385639327459543,-0.06861624795499734,-30.604090682322354,0.006327113519482036,-77.75498831748921,-0.04955391403593673,38.60841193015518,0.28724333153229503,-34.38834334160217,-0.06300936619188077,-78.42240515371932
223,4.46,0.014636300184500045,-12.126048607101438,-0.29221567862022635,35.39918216984491,-0.27848977389521057,70.06281937216264,-0.0447402632479893,20.609061387138762,-0.20249156458974205,33.01928379847481,-0.047553895374986443,73.66130438314498,0.03307680714934001,-30.790873460722196,0.17877676553971034,-30.446163509167324,0.2485928248477344,-78.04758979059169,0.006031432265330022,38.60841193015518,0.26934152333268974,-34.575998941351436,0.04413077204430729,-78.92239685144608
224,4.48,0.12928921551737294,-11.742482710281703,-0.14880049079319257,32.85424835966266,-0.02324026463559109,67.87614442563775,-0.07670656001201585,20.26524011069516,-0.11903516839143158,32.519793224346415,0.03522054523547882,73.19738184595826,0.05835521388243175,-30.950837129850665,0.08903025917134326,-32.03156958930604,0.2220079890670979,-79.46643614902824,0.034565365700104454,39.734551080268865,0.10971411340067935,-33.08852024853788,-0.00232657941878317,-78.97423229016616
225,4.5,0.14789527561187069,-11.804069878344869,-0.1554644925491358,31.839582698341935,-0.02107070217047699,65.57919479701853,-0.08872372993213577,20.346330605772568,-0.12167331326947459,32.19498614060321,0.02373088212405458,72.24756115371528,0.056177192370076144,-31.143162931696732,0.09593715774049986,-32.03223708802902,0.22507851063105702,-79.9458125076346,0.03536734231985369,39.29254700396523,0.09583808374808145,-32.65432915893761,-0.0019692864718448277,-78.97078786152426
226,4.52,0.14509661961642664,-11.887458522320314,-0.148324619471201,31.839582698341935,-0.05698434334849098,65.44646721275343,-0.1319457914638299,20.383288371152943,-0.10921784115233955,31.84684454029516,-0.016520274656391304,71.83352232752823,0.1961271092262416,-30.59026202364211,0.09820945806896184,-31.9882291326154,0.26023225839169084,-79.84507800664596,-0.0796616035411211,39.37922638204662,0.07356169485695736,-32.25836159901178,-0.009215159007282758,-78.86344883452851
227,4.54,0.1305755563447858,-11.823985049027298,-0.16119538831226332,31.070685465631136,-0.08337875125289865,65.40250011265826,-0.06734720828431984,19.01324767179944,-0.10328654248058482,31.59076540884948,-0.03153148746679904,71.83352232752823,0.16799821017886218,-30.113566530079876,0.09540398685039415,-32.02001925540668,0.20527455209616746,-79.43501929262139,-0.1166362509123982,40.01947869254765,0.10972173747916675,-32.24613073018024,-0.02448316226383873,-78.77682871854913
228,4.56,0.1144905161538633,-11.823985049027298,-0.17520061119438418,31.130878098516565,-0.0847184469876267,65.41924223370518,-0.015852547059298033,18.310916197468977,-0.10157879785759805,31.5809232831163,-0.031467125205794394,70.85363441395596,0.15221885128926604,-29.92298523412596,0.09906309897788769,-32.055744420926864,0.17557168138067747,-79.43501929262139,-0.12602496470313712,40.68847999040882,0.12372595536530401,-32.337743475790234,-0.013773089059614468,-78.80052175127419
229,4.58,0.10173256415877699,-11.823985049027298,-0.18479904860813984,31.15386690006453,-0.08280670495580666,65.42594089262245,-0.006585739295176828,17.37082059432139,-0.10560412920414214,31.493047191761697,-0.031863167813594884,70.84123474914209,0.1449602439103645,-29.49290347072113,0.10677232050769096,-32.048772642035104,0.16158636746288846,-78.48376529130216,-0.14466741696953891,40.93377854018353,0.13846053602095984,-32.46510442617572,-0.002723892613518464,-78.88497467989957
230,4.6,0.10409176057075034,-11.483500741399881,-0.1868224565942875,31.24874485391012,-0.08400000074896358,65.42310962510622,-0.024084615271412497,17.237987648570343,-0.10758296536170958,31.494072133299593,-0.031992244756645194,70.84123474914209,0.1499837477954435,-29.43355039551273,0.10577773978628319,-32.09207762978467,0.16408142703528114,-78.44507383110223,-0.13619776555203567,41.11807570655684,0.13889383219607085,-32.538742381579674,8.368108824358123e-05,-78.96808400892877
231,4.62,0.027427914549848123,-12.218264261934621,-0.25355116271372524,31.386778135218236,0.09184025718635405,65.95889590826867,-0.019493171174756477,16.690253263054895,-0.014153997199397667,31.494072133299593,-0.07688317876040757,70.39350947887623,0.3611368836489349,-29.35821123263706,0.28620043359744357,-32.891272430386834,0.2696122466101266,-77.9221988685251,-0.14272434247774857,37.11438131929676,-0.9414,-37.51566173085058,-0.22073648271846857,-81.96879825338452
232,4.64,0.022304420711560503,-12.218264261934621,-0.3433672552978154,33.039583843495414,-0.06354578101305844,67.1298795028918,-0.018892064416116613,15.295171414353089,0.04427567452435202,30.278796216626475,0.026821588001275543,69.6033290967002,0.20435625547196423,-29.35821123263706,0.324589608623112,-33.69826857152729,0.3133675536902959,-77.9221988685251,0.0701790301248491,32.051798439478404,-0.5671476380060005,-42.3101725616961,-0.0322377263714313,-86.84125196514067
233,4.66,0.06058656375388856,-12.629056305522463,-0.35810702358128244,33.27772298569401,-0.18754199545544104,68.29420431613846,0.008351590742160301,14.877766179106047,0.06140173451672509,29.68160997343878,0.005397323124434222,68.75282828975737,0.007333865029384101,-28.31445704858406,0.2795089756993523,-34.146059399829234,0.2760990047211669,-78.69132197248464,0.0664129608237726,29.098296616337787,-0.08521236179978442,-42.3101725616961,-0.016124639054370282,-88.66540151027836
234,4.68,0.10272864344520699,-13.3464404798884,-0.31163560775749455,33.293654149062746,-0.19362946274544207,68.61479004366367,0.0015861037840301968,14.877766179106047,0.08563047425284441,29.68160997343878,-0.006476511870883966,68.5923864726519,-0.08170250562307936,-26.673445505300204,0.258548284211064,-34.09418212332329,0.2321368602123448,-78.46706830970741,0.0582831383102847,28.435706238515664,-0.0482799483452038,-42.3101725616961,-0.008064487876252024,-89.36071829519629
235,4.7,0.125832182635438,-13.3464404798884,-0.2904020294381024,33.100947517227155,-0.19982722664004798,68.83667071013532,-0.0029728266186955926,14.877766179106047,0.08674220806351854,29.138269319280912,-0.0065598351675038025,68.5923864726915,-0.0703112265296269,-26.673445505300204,0.26751972877639946,-33.93150940743695,0.19910060131557328,-78.04961299414916,0.04794808706271922,28.135506474762845,-0.052705888041816515,-51.54323958765392,-0.004862708980998137,-89.55202939604193
236,4.72,0.08470105397481413,-13.3464404798884,-0.3116215042484756,33.44680342385593,-0.04016302013426257,69.13420842652428,0.0067445412714403075,14.279368132017202,0.06601417363125651,28.855247062726928,-0.00823169215109587,67.35947193617149,0.21892858495886916,-26.673445505300204,0.28475136074374424,-33.93150940743695,0.25400988051755746,-77.31794934670751,-0.01097798318482901,28.135506474762845,-0.0844293563585564,-51.005307733448376,0.024505239836770776,-86.9348771575091
237,4.74,0.08990958484728381,-13.3464404798884,-0.3387415161593094,33.664064883387816,-0.11588661238744971,69.37717052221998,-0.0010828450404280106,12.707894317639791,0.07551136318444897,28.897680110120373,-0.005842962868538859,66.99095398430161,0.06627625001501028,-24.543694714632323,0.30686042804389024,-33.84596440240493,0.23980871842120677,-77.31794934670751,0.0570344093022761,22.529507363644807,-0.06707666597524051,-50.685489050725735,0.013897487220128651,-85.93935314789057
238,4.76,0.06987599356599154,-15.428518370802344,-0.3292843802260358,33.6968987876041,-0.2030850033570446,70.01879135759802,0.0035533378544884177,12.61841037586727,0.0935182294792497,28.77034017250828,-0.013853814125547287,66.87945537249601,-0.013490665779818778,-23.40593659444648,0.31112831168798544,-34.180589768123,0.2075902325699841,-76.71833051822188,0.05770718596632881,19.169627188173962,-0.06620972599406619,-50.58136821896955,0.022079648077966224,-84.981422983806
239,4.78,0.08657592983898117,-15.602488800397914,-0.318624415735478,33.67291649166296,-0.23335853703192144,70.96020906081546,-0.004115858783962482,12.447639417200449,0.09090945726860644,28.77034017250828,-0.013548340037509765,66.61373600746634,-0.02221166347793132,-22.305264994254312,0.3105459478159034,-34.25944031063425,0.1754056783507016,-76.71833051822188,0.04446009037089228,18.579261721921597,-0.06512741038780635,-50.575874402933145,0.012194313778242538,-84.8054372678466
240,4.8,0.10365751807978625,-15.751506977876979,-0.29826142457481525,33.47172922280153,-0.23452173775692725,71.3737425452943,-0.006420345909805319,12.39754779531979,0.08815325590548297,28.58485145088796,-0.011830549271397067,66.6087349907463,0.011246515240455002,-22.180929677276154,0.31205837352969445,-34.25944031063425,0.15831692431634026,-76.15776195324352,0.029639611464403068,18.360957457702977,-0.06515994625747352,-50.57580176934388,0.011036134889985338,-84.8054372678466
241,4.82,0.05483284985436679,-16.5618888633354,-0.34995083056781073,33.67428062704379,-0.03323138097387213,71.45845348961991,0.007021392141609323,11.395484014719809,0.05984165762128382,28.44694598804662,-0.003183270004004507,65.18279051392422,0.2397541122127475,-22.311548589068067,0.2695183347381957,-34.25944031063425,0.22479897917082328,-75.29243424905093,-0.045749978091583154,17.90679648803654,0.9414,-45.93251645056365,0.9414,-82.89078295164084
242,4.84,0.08835628830818204,-17.49299085830652,-0.31313664884189163,33.868255871598194,-0.1046881553555325,71.69919084470726,0.0070953574427918414,10.789113194761693,0.08975845667421208,28.405960734771902,-0.021556504887884104,65.18279051392422,0.07712873281612734,-21.769170582124293,0.21236363257703778,-33.65816179215918,-0.10200621154820336,-75.23532076045745,0.03676624079390228,12.432314448902838,0.79063653412263,-39.63972098432482,0.6759126650599749,-75.69901669503749
243,4.86,0.12140899777248447,-17.49299085830652,-0.3937728123651473,34.04742998705454,-0.14435892529320102,71.98741324204626,-0.009808289031836528,10.427091504219263,-0.1520546043978792,28.258649976360154,-0.06789046792366274,64.58081374662643,-0.04084857969604598,-20.34379052714561,0.10550165727792207,-33.23176570523899,0.11086160625758751,-74.5986518366181,-0.07171721861860082,11.65681039938185,0.5268546265509042,-35.19417607435998,0.35120679062639426,-70.81686628180238
244,4.88,0.10695827945024225,-17.49299085830652,-0.12731024373492744,32.49281341569444,-0.028851289967475352,71.69640904261459,-0.0218066281218118,10.411314356596561,-0.1069438697888267,30.046014913964697,-0.07398147555580542,64.75223204243275,-0.027576468686463365,-19.643974795216025,0.08212556705124374,-32.30417033665315,0.0680331880029621,-74.5986518366181,-0.08505972451764676,11.333400775291071,0.13674331741230045,-32.38099536514507,0.06686153151674656,-70.81686628180238
245,4.9,0.07616091269352404,-18.077032432191935,-0.12421803856087249,32.49281341569444,-0.04556454086472542,71.33207832978356,-0.01972948734140439,10.423040145546905,-0.11338292283887992,30.046014913964697,-0.10180287586047784,65.03305880403951,0.015051371611355526,-19.517716833252564,0.0913335061862725,-31.78549262145073,0.06560706195564642,-73.45333246263847,-0.09125473187491151,11.29822733717705,0.15295840070581532,-31.521663216156302,0.05846320639938665,-66.12852691750089
246,4.92,-0.10483219351527032,-18.32592199746605,-0.16783761592454394,32.29290061527535,0.9414,71.75426967946967,0.038285836300468314,10.423040145546905,-0.15276244221728585,30.560524447143234,-0.09243587572984882,65.13591101097465,0.11041382130667565,-19.538970168650504,0.08572816180763716,-31.78549262145073,0.12121849543149782,-72.576319121775,-0.09908000827006105,11.29822733717705,0.13016822092950311,-31.117218065846586,0.06128313175856895,-65.13496869220599
247,4.94,-0.05529933441075725,-18.71344809342181,-0.1642703692539173,32.41725342534909,0.026387454423361933,71.75426967946967,0.06359738200910207,10.132550012514645,-0.14940519988639372,30.742078722595053,-0.05990965754901309,65.01505408606361,0.08241990916922792,-18.598117860151778,0.08923638170957866,-31.345276453651934,0.11473488086546074,-72.33557202477414,-0.10494556565065824,11.395976731747961,0.14484471116460296,-30.863760358554803,0.07401656854981631,-64.95743182828558
248,4.96,-0.030557620393572876,-18.865235623876927,-0.17499164613256346,32.510427352166694,-0.007578238210314614,71.75426967946967,0.07526766795472321,10.132550012514645,-0.1490931704681973,30.78830092999979,-0.03671565382713923,64.76805835162057,0.05134148994922731,-18.06728208736786,0.09154106895475485,-31.356134213921923,0.10950709972035622,-72.14734431295479,-0.10201479207720793,11.395976731747961,0.15443008881702036,-30.841344580529356,0.06739497406860731,-64.95743182828558
249,4.98,-0.016344913369565353,-19.100461035324365,-0.17850493375811613,32.53187380482291,-0.01932855311651749,72.60218918591049,0.07526249313103216,9.423527460499562,-0.14973939892059768,30.80475764207646,-0.02844110465441016,64.57235951515005,0.040648818336454944,-18.06728208736786,0.09305140386514713,-31.36769982636996,0.11202584089365758,-72.04874256501833,-0.10206506761733389,11.448267959864207,0.15467608122270174,-30.844224033407123,0.06219545630089793,-64.81608862982142
250,5.0,-0.016291806622582238,-19.287536615495323,-0.17896910424143217,32.5997126247788,-0.01962021240080747,72.65965926926428,0.07149684875248599,9.378412611748582,-0.1499349759475203,30.815829038525383,-0.03300436545213706,64.49584048423098,0.04727470180811632,-17.703538417684804,0.09214156677398647,-31.380896070835515,0.114435414261427,-72.04379733885526,-0.10173932248097511,11.44809572846665,0.15482488566450958,-30.844896216449403,0.06474997156116219,-64.78731620421598
251,5.02,-0.2748108978238254,-19.288452453594708,-0.3106727822145433,33.63095691491802,-0.4302380505220279,73.4432387898686,0.062386106526108875,9.996786792197584,0.7866633859900158,30.815829038525383,0.7311766122861789,68.97460112676481,0.07959693873143309,-16.70606636699219,0.24365419834709248,-31.293195636484793,0.33362043713144607,-71.98504091518221,-0.008177511027198024,12.36126367413524,-0.006939751146571582,-29.95980831605743,-0.015282055307773157,-65.31722196855661
252,5.04,-0.12004898981161333,-21.056908448094998,-0.3745991390348356,34.54161468940521,-0.02424594024393384,73.4432387898686,-0.03522085521279214,16.48101535935887,0.26410475804407507,40.833354669762244,0.20848817885376425,74.36842581747413,0.10576057541090005,-16.1808993585957,0.2347882746415969,-31.293195636484793,-0.12182823286017652,-72.26983750001783,0.005910979151086539,12.366733518237316,-0.08452824915126084,-29.29433961981197,0.004510704834168461,-65.78852245433103
253,5.06,0.11546589948783118,-21.056908448094998,-0.3814276975703831,34.816724922581166,-0.10845950775340138,74.86943582183932,-0.07400908098922812,16.48101535935887,0.07107867959725805,40.833354669762244,0.022631032027338904,80.17122229160749,0.11659831463930255,-16.064287841165005,0.3723772524264233,-33.090041305933255,0.12209798892009768,-72.26983750001783,-0.02366855702595714,12.468932892511285,-0.06997627524474745,-28.928552915127298,-0.001996865544772658,-66.234405689565
254,5.08,0.20719014868022606,-23.827829604566556,-0.3344895381170906,34.59803102042506,-0.1811751321230568,75.5720288101633,-0.06481074206343147,19.041947677383277,0.07330450918122222,48.78087090199532,0.00761322323624164,82.1226198163497,0.10031971240715717,-16.03267094698892,0.3690857952221952,-33.69453882303837,0.036360668643088595,-70.87386431030241,-0.0269625985318928,12.606471591224675,-0.052661586665435245,-28.926922310759192,-0.005508504122876623,-66.234405689565
255,5.1,0.19061561207515865,-24.030654681057246,-0.3335351762026761,34.51209335342116,-0.24108067308747852,76.25330628583045,-0.04398553609670379,19.13726055982056,0.06521136862471337,50.04608497220089,0.004975118235148096,83.69234720477151,0.08721636278435468,-15.872586029304697,0.3616087034327994,-34.21406022908337,0.008511157151861515,-69.56994234800152,-0.07874287989541306,12.758564534008592,0.03976323434800497,-28.91669805672491,-0.0036734858277118476,-66.234405689565
256,5.12,-0.11838461834182534,-24.13010807197203,-0.31578916099067894,34.51432875732971,-0.20817622919379508,77.01175913198699,0.003981188965979654,23.30558512648138,0.06759746754449314,51.21797611865727,0.014610389766631454,84.51673566073408,0.13631788260082842,-15.872586029304697,0.3305354899383257,-34.01569566926499,0.1641183746681883,-69.09076409913271,-0.018214120817323903,14.050295651121642,-0.06708545797143867,-29.271595855507055,-0.005764596015692763,-67.29095865261401
257,5.14,-0.05319815308798098,-24.131137085016512,-0.20146751137980384,34.441299280548556,-0.17151163708342526,77.20897613957021,-0.05548481401217434,26.485987428214397,0.0757902200623042,51.65148221399298,0.007072160628748991,88.46430331615613,0.12045408874658359,-14.266511318310268,0.3361064598777747,-33.501519744452516,0.08199366696470073,-68.39902402764874,-0.004384600852614794,14.448270479596788,-0.07560209511951554,-29.19101560527903,0.0004562317601917443,-68.05208717835973
258,5.16,0.09084448249121833,-25.031173860628453,-0.29940673230600084,34.29358140042588,-0.1907975241786595,77.20897613957021,-0.04917789104357665,28.250858040308984,0.06566486548947167,51.784074157901046,0.006545902917450025,89.49902370370678,0.07786317814449531,-13.959465415475226,0.33137914525912815,-33.552406722843415,0.03502299733421868,-67.91537103661305,-0.01803725274080275,14.448270479596788,-0.06718140867092301,-29.191015605279176,-0.0033621681133491066,-68.43137048879728
259,5.18,0.16252685487591448,-26.276489798943093,-0.3007805304993999,34.3081635612913,-0.20898513339631697,77.54605452430323,-0.0406822099912903,28.57186301323025,0.0770738542049491,51.83368278591453,0.0016712938689501522,89.70794063251829,0.046312838443524684,-13.396773218631026,0.34914178581183136,-33.576809372644306,0.020762656084797604,-67.44510893493998,-0.023109781425558275,14.842148209376207,-0.026417974692250074,-29.419981294856296,0.03729272855069704,-68.6955956577379
260,5.2,0.16895140071096837,-26.51319737068556,-0.3008411341614919,34.308161809053075,-0.21536026977917563,77.70603447174133,-0.027364254275091635,28.817715453703943,0.075753713846716,51.86379036595892,0.0004759849528048199,89.81880090775516,0.03627030167382454,-13.301637983141275,0.34675340388633874,-33.58596353924213,0.037072693034663096,-67.09917456108359,-0.022912378539083067,14.916092642894757,-0.02068809808546604,-29.61846256477664,0.02532268218602557,-68.6955956577379
261,5.22,-0.16857140717082175,-26.103186840078777,-0.22837499109242393,34.09134260161043,-0.1546614422680679,78.05817108229212,0.0538413353190732,31.963125820095943,-0.8342198609963078,46.28554066857781,-0.04121831749420335,85.64796186736797,0.07511958586397105,-13.301637983141275,0.2858620900971014,-33.01085697273925,0.1227115998332371,-66.51919305670278,0.029542960197321416,15.514758322462443,-0.00435188436069292,-29.61846256477664,-0.08950408623906606,-69.02724716570621
262,5.24,-0.1264054318340167,-25.96771353224298,-0.27323308337785757,34.09295062787254,-0.12098533874535417,77.94893435152495,-0.052134996820653784,36.620328745758236,-0.2854906511647963,40.29240212973543,-0.020832556367805732,81.5180329307224,0.05388118349572449,-13.301637983141275,0.29684817590467727,-32.646648298793785,0.07032726903033215,-66.51919305670278,0.021099236452397946,16.44148479186569,-0.012350845282749323,-30.115319364775345,-0.0045781261543687,-69.5092829253237
263,5.26,0.07250979015775734,-27.836411012167616,-0.2835958707903996,34.123529616308275,-0.12465530668210423,77.95322792302926,0.13396607053149656,38.26098463912393,-0.2256046545496584,37.29583286091753,0.03282308009866361,80.37174402871909,0.06604619044986644,-11.156033799394901,0.2460346892203778,-32.56532444805158,-0.03264654839896053,-65.63804788162727,-0.030523354381658055,16.44148479186569,-0.01382475043309983,-30.511662475366986,0.05659005506961626,-70.49923846355735
264,5.28,0.008102322262010336,-27.836411012167616,-0.15411323899925733,33.16419505037755,-0.11553898655492742,77.83392323882217,0.08850971704424085,38.26098463912393,-0.1699230956973069,35.77348656131027,0.07718665945150097,79.45322956096219,0.05535643169658725,-11.043114374131479,0.18829702810222324,-32.005589112086035,-0.06301464448374389,-64.20574233971274,-0.051711118046882776,17.163976443139862,0.16391643032957184,-31.504978277866638,0.07957020930300013,-71.08717635878581
265,5.3,-0.028622702573539906,-27.40628631556356,-0.13685935190093804,32.93331808249682,-0.10984382394563674,77.78647097761402,0.07185800316658425,38.38096181420864,-0.18523273504930113,34.05972121870731,0.05865430572781746,78.65968159036683,0.0725771472044086,-11.042231736853665,0.20685012375648287,-31.54254365105473,-0.04261468893569692,-63.95374716002916,-0.03598856508686417,17.163976443139862,0.14258208512879106,-31.71718204147682,0.04865882950506001,-71.08717635878581
266,5.32,-0.21622487421602643,-27.767419932198955,-0.12244340174700674,32.57884672690908,-0.06428656783122719,78.12237576711576,0.1518079871766043,38.31956975193692,-0.20621578604933116,33.38579246034884,0.05097082650123272,78.4479403422753,0.015708544619371503,-11.007866772741105,0.24453336704380568,-31.56897964227416,-0.06403258964303815,-63.89614938948282,0.09820213287536622,17.803968921797683,0.1476645451073121,-31.71718204147682,-0.04980430982538514,-71.4653640856829
267,5.34,-0.18613577529286943,-28.227285319578026,-0.1382922557990785,32.57307254690941,-0.08071223025104127,78.27427262636269,0.18534433572105674,37.81730368691944,-0.2047582566670797,33.381964120813585,0.06537925212713583,78.39672407932215,-0.016528453338913975,-10.743776074543279,0.23937082072200233,-31.814097759263543,-0.08396455593328411,-63.62270751929777,0.06569621437186479,17.803968921797683,0.16263214322104824,-31.71718204147682,-0.0065714916146163704,-71.73143853577777
268,5.36,-0.15854702690606315,-28.47772165658816,-0.14230189515355712,32.57812536850226,-0.08592434781095168,78.27427262636269,0.17126819678986852,37.50625674006656,-0.1649659368760894,33.36762104627716,0.01520052621426532,78.39672407932215,-0.025583509520476718,-10.21359115614718,0.24028892948409308,-31.832507160191238,-0.08247059304102994,-63.49542352149993,0.058151757834813855,17.803968921797683,0.17046891757209537,-32.33406899726045,0.012653294646562147,-71.91201393446168
269,5.38,-0.15818737376387465,-28.597253399276816,-0.14213008837590527,32.60361030168454,-0.07914752169120678,78.37972505048093,0.1794411903358184,37.443726076068735,-0.20277714848966127,33.36762104627716,0.06647429754059594,78.24306225637879,-0.01997633206497609,-10.107306047369336,0.23531164463884835,-31.827486003042857,-0.0796281903900827,-63.468579493606995,0.06715904575351812,18.74426052510761,0.16859075838680687,-32.41453309570185,0.013417582415889112,-72.14876536038693
270,5.4,-0.16431078741552455,-28.598591703758267,-0.14180137296521875,32.61041657852443,-0.07710828682715423,78.3765856577003,0.17662860994845914,37.44592502703759,-0.20187071418339536,33.33182999717143,0.0641285738036291,78.26003910321485,-0.01717044902671963,-10.105134388038408,0.2367522362024349,-31.818317591693255,-0.07907749836832642,-63.470838483070786,0.06813629344341757,18.765018358244333,0.16652493515057817,-32.41884716278303,0.00819472185411485,-72.14876536038693
271,5.42,-0.2313742120224237,-29.90347910270335,0.055690082902905114,31.223189275166185,-0.0156277042305909,78.53644992066985,0.08185535333533701,37.0552842340151,-0.30398341198320245,33.23859493119389,-0.17076093956524005,79.40512507569028,-0.057179649941192734,-10.105134388038408,-0.6940196967343875,-36.800460991698735,-0.8449296320718092,-67.66583962907002,0.18823914432784378,18.87260712038043,0.27237253823647595,-33.00650571991545,-0.0027568855624474364,-72.98188929220905
272,5.44,-0.026920285459945542,-29.90347910270335,0.08406807987387423,30.560368576374966,-0.01586258609117161,78.53644992066985,-0.0167667315501435,37.0552842340151,-0.38780862103869357,34.42974071896958,-0.12960888951780986,79.64166534072616,0.04952304632889448,-16.768164663410346,-0.1714240233537968,-42.19428567615245,-0.32227642290518255,-74.85760588437655,-0.07157137337000333,20.785754561376393,0.37127749671491644,-34.35233584161376,-0.002964312436235156,-73.2763963942737
273,5.46,0.008286958746620762,-32.97281102152487,0.0707575213914497,30.325055556504665,-0.005944498323880859,78.4067317906504,-0.08196804610468034,36.50370368602396,-0.4269619238849542,34.99828662578612,-0.06703477895338009,79.92567116087147,0.08047465161900257,-17.52084821798753,-0.06293160134299358,-47.87930236280806,-0.025966123228631233,-79.75044669970424,-0.1801013240853768,22.540324534627054,0.4315941390565249,-35.12660527721829,-0.011518171919981612,-73.43248226665757
274,5.48,0.04195324571105623,-33.5710036179817,0.06991503003098452,30.325055556504665,-0.0038685580251818785,78.34878645618305,-0.09827705971538331,36.50370368602396,-0.4383921825127403,35.55339212754784,-0.033510813078812485,79.57278950911204,0.06551112479704337,-19.126537822356394,-0.0762923576661158,-49.32135157302705,-0.010690431915134135,-83.0541007509026,-0.17653397997162248,23.585659910118174,0.4271700945442803,-35.42531960980183,0.0013837762719839386,-73.43248226665757
275,5.5,0.036990830189314365,-33.748672221060986,0.08027481475432661,30.325055556504665,-0.005489104954715912,78.34405312013935,-0.08830672349940345,37.320136174125885,-0.43716654619884737,35.92365290086679,-0.026142517922391362,79.05858655325696,0.04304853921684794,-19.28098698705973,-0.07586166636889675,-50.11902946752172,-0.0057345262690387255,-83.93529248509647,-0.11373630051399275,23.585659910118174,0.41871962321118156,-35.447727636815195,0.018018834070180623,-73.43248226665757
276,5.52,-0.037030850297244344,-35.21947662560828,0.11186034845347016,29.916056420326484,0.0017867088004409337,78.62947308239497,-0.151943118197787,36.40675326495248,-0.4053578489676808,35.91689756387218,-0.127582909579532,79.20015028140621,-0.02257130854211492,-19.28098698705973,-0.0521455864629177,-51.33453697135771,-0.016565594628515035,-85.17185990388263,0.18859146955841632,22.945912604303132,0.42524870223126165,-35.47058717036084,0.0009573627546278773,-74.50208889017782
277,5.54,0.038188557893969306,-35.886260459896555,0.09988498627454866,29.887445486224465,-0.0005537491629002966,78.62947308239497,-0.11672879177626386,35.371692063107915,-0.36251376400422886,35.60571061962597,-0.02866963501013345,79.24617116955947,-0.11466819939256168,-25.935052976318524,0.14548768973583087,-51.33453697135771,0.0706535578321908,-88.65365915926408,0.0169818616863657,22.945912604303132,0.3837785608020279,-35.351624135704924,0.003905747806532578,-74.87219060514624
278,5.56,0.031887455187636055,-36.40409874536069,0.03165271995523332,30.301711923424378,0.004296885972680353,78.83950646817313,-0.06745418984186788,35.371692063107915,-0.34118103702810765,35.28719780449193,0.000976489996062313,78.51591587793656,-0.09664350004468852,-25.935052976318524,0.03394162065908461,-52.84712061448652,0.00318845981564686,-89.92577736500724,0.09527899959060987,23.845799382271533,0.31636960843453493,-35.351624135704924,0.00823213481414306,-74.99688014659192
279,5.58,0.014127722644138387,-36.62803562038817,0.058518494854751066,30.356521284753196,0.0020825072896305252,78.85247877613561,-0.04313491286118683,34.420211150774506,-0.34862153418769626,35.15473107154976,-0.0050003243381177565,78.51591587793656,-0.08543791485172432,-27.38356460437007,0.007145106359820463,-52.932336290046145,-0.01858717999808643,-89.9944808812398,0.12630117337856417,23.772905633658738,0.2873840441288034,-34.36374404113844,0.03098020343490146,-75.13964811974202
280,5.6,0.004974931916388824,-36.62803562038817,0.05917578588658495,30.322265454281414,0.001186603492342092,78.86167118114896,-0.04822219714179571,34.03954111846571,-0.3647770449971044,35.15473107154976,-0.012875173738714385,78.09193199975084,-0.08299828250446467,-27.552856349010142,-0.0003126947715578754,-52.932336290046145,-0.01850394303000938,-89.99448088122352,0.12049811495717747,23.496816374654333,0.29837783635215887,-34.28767484495358,0.05394183006834469,-75.38195313471232
281,5.62,0.03303425047255015,-38.15357253499179,-0.1062950160064399,30.632591091605804,0.7856536173845795,79.10763910257454,-0.16145342302030805,33.07968442823217,-0.23083064339344705,35.15473107154976,-0.11567643429902377,77.92475800558677,-0.19551960223430587,-31.230197698754587,0.9405726843245459,-52.83119484219585,0.10643240912384189,-87.21771762714819,0.40429982018939375,22.926783753733062,0.1762134511936173,-33.82555931710817,0.05660314323883925,-75.7642745267052
282,5.64,0.03488485934481467,-39.06166510329884,0.050742240121844404,30.583084452153244,0.0005382769931563114,79.26290829697786,-0.20315262214458366,32.71075618366318,-0.22431897719198102,34.19446174153518,-0.07395933120783577,78.22093933166478,-0.1310691915865826,-34.86643268105626,0.41802110136643145,-52.83119484219585,-0.12627209046263682,-84.84925399709952,0.24529761655081034,23.35514573037671,0.13115934793254347,-32.75964560637042,0.11573319413032448,-75.7642745267052
283,5.66,0.011926272989208325,-39.40811317593265,0.03835272935681977,30.509765251547503,0.0032686126515628078,79.27172740198753,-0.2150830422739767,32.83719483181566,-0.28005215855391996,33.83007475352822,-0.06380012215157116,78.03646118568302,-0.14751855409199188,-36.91209911297639,0.06713587525654452,-52.83119484219585,-0.07676984067422685,-84.84925399709952,0.23017033864608893,24.427789365285804,0.12562590699122056,-32.61873675906218,0.1078446938801989,-75.7642745267052
284,5.68,0.09219257133710845,-39.67563071489115,-0.2025222423499317,31.146620833914483,-0.323435993933176,80.93678659705941,-0.06660088798955063,32.217781779507426,-0.1314620176782407,33.83007475352822,-5.745762075570759e-07,77.64389160197713,-0.10967879686247875,-37.67609407313591,0.18128366453894518,-34.78944797358271,-0.20513064640052325,-78.42141983786668,0.025565426449290524,25.882966192332997,0.23225689135933947,-32.91100110511913,0.09461671697309154,-77.11756000771065
285,5.7,0.1539063719193913,-40.5990944550752,-0.08821471263134946,31.89912767584688,-0.24067206353252127,80.93678659705941,-0.06438981431003793,31.83794181858535,-0.14154470576833622,32.717588930158136,0.022231573643518437,77.24334166991807,-0.09820206306969456,-38.104457474829665,0.1849384431392192,-33.538469171746726,-0.14397755775930166,-77.9123868184993,-0.006925361206536709,26.862112927856728,0.1681280572090884,-32.950833135010456,0.05665373494292558,-77.04242592939586
286,5.72,0.1980692097195765,-41.26254840987526,-0.05236491148488351,31.806221680236927,-0.21163965575455745,80.93678659705941,-0.21288989586288687,30.6850296469944,-0.14948483176321264,32.59519121357522,0.0067772166606474005,76.62213354328595,-0.18770282265372917,-37.97103345830531,0.20888664037120636,-33.455481981323025,-0.08933432467656635,-77.87682870616032,0.1629575981942673,27.95544261288103,0.15347823486959006,-32.85212484886021,0.018592296721005264,-76.89343169415226
287,5.74,0.2259501976001005,-41.85849554725176,-0.06941215671970552,31.806221680236927,-0.1931739064377317,81.63667641700634,-0.21966895316603627,30.35195697722797,-0.15433622763674545,32.638444171773166,0.01470890601081215,76.27557416706932,-0.19642573834981097,-37.70590691573117,0.1981237679046298,-33.33498203870392,-0.07237449530142548,-78.2991468786769,0.1792002359114958,28.1788477945284,0.1549908744792716,-32.731237178164186,0.05418383213985384,-77.42046028376785
288,5.76,0.22329480941813007,-42.00619869865794,-0.07937181725910944,31.875683400339177,-0.17326037822685209,81.40027441884735,-0.2303069552006093,30.191014939182487,-0.1615720231056742,32.667787029338776,0.018380887295918136,76.10736871275843,-0.18356901266985207,-37.51971716832336,0.200431100089978,-33.32242502506287,-0.05454064804307657,-78.49030446710292,0.19487192622252023,28.34098644620486,0.15088373101576663,-32.65040669725715,0.06414497696260502,-77.672806491726
289,5.78,0.21767101018844692,-42.0188560473021,-0.07531852605007493,31.895755089457943,-0.1606766523717552,81.2167461406828,-0.2336971988286445,30.185722889058127,-0.16646093813963556,32.751094711053746,0.01450424078294682,76.01293433162122,-0.17562674202642095,-37.51971716832336,0.19981393449537785,-33.2910798234826,-0.0498557239339551,-78.62173725128318,0.2032322086929203,28.34098644620486,0.14461886699242144,-32.57720327558798,0.06391754574144332,-77.72350570921121
290,5.8,0.21526889480504896,-42.00605204847647,-0.07534317112244174,31.895755089457943,-0.15726432627397433,81.15244479485145,-0.2347555973534662,30.185722889058127,-0.16569604495902657,32.78287264504032,0.011859514338198096,76.01005729828677,-0.17405284806981625,-37.58866080759883,0.20134150094825923,-33.30975012045614,-0.04993637841182402,-78.68376539303443,0.20337716202392386,28.223445960714606,0.1360432422562846,-32.51457271577748,0.05819352998534458,-77.69647085716781
291,5.82,0.7604691386420466,-37.33933110719411,0.9414,36.56137039335763,0.16205142148845963,84.61839756556823,-0.35718701698443167,30.22848371541321,-0.34740243585696035,33.49476482816429,-0.03195154257628738,75.8572421729814,-0.10518672846720528,-37.26977308902656,0.10232990680597362,-32.64942271899855,-0.0044287557615718676,-78.61126979514276,0.205283615745037,29.87487549445138,0.11090615933821707,-32.442347301813854,0.020138237995518254,-78.09681418521396
292,5.84,0.06669786763675345,-35.24533862534848,0.6286934834457847,42.85416585900963,0.03335948321089932,88.12528518218416,-0.24369765427138584,29.337373662503147,-0.40383409578407875,34.1120852072619,-0.12104937547104944,75.8572421729814,-0.11479671347804085,-35.658177736590375,0.03834444578823272,-32.33236322621127,-0.00808079790976865,-78.49298616066581,0.120641858057044,30.18908566224528,0.2656786529391828,-33.69114446485342,0.06075871336399008,-78.43970143332879
293,5.86,-0.05487060454264517,-29.38492299814917,0.09214611012325502,45.25142127397998,0.013603792445288143,88.72120773146133,-0.00022992135634739008,27.555940471956696,-0.34824040157323943,34.888776350779594,-0.10137053642702454,76.02324794990109,-0.043229271280906506,-35.658177736590375,-0.0655339206953277,-31.179546615499174,-0.014920343193227215,-78.45091189950834,-0.005170352106683526,31.905524970037337,0.32797338458052344,-34.068564064467324,0.15064132643938993,-78.89527604673707
294,5.881,-0.05466247910550558,-28.657362705622937,0.036502338361070474,50.88947221880944,0.008902268818799436,89.59903266683149,0.13256115379113448,24.931729383955034,-0.32961181163178194,34.787010946154886,-0.07108540594819956,76.02324794990109,0.014926207015967075,-36.060560782517115,-0.10258071439874655,-30.704854548680466,-0.0002043040434789034,-78.56162570356216,-0.13270333801761117,32.76924921241471,0.33537721608812276,-34.61476036431192,0.1673888190152691,-79.611339810248
295,5.9,-0.05783415647637931,-28.135062749280053,0.03705973596146267,50.88947221880944,0.006969162624174352,89.88452352242979,0.1352595691914152,24.30227812603645,-0.3342040414342711,34.787010946154886,-0.05233521860098869,75.8788605436155,0.032593114575642346,-36.476304497977935,-0.10498364581141102,-30.04076717970987,-0.0006048888982141953,-78.78266599252777,-0.1762094233540094,34.54289341020547,0.33005570584056065,-34.61476036431192,0.1608040586066534,-79.66584496382471
296,5.92,0.3568541864745115,-27.582901039698804,0.0697343061794953,51.08367716262556,-0.02428430072485921,86.9006330261135,-0.15735616726604537,23.782650067822587,-0.33837257813792826,34.49859193035429,-0.09447634741321756,75.8788605436155,0.002759898962990115,-35.01113464486684,-0.08264824460425041,-30.079889685135967,0.0009985215564519978,-78.42069292196581,-0.1220909312802622,36.22563644173505,0.3245704269607061,-34.61476036431192,0.05352804903607278,-79.5092600791476
297,5.94,-0.041795026061524077,-27.582901039698804,0.05946073772952003,50.84359404226978,-0.010540801324330412,86.47876143667726,0.0052529588179647535,23.782650067822587,-0.3434871189955958,34.592562634761755,-0.10743012565250734,74.962373866927,0.00854368200425848,-34.173695455508636,-0.1045397673216084,-29.977451885471062,0.007169974103605592,-78.35276193316163,-0.1265224540131427,37.38483010857591,0.3660701277297101,-35.01845538227276,0.08886945043249556,-79.50363102843751
298,5.96,-0.05463121576603097,-19.41926743571551,0.04807891090014199,51.49664898086661,-0.008547855686821343,85.43526130553478,0.09478028107018337,21.991706895808253,-0.2007540898325526,34.592562634761755,-0.030176359223538562,74.62494067737693,0.02018301354231442,-33.95402053626382,-0.03021356510515874,-29.886410290769867,0.007158486387654539,-78.33184351508798,-0.1593351834877637,37.8072295772073,0.35853938080227526,-35.08985403255548,0.13917244805933965,-79.87030571122192
299,5.98,0.10146662783895957,-19.709267701782213,-0.12585831222550026,52.331963258062416,-0.1755046894582588,85.43526130553478,0.0926510602019027,21.36334023434993,-0.17652791930511075,33.36192466555146,-0.028458756161662963,74.20694729289178,0.04328451379589021,-33.87205262707355,-0.04655510763848339,-30.346148794795806,0.0072512621824716295,-78.3318435150572,-0.15950168590483832,37.88028618428345,0.3063501226992265,-34.9655359849387,0.052025633735975546,-79.87030571122192
300,6.0,0.05741718786663044,-19.54259195051599,-0.07373287105747203,52.27391161347025,-0.1353190517864604,86.37132948293898,0.0644028578732303,21.22929433373071,-0.20404894218203687,33.142575388312416,-0.06323977321503624,74.18304335197872,0.035418079703122635,-33.87205262707355,-0.05314788696809436,-30.397170736735255,0.0073440379786172405,-78.33184351501039,-0.1298006975761074,38.19406962688921,0.2852775446297481,-34.64364990204964,0.02279485346476476,-79.87030571122192
301,6.02,0.4858638882653187,-19.128302612994585,-0.9414,47.20183130577519,-0.9414,82.38949192367348,-0.1655322352708426,21.248744238491447,-0.14915953727373538,32.18053966941693,-0.0799173539870919,73.2963256553913,0.0072778733981659904,-32.71530932731594,-0.01798966987503868,-30.906835382316515,0.0012424191984231336,-77.93655737077007,-0.04549185361490855,39.127683576137706,0.3059700793323277,-34.64364990204964,-0.08887220707785201,-78.87442227843457
302,6.04,0.09887586941848225,-13.920163425644354,-0.7404914299851435,41.50834969324453,-0.6848765427990786,78.79360879628672,-0.0779818580368247,21.248744238491447,-0.23643813793298213,32.57851012253766,-0.13687141362296537,73.40367148822318,-0.00842217119621437,-31.844471533843404,-0.06888493966119455,-30.906835382316515,0.006072216613209863,-77.93655737077007,-0.0408380205290228,39.65511178242834,0.3029246548634044,-34.64364990204964,-0.10819140706370348,-78.11996493379196
303,6.06,0.025190677202935552,-11.807164120830977,-0.217860178734249,41.50834969324453,-0.16233923825281094,74.29875488982702,-0.04931639185500436,20.710619437184278,-0.1584393913385503,33.09075773834499,0.040369747116494575,73.40540694857614,0.03336988305502089,-30.813156245315632,0.18036836679696205,-31.507814093196632,0.25310902566878113,-78.36440054028206,0.013973544608929335,39.65511178242834,0.34965319582044196,-34.64364990204964,0.003538469220686735,-78.77051959667959
304,6.08,0.12637902102742804,-11.700669818385066,-0.14178293539598608,33.1372469229604,-0.012149200427129636,66.65668389891066,-0.08052404750315934,20.308623894979473,-0.12648240224225432,33.037786260051554,0.0413726141179202,72.56633731225685,0.06325737483406857,-30.99268120292095,0.09321190110997495,-31.995046342899556,0.22259197496087355,-79.54349307468058,0.05101291919828024,39.44018753816805,0.10396116460186641,-33.027690868734624,-0.011259157356897809,-78.77624987054254
305,6.1,0.1528350328308322,-11.854596866246927,-0.15576415208278713,31.788611953244835,-0.034199910013408275,65.7623752455895,-0.09005335790107355,20.308623894979473,-0.12650991801265277,32.1673184146174,0.034403451053126755,71.93416920532908,0.05742899301471725,-31.156488987568743,0.09971421035926208,-32.04611929641322,0.22275833374732523,-79.6631081107563,0.04206593773014489,39.273387802737886,0.0997528228203407,-32.45528922354596,-0.006333707074114653,-78.80019010287258
306,6.12,0.14749398381746356,-11.866924186799652,-0.1538483180136432,31.216118219432914,-0.058787751471248706,65.26931092495359,-0.13851454153237638,20.308623894979473,-0.11548960948676606,31.802115073120188,-0.012928279047099117,71.36663471569977,0.1970689971503518,-30.66201716789563,0.10203921788049264,-32.01866750472036,0.25569027230000485,-79.68781770568513,-0.07358801970762534,39.273387802737886,0.101621036629364,-32.2636068575946,-0.02364750491040213,-78.66006715379476
307,6.14,0.13116186965464954,-11.785911102795264,-0.15177228833301265,31.216118219432914,-0.0834104985611232,65.29428275994975,-0.06427450567878429,19.119615556486135,-0.10917807723173766,31.634188113953243,-0.022160987000134497,70.75822532100166,0.1667128497977333,-30.66201716789563,0.09836118060524619,-32.046379053123985,0.19931742567636165,-79.38012344802335,-0.11280436569598815,40.03347626408692,0.11419406577717431,-32.26429247278437,-0.034981192753717166,-78.60300440814194
308,6.16,0.11308417632796519,-11.687716421661932,-0.17051962703706183,31.059441654108745,-0.08525591450735773,65.3091189798863,-0.009479259851688071,18.291576667236843,-0.10758320057127449,31.581321164056583,-0.021431351081306144,70.68245724837928,0.15237280220321597,-29.717674281643262,0.09789446284241168,-32.05341367601186,0.16745070950538596,-79.18610466460719,-0.13325655189521227,40.75952885343914,0.12706289797683415,-32.36567464567185,-0.021387843422189523,-78.60300440814194
309,6.18,0.1028016375992048,-11.512313074592408,-0.18527012008918137,31.16642091143211,-0.08515828284260976,65.30925491983216,-0.0002610534612986007,18.291576667236843,-0.11000264901125978,31.535459858008178,-0.021285053355687422,70.68245724837928,0.14755867545411247,-29.493454009719485,0.10121216290555614,-32.069030518842276,0.1574774408897889,-78.40925543879385,-0.13847727192692136,40.97292805122237,0.13629707327788737,-32.414450428335506,-0.011787662551803163,-78.72809477133758
310,6.2,0.10256264017065528,-11.512313074592408,-0.18885303274156937,31.229013567714144,-0.08493075649213211,65.30943182070293,-0.017938705553336966,17.15126180623215,-0.11040796091369602,31.533674304996246,-0.021374740976091627,70.62080924792747,0.1528419872519419,-29.43856321775088,0.10190352430323407,-32.087938594612325,0.16048308579874157,-78.40925543879385,-0.13009055709528541,41.06442865099611,0.14109759753010778,-32.53816219864669,-0.006355307853196046,-78.77175393016203
311,6.22,0.021744861506106522,-12.203183602639896,-0.36439427173031347,32.05361800003383,-0.4329458510915694,65.77742870517605,-0.01786629204031001,17.15126180623215,-0.011395708546958122,30.584266250802575,-0.07166292993357201,69.61920755311819,0.35702541267800403,-29.332766544554616,0.28691781411420075,-32.29921576271479,0.2655495809314812,-78.40925543879385,-0.1385625172806345,36.759330443655486,-0.9414,-34.51658021594557,-0.3311482135938323,-79.11522865711274
312,6.24,0.020516607012954,-12.510595537656577,-0.3265562673421471,32.05361800003383,-0.0529259060246286,66.97653625944326,-0.01701298857023735,15.307365337200864,0.042452670489668706,30.36016972815376,-0.020099816680741622,69.07458969126716,0.204687915706125,-28.66131615798485,0.32602815041475997,-33.341392145181,0.30880285646389205,-78.24452069268983,0.07139164609993026,31.62314837703434,-0.5127074857989498,-42.30766031659827,-0.0370163116581137,-86.72419409293751
313,6.26,0.05305734418214057,-12.560462938505937,-0.3596901340290355,33.37877148584183,-0.17420902907728203,67.75632713321615,0.006998982884441764,14.960794525968069,0.0592572519307442,29.623388831581824,0.008202447935062557,68.64819893451921,0.006755068421134325,-28.444465987111776,0.28171872713921975,-34.12856501020702,0.2712186898575877,-78.53418216321442,0.0656155713853101,29.519035257231096,-0.06331831991476017,-48.9171905704322,-0.018154193697023452,-87.82062908229389
314,6.281,0.10116600549626559,-13.329137687055855,-0.32858357862393467,33.37877148584183,-0.18666076568223613,68.40647281903352,-9.422139479530953e-05,14.76646689466585,0.08650789566044177,29.367423501027137,-0.00464098121918155,68.49627814282873,-0.08533695023676639,-25.546631196119733,0.2633228858607382,-34.12856501020702,0.22305716448018809,-78.42636781736363,0.056807406467033875,28.300013261845095,-0.048565890629022446,-50.85475091509674,-0.009048732460101433,-88.99043979828103
315,6.3,0.1250091850550222,-13.476593738223304,-0.2985443435358021,33.135818926720056,-0.19294328756697468,68.74882492842015,-0.0037105422868974006,14.638690142127768,0.08747638224483513,29.13473525548022,-0.00471291708474092,68.49513950085202,-0.0724156049597878,-25.546631196119733,0.27230799204560413,-34.12856501020702,0.19284581540865606,-77.98133434410663,0.04765907769823492,28.117556264222994,-0.05193624412817949,-51.566089510797745,-0.005360298967959948,-89.54221494389067
316,6.32,0.07981339089585801,-14.293663725653538,-0.34069724394875933,33.47648090463119,-0.05788326790085191,68.89597019119056,0.005410966407378481,13.418199695311674,0.06748637046551528,28.822002467104927,-0.00839225170161112,67.86411785565393,0.21613959840481278,-24.713977403515877,0.2932255458788916,-34.12856501020702,0.24693711525434714,-77.05196012415729,-0.010039660850506782,25.209909771143217,-0.1254959531956475,-50.83691214656644,0.029949045753125625,-87.5994998134071
317,6.34,0.08013967122375884,-15.240903816819317,-0.3326983157694013,33.71050466095244,-0.11048219393615183,68.89597019119056,-0.004332827102431651,13.418199695311674,0.07985784287559088,28.880469412725297,-0.011453848592173105,66.97348791143064,0.06594723617523932,-24.159045260478862,0.3086371837857791,-33.9128112269781,0.23671181814490055,-76.85100252286765,0.05765140403029795,21.280147255810128,-0.06922775882609314,-50.64859172676552,0.0141212500856642,-86.1233731644533
318,6.36,0.07873387647852884,-15.473734776929529,-0.32855769103521704,33.72756957163738,-0.19692037207463134,70.32491267907025,0.00116943052859797,12.490697398690381,0.09338995820717833,28.880469412725297,-0.013927011555525837,66.66903773649302,-0.016210159278513533,-23.175146300198517,0.3111846707487901,-34.152985478055,0.2031677908124974,-76.71086524094648,0.054778145799195065,19.103147897187085,-0.0712348109479675,-50.55457473538645,0.013484089936679322,-84.95961143601171
319,6.38,0.09035274256336226,-15.596439610541767,-0.3130899899862678,33.58577724862368,-0.23310742197554365,71.10735583696443,-0.004848703392227278,12.42231438189828,0.09075799289161349,28.566273816456782,-0.01355140415246342,66.59818442393654,-0.024785223143770782,-23.175146300198517,0.3120962740080333,-34.19717387867337,0.17089801106938085,-76.41440820904322,0.04502579913696315,18.601395909908913,-0.06615531940382444,-50.536354871463,0.011713338885985303,-84.73959244631276
320,6.4,0.10461927079714603,-15.705303497109728,-0.29527250362540824,33.49597578161358,-0.2382321418981401,71.2978371115883,-0.009436746244533006,12.400508651831915,0.08826525028052151,28.566273816456782,-0.01195365313768948,66.59818442393654,0.004829238218638888,-22.217176291175946,0.32120218223431307,-34.28145822747553,0.15379799145975107,-75.83840659701258,0.03101612082297107,18.35474887611942,-0.06621092280962662,-50.536354871463,0.010911277658754243,-84.61342794023555
321,6.42,0.022448136720535444,-16.586871934794484,-0.31219057499775266,33.654489551583985,-0.05028454058874404,71.48245153426528,0.005467933721046425,11.103132271356367,0.06161086582617084,28.414417993059875,-0.003624203406369375,65.270961379391,0.22956903913917165,-22.382889027937146,0.27484349484035964,-34.28145822747553,0.22202557365676676,-75.83840659701258,-0.03565194312844683,15.033973785315894,0.9414,-50.536354871463,0.9414,-81.60538063869078
322,6.44,0.08786327851019379,-17.65663778956399,-0.3178310184175794,33.79170470150117,-0.08632949697942677,71.48245153426528,-0.004314674546263338,10.777842841387812,0.08389200561054275,28.259942787775312,-0.010283980551146626,64.5188031171509,0.06766476784207567,-22.382889027937146,0.2817649026034328,-33.77535402310524,0.23086533153519637,-75.07109262415197,0.029041866684035272,13.539012465482475,0.737830364099791,-40.504871670683514,0.5193666369881651,-76.21155594628071
323,6.46,0.1297767898821043,-17.826686284015615,-0.37282712518622796,33.51206981142868,-0.15496478782969333,71.77327720366901,-0.00855059321882104,10.777842841387812,-0.14802718639588716,28.915365752115335,-0.06507317692871309,64.60694162089749,-0.04266198200043537,-20.33464440221285,0.09979528447673189,-33.241255530659096,0.1050936037641442,-74.56633550554368,-0.06822665367210637,11.643907901503999,0.5000521813602931,-39.00658703606744,0.23195318911627694,-76.21155594628071
324,6.48,0.10138066263402169,-17.826686284015615,-0.12536754493209995,33.51206981142868,-0.026086938718445724,71.26136791369763,-0.016448184442538975,10.348670672285378,-0.10813477235736807,30.08745179257325,-0.07653718101421311,64.63022024251516,-0.02468151037778946,-20.33464440221285,0.08100570810010227,-32.174131387037995,0.0651516696675522,-73.70105828129451,-0.0906586389507004,11.312642569976791,0.13730578574545438,-32.638902836425224,0.05029358236225345,-67.05463651832201
325,6.5,0.07150065629014887,-17.96638487318977,-0.1266763320662625,32.25099835516234,-0.043078281975273996,71.26136791369763,-0.016253320969337307,10.348670672285378,-0.1157785620555156,30.241352577057132,-0.10171774033241626,64.71946157656724,0.017401074866872864,-19.549964603571997,0.09161666518375271,-31.705234169486978,0.06547765376701303,-73.34241619057012,-0.09315173761868784,11.33153918897431,0.1566735851288934,-31.49087282535442,0.061312091664026014,-65.2809285364061
326,6.52,-0.10645487173091692,-17.96638487318977,-0.16547852870944837,32.14464431349342,0.05013439041039924,71.58266361827008,0.04304236899152446,10.152653437353443,-0.1523968572098879,30.544536053725228,-0.09063496861528084,65.0296443778121,0.10456289289580004,-19.564821671910973,0.08354798932336668,-31.30059603353345,0.1176966636023982,-73.34241619057012,-0.09860745027841067,11.356425802213348,0.13402003799461276,-31.146574909660252,0.06791884174619056,-64.93897630701369
327,6.54,-0.05595858387415564,-18.684662348254317,-0.1660850524289032,32.29642293736804,0.021589951504067784,71.58266361827008,0.06745580897290152,9.796194702222717,-0.1503735549939507,30.735792807021532,-0.06138096619159983,64.97192672795804,0.08234408006122945,-18.777683137930484,0.08753192563511439,-31.29437696643974,0.11482751476345723,-72.46872042623116,-0.10579017217605896,11.402363205295243,0.1482950536933939,-30.863465072235186,0.07367897298403167,-64.86572651801859
328,6.56,-0.03321935833347242,-18.876235259342735,-0.17631333391708076,32.48891276958121,-0.007041929096885169,72.14311047228094,0.07842860310227265,9.542411793185051,-0.14994404992638835,30.771670182824607,-0.03816711373761303,64.69423033650952,0.051982527048429664,-18.414200350987738,0.0898822114639963,-31.29533280844107,0.1104178441044954,-72.03451596996065,-0.10382538708789818,11.458570597624572,0.15653633818143523,-30.863465072235186,0.06803852303184585,-64.78925188222235
329,6.58,-0.019067058473825407,-19.15940862395135,-0.18008688757359725,32.561349025752634,-0.015959544351198063,72.42178046678652,0.07809059172846222,9.353440043496658,-0.15073165054380466,30.792720662840285,-0.029596828511924467,64.69423033650952,0.041274175388001155,-17.94511265736281,0.09111415518952762,-31.319071419405276,0.11332805140941249,-71.95908481219782,-0.103646619390973,11.458570597624572,0.15658153602678154,-30.863465072235186,0.061994460740467355,-64.73636825599209
330,6.6,-0.019632719675939835,-19.219029420195017,-0.1810128177075359,32.58190025929412,-0.013461057081243843,72.48337177353893,0.0716417048999914,9.334749295155989,-0.15646044514745663,30.816825022065125,-0.03581152690873221,64.42770455867795,0.04451399482556175,-17.64070004913655,0.09424556096827427,-31.31284702707108,0.10972899375292844,-71.87640592097485,-0.10202087288638309,11.45376021620043,0.15730760747651001,-30.841990855863,0.06321574437824301,-64.69345438261911
331,6.62,-0.27889412066456026,-19.219855440919776,-0.3089440191148447,33.646737932589424,0.010754207645596064,73.27664042950674,0.0603950988384912,9.961814013810208,0.780942297099644,31.88339519108804,0.7291980080114575,67.72301301489547,0.07181304090806587,-17.443545200517672,0.2481450328640443,-31.2348339822402,0.31775919014484955,-71.86920609431759,-0.003693995071783772,11.45796578333398,-0.02671883075033156,-30.23640579147146,-0.9414,-65.6555353167586
332,6.64,-0.07405262574733748,-20.87284093408522,-0.3757685937798265,34.41772130274642,-0.04615492941928234,73.58990968026427,-0.04328546529746846,16.198263107985156,0.2583822816752498,42.37138763403191,0.20651142325982041,70.41992536173979,0.1035537614205941,-16.141795795654755,0.3326320956212076,-31.2348339822402,0.24335056832101742,-72.08416467190396,0.00941324382098712,12.27408625122828,-0.08497523014106173,-29.356692063759414,0.00628216021128708,-65.6555353167586
333,6.66,0.13772755543559762,-20.87284093408522,-0.3816446866289644,34.8028603385786,-0.12560077454548021,73.58990968026427,-0.07525271572202596,17.99690085034168,0.06881627662065304,43.868507563026505,0.02265238015917259,79.48103084458009,0.11214152358902427,-15.984973501753528,0.37900556040164296,-33.64989394140753,0.11804096092739472,-71.09954522846334,-0.02314508495392318,12.401358882381496,-0.06086207594773313,-28.904682469357837,-0.0018467865092591795,-66.1332624429939
334,6.68,0.20784452472600984,-23.812233326192924,-0.34072787881986066,34.76195062026896,-0.18772988060963375,73.58990968026427,-0.06363191867075578,18.982700193611524,0.08435396080599561,48.32114035744702,0.008617445204808366,79.48103084458009,0.10473563880366354,-15.968637675460483,0.3894566931205251,-34.0533336830189,0.039596248995554695,-70.48750114268334,-0.018001092480311842,12.576936564091987,-0.05498364151981945,-28.905970417404554,-0.004811256124830993,-66.17207251509431
335,6.7,0.18743334637644005,-23.996154590735994,-0.3116435961057687,34.59153633118722,-0.24693312517424715,76.18827315345112,-0.04061048034183294,19.10555275381614,0.06751483239923074,48.32114035744702,0.004012929377900376,83.8213615614342,0.0837752165164691,-15.968637675460483,0.37184298490258405,-34.137541175016224,0.003422417605365352,-69.50648128482581,-0.07158306683389856,12.592823630064586,-0.06351286118621732,-29.007916961364884,-0.003625702919695606,-66.19262364089016
336,6.72,-0.1696888111638047,-23.6125008456152,-0.3227264939941307,34.59153633118722,-0.21031150580771002,77.07027481482386,0.007913417032134273,22.49608442927618,0.06702865421830867,50.405427198221446,0.014553852832183578,87.09502234491525,0.1265396734826647,-15.196190934413606,0.341108542362791,-34.137541175016224,0.15097946665304657,-68.94183924023774,-0.011112056779049861,13.81050294115453,0.02263207001914387,-29.193279879632456,-0.07457177686207025,-67.45320865886846
337,6.74,-0.00958826642826778,-23.6125008456152,-0.2838963926984949,34.347793577222156,-0.18465423416380936,77.21946774640493,-0.055385124013956843,26.16875108698511,0.0739857402875421,51.61572696371953,0.007289910409381539,88.62683282745309,0.11535370984713508,-14.492512210587718,0.34344253064066904,-33.68007161498218,0.06169031260961075,-68.3743295575505,0.0007557709669898383,14.450295052470087,-0.08141517840272237,-29.130173584013278,0.0008252209073185135,-67.9996973830746
338,6.76,0.12410458845448237,-25.51867220344878,-0.29862608233144183,34.20472958020832,-0.20888606902049572,77.27251100598558,-0.054847012988873955,28.153820948971468,0.071169544399957,51.75549060033467,0.003855075103817218,88.95263866042082,0.07508125680114291,-13.891233289605806,0.34998292641655204,-33.587016085551134,0.01711940586837782,-67.448942215235,-0.021886188419803543,14.710107180318825,-0.06505740862586061,-29.130173584013278,-0.0045756131018793444,-68.17963931273383
339,6.78,0.1621174240363416,-25.99755648317857,-0.29447471375204737,34.20086671017631,-0.21139027225699542,77.27251100598558,-0.04371164616962113,28.640461338954665,0.07648322587805799,51.849550743000805,0.0015301788482845191,89.63136484896847,0.038266424859678544,-13.891233289605806,0.3551034298884308,-33.582251079696384,0.011400760656827547,-66.98835467176805,-0.01659990579473435,14.832248678759115,-0.03508524191622252,-29.130173584013278,0.049350413552141925,-68.68280676477107
340,6.8,0.17060082495503964,-26.462214569866283,-0.29573559288419393,34.21827736450561,-0.2124777148277536,77.27251100598558,-0.028408202863976034,28.8198242620798,0.07591061158937197,51.850214510730325,0.00029871790549099164,89.69892407864947,0.02837509603078539,-13.017236788401991,0.3513619759585755,-33.613613487050166,0.028733344127584992,-66.88859374721626,-0.016289291141748728,14.846928462828,-0.024239278557195557,-29.598457660465616,0.03186605203108234,-68.70342766157401
341,6.82,-0.04789845941855986,-25.70185479501032,-0.2469756228943341,34.01407042604849,-0.13684068808748268,77.27251100598558,0.05492714547994049,30.76052103552978,-0.8348823243448324,50.162946039155116,-0.04120974357950524,86.77560207652668,0.0712685724758062,-13.017236788401991,0.29017243528897313,-33.46206062455757,0.118267884886993,-66.1865428783098,0.037776976667155404,14.846928462828,0.1948493916968991,-30.04710532886381,-0.006667895501664023,-69.1717091234452
342,6.84,-0.14404559774297737,-25.97603335393743,-0.27328018590969044,34.041379376565004,0.06017173951976024,77.74963044206842,-0.04870394576011963,36.9137470075436,-0.3122876738621374,45.368435207279106,-0.022058885213676965,86.77560207652668,0.048988776022372255,-11.32324075881258,0.29940704734622775,-32.8348124897306,0.06938923458266308,-65.70426357158736,0.027661334345310082,14.846928462828,-0.010957516155795544,-30.04710532886381,-0.011504127739387693,-69.93989588393299
343,6.86,0.06557385521547152,-27.622520582518444,-0.290984906532271,34.1079084608322,-0.1283605324889236,77.77388762942924,0.14306814502642443,38.337902262104635,-0.24040351083088074,37.577355107410256,0.01855221783741573,86.77560207652668,0.06588368256514034,-11.182800355827538,0.2612135030803431,-32.576836143228235,-0.03306474481338714,-65.70426357158736,-0.02208426899041534,14.846928462828,-0.0149895861095376,-30.552675223190278,0.05347032774677571,-70.6107920006979
344,6.88,0.0011159146223671326,-27.542448276799693,-0.1515991459865273,33.840469532716206,-0.11129616170371498,77.75095624754312,0.09137799874039233,38.337902262104635,-0.16944176778012743,34.80870155418003,0.07746226879005283,78.83798262906062,0.051637575116106026,-10.97043112511318,0.19287160126386477,-32.576836143228235,-0.07096480703315003,-64.41177638842257,-0.04631511035156191,17.195646477987655,0.16471341925497773,-31.477301277951355,0.08390828590541682,-71.01463663335751
345,6.9,-0.03249893622588703,-27.283751607752393,-0.13611877330234917,32.80560790798373,-0.10731325697099486,77.75095624754312,0.07189042967073474,38.40252072038292,-0.18608751624308292,34.80870155418003,0.05699804113071438,78.50231441024253,0.06575191511367195,-10.959362647954237,0.2090433325877342,-31.57418943256024,-0.05067953799473035,-63.77301871045485,-0.03302186704181711,17.407306178702786,0.14048780880679765,-31.58654514224489,0.051299552528210335,-70.92327470589719
346,6.92,-0.22093914608198312,-27.6721878265594,-0.09008968794615785,32.59090264122489,-0.06865349284953245,77.90841843869734,0.15185572196152636,38.18605231418904,-0.20688292178020762,33.37244837275892,0.04823492058383072,78.40964875495452,0.010019162938028799,-10.775963520423565,0.2489161017011676,-31.75262714841193,-0.07131767934088717,-63.737249175624406,0.10147438285684657,17.829759319058816,0.16049455059217993,-31.856905483677355,-0.04451704275572685,-71.32413095042516
347,6.94,-0.17741854241482696,-28.164014953640358,-0.14030796298016301,32.56590580015496,-0.07929774810418172,78.17321147756627,0.18601488784690587,37.92605580751277,-0.204660567505587,33.37244837275892,0.06140481654718016,78.36376795459479,-0.02113796384959417,-10.480032611075375,0.24247205082783124,-31.824135859418508,-0.09030279266157454,-63.470940519232556,0.06862121974876792,18.081283593197075,0.16513858209911514,-32.18088961390841,-0.0024105101662423023,-71.65752429780046
348,6.96,-0.16388485787109042,-28.306975585794685,-0.15348008533287005,32.55615232547938,-0.08160948350351316,78.19406015937336,0.18712816129273752,37.49418624125664,-0.20352434661400576,33.335454947711014,0.06360977168102527,78.36376795459479,-0.031157827003303138,-10.131987426275344,0.23862672245529504,-31.827083133885658,-0.09099614121948421,-63.43023382351887,0.06240162843902408,18.64522896725534,0.1708740411886096,-32.18088961390841,0.014931458357983318,-71.96060000749114
349,6.98,-0.16364565796257619,-28.50145144746567,-0.1447700118405068,32.584390126645,-0.07451207859664902,78.22105762514963,0.18071050219621343,37.42062583112568,-0.20174538979646345,33.30707308212053,0.06360709972828726,78.24721749221197,-0.024170666780084723,-10.035125420687132,0.2400861490840749,-31.830450122143716,-0.0849894698450264,-63.30045741874867,0.0708924699897012,18.64522896725534,0.16864456543415585,-32.36202085104705,0.01647488349136647,-72.07864868253208
350,7.0,-0.1713157799695772,-28.519266007946275,-0.15249765700193652,32.590045989077154,-0.07226895688315554,78.16667389310659,0.1787560625587855,37.4278382492413,-0.20221501987105553,33.31189261678841,0.06163765831208726,78.21962331943601,-0.02234720567257963,-10.032963228419714,0.23978941412833135,-31.823315775941136,-0.08513823803949858,-63.305049152061486,0.07186971034543685,18.715954926508992,0.16802856817804745,-32.3903405574463,0.010147651512015299,-72.10200358555713
351,7.02,-0.08074779066909132,-29.695848479736192,0.0638440461580141,31.439153473363888,-0.019296984406288936,78.39228982703072,0.08720195284165422,36.294573113915256,-0.29768436243098395,33.2068007475618,-0.17113526861194028,79.16599479235492,-0.0694391664352198,-11.916251188732696,-0.7170710026000546,-35.3074061342647,-0.876915395974321,-63.305049152061486,0.20425530485137222,18.740967260136628,0.2820866507390985,-32.503267577619425,-0.006788789336863277,-73.03201942562721
352,7.04,-0.014348902686290715,-31.650885801264373,0.08430693116379577,30.483727396601846,-0.013344260817939019,78.3619431580073,-0.017274081215102394,36.066172731587784,-0.38681263606821714,33.94647080518546,-0.12919412014271334,79.16599479235492,0.05027823190279529,-16.970858264182475,-0.16835084536608746,-39.8022600383912,-0.32814106726544445,-74.99221166556023,-0.0719683688110343,20.651073357853285,0.38727259041023726,-34.36351510683571,-0.0028391998557215914,-73.13799057515052
353,7.06,0.022342176744528486,-33.12864430674351,0.06597794201643904,30.313197738651375,-0.004405995635606841,78.29751977120272,-0.08332974199875454,36.066172731587784,-0.41569566055139023,35.29671202565032,-0.06342235730324586,79.74909991422835,0.08089779448525296,-18.23256257197075,-0.05753953399910716,-45.64074810914406,-0.02601967796727489,-80.04669773722698,-0.1801947463934572,20.651073357853285,0.4286747749898967,-35.13244615552517,-0.011963548717630668,-73.3517132141317
354,7.08,0.04016704347698287,-33.64068374235004,0.0712496140100788,30.248280014828065,-0.004108614586589621,78.22584524882278,-0.09873989414811425,37.15323681889614,-0.43845718690237534,35.65767552413981,-0.035987013999523476,79.64773021027631,0.06606585280697125,-19.094926150770345,-0.07709505196058314,-49.24026256336997,-0.01029387802238585,-82.93788810756043,-0.17608369505894114,23.639948892336204,0.4282840090408558,-35.13244615552517,0.002764950901031099,-73.4485881096662
355,7.1,0.038092194139208946,-33.72472243998507,0.08031692430134958,30.111137565237474,-0.004871864073276472,78.22436594440576,-0.08879283579891112,37.15323681889614,-0.4368118425454829,35.84001000031866,-0.028581401891404623,79.64773021027631,0.04342982971824498,-19.27364227123047,-0.07642066699837426,-50.028373471318055,-0.005702305347372871,-83.43002311363203,-0.11533406423860323,23.7412041580703,0.4228932311485015,-35.13244615552517,0.016065806591490317,-73.70058239904579
356,7.12,-0.06965935322704361,-34.72532509998579,0.11271708371821211,29.848983262435564,0.04497511652657221,78.22436594440576,-0.14773147484514068,36.60748033446878,-0.4032819007730622,35.843560211005055,-0.13482309250785507,79.18820780874502,-0.022851573649333656,-21.52953228453631,-0.053026168275721305,-51.022096454074834,-0.01643018060787199,-86.75102715423765,0.19549344978138058,23.7412041580703,0.5589480205910067,-35.52700103282866,0.45286147497634616,-74.50503847149652
357,7.14,0.037697096553928944,-35.952083071075315,0.09874396522227641,29.848983262435564,-0.001614189028637747,78.70324425528241,-0.11090052318859286,35.3638365761838,-0.37540507693623837,35.641945662832214,-0.036577026572477966,79.06200953636971,-0.1139244083475073,-24.505187506896608,0.12348087533240647,-51.712513154113026,0.044810934380655365,-89.12359889707918,0.030472503012018315,23.459330748212444,0.3846360431749786,-35.37954223795004,0.0034932261494172168,-74.50503847149652
358,7.16,0.028907749536172114,-36.580535148480834,0.038695006144775446,30.284433497027127,0.004204980571259231,78.71698281690837,-0.06859399464727942,34.884683700754074,-0.34181727822747937,35.48265835722024,-0.0007711788940891751,78.46313797473826,-0.09336007093370446,-26.83663336644617,0.03123289782183311,-52.47889271009907,0.003470325021438264,-89.56208448611777,0.09593712854734147,23.79262361044191,0.32533963540494715,-34.69059950951847,0.004951835126965454,-74.86693558008085
359,7.18,0.015300555030617159,-36.58797022440243,0.058955717316188885,30.284433497027127,0.003457098460479119,78.7260961797087,-0.05005098801903293,34.884683700754074,-0.35307987857013945,35.04878465666608,0.00019704371804454834,78.0441756695496,-0.08722673131163883,-27.195202113285333,0.01086396545698852,-52.91275239075667,-0.010074318795330633,-89.97861608346909,0.12388602403597976,23.718054985061876,0.2881107430820334,-34.637438864600774,0.025735481603637422,-75.10863650895665
360,7.2,0.009760819448811589,-36.58797022440243,0.06343515173420501,30.30762761715577,0.001207435742537094,78.740448682314,-0.05171088308879804,34.0639316905817,-0.3666841267073669,35.05967990815301,-0.009565928237477483,77.98251707721477,-0.08187545089327242,-27.44331241027652,-0.0008864318446553526,-52.84417842996996,-0.009991081832532528,-89.99448088121939,0.1217184315303568,23.48807808915304,0.29325033894605446,-34.24909538748332,0.05204819119084497,-75.3675286065522
361,7.22,-0.0327034084569737,-37.05731453969088,0.0146778024128882,30.61878192523125,0.018144476004629623,78.740448682314,-0.1518311250693357,33.1432864745314,-0.1711075239378359,34.40624673547449,0.06905836095372042,77.98251707721477,-0.1983946723230967,-27.848150899034263,0.9401559301093318,-49.264453907757975,0.10996794052035241,-85.2883432314716,0.409689952903639,22.83427147785443,0.08464926631613184,-33.50865358523843,0.49549449356470326,-75.3675286065522
362,7.24,0.03550064877491063,-39.34884261412467,0.04772889161222156,30.520069250520475,-0.003202758400160488,79.14339175387985,-0.20424556382067993,33.1432864745314,-0.228455830850117,34.223863826631614,-0.07016546982845384,78.06281957425203,-0.1373688571929741,-35.03619066610239,0.4176031363940562,-45.069256930235646,-0.12930309065231807,-83.87119636795256,0.25035207352316063,23.56144592327949,0.12898302615326532,-32.95588814080376,0.10783235829810411,-76.50574089395917
363,7.26,0.014093964003342126,-39.34884261412467,0.05419251099333586,30.520069250520475,0.003887592373641724,79.1465801735588,-0.21351787766655864,32.73909248664534,-0.28457599273994594,33.81190994487579,-0.06567666250587281,77.87578441672804,-0.15204247179934946,-36.844929158070485,0.06469767580488955,-45.069256930235646,-0.06678472499929747,-79.42685934000512,0.22390111759085707,24.276604971970066,0.11083275434378331,-32.54451367541522,0.10442066962356017,-77.1191130568339
364,7.28,0.06275900579075802,-39.34884261412467,-0.12616175903846752,31.69005038495471,-0.2856844434475057,80.70760182629473,-0.06898008860425614,32.16694785985114,-0.1343481487680925,33.33176485208405,-0.003954895703159628,77.68465119694852,-0.10594331558347869,-37.63901567612569,0.1786300812878503,-45.069256930235646,-0.11899800990058579,-79.42685934000512,0.02280349256609243,24.977830696643355,0.24272523060823026,-32.73592591393385,0.10520050083599428,-77.03830334710722
365,7.3,0.14892992092924034,-40.714892405159304,-0.07742429032044756,31.69005038495471,-0.24904387443184997,81.53509545233821,-0.06555454386914719,31.491839066127135,-0.1424101718463821,32.74229975886727,0.019529414868869915,77.2664350700735,-0.09691439955288586,-37.993632214182355,0.18552385337051952,-45.069256930235646,-0.14838332344749286,-77.75730922919409,-0.010334099316309978,26.45639001087038,0.1701305827921674,-32.87450066767759,0.055880291045416586,-76.85335992311543
366,7.32,0.18359212658319962,-41.206150385963284,-0.035177408992387874,31.71592907805436,-0.21694550686665293,81.65828792038141,-0.21617263172648438,30.616364933932203,-0.15569051097178815,32.57761137735369,-0.000906504897883964,77.2664350700735,-0.16932014712694235,-37.993632214182355,0.16734686129303095,-33.36277750518712,-0.0128860780603203,-77.80961790520591,0.16504390080393053,27.430753185988667,0.1613276969386609,-32.750645668844946,0.014040173223918678,-76.85335992311543
367,7.34,0.22094629061429732,-41.80565438939646,-0.06502854625976298,31.76373747342607,-0.2003610515055178,81.56138925635443,-0.21823770430616904,30.560560578224234,-0.1513920157336608,32.5957981386069,0.012068995884364248,76.38207862430335,-0.1911108500612267,-37.71227538020439,0.2004680800846978,-33.300865662974154,-0.06952684670501488,-77.80961790520591,0.18687241825729142,28.227385328410467,0.15353786468269648,-32.66323483355313,0.05249209036435609,-77.35886046173478
368,7.36,0.22932643762777669,-41.92029553067253,-0.08103115419198911,31.848264020853897,-0.17615581107712003,81.40044921729374,-0.22978573290205773,30.15740447070984,-0.15994870942057804,32.60913438311443,0.018054796375982007,76.01651312926415,-0.1845606557355344,-37.49232743491341,0.19865842136350215,-33.264341786990556,-0.05027342600622639,-78.37296784341605,0.198150952708902,28.309970316793553,0.14971174590085393,-32.66323483355313,0.06688702426459242,-77.61178619318993
369,7.38,0.21930738943515662,-41.92029553067253,-0.07451379765513753,31.8579812084148,-0.16310677232149964,81.14579021447524,-0.23364926216586304,30.159446578140045,-0.16413857923656577,32.708233215013436,0.015480387974804416,75.957337372534,-0.17660901120957623,-37.52181827467544,0.19934990486759596,-33.25288903220988,-0.044459731758892757,-78.50639080700137,0.20596193417277778,28.264769065922618,0.13846745069283645,-32.56681391147373,0.06474120321822871,-77.64159669636925
370,7.4,0.21717386824475768,-42.01515611611567,-0.07454682397453082,31.857981208414806,-0.16051688550892126,81.06788926534905,-0.23614490871088573,30.18765162136755,-0.163102994951687,32.73921376499864,0.013364073631380008,75.93673040845287,-0.17526729057177884,-37.55926636459628,0.19848690060067883,-33.261217215101155,-0.047097460674139724,-78.62303036025386,0.2062025076529102,28.200138136340694,0.1336132854323201,-32.473652250441596,0.05916469793339882,-77.66862774511246
371,7.42,0.6660866329543969,-40.60771087101295,0.9414,37.42864711563717,0.13213759366120104,84.53252759905624,-0.3639859311175738,30.024859638785475,-0.35239475451460556,33.5756666830307,-0.033585713406121404,75.47092717925251,-0.10423397026275441,-36.83428217615561,0.10359448833026078,-32.54545123019589,0.0038286612320365676,-78.65329065527695,0.21702175623781983,29.410627684901637,0.09891390511576664,-32.41889821116571,0.03010730931059849,-77.97836325107282
372,7.44,0.06660997669015878,-33.3017065366666,0.5244543332621081,42.22315794656639,0.032204638779400774,87.30747042147118,-0.23935793887540557,29.08202441555673,-0.38896371097841176,34.53846189723277,-0.12204314063598706,75.79168772423299,-0.12193462507778041,-35.5441139765328,0.03636474287033503,-32.124678431789626,-0.07954703703034996,-78.65329065527695,0.12116162250125184,30.622802466550123,0.2653965786201706,-33.534751739644804,0.06441331706836695,-78.18667398575148
373,7.46,-0.05520254039444328,-29.680822780242323,0.06001261649298617,44.62041336160953,0.014204104680971164,89.28663139463515,-0.00593911891715973,27.187280170401884,-0.34486914225343573,34.85207507192911,-0.10372284836403345,76.00009135477292,-0.04536497001136838,-35.5441139765328,-0.06167766855671808,-31.30654174665786,0.0016001736332640626,-78.65329065527695,-0.004885754627777655,31.356153178748364,0.32856870839350627,-34.077815717159865,0.1544652107998861,-79.21867390801397
374,7.48,-0.052773454607364885,-28.50526761982209,0.03656276774109907,44.62041336160953,0.008182256486034073,89.71628967890278,0.1248019229222184,26.001609690581056,-0.32729231012596494,34.69524408247205,-0.07637834060482648,76.00624933394784,0.0123925594925101,-35.5441139765328,-0.10116928478363149,-30.943347642942157,-0.000281166447351322,-78.53716294427008,-0.12547032829245394,33.291117484591524,0.3320498945233816,-34.51118846500517,0.17046871198331673,-79.43917913398973
375,7.5,-0.05773282267954375,-28.104680626872423,0.03720079733124483,51.283029790781924,0.006923034665278077,89.80477889398288,0.13500961530088249,23.895927012197586,-0.3320072384280486,34.61598392973232,-0.054319504318197126,75.81653498699903,0.03335042789137836,-35.5441139765328,-0.10500270392077689,-30.06841869258299,-0.0006129384437362495,-78.6904113090939,-0.17976875961714633,34.544709882599314,0.3270758002244597,-34.61037991025766,0.16273219075591544,-79.60681474286481
376,7.52,0.4247619339393449,-25.966655011208527,0.25313952270543305,51.0880758008727,-0.02542329494225859,87.34404438836684,-0.16034278893800258,23.895927012197586,-0.3379344830647948,34.46200754066296,-0.09637116740237128,75.0832159017202,0.0032251546411734278,-35.5441139765328,-0.08188270071323368,-30.047980814220818,0.0007309257584612594,-78.33232444137911,-0.12395891525583651,35.23182928525833,0.3245337573920867,-34.61037991025766,0.054721002210226716,-79.55124879573184
377,7.54,-0.031000354835712618,-20.613587387864435,0.06371935423753075,50.8210284628038,-0.010796166053531175,85.64671393364344,-0.003222130578509133,23.254007986169974,-0.34502588805432854,34.53322827532595,-0.11078256038265913,75.0832159017202,0.007685499956376657,-35.5441139765328,-0.10467013950939293,-29.955665401880847,0.0069640415046169635,-78.30980380383892,-0.1272969701057188,37.12649519185112,0.3714250053058507,-34.61037991025766,0.10362133453114089,-79.48601562837177
378,7.56,-0.05458164683064562,-19.384873598316474,0.049942560090858026,50.7936497892408,-0.008683522220692269,85.88685150752809,0.08741227284100417,22.110100278730837,-0.2007033367350956,34.13398684321415,-0.034852492951081226,74.76602274799887,0.017754688266551834,-33.8888127190814,-0.03362976010015731,-29.853078740753464,0.0077039272771713685,-78.25168186095694,-0.16133325421817785,37.74908385883954,0.3581381466484975,-35.05093865082717,0.1466919276993872,-79.48601562837177
379,7.58,0.1064696927841858,-19.691336035562138,-0.15404911674935184,52.369311106997515,-0.14721864958715905,86.1749990631521,0.0934945993116714,21.644975060416865,-0.1744176307068974,33.247048490290666,-0.03277086650922004,74.27784605071828,0.04266010579786182,-33.8888127190814,-0.04574767012198168,-29.853078740753464,0.007793537106697723,-78.24114531968776,-0.16514124332187644,38.126137480183836,0.30310413924616175,-35.05093865082717,0.04532877443404648,-79.4342547190322
380,7.6,0.05622927366239425,-19.691336035562138,-0.08430180208984973,52.264667816165684,-0.11976196062202554,86.24359961374877,0.06898196020672416,21.222991820455434,-0.20048517411490352,33.01780130637759,-0.06709008821947532,74.14782415444172,0.03538058937184174,-33.896694995096,-0.053831026518205274,-30.35983646597805,0.007883146938042984,-78.24114531965523,-0.1372687039827683,38.23582510931391,0.2877287739431661,-34.415055235645816,0.02698819350484094,-78.97319304857082
381,7.62,0.4827157371998869,-17.84735204712934,-0.9414,49.30913106063593,-0.9414,81.42250208082064,-0.16450198773193406,21.263114077081376,-0.14518293334224014,32.33300981083846,-0.08525576616079544,73.84933775761328,0.008642758288111035,-33.39329757513103,-0.017483754066731805,-30.86769159808145,0.0012010598217087332,-78.24114531965523,-0.05403848037902917,39.15294523824905,0.2590693579127298,-34.29978858205238,-0.7493045951617427,-78.34105727443888
382,7.64,0.10325661778507456,-17.84735204712934,-0.8744538616424455,42.417021740026044,-0.8722870390005903,75.72902046380615,-0.07475757207110179,21.19003361551705,-0.22697244744295814,32.38067914701784,-0.14121250959109796,73.21922704431199,-0.006828175796978392,-31.319730197846475,-0.0668657595092553,-30.615418415373913,0.004920349855023487,-77.50320734297998,-0.048497565292269104,39.67509155630797,0.30830000866292684,-34.3153644980108,-0.10599044941419256,-78.19353248860851
383,7.66,0.025793824298773027,-11.85491578009024,-0.35187524899711176,36.53305423647347,-0.37594887136510535,69.98938527344696,-0.054953475829538884,20.73849161958092,-0.20469881305192472,32.996330540386644,-0.051340789429719674,73.49196010596218,0.037268324897802754,-30.81023927447259,0.18231002783051442,-31.629675088450494,0.24873942215737166,-78.36551710381178,0.007060324706778195,39.93208933654353,0.35138458591203925,-34.3153644980108,0.004886294456146717,-78.49937440283713
384,7.68,0.13758165127463193,-11.645096148041713,-0.15408849920338086,34.45935610032002,-0.0347115218543268,67.26764201128479,-0.08296737273519131,20.283836031416325,-0.12199011552694783,32.5491570213866,0.032479547644893525,72.72778431754028,0.06165279812104256,-31.049518971305268,0.0910822741958539,-31.995533887729245,0.2205916933494965,-78.36551710381178,0.040604693981138654,39.71471320330936,0.10270288523684237,-34.3153644980108,-0.010925984183813242,-78.70015320029854
385,7.7,0.15396178390645418,-11.875217121245846,-0.15401404566102944,32.39532147812382,-0.013630400640116253,65.28204686470565,-0.09472894694485837,20.378761812127568,-0.12271194981342556,32.10694593041951,0.02500365117809783,72.00402389666623,0.05756286629787792,-31.107325129126323,0.09750148431306145,-31.99907075440165,0.222181755874006,-79.72634695222686,0.033435853885411246,39.3728177792787,0.10497200741840135,-32.517722450406836,-0.01007378169270537,-78.7033749428333
386,7.72,0.14941456700515032,-11.90193914959519,-0.15742738695366265,32.39532147812382,-0.04927160809484418,65.05718759807499,-0.13617965758239767,20.23112739675037,-0.11297172580078639,31.836676882182605,-0.011689988537584434,71.72843429342822,0.19892874749741513,-31.107325129126323,0.10183436383952349,-31.96073169051842,0.2584296340206712,-79.60043297760485,-0.08089413282089253,39.440520144736915,0.10417383660891821,-32.32697307097008,-0.035374361331533793,-78.55498613037035
387,7.74,0.13394901518620497,-11.777507002886582,-0.1599513839338424,31.037165254314445,-0.0783798074092216,65.08286647238909,-0.07821474658495553,19.378664940557908,-0.11401643717913121,31.605372656153534,-0.029153213100382186,70.74788236256782,0.16712121343022565,-30.120336539923485,0.10472984217583282,-31.96073169051842,0.20164480615553,-79.60043297760485,-0.11898198351051446,40.23399673961315,0.11941000922937467,-32.2294355719493,-0.0368818527460093,-78.51776462633235
388,7.76,0.11741458524410181,-11.660338129353557,-0.17478540425206368,31.081235439828333,-0.07942079647697847,65.08286647238909,-0.021992162008559885,17.85743293680323,-0.1076356478938719,31.55189394405695,-0.02629914497558461,70.65582630721408,0.15536555768265425,-29.69268542962778,0.10054405702338881,-31.96073169051842,0.16594408705304767,-78.66969335125744,-0.1370657955179856,40.53083141529018,0.13079155051452004,-32.2294355719493,-0.0224026620237123,-78.5425179203432
389,7.78,0.10870020786461405,-11.573970986221898,-0.18601486066239278,31.18798225227611,-0.07878494176204065,65.08286647238909,-0.009093332367987733,17.85743293680323,-0.1133652808130366,31.482350044653277,-0.027606353479434187,70.65582630721408,0.14929068403613863,-29.502440204143056,0.11104061935065786,-32.065562791491146,0.15858862899611156,-78.46680446947484,-0.1435182374065617,40.838539743556645,0.13907858876160772,-32.386689786673635,-0.012476187207337147,-78.66014175173136
390,7.8,0.10775285733834464,-11.477614070355749,-0.1905075570371395,31.214609136811887,-0.07938201604772985,65.12353935378779,-0.025778987085950195,17.23011415583173,-0.11067202162124239,31.491736294145376,-0.025237915239898906,70.57669284107699,0.15407072560252183,-29.502440204143056,0.10754660567078728,-32.08386370227193,0.15801826840059377,-78.21706162578849,-0.1362988859841304,41.09940613238985,0.14132737041154286,-32.51320468741667,-0.00464698736663971,-78.71213517908666
391,7.82,0.026933250416610877,-12.15908060923099,-0.17689744078688802,31.680082888594164,0.05985126281995215,65.12353935378779,-0.019647021945668697,16.37068897652309,-0.00629834981260774,30.473772641232753,-0.052559865045764376,69.6458598521673,0.37538259595275103,-29.479175990449733,0.28404923466072246,-32.738495113595874,0.27051064881099046,-77.848057525818,-0.14375328137915255,41.09940613238985,-0.9414,-37.228516143411326,-0.3835905843911017,-82.92173791117717
392,7.84,0.024859847599904804,-12.359746143432213,-0.3373526355029004,31.680082888594164,-0.06774236679202547,66.64660904421756,-0.02402208869961884,15.4561303152544,0.04423856661745233,30.29609004095658,0.033332069827999244,69.38595244112418,0.20676092633772863,-28.64641553451975,0.3280146802578494,-33.53745458494283,0.3139317314445882,-78.3564359730662,0.07043052762860158,31.289291520384623,-0.4568158922219069,-42.02302697430696,-0.04224148234345759,-87.34899526720879
393,7.86,0.05626545252133179,-12.85589566678708,-0.3646586225056292,33.38385761330986,-0.18034156218675976,67.87208518774302,0.007500964935986683,14.845047049979557,0.06110685031017793,29.63358075743849,0.0058881498220820505,69.38595244112418,0.005827615978918871,-28.64641553451975,0.28086986193004926,-34.124718163367895,0.27427272308295825,-78.47505230515121,0.06563897928047996,29.288755254486013,-0.06664703618180767,-45.01959624304752,-0.017217122856745704,-88.5769968024179
394,7.88,0.09872795951939042,-12.85589566678708,-0.3257211242206052,33.37725013416511,-0.18404546536023525,68.24120573588375,0.0019327405355267537,14.652105902160825,0.08632949228644368,29.264870305689218,-0.004714933323363035,69.38595244112418,-0.08617571203072849,-25.532471802019796,0.2607774213624038,-34.082052632422055,0.22890074020225398,-78.19880523333127,0.05825350649814483,28.865154014939883,-0.04798727422712995,-50.32589600978494,-0.01000655181173185,-89.29559163485689
395,7.9,0.12427362268607228,-13.594303488699014,-0.2987390401276996,33.10684117317366,-0.189446073622621,68.48781576197376,-0.0034621975268229934,14.652105902160825,0.08760737673204773,29.148622696522636,-0.004792300800731841,68.42176474003813,-0.07637062271939134,-24.442973116119447,0.27092691499791355,-33.90127870595398,0.19381836022543836,-77.85315970586018,0.04830052793394338,28.10478469076123,-0.05270882046674846,-50.32589600978494,-0.00566900338897619,-89.48271997466696
396,7.92,0.05362734854927949,-13.594303488699014,-0.3311834624677088,33.43040858616522,-0.051890186639326014,68.78424053433228,0.009212450365372896,14.448170541186338,0.0657726486740345,28.793302224116882,-0.0078087429650961215,68.42176474004377,0.2255264967105103,-24.656661855696505,0.2901183131260642,-33.90127870595398,0.24438054433754602,-77.85315970586018,-0.02170283025996128,24.13175687209262,-0.0837320715432872,-50.836148718712266,0.0870086561208917,-88.32715478370189
397,7.94,0.08781672209741585,-15.020109069499986,-0.3450795361583965,33.663119005755064,-0.11454301271811701,69.53917289909771,0.0020698374246807053,12.651066038571503,0.07510335412872894,28.793302224116882,-0.002433362612452833,66.81929283374132,0.07268448736064248,-24.043337968645982,0.3096462073533726,-33.899387787093076,0.2400774430776591,-77.85315970586018,0.05575271661135828,20.83383739104234,-0.07042988398721742,-50.836148718712266,0.015499417885340233,-85.45262220033501
398,7.96,0.07395043815932183,-15.37859789753368,-0.3287061066693063,33.68447267574727,-0.19541871333994848,70.20418749250639,0.0010032799334970463,12.58860186381147,0.08225396136383097,28.64246998463166,-0.014300429979970664,66.81929283374132,-0.01918375057658195,-24.043337968645982,0.29212413233863443,-34.13298682953608,0.19553187513880627,-76.53275881444613,0.04419140381746141,20.83383739104234,-0.0710698045552029,-50.51359764294375,0.013729089110994241,-84.98768681817494
399,7.98,0.08474112281647689,-15.535055508827618,-0.3221072262847794,33.633197850034875,-0.22672703164533145,70.85822863340998,-0.002484892220782185,12.363031566299494,0.09132563038097674,28.56800664386868,-0.01360331506271134,66.47493048251805,-0.025878104411326625,-22.8734660430507,0.316233528540969,-34.16018368868392,0.1706909818655197,-76.17559311540107,0.046224441896327635,18.524429333395947,-0.06606936288745159,-50.51068852827582,0.012345420076399827,-84.70127716970809
