Time_Step,Time_s,FR_hip_torque,FR_hip_angle_deg,FR_knee_torque,FR_knee_angle_deg,FR_foot_torque,FR_foot_angle_deg,BR_hip_torque,BR_hip_angle_deg,BR_knee_torque,BR_knee_angle_deg,BR_foot_torque,BR_foot_angle_deg,BL_hip_torque,BL_hip_angle_deg,BL_knee_torque,BL_knee_angle_deg,BL_foot_torque,BL_foot_angle_deg,FL_hip_torque,FL_hip_angle_deg,FL_knee_torque,FL_knee_angle_deg,FL_foot_torque,FL_foot_angle_deg
0,0.0,0.2602506035128132,-16.551820346700776,0.6715978026154007,38.43082852712729,0.8113121934537638,38.24795491191512,0.14481505270985154,8.507629401137867,0.7145601315142253,37.45178869140681,0.805096472908209,36.86919833004376,0.23112901867749808,-14.27030285510071,0.6643957368724159,-38.09595985238309,0.8155491924007569,-37.77333014737315,0.15765225142785674,8.32357517406579,0.7307880625789095,-37.62574715574158,0.8164304076849813,-36.09344727464718
1,0.02,0.2604236449128998,-16.551820346700776,0.6716295558777825,38.42955142480455,0.8115059619427044,38.24795491191512,0.14494026396412363,8.50754245697334,0.7147085624007009,37.45035304799288,0.8051049869944422,36.872262839625,0.23112316079959302,-14.272746969753198,0.6643046362447796,-38.09595985236687,0.8155561377436963,-37.771378801739324,0.15741800816874157,8.323575174066036,0.7309231860320942,-37.625185982361046,0.8164278455713103,-36.08595277579416
2,0.04,0.26055091416832277,-16.550697998613817,0.6716337098207974,38.42559992864763,0.811682427621333,38.24795491184161,0.14504619885719222,8.507187288988103,0.7148613023040904,37.44918383711415,0.8051144241174039,36.8737407145839,0.23112149781275995,-14.273880099602584,0.6641962989576268,-38.095959852353865,0.8155642494865348,-37.76976960444449,0.15716605222137134,8.323575174066633,0.7310624843224758,-37.623410753954644,0.8164247303914796,-36.08454926226618
3,0.06,0.2606480240666682,-16.550516758825843,0.6716295373618597,38.423193486076414,0.8118720761567343,38.2479549118123,0.14517686225636525,8.506099102504132,0.715021219312153,37.44918383711415,0.8051239110023806,36.874903954768826,0.23112594284752952,-14.274752745079914,0.6640715885480464,-38.09595985234247,0.8155713862278433,-37.76859415062885,0.15685690769853894,8.323575174068182,0.7312094712695624,-37.62091922153938,0.8164226385618423,-36.08078203681088
4,0.08,0.2607376215289499,-16.550448165564553,0.6716405551696427,38.420855690026805,0.81198628984823,38.24795491176156,0.14530789173189726,8.50554929903789,0.7151832331322553,37.44690291132036,0.8051331031459633,36.874903954768826,0.23113763451144545,-14.274752745079914,0.6640429561015628,-38.09536307844837,0.8155767056556164,-37.76686868021189,0.15665890902843135,8.323575174069575,0.7313552303901971,-37.62038182984317,0.8164222621736714,-36.07775435867352
5,0.1,0.26082998462418494,-16.550448165564553,0.6717264564455001,38.420855690026805,0.8121130968514054,38.24795491176156,0.14541102967382089,8.504900706162072,0.7152734991710047,37.444692594504005,0.8051431104696093,36.877159792509374,0.2311724588830538,-14.276219176478563,0.6640579421221217,-38.092912340128684,0.815577715063395,-37.76365182315895,0.15655380409254252,8.323575174071056,0.7314253121288526,-37.61751766786166,0.8164209489854455,-36.075474038475576
6,0.12,0.26084963750327994,-16.550445905750305,0.6718046756555213,38.416436682685,0.8122869539110007,38.24795491167696,0.1455151012641377,8.504288368823797,0.7153084492625358,37.443069282438096,0.8051482888696906,36.877460704257075,0.23120381865413225,-14.276219176478563,0.6640028705652918,-38.09193215016076,0.8155758534953819,-37.75949091972808,0.15633208287556832,8.323575174072992,0.7314779525820698,-37.61482348602498,0.8164205640424044,-36.073305619990506
7,0.14,0.2609266653636973,-16.550445905741082,0.6718557667538603,38.415355593949236,0.8124124187990581,38.24795491164551,0.14562760702307279,8.503714540388552,0.7153494090416971,37.442110425653006,0.8051504901713155,36.877842615161825,0.23122588950969694,-14.277817105416943,0.6639686266723218,-38.088196236032104,0.8155725379037039,-37.75664727001703,0.15618343527420278,8.32357517407469,0.7315276254617429,-37.61335980724072,0.8164204859944213,-36.07090800269496
8,0.16,0.26102022912878314,-16.550445905735355,0.6718996976586659,38.412334121287955,0.8125123012004689,38.2479549115797,0.1457426518835717,8.503714540388552,0.715407745991579,37.437762899636965,0.8051526288784824,36.87814698600492,0.23124569850513607,-14.27800777588473,0.6639587410742012,-38.088196236032104,0.8155684009557335,-37.753187859375124,0.15606985028897363,8.323575174077934,0.7315813046808002,-37.609940816280535,0.8164197914033053,-36.07001368016943
9,0.18,0.2611136639177245,-16.550445905730268,0.6719507361465078,38.409237336394064,0.8126135152020603,38.24795491152085,0.14585543489337516,8.503714540388552,0.7154760733531275,37.437422538590695,0.805155541639944,36.87846382604271,0.23126797571679322,-14.279138757581865,0.6639587962874753,-38.08107864119098,0.8155639332255369,-37.75164068554043,0.15596059514954036,8.323575174079144,0.7316423084261928,-37.60778967565944,0.8164185896216474,-36.066975623658564
10,0.2,0.26120144122745276,-16.550445905721748,0.6720098954506456,38.40837403582368,0.8127240872486186,38.24795491147326,0.14596555493123606,8.501750510884422,0.7155476172264111,37.43353760240814,0.8051588932009238,36.878782334668955,0.2312929611422738,-14.279977537417452,0.6639599763779581,-38.08107864119098,0.8155595218493745,-37.74768362968723,0.15584330945501595,8.323575174082444,0.7317089679772228,-37.60521335925257,0.8164173742362011,-36.06426771461393
11,0.22,0.2612863581330458,-16.550445905721748,0.6720720296032153,39.21436790251588,0.8128399035775554,38.48450695654251,0.14607468885369776,11.877111391421433,0.7156191137062875,42.70839726304705,0.805162247455223,39.27618236644575,0.2313189214750732,-12.980064445404546,0.6639597181025517,-38.08107864119098,0.8155553513794856,-37.96182100389374,0.1557207531297655,8.759845600994733,0.731777818297845,-37.2073777601225,0.8164164403518933,-36.954686199832345
12,0.24,0.4092547619622759,-16.964575037365773,0.8821183135100503,40.39504643491674,0.8249700227286221,38.3264226092397,0.20775181574956472,13.307705323121363,0.35374171011496863,47.78738614776334,0.75896402524817,44.227980697998206,0.36754836446471806,-11.481961293535411,0.7902485011274436,-38.59394066047454,0.7997320998403115,-39.88599372770368,0.22825812796329148,9.32460437407552,0.5263228254825844,-35.61049165231453,0.5012828412151483,-43.470053454062274
13,0.26,0.34053930891858186,-16.964575037365773,0.9105457667783932,40.73633512828969,0.8237916383000304,38.651937198272655,0.4623398791714909,13.286807010221557,0.330326071687337,47.78738614776334,0.7883328620744653,46.43199155606664,0.3092684698002057,-11.81824898546733,0.8492450969297798,-39.452557988201484,0.8099593032681107,-40.30341291776812,0.18992486380943627,9.32460437407552,0.3408663693999858,-34.521117496136135,0.3594876300475307,-50.36216278053238
14,0.28,0.4787602069755769,-16.536656410349323,0.8205495035972503,40.351548418909445,0.8071633758239195,39.218254785332185,0.4388296021299182,13.405577442690344,0.5502399979128648,55.99206234671762,0.7847904417919345,49.29925686791196,0.15925060138688377,-12.371126421269318,0.8972239441393584,-39.887288497087894,0.8264656944318287,-40.30341291776812,0.1387316791892693,10.318832455804204,0.4603265552031339,-34.78884898795892,0.4964378411074144,-54.337638379539825
15,0.3,0.6361704672373627,-16.025055776814632,0.7215350999042025,39.705113380597496,0.8036042904113712,40.12442346028377,0.37617357955748265,13.7481032723004,0.5028535692797502,56.62652690993501,0.7871098835239634,49.29925686791196,0.045035743616877164,-13.733077738669593,0.832623001122483,-39.72150329413219,0.8290724390173518,-38.997124777683965,0.18555581269921734,10.185200561615867,0.37472244382903896,-35.19131690706071,0.847785552442334,-52.77480456022571
16,0.32,0.7008001016074613,-14.310807402469733,0.6982700905077143,39.456690400900456,0.8043920837464497,40.12442346028377,0.29396935841942495,19.278621352367797,0.5236529150439837,57.69365852454893,0.6121788290691949,49.29925686791196,0.015237746143225346,-13.733077738669593,0.7859620720895719,-39.40368079393267,0.8276383188674268,-38.997124777683965,0.17785479721383862,10.185200561615867,0.6330753921643044,-36.233174630465754,0.8365255275043079,-52.62897908936156
17,0.34,0.863290298858559,-15.296099499545015,0.7339236729089859,39.456690400900456,0.8054912012916494,41.30547616354033,0.2739606259389458,21.82057355849712,0.5291633814737722,58.462656339009925,0.6288214027236602,49.29925686791196,0.004413874313409498,-12.400053755241414,0.7725124497009809,-38.94707039790863,0.823033314040619,-37.61950319844967,0.22766450708901767,10.185200561615867,0.6472431411430387,-37.0084666065021,0.8100461437702385,-53.70783704820106
18,0.36,0.6078274335510675,-15.296099499545015,0.6768260563738008,39.015450012762855,0.8213898498738779,41.08504750955324,0.5016148259932849,21.620880060591542,0.36910584293180365,57.76961325292171,0.8413284721724517,63.31075900664207,0.09742758779082074,-11.765868663465309,0.5972412199892632,-37.61220750740897,0.8240222661447106,-36.749996878573114,0.21843504147222878,11.964887743372199,0.6567087587419035,-37.0084666065021,0.79695611222891,-55.20734730101854
19,0.38,0.5425042817046614,-17.646287935549466,0.7118929771182506,39.01900917347194,0.8098860981834946,41.063311625880765,0.6812510199259674,21.620880060591542,0.4397409213924139,57.83446082780202,0.8455448798945264,62.20553397216398,0.23995707579256542,-10.27280335959987,0.6820722465216674,-37.68530301925613,0.8160058649162883,-36.69808110361445,0.10882565984387244,12.922837167841738,0.533958805714434,-36.88094790974187,0.6997562517179609,-58.40153331160497
20,0.4,0.5378318866071853,-18.167719991737385,0.7335652874225108,39.236025941377925,0.8209857825943155,41.013920474199224,0.669442028884058,21.620880060591542,0.464202384957358,58.15042449362105,0.8364985631432305,61.79095499334156,0.25785973614447144,-9.904044467237709,0.732879008151176,-37.78328746327861,0.8044925392639976,-37.05026282892866,0.10425424049883679,12.96712700815998,0.5777837041573975,-36.88094790974187,0.6589110215849925,-59.14249636040373
21,0.42,0.5874043096037103,-18.167719991737385,0.7424161051298868,39.265051970489566,0.8214267682623391,41.20353748912486,0.6287701702167966,21.79370498798701,0.4825762978900658,56.86287983114318,0.8189112843002241,61.79095499334156,0.20150181418348126,-9.115118557462017,0.7482914562856265,-37.81610826620034,0.8046676795633048,-37.05026282892866,0.15443351055329074,13.151825980896719,0.6038312311941102,-38.57157979921118,0.7009781542831627,-59.66156027687436
22,0.44,0.9480807107746203,-16.973120358525097,0.6136955877672973,38.12916697033256,0.8050905873186316,41.20353748912486,0.9160167388835612,22.900021402920512,0.8917224695458386,56.86287983114318,0.8572343413038519,57.87671172867337,0.22406913938266607,-8.071321567161657,0.6707821541926913,-36.71086128203069,0.8009092713091236,-37.804503190592385,0.15466904783026172,13.151825980896719,0.8907805938959721,-39.6570570189383,0.7702382251957056,-59.99484734479456
23,0.46,0.8959633029786044,-17.36542684929851,0.5133085975964801,38.12916697033256,0.8005203451192812,43.06849397271189,0.9137394881010077,25.459047881203308,0.8842542586508646,46.27816937233334,0.8635799121149483,57.87671172867337,0.29697654710242977,-8.071321567161657,0.48954618016053053,-36.02757728531543,0.7945552469925165,-41.02824998163786,0.13854917596776728,14.9469387617913,0.931409762329342,-40.426594445325065,0.8017111009234448,-59.86370274236331
24,0.48,0.6886647407668501,-19.036800261538666,0.5872916692769135,37.67581705563581,0.7938059374227334,45.45783458958438,0.9123102682894031,26.603793840657392,0.6835432759291755,40.37939036763882,0.8543670044454853,50.4813004514456,0.19158723188410273,-8.071321567161657,0.5783785303598349,-36.02757728531543,0.5718794777331353,-46.12241774223333,0.1885399004137912,14.910005463574663,0.7917265874722974,-40.199827449964545,0.8459971838648783,-58.80592712704958
25,0.5,0.6976251534163777,-19.036800261538666,0.6627678196107007,37.67581705563581,0.8016158943931189,46.4594170838141,0.8743126584561699,28.66441070071014,0.5581191019421244,39.116705837453694,0.8401702402490947,49.116503042409484,0.0726584264328353,-8.880650689886762,0.5659947307490517,-35.67502007098424,0.5724514880835938,-50.29841671443234,0.15333909006649862,15.00680573289588,0.6337805579115847,-40.199827449964545,0.8473347699333943,-58.80592712704958
26,0.52,0.838115414129,-19.036800261538666,0.6285996633194616,38.1898874765409,0.8248434287498712,46.468225940797794,0.8726418705993645,28.979267115842404,0.5853756730127081,38.61148508318896,0.8268469151390473,49.116503042409484,0.09897325938058427,-8.744581259435035,0.4471982359820415,-35.596854101834765,0.8279798080188399,-52.17583323779051,0.18147550262348228,15.00680573289588,0.6363662645852749,-38.41978042380378,0.8399848124377584,-56.815219236639685
27,0.54,0.9403183061522605,-18.311152274022216,0.6467667407528392,38.459277298466766,0.8109602381512586,47.2238996108275,0.9139412937990151,28.97934392284415,0.7229125859745651,38.76898993981824,0.8152712002031668,49.116503042409484,0.16557738422451612,-8.404799276405791,0.7087001403709626,-36.54012038113023,0.8191407814198192,-52.43248093507458,0.3084031791696323,15.579262652057821,0.7213766348465731,-38.88153102589948,0.8240794679764212,-56.8400559993837
28,0.56,0.9270882868542095,-18.658780685286185,0.6872428082375907,38.56157552087851,0.8131962386680329,47.56092844691368,0.9428559486399472,28.475096301088907,0.7676306313200083,39.50239508131987,0.817850707380269,49.32584934327757,0.1915261855327152,-8.404799276405791,0.74379638300184,-37.33251395200609,0.822806529400928,-52.41526818203635,0.28674591497647794,15.928182713929223,0.7621390984314441,-39.2045358118412,0.8221697429815703,-57.747300625670455
29,0.58,0.9244538274048855,-18.658780685286185,0.6821095808521707,38.76194973895757,0.8159831606101051,47.56092844691368,0.9448275184110181,28.342391333123103,0.7690430274601201,39.74812768339843,0.8295693867161945,49.08171679341261,0.20078663478971367,-8.028011021076834,0.728201074196737,-37.39713012171924,0.8348469767941775,-52.01540118559414,0.28888803565655724,15.984405378207603,0.7709725500498938,-39.28070891201265,0.8216594172946422,-58.032067019967606
30,0.6,0.8861661129519687,-20.006455289264675,0.6608529046827493,38.71894356752241,0.8265453836801487,47.547395083586224,0.9450415958586468,27.403222158917853,0.7616512072313938,39.76090881918976,0.8304255287000937,48.8081851103345,0.21608256980218107,-7.85280355715817,0.6971432518531028,-37.29055045260227,0.8349602094885088,-51.871935356663386,0.2841433251156195,16.148156611854382,0.770383553580835,-39.30762983714079,0.8223704357974283,-59.114489044023586
31,0.62,0.8633159541762047,-20.006455289264675,0.6549774367016572,37.6108795418386,0.8233750726434105,47.514920677647595,0.9432925538720819,27.000388960572963,0.7453841377257545,40.25639384277127,0.829476340274261,50.68885631008991,0.22857155849386132,-7.85280355715817,0.6869803523737232,-42.25297663367964,0.8337569046301277,-51.871935356663386,0.270698356374097,16.46398733404275,0.7638719089872922,-39.789035547274466,0.824919123062665,-59.407660274244186
32,0.64,0.5305318330368609,-26.713255171823217,0.40749000339103725,35.80339930432557,0.41369486143103046,47.514920677647595,0.9579456252889894,23.985778950875897,0.8069050526190588,40.277296346196586,0.8083208888393786,51.968771443992765,0.2585245031169913,-12.504785004688534,0.39756563493950686,-42.25297663367964,0.7821840384139391,-59.91712849442015,0.3443088340534393,16.46398733404275,0.9597388418469258,-40.96416723105998,0.8324902688621032,-59.71827385004371
33,0.66,0.22652786396841346,-28.532894446940315,0.28998468062576604,35.37268961497341,0.06228159995366407,61.63073196486326,0.9388300982449502,24.30438512954403,0.8398560023841666,40.72790498941532,0.8142208888940093,52.82321692372756,0.48773827510297735,-12.888727564673411,0.28604848271703665,-42.25297663367964,0.7700672737403992,-64.08281148897753,0.22793817794984464,18.22841770316882,0.9477033087463521,-40.96416723105998,0.8528763837535128,-59.12443667610562
34,0.68,0.3504791923665834,-28.83126684163317,0.4621761228106728,36.27166966206407,0.5025324450549078,66.03395768498731,0.7287080740597953,27.981026383872926,0.8362446051212535,40.53225567332994,0.8338064282105563,52.38312288315782,0.20437843862359517,-15.540202762497536,0.5455663153761469,-55.84006555822024,0.6142606540532435,-64.08281148897753,0.2458731608174158,18.830468868414293,0.7981437331866286,-40.07727945334334,0.8585136041468567,-56.609301629026014
35,0.7,0.5072466938551647,-27.52843318064897,0.5272474246010864,36.871821112497166,0.8173301135463518,66.79729883386766,0.42733400586425724,30.50484640075632,0.7486833997510318,40.10940679431242,0.8348462310395354,52.41667857817816,0.18177745828303224,-15.778529663776634,0.5099119170596085,-56.37020587255926,0.7467709364099038,-64.08281148897753,0.28129562200392894,18.879146143471356,0.6949390208073677,-39.51842466993367,0.8534358514863539,-54.028876779886545
36,0.72,0.7334993997909386,-27.455976691995645,0.5530877824590259,36.76251639765971,0.8383863863322423,66.35904465173878,0.3680715501920566,30.645250291593545,0.8207194771330333,40.63417113887824,0.819576701120325,53.44341319132555,0.1763666128089923,-15.778529663776634,0.5209598735200377,-57.25437955827938,0.8200886493257799,-73.61597977189913,0.3603525416845126,17.24562034208549,0.7365554223192422,-39.50104079386383,0.8417055979540063,-53.50753264987678
37,0.74,0.6670034083418963,-28.363689332336467,0.4478865606459929,36.76251639765971,0.8367829102121475,66.2747006551073,0.4342023952624397,29.75264141726976,0.9521078300898079,41.52008780332109,0.8060991656036727,53.44341319132555,0.6666367737798904,-19.784339332387333,0.46714938143301127,-57.96925410303582,0.8499978002112699,-72.30172644449593,0.8198774315487655,16.553195120238744,0.8813459222728941,-40.51754832382127,0.8269827123973121,-53.222502173996396
38,0.76,0.648514066920373,-28.363689332336467,0.4391454691541313,36.76251639765971,0.8173860804939007,67.37316728854711,0.5045127746022525,27.978427314274686,0.9499787368608964,41.81173116652504,0.8125521764278507,58.12338606169936,0.6513869850957995,-20.372024081175137,0.4291064580922812,-57.96925410303582,0.8517227314058984,-69.96734806939793,0.7607821278399338,16.193264488095092,0.9053425354502523,-40.82795765104598,0.8435975131961544,-52.40618664320929
39,0.78,0.6309009255783138,-28.99858375385202,0.4197642329215671,36.00483900421081,0.7181842422413426,68.74943666638487,0.5411103267705853,27.435245059267302,0.9251384694411653,41.78151336717832,0.816984031575386,59.22850367201069,0.6751561498718187,-20.583781978970194,0.39753546221390074,-57.54470368676586,0.8503802750835402,-69.96734806939793,0.6523892596256652,16.60011137134253,0.9096584559350441,-41.132157542260856,0.8460571858766468,-51.153602851293805
40,0.8,0.5546375375745276,-29.339020589610445,0.3247282884933963,36.00483900421081,0.22051408772825334,70.21751302106149,0.5679612158459455,27.170685225566945,0.8856118767881251,41.6391561029086,0.8208998010647904,60.87521931495146,0.6654361414181321,-20.66301286455522,0.38800738094683684,-57.40985281272306,0.8447039643577551,-67.14209592485182,0.60905358187378,16.60011137134253,0.8967656845586053,-41.15143079013027,0.8418454418092842,-50.632161784888325
41,0.82,0.6175432726429814,-30.463317971650678,0.3654833574308906,36.00483900421081,0.6044684861031293,71.29175758295246,0.5546634292705392,26.927061161459278,0.9033422144216073,41.363593994131826,0.8246595792508716,61.98548421510863,0.6429659071508065,-21.72260451521536,0.370822527461107,-56.763855268096655,0.8388693930629785,-66.62265383198182,0.6191268862305674,16.940906401274397,0.8655354977896036,-40.57031279634897,0.8401587137211044,-49.41672444585026
42,0.84,0.6083120078542613,-30.463317971650678,0.6257277680802282,37.69777771094963,0.6062461782425612,71.53091805495283,0.5734322475053404,26.927061161459278,0.765538468957599,39.940105836224554,0.8209451638312066,62.2848424511725,0.9116921632725001,-23.38292124447302,0.705308445856873,-47.65308667284695,0.8729304840428624,-66.62265383198182,0.9543036969260682,16.11042990835163,0.6748428045636,-38.975151343409344,0.8332779308586773,-49.090351973262415
43,0.86,0.5651984035022036,-32.53636569889779,0.6797230765910252,38.49919419072469,0.5846297831189009,71.87743410295326,0.6530407865952005,23.544570123920252,0.5422479711159266,37.65683755790093,0.8224040500106781,62.99059174233901,0.9143048965574532,-24.860485846197598,0.838042840918668,-43.564460177019605,0.8715618970217479,-66.62265383198182,0.9502809790162796,14.451312733455303,0.5759100537120064,-38.975151343409344,0.8336713175297922,-49.090351973262415
44,0.88,0.5634396396765164,-32.799313020996905,0.6695483198022577,38.61719719972708,0.5653300896809969,72.16407627695382,0.6731431997205178,23.067876121833706,0.45384329027727893,37.15336336297275,0.8224176817923944,63.13204432822243,0.9211001386298616,-25.382885031679848,0.6460508948255994,-43.564460177019605,0.8544386996352705,-66.62265383198182,0.9281550147711561,14.687713088245703,0.5593344907953927,-37.709439634001804,0.816012225337732,-48.74962160461813
45,0.9,0.6017546637196174,-32.705516261472575,0.6366860792163067,38.591949133356266,0.5318136901731937,72.56740730123326,0.6643120320582476,23.067876121833706,0.5440247347498776,37.44134312234498,0.8206377332923175,63.87282836773576,0.9260322789968627,-25.382885031679848,0.7301649697344037,-40.321999156931625,0.8409911961498943,-53.33485984125807,0.921700335754468,16.252423755248987,0.5757617831302452,-37.751413383401854,0.8132858308527003,-49.02799753414661
46,0.92,0.6231099187915157,-33.053315977398746,0.6334700253635335,38.49867721430022,0.5291090236917166,72.4891634647424,0.6529737069311964,23.067876121833706,0.6166235548670826,37.83988319667026,0.8214508080421051,64.36523760899087,0.9258502145509591,-26.548160427035047,0.7817047887028992,-40.07997273279189,0.8358460058126028,-52.74883101628757,0.8771577864081992,16.977858883089223,0.6109281270520383,-38.03112615159606,0.811979839400804,-50.06482606050668
47,0.94,0.5251225565143929,-33.338861287716156,0.6235086562428327,38.39846917285416,0.5707562177681083,72.38662054748139,0.4954245250008626,22.147400953845846,0.6764282775425012,38.43247403538641,0.8116577480104148,65.341204446439,0.9253423675451862,-26.548160427035047,0.7516281472457488,-39.85470758014786,0.8369761256955104,-52.354296175351344,0.913164334093062,19.433217114701534,0.6877684461089856,-38.65598050611187,0.8037387302049712,-50.06482606050668
48,0.96,0.5257892588680639,-33.30847651048102,0.6000969872841619,38.204508167088775,0.6208362826999877,72.0756706107491,0.49952665874369273,22.096486404872536,0.6895331913365553,38.43247403538641,0.7718526699456444,65.90040670881883,0.9233054179605786,-27.94857555730052,0.7180742120006145,-39.66290424367634,0.8337957417254733,-52.07810066717526,0.8279936323538092,19.666111015205857,0.6928024787785354,-38.69788939725937,0.8116267570328222,-53.98333358834168
49,0.98,0.5726776594205945,-33.26183882322048,0.5982683388735903,38.205389902951325,0.6505114208236692,71.47497665557505,0.4547184973429893,22.133905177445474,0.6715597335143311,38.672633378227175,0.7651197252019427,65.90040670881883,0.9248191821067402,-27.94857555730052,0.7319909235149386,-39.59102757003416,0.8206466102219464,-52.22966716236342,0.9451703598341051,19.666111015205857,0.6744928129538305,-38.7338817458952,0.8333537975820482,-53.99442603798608
50,1.0,0.5811577038728662,-33.130233486332955,0.6251425176065679,38.227337577504485,0.6540796395789686,71.61018085308162,0.441199787220766,22.34937438068136,0.6744106107645813,38.68138428107528,0.7744237270638153,66.14463316407353,0.9278843253523512,-28.48084623268858,0.7396043739345448,-39.59102757003416,0.8203550194848859,-52.369298590473775,0.9422017812468166,19.098731981790948,0.6833687471149931,-38.74567553181613,0.8225893672846782,-54.10955920622464
51,1.02,0.556514618292063,-32.06198035796829,0.6244554121859301,41.691125963065325,0.6448154147301844,73.92574358454645,0.44488406430058036,22.34937438068136,0.6790837527645526,39.506987555391945,0.8020136222640653,65.74609058321732,0.9322528084878718,-27.984752676703003,0.7452658594539827,-39.49355994782225,0.820505874202245,-52.67225272929025,0.9405190088351977,19.12387648373888,0.6769723157172983,-38.68468888581989,0.8219338950357947,-54.89541135005415
52,1.04,0.04925512493269163,-29.630033678783096,0.08437709428406413,44.38803830510852,0.0041263967966117835,73.92574358454645,0.10521543571491046,25.30364607804369,0.8857200074241437,39.506987555391945,0.5426648058634101,64.10652026717607,0.7307285278156566,-27.984752676703003,0.4506299141811193,-37.163781158047314,0.8025576315037644,-56.42225053125148,0.9425840284133791,18.538471555654333,0.7717620110211512,-39.24804145218804,0.8138399227014681,-56.23576786890262
53,1.06,0.0021173682568331647,-29.154540642351915,0.29701234808125826,53.687793981673444,0.46848036229347406,82.7511251662584,0.17960478819135597,25.816867979619634,0.9474003847866569,41.02774781593163,0.8570685745711557,62.41059290237897,0.4298883803286781,-30.054551701828213,0.44090643274724783,-36.87323428197251,0.49921709639766326,-64.88266581451818,0.9277588329811215,18.538471555654333,0.8760536732830353,-40.02360729939615,0.8137686824922462,-58.33376217391203
54,1.08,0.03694703662869153,-29.39008813720401,0.3315222595970336,54.88139141298323,0.3413970687002914,82.7511251662584,0.16494013746495773,26.401526945197922,0.8385373869960048,40.64704884736588,0.857709125800478,61.251636758692705,0.4651682936306307,-30.10008243095383,0.45379455721780493,-36.76930946241834,0.8070914045588097,-66.96852525822456,0.907658143185043,22.41502726065606,0.8725663913829473,-40.72684670889558,0.8235950844787094,-58.791345204063596
55,1.1,0.1225753187806336,-29.897605047972505,0.27692417722536655,55.59621436836214,0.2654414026208276,86.23693377858424,0.1176508323276886,26.111788510838476,0.8064755035627781,40.554875935343944,0.8545971384199952,58.33570594865759,0.691119688271616,-29.04351387047196,0.5559015394200032,-37.17836326888564,0.7848204603445658,-68.3206289100551,0.6499606267700204,24.392011369644518,0.8348592346783986,-40.720798402883666,0.8228404608782015,-58.791345204063596
56,1.12,0.20611850301189366,-27.461938703769714,0.28998777306401524,55.59621436836214,0.30037118682122893,85.14351497574083,0.07517198623053918,26.354445757027694,0.786590303201697,39.74686000550824,0.8476784326876824,56.34396975332212,0.715358570893585,-28.295841983133,0.5164468857289245,-37.17836326888564,0.7645533199595537,-69.04808754368098,0.6248298892475985,25.991523916232126,0.8476564652478749,-40.59161547760092,0.8218630816256127,-60.1615680814915
57,1.14,0.36756180772899927,-26.745588149252953,0.21052336525444454,54.449721543349064,0.19148981581864125,84.51839417164736,0.3855324746104637,26.354445757027694,0.7216876823644238,39.74686000550824,0.8437783699754834,55.5600254054944,0.6550327562017676,-26.846002973999095,0.5253631563131118,-37.25945600596769,0.6682109172431452,-69.44992270183332,0.8059726802903888,26.355322524881437,0.741571155744428,-40.02068129398987,0.8236851392416488,-60.1615680814915
58,1.16,0.4384809209073054,-24.555878886888582,0.23534710862108474,54.414725137501485,0.20714267635956177,83.27656714164972,0.340928197289567,26.267037416426717,0.7565779025698409,39.3406630924324,0.8367996559536867,55.37798656541443,0.6079668448743948,-26.846002973999095,0.5293570530480427,-37.26392378487271,0.6758317138460873,-69.64233583869508,0.8685189858853161,26.525448135404776,0.7872833300861566,-40.05612415325508,0.8239778659845636,-60.75756726194653
59,1.18,0.4639743837006103,-24.283935421494974,0.2457122652681064,54.378461199632994,0.17542312101636903,83.1113817759134,0.38436512927488564,26.551682364727984,0.7617946329675256,39.369242446484805,0.8340867268297428,55.38292062792002,0.5797497168890099,-26.690366106232197,0.542328435647207,-37.35765709416683,0.6639410431976979,-69.77580023875609,0.8797394492822208,26.42212638510234,0.7850939384597782,-40.045180450760924,0.8377278277087056,-60.757450560655236
60,1.2,0.42570081545187455,-23.824293285214438,0.23592344787278838,54.306095504190324,0.1728678911695072,83.06239239979963,0.41451270419375025,26.76623988605305,0.7670105746073839,39.41025961423895,0.8226725509736375,55.70523872006077,0.5552973122550754,-27.007631050216286,0.5524999005395551,-37.43984891559733,0.657229989472279,-69.77580023875609,0.894327290686602,26.331861959837738,0.7718306098424166,-39.99733628253282,0.8391487603608659,-60.757450560655236
61,1.22,0.40559456977377695,-22.038263116394656,0.22297919418881945,50.764807975871605,0.15880795942437723,80.06849982053733,0.42310099940574186,26.780628963196612,0.775237465994467,38.176106766993755,0.8224337888711372,54.92253525054677,0.5362966209673338,-26.8799925460343,0.561271520531682,-38.69616649409536,0.6741165144353899,-70.305874734491,0.9037241815332611,26.243700100177982,0.7649235636912715,-39.99733628253282,0.839075769422753,-60.408593238512424
62,1.24,0.5497610346818049,-19.161165225306235,0.321696927556632,42.973727875612504,0.11444006470779867,72.28406137003078,0.55659526402232,26.16515056712255,0.5506201855551137,37.860484683645616,0.8345007873141904,57.184763913200484,0.28817326501353496,-26.961700481206318,0.7599243695588309,-39.319324291496926,0.5103483469500735,-70.7767230373388,0.9481652285411452,26.301678801015466,0.4682655091660664,-38.648206118142504,0.83038329022936,-59.924177376610466
63,1.26,0.4445293158922153,-19.161165225306235,0.377173856895072,42.973727875612504,0.011518760222608617,66.21665704034727,0.306302268516914,23.361630206909368,0.5014359290736267,37.49546370841694,0.4490230887316519,60.780647036608144,0.35072388936994936,-26.827653466068718,0.6986615770247746,-38.84826533916623,0.5025559103940197,-71.33662711873247,0.8398804153786894,29.054400733569867,0.5552924269850628,-37.50730293625293,0.8068643831482282,-62.304259882649575
64,1.28,0.5213201114422484,-16.625078115489536,0.33524472144773865,35.21115810135631,0.24051236148789176,66.21665704034727,0.17824109418873413,22.650100677985588,0.19755852318390135,33.973341734070736,0.21752627875538225,66.51650939099291,0.4955985615874304,-25.13709170341831,0.4701126545083059,-37.9760641977238,0.40484074957425686,-71.33662711873247,0.55136789774353,31.369042283516805,0.5438812580956542,-37.443155380579846,0.8068874754400879,-63.54522436391003
65,1.3,0.52032440582773,-16.42284123003249,0.3999386624617398,34.6336924904222,0.3884431096872686,61.23878946413253,0.2766118382653252,22.768049110320636,0.1941727397619756,33.973341734070736,0.20473805308213586,66.51650939099291,0.5104231122111706,-25.12305082276622,0.2938272442503465,-35.96271913505284,0.17879418983313086,-75.3814140632074,0.4882878559691491,32.87731498595121,0.5203547657872107,-37.30415124350455,0.2025539242305897,-67.7402204038579
66,1.32,0.518273362921481,-16.516003289904265,0.4728056824142566,34.6967874405461,0.4232440517748968,61.23878946413253,0.29401588318107696,21.688416411927687,0.18964943595215336,32.8802508451727,0.1957842810323996,68.66122408399909,0.388258422814215,-24.95683748589423,0.2771856461291239,-34.9375660943354,0.020096842313436093,-76.0623756848153,0.4988290451891196,34.28940611138224,0.5486598694421256,-37.28073276650809,0.6964655938960459,-67.7402204038579
67,1.34,0.5960783165799016,-17.00159479013234,0.48729328496446955,34.741948189566756,0.3755157732333502,60.22029669472585,0.25027596344762654,20.723902386400972,0.14210005068277917,32.137110570339914,0.10704790514265185,69.01639344609136,0.37178137591482296,-24.159765457091645,0.2032400999237583,-34.9375660943354,0.07920732821198895,-76.8977538146617,0.3263955611654951,34.28940611138224,0.554583602068924,-37.355830027986386,0.6184515912122623,-69.98418441118957
68,1.36,0.6258162356775905,-17.24092218149809,0.48317442125023236,34.83069027264948,0.35430936767281934,60.203846494806,0.21588546817776325,19.993093392159423,0.11963072969744692,31.85433559624846,0.09386155968381182,69.16346433728093,0.3191907164680345,-24.159765457091645,0.11834034520184623,-33.403694576781994,0.05325948030420935,-77.79814061215342,0.24330918440127133,36.26028581973826,0.5501176088873779,-37.39323522140717,0.6015804807238135,-70.98618803921316
69,1.38,0.6295591368382106,-17.368303283940325,0.49971897341211097,34.888775953626734,0.32082081649767347,60.203846494806,0.20550108520101068,19.86724524087387,0.09561014577308403,31.723638217353034,0.08595956220648011,69.37196509398872,0.31762951906799763,-23.919046317307693,0.16314106055087899,-33.22180505185856,0.10313518275880416,-77.86430447160215,0.21333935907256033,36.45195124117459,0.5563009326138548,-37.43380324802019,0.6076341927761384,-71.10766328061898
70,1.4,0.6217699246068711,-17.378536271365032,0.4985410842622519,34.88078162846258,0.30602279570211544,60.59529400219765,0.20884176484983338,19.86724524087387,0.09651660523187156,31.620941568489773,0.08265346930562294,69.44444175469246,0.3084569597803414,-24.151070959636016,0.1896364150120431,-33.27852761684646,0.07088545558891748,-77.86430447160215,0.2306968892796799,36.45195124117459,0.5621952806271179,-37.49333791703216,0.6380859151124479,-71.02251159207248
71,1.42,0.5909534019266133,-17.11525459703869,0.4843157801823815,34.88078162846258,0.3002514858867125,61.45846975158846,0.2268540496655575,19.13637471271005,0.11971632407615307,30.391378134114536,0.044424379086976135,69.2043112975994,0.2779990044805927,-25.157937025337265,0.21031435552290198,-33.95676320399779,0.056222438231873305,-77.26273974853581,0.26750708541509177,35.64433181807424,0.5676434128229376,-37.49333791703216,0.6601505204601056,-74.83751815765642
72,1.44,0.28529782239005413,-16.008167887597814,0.5895326459362534,34.88078162846258,0.25232585430129634,61.45846975158846,0.040170590601211205,19.13637471271005,0.11976305842863282,29.387334906681456,0.005462204252539181,69.0034096576836,0.09980873327582787,-25.254016392363425,0.39810576864510516,-35.3451327065891,0.10640924198613073,-77.13779815771434,0.000328221345228448,30.576622997017505,0.07842912438150143,-46.83571411812728,0.01073872679917804,-79.93168592060135
73,1.46,0.04175300120112288,-14.66196682531775,0.593978601825388,34.88078162846258,0.07247316236667392,65.02826119706725,0.028286578210478395,14.842993189597294,0.1003347322614024,29.19068906765473,0.005051368723917566,68.85508565959331,0.023077454885846168,-24.661033147162502,0.46208924733651086,-35.847933850708436,0.09049014520696086,-76.8098475223264,0.0883659542156743,28.964220996059176,0.020435997495248673,-49.655585819626054,0.0013061742617973807,-79.93168592060135
74,1.48,0.09754920596465938,-12.974319495611791,0.48896035875898,34.88078162846258,0.010327803575954635,66.23828281319885,0.05894756689886554,14.374662728901175,0.08510907216256136,29.19087826841511,0.0054713150968638815,68.80677416676072,0.07624314887525004,-24.481233361616777,0.4514618445691735,-35.956626918598346,0.01853889550829268,-75.98527360078842,0.08113598774776572,28.204254432360255,0.05893787744094585,-50.82776837482506,0.017602695971489158,-88.20226180898398
75,1.5,0.12450456782508701,-11.638921760751906,0.4219812485772019,34.885875549618774,0.0012587859581405661,66.68945402918627,0.05488028793168208,14.319912342186253,0.06686291610501326,29.200353821864407,0.0035146917544313316,68.79963649754134,0.06808962358457199,-24.293327831847524,0.4299035823167201,-35.95662691859829,0.04656417003759076,-75.98527360078842,0.059512425817215865,28.151566994425806,0.06251778060419805,-51.58025841655352,0.0141458587737385,-89.5920382377832
76,1.52,0.06251246999406641,-12.065936660429395,0.40193998119561325,34.93122018442689,0.012290323770922769,66.9659855785033,0.02311463279808058,14.04153738944936,0.060258534826376206,29.069952177499403,0.002243186984993212,67.56143089238394,0.03403317829733062,-24.741421419598243,0.43358075865511614,-35.62267380985576,0.07353857546141736,-74.42373326212814,0.03197806960964577,26.44233122094411,0.06485255751164148,-50.86859316170194,0.010190821418816104,-87.50193876545076
77,1.54,0.024560491547377286,-12.065936660429395,0.4640646677058352,35.464731151886376,0.056642968835597954,67.43968185980168,0.03308938873355702,12.703284642896268,0.05586969184364066,29.069952177499403,0.0068216508458862485,66.96863785582272,0.21384788505543448,-24.500669340817524,0.4371001362424998,-35.76115531869311,0.01726245577574808,-74.36779468507375,0.011253000086865193,21.130298434904734,0.09623592246701682,-50.86859316170194,0.004447787516751843,-85.7443873575028
78,1.56,0.039242997072606714,-14.733329112301151,0.504128748595002,35.68855213724542,0.056642968835597954,68.21181739617056,0.0005614071036776913,12.557524234302793,0.09053671018231212,28.70239435959286,0.0036414612258418204,66.83437862548583,0.002451746317131262,-23.187696616750245,0.4635502913750113,-36.03251889258841,0.020489126400938112,-74.398010140657,0.0756129756002099,20.07079857244355,0.08489565105208374,-50.574226496370656,0.0021753770881978505,-85.55476041504384
79,1.58,0.10596870563235102,-15.667939925968563,0.48729457951155464,35.69494364095733,0.019980673830869655,68.62663230404917,0.004321671356008719,12.524776988944113,0.10815024712084113,28.70239435959286,0.010039066611925586,66.83437862548583,0.12751907591933387,-21.40845773928467,0.46200860219672707,-36.08328020999483,0.005517889063236637,-74.19892180367508,0.0684257648257632,18.496620902659686,0.06913299280756988,-50.58541026426139,0.0026680893125847383,-85.02255636698222
80,1.6,0.14226853490956223,-15.960505245569795,0.45599552517954506,35.500234291684095,0.012306725042823673,68.7147568237907,0.015526981089615529,12.527885064810723,0.10860741778302327,28.549472833419387,0.011569502202740053,66.83437862548583,0.16302028750950884,-20.927404471066374,0.44453187056254934,-36.06229949601051,0.030662412967887305,-74.19892180367508,0.05596079790261495,18.360334372046875,0.06034613444431028,-50.6324602446667,0.0020372741564341256,-84.86734663700143
81,1.62,0.13928299907384045,-17.096945172141805,0.4444415144966197,35.500234291684095,0.01717943228907627,68.95233700411656,0.019532144497801846,12.527885064810723,0.10126185935185761,28.64290998295432,0.010248796682676952,65.8105972258453,0.13370427416513475,-20.815475737412953,0.4424948637463755,-35.527329841444924,0.04565608678532368,-74.19892180367508,0.038041213689504395,18.360334372046875,0.05831577048968094,-47.49614769585109,0.002336880066487356,-80.52450552605855
82,1.64,0.1144627568312383,-17.096945172141805,0.447068423453171,35.500234291684095,0.2175776927515593,68.45091715815698,0.006124020109744762,10.939032363604891,0.08366601192688138,28.93438072657192,0.007875343298707085,64.75962389481421,0.06221310998869199,-20.181509740694075,0.1734427789903683,-34.13298244678686,0.08274761212229984,-72.44659390220993,0.28042518926271,14.874463439869931,0.10191699769566306,-41.99995606808099,0.272703746705674,-76.029651618571
83,1.66,0.08872180771481586,-17.529257449417095,0.3807061052268507,35.173953729043575,0.18933812919110343,68.23899742438316,0.016413277594407867,10.832562661769273,0.025596148002604097,31.082636240570825,0.0122597356400644,65.57936949204873,0.05449821455965803,-19.679154664828943,0.2655860981355349,-33.25649566716743,0.03490947918716226,-71.96762220743217,0.03609258022834618,12.340446989484592,0.09577460057382281,-37.096757329907724,0.05172031903647082,-69.62821086933414
84,1.68,0.03661857093002896,-17.529257449417095,0.17136230918402104,33.758167994273144,0.23708558027128113,68.32344945407495,0.03873592267743558,10.679701208339283,0.22030637075870468,31.22093961719762,0.1334811205800429,65.79103496681272,0.08699207626176406,-19.084654320011907,0.12409211505451968,-32.63977469993141,0.17013124462138599,-70.88108838267429,0.13083894841738425,12.18710206841904,0.18668494235115562,-33.21793377455733,0.01774740789839791,-66.7361225649167
85,1.7,0.0647968485162524,-16.58945456998263,0.17963814782267531,32.853099116310524,0.1998004733861037,68.35927669513912,0.013107494631152936,10.537620534988278,0.19927488477012992,31.477968292597566,0.1221043360173817,65.8361788575206,0.038156206446892535,-19.168193223743824,0.1281087507889627,-32.430226544305974,0.18413649195742898,-70.74011862222946,0.17009324361251912,12.179938766787336,0.22026256635838332,-32.46123628870911,0.028386992301383838,-66.7361225649167
86,1.72,0.0697120791201311,-16.762714200835248,0.2012851474909472,33.087679381194825,0.19958756705464056,68.35927669513912,0.02645087695870316,10.254406686787572,0.21665173172632743,31.766467728663013,0.1313104352879481,65.8775262815109,0.007662966733912377,-19.168193223743824,0.14286096894187314,-31.99996702097525,0.1610569263200642,-70.23632525545926,0.1516012851758622,12.100176305571747,0.24244578090638666,-32.46123628870911,0.05054484590206426,-65.32143799459205
87,1.74,0.15384009697826934,-17.394387220023855,0.21389900257577946,33.26647099265871,0.07340876444208706,69.51251809593681,0.04131408116418739,10.168901079210748,0.2379289261748619,31.870148186114474,0.08789465902764666,65.43442665735013,0.09698098049443851,-18.777180153116095,0.13460864769506803,-31.97891714028199,0.08491719230369058,-70.21035538092839,0.1602167102845853,12.090463319028101,0.2156910993611619,-31.832349840034368,0.059621243908128486,-65.32143799459205
88,1.76,0.11495084265415559,-17.865952254811614,0.2517341812209725,33.45000768643556,0.2074780477051596,69.84618521776068,0.07293518965879293,9.691436959934716,0.2412609781972523,31.91878716520578,0.03167928203623594,64.93168394633277,0.020630348523272043,-17.552173713477796,0.14564900992935886,-32.036932178382024,0.09190690514828301,-70.21035538092839,0.14741602889540564,12.053130124732922,0.22248372520006,-31.832867309508725,0.05704476809017334,-65.17171663236968
89,1.78,0.0850733292455897,-18.30958730105246,0.2617821104879577,33.573406059381625,0.18695300205485185,70.09433653099582,0.09050352174782879,9.691436959934716,0.2431169987075333,31.947412347873232,0.0007248225007636392,64.57658870712494,0.025957252413296793,-17.136596639306088,0.15470639884109505,-32.088391572672876,0.09482555062628738,-70.21035538092839,0.1377239566660143,11.955172471086609,0.2368288539096039,-31.858247314577792,0.048540961264416455,-65.04405654685162
90,1.8,0.07896291788982444,-18.30958730105246,0.2649361689027505,33.616518105490854,0.18301784972291363,70.21713049317401,0.09337011627347756,9.283852804472394,0.24325869596507527,31.95686898499389,0.008333839644139463,64.43111781329989,0.03606876415709921,-17.136596639306088,0.15823160277499262,-32.14094129123014,0.09384868563712112,-69.82353013944488,0.13388791389645868,11.91860533958997,0.23996777017983664,-31.858247314577792,0.04723807575512465,-65.00116944590177
91,1.82,0.08828698111628573,-18.445991634934526,0.26273126152031406,34.692819353499594,0.18948470341413273,71.0998984989804,0.08713250653503203,11.990655838105265,0.2424517031971352,35.09362135307198,0.000929467572842524,67.98894864905515,0.022419851566457424,-16.894927403042384,0.1501862795449219,-32.57997759304764,0.0820378840630841,-69.87254762511476,0.13452918668700245,12.599034918456884,0.23785667299915844,-31.235673121992566,0.048386791665679676,-65.49539815758854
92,1.84,0.19116599856432473,-19.763915162738126,0.47444081317603315,34.692819353499594,0.16353375159106787,71.99375460296194,0.03803644431019621,16.68421272010182,0.07681806751476022,42.88470145302188,0.005120838665359658,71.88448870507646,0.008737241877910152,-15.448610969613446,0.32029195709927166,-33.26891562484609,0.15816844610193778,-70.42457174568429,0.018990207072898564,12.563625974019653,0.04453569819816774,-29.646883205065066,0.02412180089490219,-66.09147289595201
93,1.86,0.06121674915437037,-22.36851227157735,0.5169168717726177,36.21069312152544,0.07976787343038041,72.59705355094313,0.07351622768829601,17.352351265415372,0.10479293404439426,46.35784009276597,0.007169144062577216,79.95486077769237,0.06754140406356109,-15.448610969613446,0.4516593961459923,-34.3750860130495,0.051129660641373156,-69.53571539221402,0.00020452870188789743,12.591637610791755,0.09076923278359435,-29.389030688750527,0.007107861130642936,-66.33011903898476
94,1.88,0.1716690997982027,-22.36851227157735,0.48392837188171034,36.21607350319188,0.00028635152711416315,73.76319249868982,0.09104881260973482,17.352351265415372,0.04728328515674593,49.418344014614476,0.011884151173114463,81.54919769472721,0.08645718541695391,-15.448610969613446,0.4972077981060979,-35.375222078018076,0.06984673502657406,-68.5259126430113,0.051445864268044095,12.906135671052965,0.029482229114938533,-29.284269510692273,0.003430266460873447,-66.36592101277643
95,1.9,0.19901358181277234,-23.935784430903222,0.44533212127515875,36.21607350319188,0.04055934542641938,74.50738852203881,0.07502073721116774,19.222057779408505,0.06542193529733972,50.14074262893765,0.008138917542344389,83.54241647124876,0.07232726518846,-15.616593503752844,0.4901243600594312,-35.48619136369751,0.14157382565735382,-67.80355217771903,0.09374357421541771,13.249609095411389,0.010718740493147206,-29.299369112092794,0.02042270131459578,-66.33037636918742
96,1.92,0.16745573642537565,-23.49188116266912,0.4293952225588541,36.17883023619573,0.04285708973844422,74.9830312544961,0.05034262553379678,21.245360315016555,0.06908067814830392,51.047485353586595,0.005988271571246963,87.34306258591675,0.07231597286892702,-15.000324494579509,0.47741524060294016,-35.29344577020988,0.1474686243999803,-67.30440268118059,0.09981603630780018,14.336116164476504,0.004468201471021595,-29.299369112092794,0.02311550619708786,-66.6148596047083
97,1.94,0.1454886878448799,-23.86153396788878,0.4191222377353517,35.874432699469025,0.002867790527863044,74.9830312544961,0.03823011932348485,26.137718215640845,0.06242299275471181,51.6104618374716,0.011995200369774184,88.62815321768753,0.10921439855609272,-15.000324494579509,0.4458699144837498,-35.09528755032323,0.001251350669460879,-67.30440268118059,0.03724998394712276,14.668539432781923,0.09412343704420043,-29.233653644287873,0.015732864522165043,-68.19597956813993
98,1.96,0.004061902562632055,-23.86153396788878,0.3968678234783218,35.77776093343288,0.010917359261821828,75.52506518434637,0.07647279950100225,27.988814415517172,0.06931051225795917,51.82706621415088,0.0065367481115372475,89.57594155784007,0.0937940823048347,-13.949714496530463,0.4420539503032775,-35.00037212611069,0.0863843533258012,-66.053792598552,0.008232727186362958,14.72219181419932,0.06955768842584056,-29.23365364429461,0.007581808001955936,-68.44920361696332
99,1.98,0.07544522881964695,-24.942949477303078,0.39921172726652787,35.71849996493574,0.044221039171560984,76.02656155828032,0.05386687902401146,28.664437032050714,0.07912844162261311,51.82706621415088,0.005329481110912389,89.8795589417984,0.05202173686596902,-13.30295559230985,0.47269146881154867,-35.00037212611069,0.12470791416380958,-65.67540808908034,0.007754654136837124,14.723275808968106,0.06445534672418064,-29.40958505026641,0.004299322161303863,-68.56935824683879
100,2.0,0.09213147108143026,-25.6361102491829,0.4036229934164751,35.67774581558208,0.06172466661014147,76.21227141146065,0.03542186374365396,28.75742903667536,0.06461809456007653,51.93416821360146,0.004851662330114394,89.97777808764677,0.017391688270516747,-13.020592523353935,0.46164572287703165,-35.06263953432855,0.13779653034037634,-65.43724978079233,0.040206619188210065,14.8926969568036,0.0012402978876727205,-29.663634437280848,0.04840382978821145,-68.56935824683879
101,2.02,0.08024171654487587,-25.446865131955576,0.3924119895185538,35.43271512759286,0.035494661534958054,76.55442326498569,0.026112613738391573,33.05726960359137,0.06587813811732693,46.3664705349672,0.00516807650308625,89.97777808764677,0.0014134782055363522,-12.083335144542371,0.44829147875862013,-34.50273949617764,0.12797190926169835,-65.13127532244805,0.025285294391604377,15.991732348180841,0.0172917682750637,-30.016984925550315,0.03074891013565418,-68.56935824683879
102,2.04,0.22570868452947096,-25.504344726570803,0.3603617453188801,35.350804122486224,0.03014310882826039,76.4874016455199,0.014443059313281529,36.57691747444666,0.03924178243568904,46.3664705349672,0.013071264108186889,81.78057747329183,0.02479823880938396,-11.382484662487638,0.3542501015561205,-33.76835332538648,0.00027044469468838516,-64.81469758338558,0.020586760281417458,16.49665197863954,0.0028510487360278174,-30.176199138357692,0.04179329245534186,-69.83370334080976
103,2.06,0.0035917654993382203,-26.44501032458027,0.3545991433768847,34.35538691088288,0.03451247764756774,76.48344212028971,0.08167356145272564,36.57691747444666,0.050056539416109165,38.74854150721115,0.006236310981647001,80.09348391894062,0.025727463250166654,-11.382484662487638,0.36377695474144633,-33.197967403076554,0.09740853070877184,-63.74712132389969,0.00878565803741925,16.829425054513074,0.00276823856967945,-31.01952706916411,0.0502553253698378,-71.04263277275584
104,2.08,0.13021555156297546,-26.10378498895696,0.13282735715447086,34.00739171579371,0.024479186736980744,76.24609799166055,0.16145282031481156,37.53740170167758,0.2178475247907658,35.411974518331476,0.1169420345417075,78.60044701747479,0.026124412815296875,-10.871586179476672,0.22809611641731423,-33.197967403076554,0.20940298120158304,-62.622215941332335,0.0625438882081091,17.449372428928932,0.22329553937957433,-32.09853030714027,0.08361490170830066,-71.21754774114264
105,2.1,0.16805596079160642,-25.906247328168803,0.1633846375068734,33.53174929872569,0.05870680851472248,76.17174538513973,0.13575678856372694,37.72418623921106,0.2229106935226238,34.502390080809384,0.1152741217537111,78.22852090807493,0.03348782101347154,-10.82064116502219,0.22986121824755898,-32.14850581464546,0.20072040326144483,-62.622215941332335,0.056935905565612316,17.449372428928932,0.20237671903352283,-32.29677206893955,0.052028981035550176,-71.1420345377825
106,2.12,0.18205778077610038,-26.532118796753675,0.17275990446500483,33.11897279351878,0.05855474548504435,76.63056396857306,0.11895523065550737,37.87543268276131,0.2588445198370397,34.291559791501705,0.09120329476238119,78.11188821931447,0.05823584218525353,-10.82424401782128,0.25044693758268133,-32.33464435484519,0.16625299745792105,-62.35048573400117,0.027737763956117236,17.90809479156049,0.1898774412644842,-32.52863830480957,0.02811626588985944,-71.48345211349145
107,2.14,0.1981593563258545,-27.477316266186687,0.17196476342457964,33.11894337399898,0.01984115891621556,77.17343828301756,0.1646703854613486,37.68331527594038,0.2663914377626961,34.28042337637117,0.10255152681259816,77.9624807959513,0.018972508441194778,-10.488404004095745,0.29819264394230316,-32.44809225980909,0.17806586631247387,-62.34945631669864,0.0872600065223115,17.90809479156049,0.21463614035988854,-32.78975072903211,0.03368504105269368,-71.65335390916621
108,2.16,0.20717955135740665,-27.86889200964803,0.1743463460414684,33.11894337399127,0.021410265927724374,77.28779453429205,0.17501728740567687,37.58099802574217,0.26882324474470115,34.27770919029676,0.10987277181577046,77.95726334071537,0.038673274179122655,-10.127346656003157,0.297366425593518,-32.50715023702351,0.18509076140876038,-62.3264064795547,0.06790779814076106,18.450093185742197,0.21446159168905923,-32.97303656715929,0.025770731273401667,-71.79459947697718
109,2.18,0.21451470712917783,-27.86889200964803,0.1751197697993928,33.09731535782967,0.030031317630200706,77.31547334897836,0.18688232700595592,37.494362790347985,0.26715525269694756,34.26389787798108,0.11008999961804401,77.87056537477375,0.03547303109017707,-10.03836297687071,0.290044032966986,-32.50593248817959,0.19093544957592623,-62.2636589629303,0.07278354251247486,18.600320677814587,0.21567191204838268,-32.97303656715929,0.01787773236667913,-71.9181965677141
110,2.2,0.21528379871068537,-27.962519969012334,0.18107536641807107,33.10197613988711,0.040411321053321236,77.31577012284914,0.18494850639126267,37.471698315660134,0.26723472869659826,34.26065267459176,0.109991744199177,77.85645442115963,0.03317196570232278,-10.03352628712575,0.2912818137539553,-32.505932488185245,0.18926509421027599,-62.23836368717987,0.07609705999370099,18.600320677814587,0.216036253324075,-33.02545524978487,0.01789278680867689,-71.9181965677141
111,2.22,0.22643137613406172,-28.23317845257001,0.17069913648231133,31.466620340165885,0.03466778731856701,77.95488404914123,0.18266111460459752,36.42581099252597,0.2675703129616933,34.26065267459176,0.10030974880986436,78.08267233461368,0.03145155992244388,-13.336744580891082,0.2855199494782733,-35.99056196296363,0.18346104521167214,-65.53458988975106,0.08514385019790009,18.667811685034803,0.21501667912111033,-33.57776376785926,0.020304934041110487,-72.8629511689773
112,2.24,0.006372127912823471,-32.17403069792013,0.10805535206424557,31.466620340165885,0.013579813123664903,78.35589233052495,0.11101822268421573,36.047472799927384,0.34774705376753245,35.103883675103745,0.09971584322016885,79.28888159596123,0.017084252253539812,-15.32527087098954,0.07143359853029416,-44.08060041223205,0.00763960451723307,-72.7263561479482,0.18691224678589216,18.667811685034803,0.3906576033234891,-34.599116405242164,0.035752258531011244,-72.96170921339848
113,2.26,0.021546144875018495,-33.098218022387385,0.09314798668690354,30.42995246274176,0.002823955544503201,78.42889568250258,0.0029287053456494867,36.43943171929767,0.42161689658737544,35.527662394108965,0.057530683890610564,79.18975370043665,0.0740155353809034,-15.32527087098954,0.05583846315011255,-47.98892555667852,0.004658394267841678,-76.32223927323807,0.0823723466068373,22.2873101821384,0.46061383936321904,-34.599116405242164,0.054313678256966945,-72.96170921339848
114,2.28,0.05079350920347875,-33.55872475236903,0.07198346405120773,30.35806924692105,0.0017954814178438373,78.44369096996422,0.06740863896235594,36.90307308895653,0.45951518646552086,36.1182080979194,0.004753723261344099,78.85844395361178,0.09471647791463093,-15.32527087098954,0.03642148318498062,-47.98892555667852,0.016924342983092214,-82.83428317125225,0.1801750539928558,23.27191414562506,0.45990363047187593,-35.85655099802658,0.05612353947509284,-73.14937537712277
115,2.3,0.0466938236054448,-33.74530788409704,0.08359636432319782,30.216206316265968,0.0007614360497712841,78.45126388555188,0.0793443336129573,37.13420371652782,0.47110098158340846,36.361356750047385,0.025672894174542906,78.64717215045997,0.07188009781407761,-19.31234309327707,0.06638714972928794,-50.07148116413872,0.010696027167385637,-83.93074271768444,0.17050930705852688,23.621410975573994,0.45929690449313115,-35.92701290622836,0.03605322831487508,-73.22730064008445
116,2.32,0.020567770161579877,-34.45956073128267,0.0910998697943893,29.997179355188248,0.001400134318223781,78.8651222958021,0.06693598617175696,36.336480729042044,0.46789836450619804,36.35994306136091,0.02750491372173449,78.83451263024001,0.03658038305161255,-19.31234309327707,0.06888741250155542,-50.63621132718155,0.006834083695910051,-87.67086729756566,0.09233673101898494,23.621410975573994,0.43724056182368903,-35.92701290622836,0.01256190447370502,-74.11129604467794
117,2.34,0.05945180665737018,-35.8348518388977,0.11282500980595823,30.00501107708415,0.011863043757250558,79.03780843752237,0.11307460892319095,35.389899421605854,0.42141549095335873,36.35994306136091,0.07238774205470729,78.76211716773648,0.023549658405002866,-25.45196350746046,0.04227446098629973,-52.66150593125276,0.011622468052303216,-88.9437275272097,0.2101159255244398,22.926987389313226,0.4167982199129371,-35.569248103659184,0.0455893735908239,-74.33444537715648
118,2.36,0.04431186123922529,-36.635034730113176,0.04537720638248269,30.355794837541975,0.002015473957554085,79.0764995918137,0.08789505135433338,35.06341677648351,0.37061023332027615,35.73443972950625,0.025671449965206015,78.76211716773648,0.08178234852916333,-26.943347471316155,0.07145191387174313,-52.66150593125276,0.012967929762191877,-89.48925871766444,0.14482868619073852,23.021665695190862,0.33472584823618,-35.23087439637985,0.05254230201100818,-74.40976808046054
119,2.38,0.022649923197864706,-36.67531230899828,0.05106750670592469,30.375662944269234,0.0030323885582288846,79.1018741161134,0.055872355287599235,34.28758140575921,0.3628785117535364,35.73443972950625,0.05737065571304935,77.77354411149227,0.09114156362309152,-26.943347471316155,0.04594342814495809,-53.16989953324593,0.009773135914826998,-89.99448088126165,0.14846948443137367,23.03901086084606,0.30755870175895395,-34.73288592403662,0.027989364578402193,-74.63062519091095
120,2.4,0.008043243588041015,-36.67531230899828,0.0654683056703111,30.365366768250837,0.00533054277521173,79.11209800838759,0.03262111304149283,33.9937414615683,0.3865101076649486,35.50039956504318,0.058074230847751256,77.77354411149227,0.09191380578528076,-27.457731442167645,0.009454857282786555,-52.988273743892584,0.051206605448415675,-89.99448088122797,0.1644122210702646,23.05738526903829,0.316073602531373,-34.718285365260265,0.0006120606566348166,-74.63062519091095
121,2.42,0.002380117131235107,-37.69494591090943,0.0744365105701913,30.681134868124822,0.004978701870739384,79.38597481947805,0.02878705945207797,33.9937414615683,0.40542802722980664,35.073710826022904,0.038270617386973294,77.31613349780335,0.07418036012203703,-27.923985260311238,0.005459617577255202,-48.265667459809436,0.004584227808043002,-85.31488278115107,0.13348923714317393,22.65553925666716,0.3441855348442982,-34.234844862334306,0.008348777240201456,-74.63062519091095
122,2.44,0.06324188904173975,-39.41669904710161,0.056039123215678215,30.591089487524286,0.011892717691781426,79.51601571759583,0.12151342964144445,32.48380694098233,0.2566173029059152,34.38462060329291,0.05995277190061998,77.70826438033994,0.13972318436638007,-27.923985260311238,0.10462111455681983,-44.96944126324073,0.0328455932635456,-84.11190405109288,0.40076077634818075,23.254918803122877,0.17482434160739424,-33.50442673376839,0.05889203531027317,-76.5890004546524
123,2.46,0.021945645636011868,-39.584637738031,0.03391997179356205,30.5742260571931,0.003549206630817066,79.5201247179729,0.1770660634298612,32.561437435078,0.24991094213934642,34.35477094979764,0.006948644683459339,77.56683882252113,0.10329602169923763,-36.974966849995226,0.19844445062547164,-39.58592585625217,0.16139172764669907,-81.21196293980651,0.21935839842460766,24.30198131610096,0.1339905380389409,-33.03392743608005,0.060448887422506294,-76.5890004546524
124,2.48,0.002622912473917086,-40.27876690199101,0.3403564574216857,31.635851006453997,0.32043844287344175,79.5201247179729,0.16669217442943068,32.31780000205531,0.23695318249867042,33.457785013119455,0.01649391439721632,77.122386486716,0.1461439247502689,-36.974966849995226,0.09824605199642064,-39.58592585625217,0.11486981178994427,-78.25116761301909,0.18090170933831834,25.122622793676715,0.24670351529287607,-33.26745383171769,0.060123489693101155,-76.7272817055612
125,2.5,0.14043497226532106,-40.75705251696704,0.10122287140390307,32.0732145324866,0.2152933019170604,81.8912094628283,0.03399997625609372,31.327377056235772,0.13837138195830834,33.05162449905891,0.061357785911208995,76.86746837139383,0.11730572198482923,-37.76678311511504,0.1889554022838399,-34.23561909975629,0.17090611488544208,-77.75917467064404,0.03951637184609107,26.174378284293688,0.1815729545858795,-33.26745383171769,0.0033430546276787504,-76.66517371888692
126,2.52,0.13831904809450044,-41.29912168202608,0.10111307467824017,32.00435084923316,0.19572352142654462,81.8912094628283,0.04570209104465714,31.327377056235772,0.16203079705797915,32.95329797767156,0.07923444126159641,76.14236848348936,0.11995233646832065,-37.729302251099284,0.20763017555947139,-33.843351849722616,0.15545355143538878,-77.97558403773476,0.028547488534539832,27.322609093561617,0.1687539474212716,-33.09357100902969,0.0247862645880961,-76.88457568375453
127,2.54,0.21086919415920985,-41.61567529468519,0.07008641158983668,32.027616224992265,0.15165821732085774,81.66065581348359,0.2145874989974377,31.327377056235772,0.18931499828418386,32.99759735714747,0.04936197309030972,75.98536405112829,0.20025617877443996,-37.47755118646297,0.1842808491593623,-33.7449378605197,0.004635872815047409,-77.99115920981458,0.20158330586481504,27.83178463634558,0.14953786165776553,-32.94507193977783,0.004233326601601074,-77.27603617305382
128,2.56,0.22613206800540767,-41.962764979829,0.08823449223729879,32.090455711768136,0.1363281395309909,81.47046241063282,0.2029156043770679,30.21727119056335,0.18023211577286666,32.99759735714747,0.06221478781217823,75.98536405112829,0.2251799457022783,-37.23819820494514,0.216675837733607,-33.704371342238694,0.08516175835489025,-78.3776437784943,0.2183685309244341,27.83178463634558,0.15808731109243127,-32.864259555537444,0.028783407672639764,-77.33983439205201
129,2.58,0.21580530926101363,-41.980741440391114,0.09417245889356346,32.11298776014646,0.1296999809275114,81.3835743092781,0.21423658981372723,30.131175208596055,0.186042089433215,33.02600447388728,0.06348803446405592,75.98536405112829,0.21299072959770454,-37.257745943839005,0.2234677395435333,-33.686541862020675,0.07432377502756472,-78.43478082103465,0.24073988699692556,27.869975953427392,0.15180949401406557,-32.81923588853925,0.02983479580972147,-77.4969348937857
130,2.6,0.20135334685184067,-41.976979731915726,0.08435680244238784,32.108075692403936,0.12729488192769206,81.34349325693938,0.22764451678831293,30.139834526136312,0.18886167022556957,33.074323552254064,0.05821580090473405,75.67567211004645,0.19871802128611094,-37.287350829563174,0.22724680434469413,-33.670154560608715,0.06970918618174951,-78.43478082103465,0.24323811759765385,27.803486470647268,0.14320764684812304,-32.79016249980282,0.022435581094159395,-77.5032618840404
131,2.62,0.19995627888628245,-37.91046784967782,0.081753866489739,36.17280584086964,0.1306493485175093,84.81437368745362,0.22817591362851242,30.045124149943504,0.18640622792335204,33.48522280033693,0.04650073682743614,75.20819538119298,0.19693490629573487,-36.93512096759009,0.22620718897062522,-32.7829476986339,0.0756080468401332,-78.6039730134459,0.24290326222610456,28.29151901622706,0.1514415455367597,-33.006421606964395,0.011178769696312782,-77.98063118347848
132,2.64,0.07292189388968813,-32.629738538942306,0.0815866905022862,39.7686889644098,0.00743389702658043,88.68658231161966,0.3581539568772912,29.083813357838093,0.3892671689404251,34.57128588969435,0.009553065219881808,75.25245047994565,0.13449775768748615,-35.592694594962516,0.10427567252779399,-32.58953779223712,0.03867220009443853,-78.47106841408963,0.21594487934127138,30.608819389039684,0.25329273891580323,-33.72448394911823,0.01893924908530857,-78.49278130813596
133,2.66,0.08575551563956803,-30.999610760505206,0.08568277634261412,45.162513648528936,6.75424308232087e-05,89.65264118324247,0.21772713848862515,28.05761458676656,0.41626110962335017,35.07653658846017,0.07697295546998069,75.82716234316607,0.12684779962133683,-35.46523167377879,0.014207625991981434,-31.602771166808882,0.011897783746341319,-78.55311224287898,0.12404520941955209,31.77616091622817,0.3265875538758879,-34.15605238457886,0.09950387852639553,-79.09230725473017
134,2.68,0.06974688880768931,-28.762428216718085,0.000839652519074552,50.75828908050338,0.0009303756785797277,89.65264118324247,0.023783266721397682,24.936219895539033,0.3524786635005295,35.04273659115092,0.05626087234107552,75.83494140226196,0.041101233015771774,-35.96518811907168,0.06542362853087354,-31.602771166808882,0.015969023763100262,-78.82305253236757,0.0038442923024240693,33.30967074849022,0.34541799585743693,-34.65519409674216,0.13831034087069635,-79.51552838199287
135,2.7,0.06857191415437353,-28.335901708588384,0.020991760003216915,51.715201129070266,0.0014969183557905818,89.99448088122514,0.1539278203496734,23.82030389843241,0.3354174595742736,34.951783852136785,0.02294973745561417,75.76387115246328,0.021426074019620683,-36.58666518609381,0.10962198980753995,-30.395567749642897,0.007683771800276327,-78.97457776717972,0.12615119637159544,34.534045622131934,0.33974329888423893,-34.84899732817072,0.129341602098017,-79.6205141219252
136,2.72,0.06026675916435794,-23.57423742618155,0.02970037054391196,51.29467843421854,0.0010765876532830192,89.99448088122514,0.1587465653511754,23.72882910087213,0.34120851025940446,34.79300529687989,0.005724863540293591,75.76387115246328,0.04164731226421678,-36.34074570631841,0.11172540183361117,-30.152006777876014,0.006439348541723059,-78.6763702387982,0.18141719327210137,34.534045622131934,0.340405941521877,-35.02415371814372,0.12228239563164921,-79.61482203092572
137,2.74,0.05190777819026066,-21.37563147616544,0.07235355758984473,50.957921209435554,0.009311343553354555,86.57519102137971,0.13754452741942547,23.408960033774182,0.35761174640693216,34.8120157788673,0.042162658657257164,75.76387115246328,0.012739399935942588,-34.92811050780353,0.0870877613037562,-30.045162206920576,0.005546994496368843,-78.57661970358636,0.1321951160947879,37.2524832829763,0.3702649300092905,-35.20170353406293,0.02438328642661765,-79.51858734759907
138,2.76,0.07816164563995567,-19.8147590193927,0.055074932380170055,51.76775493770111,0.002079801810396134,86.46592056472551,0.026564458802976604,22.005794802395794,0.37618170571232645,34.522233754071614,0.07255595078548271,74.67190267292017,0.0016300420939659144,-33.946085484669446,0.10876267072045943,-30.05012795848479,0.003077986797481053,-78.57661970358636,0.12675985994279168,37.60212149305656,0.3734141678170656,-35.42089623499904,0.08845982284881125,-79.51858734759907
139,2.78,0.1417514893464671,-19.74518710445674,0.1717793103497103,52.41740359499407,0.17767807839272498,86.46592056472551,0.10916829224326607,21.40604665462769,0.18533911242076725,33.576066284294,0.013449508757848788,74.039010828402,0.03099352409741547,-33.925837641351556,0.017253118987132696,-30.306458602888572,0.004181137388042521,-78.5373655847691,0.15624789819822535,38.03851246373067,0.3658089641882995,-35.17748955114437,0.04539407301892472,-79.26622309705658
140,2.8,0.05116790517218821,-19.481903382770447,0.0765699331353562,52.387116916334726,0.11056556371244354,86.51760748796771,0.1120432449529595,21.1235717322704,0.18731468751203173,33.325369721504536,0.0001680905925823877,74.02078442759192,0.047453126059816164,-33.95265476954018,0.04470065079585964,-30.439112351442486,0.005212223080984678,-78.53736558473608,0.15170588922074307,38.08716637438062,0.2897185660213288,-34.742424713031,0.015141217266890408,-78.9672740485928
141,2.82,0.03404191254306685,-19.481903382770447,0.04430733519696247,49.305335999312504,0.08947832083063584,81.56725572431321,0.07329438969791738,21.1235717322704,0.2267746073755707,32.419216609619916,0.03872936148136614,73.34225888258084,0.02860147466499293,-32.727588398933065,0.06029656083725523,-30.938315540205565,0.00548220619182912,-78.17345300268983,0.10976635105661503,38.98761224879785,0.3236398555616911,-34.6538353434869,0.0018767625990344745,-78.95023633619527
142,2.84,0.12460541914570449,-13.349122409167867,0.015251495995847191,41.21459897093768,0.18154799514660816,76.47308796169666,0.16788060213376668,21.1235717322704,0.16271932355107963,32.700955324084816,0.05230136534792359,73.32246540550317,0.011505220155074948,-31.46851774749154,0.021731692387962766,-30.804863028734342,0.0031290936210325083,-77.84466335618312,0.04116427849875528,39.119753676777314,0.2773330809625334,-34.6538353434869,0.12772263934265166,-78.24445403664085
143,2.86,0.014209047492080585,-11.826549566355494,0.03000276845934259,35.74216494117611,0.112966898919223,72.01877060805298,0.043054339283458316,20.294944772747783,0.25017573153024036,32.700955324084816,0.09734951079126668,73.33618698069928,0.01944749246219587,-30.830725223107937,0.07175284373630192,-31.23984214120679,0.0024092422687534355,-78.8462141422216,0.038475475741562126,39.65917223366336,0.3457926884207405,-34.72791590002256,0.015559080916787559,-78.5146121956126
144,2.88,0.09561840474378194,-11.729316419421167,0.14363286972628847,33.40945745286921,0.014840127372742701,66.87365025921582,0.025511247538234014,20.1566521732928,0.18130522905342283,33.07628799460426,0.017965538623626983,72.2328187829045,0.0446685536103774,-30.920930391745635,0.1778383941668054,-32.14513549155565,0.22523125700254606,-79.80615446864385,0.03805148882884833,39.303203872074896,0.12220428099080693,-34.72791590002256,0.023704941004531598,-78.7080018334733
145,2.9,0.15941817018713816,-11.92115887882613,0.13178161150142328,31.71177098453279,0.006030601863866904,65.94846753361911,0.07165217411746258,20.192921890791343,0.11576779614043627,32.29914321534218,0.07602324890644221,71.75429480775041,0.06360269531057758,-30.920930391745635,0.09832725889157679,-32.22011571679426,0.20857035854363265,-79.82894516230637,0.0654751690592667,39.11508748426571,0.08157324474884622,-32.57979779114046,0.023743016877356592,-78.74721161487226
146,2.92,0.13436572153564716,-11.92115887882613,0.1630340873302536,31.665212885933254,0.030776930462372593,65.54716521734944,0.08727124700646856,19.573653681482153,0.12858235716315042,31.959566937042062,0.0581354649362526,70.97946330160747,0.06133755464486407,-30.676083003956528,0.11312079368122517,-32.17526849351878,0.20334586253015358,-79.82894516230637,0.05887078660220629,39.11508748426571,0.10684618053840239,-32.335601831423475,0.03285326288870576,-78.630928539565
147,2.94,0.13614586527609188,-11.880972925118664,0.14459716625458208,31.15594732691972,0.0739329285565643,65.53819360066474,0.1345339206161855,18.906187595588854,0.11061079236920955,31.76310754451939,0.00981753737115987,70.77937792199558,0.185277339668852,-30.393895197792105,0.11328629047695124,-32.23205988984548,0.2171564292229068,-79.63162851713903,0.07027630953353853,39.91306313686184,0.1021462254176497,-32.32816713060565,0.05410065924920622,-78.630928539565
148,2.96,0.11866540483145155,-11.728310272471356,0.17509435338453871,31.209901623071115,0.07467452071807641,65.53912733726624,0.05604437403619464,17.933192661616772,0.11278126551491707,31.735215770552685,0.0026124444422320502,70.77937792199558,0.15195523087104434,-29.778154654929587,0.11528033855127988,-32.25167929477612,0.16286454066265185,-79.63162851713903,0.11201568653303509,40.560754517850704,0.13052754589002147,-32.46197054444203,0.029523095520044604,-78.67944391829616
149,2.98,0.10704224717187111,-11.728310272471356,0.18984652735974233,31.316634214548223,0.07249771498570567,65.53912733726624,0.004689490941067854,17.486693268534346,0.10776271870028542,31.689747707058043,0.004210211515491309,70.60835978325542,0.1413116053159278,-29.498566203572345,0.10961993618369825,-32.26143764014364,0.13272606743616946,-78.57710156414853,0.12851140822597223,40.785314257129194,0.1420881156610811,-32.607516695598584,0.020521757791863018,-78.74178232805082
150,3.0,0.09945703084598251,-11.576837342176988,0.1881520508505144,31.358259799038432,0.07276885139251074,65.53521101106665,0.001528059598717063,17.346593343104438,0.11197220206764502,31.687559210521115,0.0026240495902685786,70.56490404388133,0.1338486374575609,-29.45666746472919,0.12568834200738213,-32.28944003019293,0.12632389514132653,-78.42759001963681,0.12353069906888393,40.942673251909994,0.11563256989025791,-32.625584480906056,0.02049326149983846,-78.82622258667179
151,3.02,0.10577830426427964,-12.389077544586714,0.19070819840380657,31.95710880792655,0.06388818208291372,65.92041766808781,0.02945091590933043,16.288601974663617,0.11671279365907929,30.603914049826663,0.003751031549461538,69.63815139597976,0.15191415144638074,-29.45666746472919,0.11515992712589462,-32.63124535656558,0.14024269958866065,-78.21980191795447,0.11160370794910249,36.94329437172285,0.14561050295701908,-34.6077915700612,0.01508751398349853,-83.88577342642841
152,3.04,0.0385412795315457,-12.494844809660364,0.31832588912985366,32.65970028104709,0.02257676379210312,66.39789960161866,0.007062817810933352,15.40980396647362,0.008089493175358634,30.105787548609435,0.040599779056192706,69.1194540929016,0.34788110928966315,-28.80880356408236,0.3014290947988881,-33.94862084739956,0.22769917897574596,-78.5433126516515,0.06878319866837183,34.301248512641415,0.10028913791617833,-34.6077915700612,0.007851865469208416,-83.88577342642841
153,3.06,0.039910924583441906,-12.754175048584283,0.36187071118201397,32.65970028104709,0.15106158744635642,68.24322227928815,0.016438070403609863,15.01204928716579,0.05566386829097595,29.86531554629541,0.05763970143989778,68.63689463056866,0.1818340547225043,-28.30249303143701,0.3354230809019343,-34.16994074207645,0.26728904268405734,-78.64731873648118,0.10384680582931294,34.301248512641415,0.10445521266075612,-47.914971142316375,0.005131469080500487,-88.91732975279204
154,3.08,0.09133153949555489,-13.307038588268245,0.31954612533627696,32.65970028104709,0.17055174128302475,68.79035883700148,0.016522306361771773,14.694114160428779,0.0662750404787626,29.86531554629541,0.010769001098096403,68.61670388667963,0.01478875434584831,-26.297003907287092,0.2733058793931045,-34.15188240602584,0.21983561318877162,-78.58940023638576,0.0815637017360364,28.517908177149778,0.016994372512249865,-50.97674448060162,0.0016945067181073632,-89.25421023941952
155,3.1,0.12655148996713161,-13.57276805066325,0.27662409945156624,33.30908470169126,0.17458787247909197,68.96848701966115,0.007123495705458917,14.68273924193344,0.08786679340317124,29.176563132596353,0.01101534608774562,68.62956364546193,0.0829098892528517,-24.6571027319927,0.18923480193579426,-34.05965929196743,0.10793751647569612,-78.0559469721156,0.07109401283972508,28.232331161711876,0.03284580369994565,-51.601698146526,0.0018662939232596792,-89.25421023941952
156,3.12,0.1276968025475413,-13.57276805066325,0.2877575782522569,33.54195087273913,0.18360268852129155,69.26603690490724,0.004642473250355618,13.335084615479813,0.09354133792024798,29.027382484966,0.009616004408580065,67.93763223132791,0.08229426115329594,-24.6571027319927,0.2779715861537646,-34.05965929196743,0.15307737126259127,-78.0559469721156,0.05441353129967536,24.665503944234047,0.04773274824047872,-51.00076247855748,0.004285089497178722,-89.12340610122007
157,3.14,0.09619892900011842,-15.248512829962952,0.3293734294481592,33.7632470999188,0.06260971349662839,69.79527815422827,0.008951239676284138,13.335084615479813,0.05271272232394142,28.952473386691732,0.01338422089605826,67.10005248446188,0.21149779075198463,-24.549537878746246,0.290260149467912,-34.05965929196743,0.19949602266859093,-77.03519986433706,0.0365669420950308,22.74421408886552,0.08143869532414819,-51.00076247855748,0.00801696874869147,-85.58658114665923
158,3.16,0.0830558121567746,-15.248512829962952,0.3335559112998277,33.79224874308037,0.15084724999788954,70.33408864383779,0.0034900316755831842,12.52466210349164,0.0891261662422196,28.952473386691732,0.0035465049111767736,66.82207925921513,0.0523729597146578,-23.05132407293303,0.3071019773290079,-34.05965929196743,0.1954359877268743,-77.03519986433706,0.08055568032630644,18.996538734606688,0.07769491941100615,-50.61453119713204,0.0019439025574544398,-85.14009224027495
159,3.18,0.09443646563395941,-15.668657454899689,0.3117788324739094,33.77163792281805,0.19347139425752719,70.99817684230497,0.00939631947853753,12.436168281234602,0.09981783984668842,28.614839462483385,0.008284943353793615,66.6944976989933,0.029417639588805847,-22.548169790754123,0.31231907926664104,-34.29536273225418,0.16645037375118094,-76.52221842506347,0.06739311611243778,18.586983602166022,0.07022242341156687,-50.603574562653684,0.004741533030555567,-85.14009224027495
160,3.2,0.10966712937800907,-15.79011535258231,0.2903763909079449,33.67836999594861,0.20443882289313572,71.42743414478919,0.0012731401213030883,12.43500562181027,0.09628593481580672,28.602992598986827,0.008433067211493147,66.6944976989933,0.03413396611922488,-22.153292933119978,0.3120216956933722,-34.36281807825328,0.13778329887604185,-76.1543068355579,0.052347220159203914,18.374954591638325,0.06609863151332375,-50.60357456264594,0.005138827424069658,-84.78677635876012
161,3.22,0.1164258869409628,-16.501098010227953,0.2808020007789889,33.771801518587026,0.19732693973745016,71.69398958075747,0.011041153386348144,11.28859952379361,0.08906948103052824,28.453271275828953,0.006953799681200388,65.33173587540878,0.011241704852679729,-22.379954426736678,0.3136072727605402,-33.775924070429596,0.12327981909959128,-76.1543068355579,0.026022536325051106,15.752218597967016,0.06625035577900944,-48.66085463618039,0.005525065443445508,-79.70806134790656
162,3.24,0.09776086107419556,-17.71874482103146,0.3058296944730405,33.949424265111816,0.049693536462349266,71.55782726408783,0.018285835361271457,10.61587275888519,0.060290285479206916,28.33651727790099,0.004212285074236612,64.90626181547755,0.22251598607848133,-22.40174934980805,0.26220198848004334,-33.80899280790901,0.18096226459068496,-75.26862281554752,0.008545208415809849,12.571848191194753,0.07262673683399513,-43.56668687724313,0.002139850064545002,-74.31423665761824
163,3.26,0.10179581034968868,-18.277761910860377,0.34240243926727576,34.14284148192763,0.13082671768031168,72.06859310628586,0.002489342774950141,10.409114541044815,0.09225386474930712,29.56037777346335,0.004995008296503252,64.63905511440288,0.05255060907872453,-20.359993525494573,0.28920767504446443,-32.87490099676948,0.19562027313627423,-75.26307192805498,0.055594460355407015,11.784727755985655,0.07097938834019439,-35.07787496078263,4.386779634153559e-05,-71.41505224792095
164,3.28,0.1299014023929514,-18.277761910860377,0.12924924582568106,32.480639840004315,0.006030246403421914,72.06859310628586,0.003009977007325587,10.390164327040422,0.16795717666349663,30.107632187090815,0.07321803384788234,64.93127201204834,0.06191089602627142,-19.63750487946563,0.08340621532408216,-32.01126411509769,0.08207175819718426,-74.05175870210891,0.058100332585018545,11.418574520857485,0.11125529205139043,-32.711973127461775,0.06747525854412666,-71.41505224792095
165,3.3,0.06902843507921806,-18.277761910860377,0.10498660516834674,32.15343279320317,0.01994551953264927,71.36566851177741,0.02371778324444934,10.4029628993422,0.10969728671500507,30.255011257310606,0.08062177576595114,65.13282763276253,0.03321588504754997,-19.50360612604872,0.06471752393345927,-31.731099122165894,0.04448837596077742,-73.62637954765128,0.0862584805971474,11.39469010324057,0.12764205504148926,-32.711973127461775,0.026474406039256666,-65.50587025271975
166,3.32,0.048163112240118884,-18.244885958951247,0.12125142930394732,32.26329560139899,0.0300242156707481,71.67761373071414,0.022232035008720855,10.4029628993422,0.11841952361794701,30.255011257310606,0.09696296873743131,65.28069930662458,0.023995741851543906,-19.50360612604872,0.08057964688824008,-31.313891101860445,0.046895060303130474,-73.32995014547797,0.0903649160500757,11.396794470685288,0.15334329444491013,-31.03453095795264,0.04107975742409448,-65.1628148815749
167,3.34,0.05918162412167958,-18.711051484876172,0.15869049477940692,32.43117540736791,0.028887603909310614,72.1992978756665,0.05388269255048912,10.019080108780766,0.15259652394486292,30.7934677900948,0.0759780841208288,65.19375762492021,0.0790738806282244,-18.780313635115416,0.0481070150736417,-31.334709269904227,0.05447846382146138,-72.37190582439943,0.10478923344811687,11.452931277609228,0.14373759553229828,-30.927300903336498,0.06043756681442104,-65.06576875262282
168,3.36,0.03573093758217495,-18.98326504686051,0.17331417248266465,32.50964661106867,0.000952377161007275,72.43696861411226,0.07128011619171581,9.633238442221165,0.1535664777528459,30.7934677900948,0.04997669167143723,64.93247799757806,0.07208820129241125,-18.780313635115416,0.08852956662395493,-31.34403491129878,0.08607220015585995,-72.23359934140932,0.11187575357805954,11.48104307841156,0.14774497434612147,-30.921785474511637,0.054838283435588886,-64.96596410691957
169,3.38,0.017895753960778714,-19.146084650431465,0.17826020150899166,32.60045965925476,0.011299216351274923,72.63515446666221,0.08064888891967421,9.479568176359464,0.15297809596911133,30.868169410721038,0.02801102834674735,64.88172608350344,0.03967590022267645,-18.040160107283512,0.09174483204814403,-31.377512730618324,0.08383196496965901,-72.0972597614963,0.10342996656919147,11.48093878522742,0.15878354875357972,-30.9218362915612,0.04867712534045383,-64.96596410691957
170,3.4,0.013447180748556773,-19.22989111891772,0.17931149505500962,32.630174318425,0.012392386835683692,72.67641387102299,0.08046192393574388,9.418154527204575,0.15366055911879334,30.883248312640518,0.020423452084918865,64.63294782265753,0.029043720216118826,-17.638780114807922,0.09320101644846995,-31.39400405333275,0.08637337510175233,-72.0742351151955,0.0981201695307987,11.472424598386555,0.15934993011108803,-30.926843488435527,0.049262562314622955,-64.90702787498755
171,3.42,0.017736468493202207,-19.262145035296356,0.1790866614879263,33.6711489784022,0.002547351789736149,72.67641387102299,0.0682650712896194,9.539901075390349,0.15471921768144725,34.91355711743154,0.02451205853936913,70.31437444458678,0.03601657102530182,-16.948115213974663,0.0874717390938361,-31.65306459081415,0.09499002727178955,-71.8563125093707,0.09486453562301628,12.364809843454896,0.15825664340198317,-30.926843488435527,0.05450381876236177,-65.77476551957812
172,3.44,0.14583724781152133,-19.484121864413858,0.3575878466717107,34.497158752718036,0.015732373259473045,74.15034213480155,0.022638914866231683,9.539901075390349,0.08914290859020885,41.80566643677925,0.00546252663007512,73.91025757143935,0.06711618675623293,-16.064006303548993,0.25001723301649686,-32.789119938999995,0.2945019706722183,-72.35248898792936,0.010111995553000434,12.379412495195604,0.09931056558708176,-30.926843488435527,0.006492378409127619,-65.77476551957812
173,3.46,0.10189398730574244,-19.484121864413858,0.3941381669955562,34.71954578014739,0.08749256462956809,75.1816884869149,0.06890411141867607,9.539901075390349,0.10230725279404708,46.620440677259694,0.006334229850144236,80.83934124965693,0.10613485383926768,-16.065928994035676,0.3352712618729029,-33.47622529353212,0.19957894909213025,-71.95457193650128,0.0010980800327118076,12.433786709165812,0.0887063874538452,-28.954587755198766,0.006671042585193203,-66.32989263226531
174,3.48,0.21187190867506664,-23.733179527917912,0.33653571261989645,34.70537097705378,0.14738797773899542,75.58608372974906,0.09130035236334905,18.91713369189146,0.034502298126339086,47.48463224002047,0.009784907192009537,83.16625527660385,0.11438875927187696,-16.065928994035676,0.3826051577268924,-33.47622529353212,0.08719116011274952,-70.70390344683881,0.03074018328636065,12.623648458285615,0.05853480789330245,-28.954587755198766,0.002527597861307227,-66.36649119227015
175,3.5,0.21274704650806525,-24.090257343092553,0.3052530716654487,34.60678586306883,0.20673514381722652,76.00550634369803,0.07136704458936811,19.15913912521366,0.06880566847382089,49.975108457061765,0.00790900518396287,83.16625527660385,0.100136096866973,-15.929747923074386,0.3884043858278307,-34.22615078985859,0.017163910802716436,-70.70390344683881,0.02214272744763164,12.975675317429381,0.06374634435383647,-29.334765237854043,0.0027842207188624145,-66.42868084118393
176,3.52,0.1848331375901583,-23.724013091144815,0.2910506800626699,34.62618845779072,0.21268499132207955,76.00550634369803,0.03901276894905403,22.293175549230966,0.05506355221013745,51.25748172082785,0.005333187745745677,86.04138297892761,0.08204932778729955,-14.809059714575286,0.3480942069919274,-34.22615078985859,0.01036820633402318,-70.70390344683881,0.0896785566034978,13.105900413757036,0.01320203362239363,-29.521085313682587,0.009310076528678943,-67.36709928622118
177,3.54,0.07783628590755418,-24.51053776973827,0.28361716740174403,34.421779972442344,0.14991075624565364,77.38014009665956,0.04408921782695997,26.513976362818198,0.05733271525732001,51.58081568793015,0.011102758805060032,88.40290594927558,0.12556432885463875,-14.64690065704715,0.31565984284176185,-33.601652284617835,0.12706074327659722,-68.6530771616197,0.027173962707439762,14.418724317349684,0.08924304813081091,-29.521085313682587,0.015136352251845668,-67.9221311632867
178,3.56,0.0855058457738071,-25.306260873948016,0.27758521637146344,34.32164246695389,0.16247278555900227,77.56251255699962,0.07865624000330833,27.94025705258849,0.06859315152120771,51.804552514020195,0.006572880444199641,89.51799578969847,0.1146094141924332,-13.999922054593483,0.3264990296182613,-33.60647405867909,0.052296627740448874,-67.85383637687536,0.009409099084869024,14.71135528827628,0.06624508254489883,-29.23195214463493,0.0067595611425110246,-68.51820201897986
179,3.58,0.16667029262949132,-25.306260873948016,0.3023540409392073,34.33642157346048,0.19092964983614158,77.69403114674904,0.06034519814540053,28.73029137299241,0.06812912229300165,51.84796554780321,0.005574400742520512,89.77622285256855,0.07651136653989099,-13.468901618376348,0.347360200469466,-33.60647405867909,0.015755846550316,-67.41176962155407,0.037397105810230716,14.862368427425517,0.012904382907625717,-29.23195214463493,0.06016453140318155,-68.51820201897986
180,3.6,0.17365016301743125,-26.462084058139787,0.30668435246321757,34.317576102804956,0.19305293937172566,77.69403114674904,0.0488971552752808,28.73029137299241,0.06802286338287575,51.89554651197519,0.00588780826210392,89.89364848068327,0.03669354590220381,-13.322213200857098,0.33105195010769184,-33.6132145326513,0.009078590935491123,-67.24433291969729,0.031058036083843065,14.933701848184842,0.01624907182489871,-29.687360386360144,0.03858043416680335,-68.85076132198694
181,3.62,0.1396334453530544,-25.8042009962634,0.2907364888549233,34.15357489684422,0.18427472618571217,78.1861110035544,0.02093368893123999,28.73029137299241,0.06945307557634472,47.541385289373345,0.0061157591349770045,88.13832335699713,0.028397679920734088,-12.23603228309537,0.3331048340352825,-33.19601060996017,0.03542932660748702,-66.49709330470606,0.02732753079325268,15.706279496393106,0.014078053101720505,-30.12110404810613,0.025825315780733365,-69.37526259487858
182,3.64,0.16105455539873906,-26.14721266178986,0.2518337141829052,34.10255404553238,0.09956298859260135,77.99440370807964,0.0042087694184217974,35.0915442409052,0.03685795519684747,44.245159092634864,0.014895990472542182,83.34526665847402,0.06271964243500514,-11.407308578751069,0.2695591217398661,-32.73299736391966,0.09504660797247687,-66.08000997851312,0.019228293949977875,15.706279496393106,0.003193077606641317,-30.142332806593913,0.03847249722067902,-70.07062493155605
183,3.66,0.05863901109470494,-27.117326714707705,0.28337062847127326,34.15722270135571,0.10512997364182342,78.05326213268124,0.07924411722255775,38.27458346483962,0.060853974516253476,37.35304977374219,0.0045359197760813175,80.22112972546533,0.043539495782679905,-11.142337955392348,0.2806343939180633,-32.5810708688751,0.049574841051264744,-65.35555653052303,0.015535788637628337,16.75343002340222,0.015660271446495264,-30.149097304962226,0.052359686635691946,-70.8023499446624
184,3.68,0.041552725804906696,-27.68864116466595,0.151381298353783,33.15000075423942,0.09109038708457344,77.90792537945232,0.14715069694765484,38.239121474738404,0.20766147098496648,34.68799612751761,0.03630984058679386,80.22112972546533,0.06179896855062335,-11.095934680079518,0.2399118509375037,-32.5810708688751,0.04215227568387373,-64.33348178770379,0.03930108921315369,16.89873114776168,0.18456377850287103,-31.528923682462892,0.11204598278175462,-71.13508935970533
185,3.7,0.03251978716126983,-27.416870938546413,0.1290007925928663,33.07344128617782,0.0880172605578022,77.86609969682306,0.07879606413473571,38.51159674875816,0.1479896997082546,33.58927147438439,0.07793839707626939,78.73678645945385,0.04467606426834935,-11.020572256450487,0.1722973600443503,-31.586553722744796,0.06950690519490006,-64.13577590961155,0.062133636392986635,17.499602014413803,0.1521040097382435,-31.675090267009086,0.04422605930578596,-71.13508935970533
186,3.72,0.047361540234713596,-27.382223624994282,0.12714690579792948,32.63308000635608,0.08174696976791333,78.21678288530111,0.06384148404576337,38.308247564386505,0.17063323361741525,33.41132296098286,0.05743507495653508,78.5934472916027,0.0736480175496211,-10.937647879393138,0.19519917450284768,-31.712113678972177,0.04758437092472497,-63.984863530484176,0.04086490539943129,17.499602014413803,0.1430611341814537,-32.1256576106684,0.029336938310709434,-71.51941630216572
187,3.74,0.1834573123087432,-28.085752818782606,0.12744691084436252,32.63285787166746,0.06549278046792378,78.3393236798264,0.15914960038093187,37.93127073516251,0.20366988059224497,33.36484170185673,0.04777646420591829,78.59414017850551,0.0041530517571330885,-10.47120157018219,0.2473794172145341,-31.817876193327805,0.06466564785051032,-63.775828584023316,0.08717384729869805,17.499602014413803,0.164756283035938,-32.31536626817552,0.013029154447838068,-71.51941630216572
188,3.76,0.15240363625177902,-28.555645222229277,0.1461227106694189,32.64890920986163,0.07343276155406547,78.4407518543531,0.18662910655962545,37.640519546888015,0.19230915895430786,33.36196136046101,0.05815963545496023,78.51053668118172,0.028809347387941366,-10.184789801820333,0.2375867328161815,-31.827565605101878,0.08323048770921758,-63.70488871128306,0.05393219005053051,18.65023257561238,0.17374956766074984,-32.400725437445985,0.011109141448231054,-72.15363475981663
189,3.78,0.14679024512440234,-28.652868513267894,0.14515938355650912,32.64902277663339,0.06885921887814472,78.4497789474782,0.1888229356319423,37.640519546888015,0.18964946604458288,33.36196136046101,0.061069204908579186,78.44860473972126,0.035739541385072696,-10.121773909400549,0.23190832516711563,-31.82756560510208,0.08200045974511834,-63.581137725417065,0.051154324698166866,18.744415426962018,0.17043902683219547,-32.456772678103455,0.01582798919881134,-72.15363475981663
190,3.8,0.1561944285876124,-28.652235005805423,0.15149490223369685,32.64902277663339,0.0668111122768685,78.4497789474782,0.16837277465501052,37.50076334797932,0.20295827488252116,33.32376409255774,0.05825943707205018,78.43191557307955,0.029228018031424823,-10.074487217810026,0.22291377966179615,-31.820293858120092,0.06777594705327822,-63.58233227561589,0.05991663962620162,18.79323769938081,0.17060104846617324,-32.46487452725799,0.01235943723791652,-72.15363475981663
191,3.82,0.16642130833856392,-29.744304230470178,0.1344768554387685,32.64902277663339,0.05889228333767655,78.5583582807791,0.16883985437546878,36.340951825691214,0.19704989845173657,33.51115709707113,0.04947855759610051,79.03612497488021,0.01639733606806975,-10.074515282820117,0.2252501150649943,-37.08802812675334,0.06822531050369857,-68.37684311566737,0.07120133373593547,18.79323769938081,0.1691162994341037,-32.86651123353551,0.006076529562004829,-72.96714601840648
192,3.84,0.008354953258194096,-31.943066444756663,0.10142649074034248,30.610164186075174,0.010928638559417767,78.5583582807791,0.07498707293487902,36.244661671664346,0.30646272899215987,34.585022010512425,0.15775697650847528,79.998987612123,0.02033514127359946,-16.768395517624832,0.06934134845158405,-41.582882030507015,0.006556318980869223,-74.9692955159359,0.17556567413715798,20.32673638270835,0.35824313246725636,-33.91389684824773,0.0008875087350622418,-73.32299296315811
193,3.861,0.048893992999849374,-32.84628721027247,0.07067407783624571,30.610164186075174,0.00238346165403213,78.50197238024076,0.036347390746437114,36.82269047643594,0.3908835687373959,35.36655970585294,0.1173720563985315,79.88187828470758,0.07235020894818966,-16.768395517624832,0.08619428806933047,-46.93775825022789,0.006905890153161344,-79.62313609589954,0.19546600430223557,22.352663948403755,0.43297725454546293,-35.25665301420814,0.006829945744552353,-73.50968602082831
194,3.88,0.048893992999849374,-33.70204463640272,0.07067407783624571,30.26574439998878,0.00238346165403213,78.47098869568363,0.09539529221180873,37.07457783410207,0.4244780843560948,35.36655970585294,0.04960376057289964,79.62184361550048,0.09319635135175089,-18.983079828836726,0.034303537277365764,-49.45294480174121,0.013649258404140949,-82.98872684870562,0.19546600430223557,23.433039051906388,0.43297725454546293,-35.25665301420814,0.006829945744552353,-73.62149728089072
195,3.9,0.046151766434833416,-33.778237559374205,0.08199896558708912,30.1873779750349,0.0010073982466854393,78.46606155043695,0.10452254967516289,37.404215719832,0.435920722334018,35.87881611950579,0.02017075241677593,79.17016164904082,0.07205616282961247,-19.299432860911267,0.062973829266909,-49.91619512964905,0.009109983710838326,-82.98872684870562,0.18598937423334003,23.433039051906388,0.41957435703589535,-35.474109800794096,0.01428891449546657,-73.62149728089072
196,3.92,0.020085183357585835,-35.47344697574938,0.08916477909325259,29.95637530708248,0.0016212680968040103,78.86028642021759,0.07940847720172009,37.201118438620654,0.43238144806244944,35.893371455287664,0.01335936589083704,79.26481556846097,0.037001130309732164,-19.299432860911267,0.06750079598006134,-51.40289022506436,0.006641826064341966,-86.64433735129644,0.10840781892480802,23.247470910241116,0.3958802846135238,-35.572696062889506,0.042220445539215036,-74.57523344416394
197,3.94,0.056524648740852855,-36.19769055822256,0.11265116476583503,29.929668558332246,0.011825310562988295,78.95885916069857,0.1316391766294888,35.80535364343384,0.3874471328134046,35.76333861577529,0.11413641468809292,79.12077807902267,0.024750051801977344,-26.623569349684267,0.04135937693157613,-51.77601007080408,0.011206159794954814,-88.89508700765916,0.18913081858830122,22.99803990618418,0.3741383636699971,-35.368923817481324,0.010355813463358008,-74.9931653968137
198,3.96,0.029812158071842447,-36.61447926547386,0.08354232953769133,30.329616417493124,0.004353235227472736,78.96893542796234,0.07594459755925782,34.743023758102424,0.37326570883951016,35.76333861577529,0.03754125959486639,78.53865529612114,0.06046109858226459,-27.19666045535097,0.054361402283727996,-52.77065225471541,0.0070901711960679546,-89.96689558787268,0.009089355404614379,23.969874796531833,0.36198708170060023,-35.28270870508206,0.014229975241507974,-75.16714720280132
199,3.98,0.033091413358764955,-36.63736410436727,0.03806348628983269,30.387062881798613,0.0012858449757286099,78.9704926450336,0.046596684695149125,34.18636079078192,0.3291402910588957,35.12335187337548,0.00980896551984168,78.38195751754027,0.08536247778858726,-27.498236775311387,0.025353321829596237,-52.84401174312068,0.06203535484338671,-89.9944808812547,0.07512476349783956,24.013707225558914,0.2804282806485953,-34.5109309198003,0.02285828041678941,-75.35679738727329
200,4.001,0.006795821870715309,-36.56854795411527,0.07079161979515752,30.38624956452367,0.0048943396771875865,78.98784637913737,0.0367411172104215,33.98284248211936,0.3586922379584657,35.06297003272327,0.016192700172283393,78.22344978548576,0.07245936863029602,-27.6096619224371,0.011262875197946108,-52.79218544317759,0.023387470697568778,-89.9944808812547,0.11744526713451273,23.679773013543247,0.3076310585361892,-34.34540828270168,0.05058538532484407,-75.53167860572935
201,4.02,0.006795821870715309,-37.248273597904586,0.07079161979515752,30.718429626466396,0.0048943396771875865,79.22385019585415,0.0367411172104215,33.07754047641436,0.3586922379584657,34.588385303001424,0.016192700172283393,78.22344978548576,0.07245936863029602,-27.6096619224371,0.011262875197946108,-52.79218544317759,0.023387470697568778,-89.9944808812547,0.11744526713451273,23.07974417689623,0.3076310585361892,-33.91826640350549,0.05058538532484407,-76.23648617349983
202,4.04,0.06703461475003328,-39.32210948125861,0.05525827499699304,30.584843778326434,0.012156728812476631,79.3856848833506,0.14468351160870288,32.727131154458135,0.2191533474081524,34.23878809155041,0.11375023834766629,78.3436539686809,0.172038673347799,-27.6096619224371,0.10737121254664066,-42.94969105477063,0.033335833001753315,-83.0434344100625,0.4248534668641956,23.371020951058785,0.14316314256814627,-33.91826640350549,0.09205495464817917,-76.91862202703595
203,4.06,0.034278433887160016,-39.61151907021436,0.03355669904251117,30.509569788614396,0.004657711306738796,79.38768744644803,0.20666960422227143,32.785475297450915,0.2101358142051691,33.84284294639887,0.059318971498317836,78.22095967839142,0.09083281895733127,-36.74149128846029,0.19334104685028203,-37.23158991683352,0.11788793161103552,-79.49172155697629,0.23592958632884886,23.371020951058785,0.09370056474751758,-32.54221762038634,0.09659912548356948,-77.13012124258914
204,4.08,0.02125018829423092,-39.6348478414511,0.07986068735266968,31.623264440590432,0.0036294703323150445,80.91900598047022,0.21547518398710433,32.785475297450915,0.2797014558860077,33.84284294639887,0.04502810145862786,77.71222988729022,0.1356345969768394,-37.578638500281215,0.05102077674317597,-34.38536358154703,0.04341722773048497,-78.89581410905076,0.2232810729168891,25.621742944972457,0.1779106222227976,-33.031586706124415,0.1070756229970215,-77.25608990641261
205,4.1,0.14379547738391438,-40.90348032510248,0.09652845258529981,31.903951101802203,0.22609190319964392,81.75929309679168,0.06603833718246363,31.78461274536174,0.1213765625373358,33.116425430676514,0.007045012692107904,77.49657555719953,0.09237667518477556,-38.23448376317884,0.1605674922788805,-33.578993996962566,0.08107240425304096,-78.28060107999488,0.01026623355338386,26.62334164474761,0.17409468345932555,-33.031586706124415,0.05165001895006035,-77.05917913125798
206,4.12,0.16536643166992748,-40.90348032510248,0.08066775457215196,31.75755057208688,0.21360445823306562,81.87062821831597,0.05012458057044799,30.743364753025777,0.11916377928580411,33.116425430676514,0.02168767321509989,76.93329783280241,0.08946103359625414,-38.21691625067878,0.15398854365767406,-33.32238055625964,0.13041229953298955,-78.32229467935362,0.016197413082098027,26.62334164474761,0.1555452787036086,-32.857116538102666,0.047122265769916676,-77.33079019958946
207,4.14,0.2303010007750771,-41.95945893315913,0.06271654067701964,31.78454380348814,0.18114637152630522,81.8664967833417,0.20130406128468079,30.315013534589728,0.14871294829745663,32.586909461939655,0.004288075019632715,76.43673428489133,0.18371638154864778,-37.83730367695189,0.18764181684130093,-33.2698979186035,0.0679757096104725,-78.50886136616872,0.14072245619207951,28.418507864582804,0.14753966977137323,-32.77558796821272,0.03408964293638552,-77.33079019958946
208,4.16,0.23715462531385345,-42.09994487011842,0.07844661553327874,31.855173320158826,0.16317143342712914,81.59733713593474,0.21241749845900118,30.315013534589728,0.13755641598625812,32.637686820229874,0.016734974355966038,76.43673428489133,0.1954201966410429,-37.6107587077049,0.1892466433954254,-33.2698979186035,0.05340200454621645,-78.60718406839642,0.14397558553832174,28.451724266612896,0.11182960238563697,-32.71152630350993,0.03103389514709378,-77.62669149512394
209,4.18,0.23044589618782804,-42.12331559426259,0.07919012357362216,31.91740687469289,0.1420942258023539,81.45553074847558,0.23146115419975985,30.185444241461926,0.15976663656389622,32.65199767402001,0.01859330010152674,76.15885554922289,0.16959408336272752,-37.60798774998783,0.19114154176357237,-33.2497981693358,0.03401746631704668,-78.76609167865455,0.19239451104755112,28.426605485251915,0.13363672270836752,-32.59532554376715,0.059746481134682276,-77.78018855593282
210,4.2,0.21172259590849457,-42.10560273181478,0.06841585382245628,31.914939829289846,0.13663754258854974,81.32928460378585,0.2392962809825711,30.204067895634026,0.15953195927194297,32.74742289003701,0.018424389234425635,76.14294478466188,0.15986076858159956,-37.66660835491258,0.19306357792863577,-33.24626283770111,0.028998177464903158,-78.939836419641,0.18415607447897242,28.426605485251915,0.09642858944057262,-32.551358205060666,0.029222342135345525,-77.78513911150911
211,4.22,0.21309197707600652,-40.43746176774607,0.07650670000266728,34.77939045644077,0.13556006792228664,86.23936189278943,0.23761368701237987,30.226730654077215,0.16132513672817403,33.35836664819124,0.004917566133242718,75.76414877639523,0.15528384391733135,-37.71636712371942,0.19693831305588247,-32.46387453098738,0.02522493247876405,-79.06760649887018,0.20440227683517692,29.859314281433107,0.14157830032344584,-32.68162347741207,0.05269272789926206,-78.1549173647718
212,4.24,0.07226699309506374,-33.17318326156698,0.07923632936796668,43.16978441090593,0.0058111284561433146,87.55207301227475,0.33861695693891236,29.248740952335606,0.3612865408004773,34.53897228970926,0.02700863134235958,75.7456922896851,0.11450701780887519,-36.54001729266434,0.0749894722439188,-32.46387453098738,0.00311517736037611,-78.79460742339336,0.1809471997047976,31.120962678522996,0.2328058249457332,-33.3691305500458,0.037048084099244545,-78.376309568756
213,4.26,0.08744314077082649,-33.17318326156698,0.08145268133284589,43.16978441090593,0.00033209243042779397,89.53087030468252,0.21183370062533713,28.51668795308411,0.384862014680283,34.690193575297464,0.11258685494133659,76.25925975459141,0.12051550112677856,-35.65297959196562,0.013833852649127983,-31.495902032456794,0.07624537192919947,-78.61530201484757,0.09295240688227452,32.05380077662928,0.31746158069010955,-34.35099169746568,0.11589957861661719,-79.29429390259975
214,4.28,0.07241247348985576,-29.289132985541972,0.0001358625622681812,50.85380302427102,0.0010316397076395455,89.8503706043407,0.02628901201034076,25.739631947300207,0.3274880314210932,34.81527359489826,0.0949891990860019,76.25971866915512,0.03098219762044756,-36.224380055105726,0.08242265403402851,-30.58827914352965,0.0010352624343517918,-78.61530201484757,0.031216820646232334,33.60822606240046,0.33809396686015725,-34.35099169746568,0.15444160056126227,-79.29429390259975
215,4.3,0.07049413960764259,-28.198008744411407,0.019507499821294773,51.794543626774185,0.0019209763688609514,89.99448088121737,0.14802158245554672,23.87123407026686,0.3159604689619865,34.7129141438966,0.058241112509668194,75.95792477942763,0.021988056977041804,-36.224380055105726,0.10966365436169803,-30.05820935156944,0.0074261035278571875,-78.61530201484757,0.14467941307766896,34.313927544931964,0.32741481552709495,-34.676978504981285,0.15069970084850115,-79.80779399982384
216,4.32,0.05955115144607151,-24.326265980136963,0.030219753002497438,51.35086284122943,0.0011084420235164586,89.99448088121737,0.14353963431898767,23.682779219406033,0.32468604048533234,34.515630673954945,0.037600939926731074,75.41238350252371,0.03862711249207296,-35.651776357478944,0.11098204453490862,-30.094318665591388,0.006239492896143612,-78.59952067008183,0.1890129305623473,35.666854376725006,0.3239913678204659,-34.81593742488984,0.14496583230714924,-79.80779399982384
217,4.34,0.050654978988681765,-21.521344826431566,0.07428223421988356,50.855726008765906,0.008859577459080276,85.94118173088127,0.15547827506547562,23.682779219406033,0.3374861747822943,34.56528031595644,0.07262615082214616,75.0777618952015,0.016554943659309457,-34.426647458045935,0.08733493526541211,-30.042423730465046,0.005382545559861028,-78.59952067008183,0.13171795048623974,37.30077571703423,0.3502971610344507,-34.8901665001416,0.05207916565308342,-79.74461954535354
218,4.36,0.07760293965092364,-19.590615647383977,0.0589875567221813,50.855726008765906,0.001360891741016633,86.25519191203632,0.007530561179411337,22.62384611290776,0.3416264860385747,34.24185831498687,0.08567802980280712,75.0777618952015,0.0061488398117626455,-33.84873708576043,0.10840006101282408,-30.0221532270166,0.001810994490972096,-78.44119967653701,0.1309737655118677,37.68265289035373,0.3585906553318081,-35.14023122168994,0.11862739075497986,-79.74461954535354
219,4.38,0.14573847714140384,-19.80613258303735,0.18483974679026216,52.38208334555673,0.19094799550203267,86.52070675426901,0.09458429216745382,21.558038646368384,0.1782957105885875,33.757106375886686,0.017172884362969758,74.35016822224439,0.014734249320780093,-33.893040772290554,0.024932118801914115,-30.40448483429993,0.005172975733175085,-78.44119967653701,0.16679836094318976,37.91928983332271,0.3320599461027609,-34.697320544380325,0.0756003065015365,-79.74461954535354
220,4.4,0.05544199484125517,-19.504270605915412,0.07738339361702606,52.2599284313268,0.11143002814410298,86.43341380680607,0.09922872908658056,21.321748219044437,0.1640027109119931,33.05031793267846,0.022937765620941547,74.32688668053366,0.047850329406118115,-33.92889596914869,0.042576758039880945,-30.419901953946546,0.004961618576903401,-78.44119967643651,0.16533371698963803,38.18495768223048,0.2673092588827957,-34.697320544380325,0.014994633777510133,-79.74461954535354
221,4.42,0.03567721022302528,-19.504270605915412,0.0459313907881505,47.484480149817635,0.0901703273049521,81.44903474554624,0.06257584548154352,21.315673287169112,0.20489211990417633,32.141704798090416,0.06377753152024625,74.32688668053366,0.02907919033549236,-33.32823642112352,0.059286846733358566,-30.905798168850794,0.005304655586869233,-77.933092456129,0.12713097108755628,38.60841193015518,0.3014096329370717,-34.46827305429779,0.025753795605257052,-79.22329519538226
222,4.44,0.12558203579174737,-13.231635973360733,0.020943941413596796,44.78756780688303,0.17913855777472656,76.95418083716127,0.16943674879561998,21.016443065079287,0.1479260104759313,32.45411963506818,0.07767151941380974,73.50697926037853,0.009572073455444264,-31.385639327459543,0.018171621634256944,-30.604090682322354,0.004179336914453753,-77.75498831748921,0.0612958953820627,38.60841193015518,0.2541158319906877,-34.38834334160217,0.10551388247580397,-78.42240515371932
223,4.46,0.01595939879753156,-12.126048607101438,0.03049598450557102,35.39918216984491,0.11262700505300356,70.06281937216264,0.05183817879360099,20.609061387138762,0.2295794640451089,33.01928379847481,0.12592905464789425,73.66130438314498,0.016728526081589947,-30.790873460722196,0.07313239226280288,-30.446163509167324,0.002737258193923074,-78.04758979059169,0.05631310888971879,38.60841193015518,0.3302665363387875,-34.575998941351436,0.005551802746483278,-78.92239685144608
224,4.48,0.07861717730109126,-11.742482710281703,0.13897577277874354,32.85424835966266,0.00994219753445013,67.87614442563775,0.03574382185303533,20.26524011069516,0.19083309185922126,32.519793224346415,0.0291779610167589,73.19738184595826,0.03932038375377801,-30.950837129850665,0.18761763419647506,-32.03156958930604,0.23286080531035042,-79.46643614902824,0.014481034930662879,39.734551080268865,0.1285318944813553,-33.08852024853788,0.007468059691354173,-78.97423229016616
225,4.5,0.1572869395362074,-11.804069878344869,0.1249751517704846,31.839582698341935,0.007526256601232637,65.57919479701853,0.0813882538827724,20.346330605772568,0.10660707395824458,32.19498614060321,0.04251494550155803,72.24756115371528,0.06486368057972329,-31.143162931696732,0.08961864272908582,-32.03223708802902,0.2022856781761171,-79.9458125076346,0.04191214326105819,39.29254700396523,0.05014906427567823,-32.65432915893761,0.009830238251253572,-78.97078786152426
226,4.52,0.13297588544167538,-11.887458522320314,0.15464941085848993,31.839582698341935,0.02636928705818026,65.44646721275343,0.09322120358274656,20.383288371152943,0.11242820200572404,31.84684454029516,0.028144832174372972,71.83352232752823,0.06162972307153979,-30.59026202364211,0.09675056770211744,-31.9882291326154,0.20279773619116145,-79.84507800664596,0.04117584339705037,39.37922638204662,0.10197979787688158,-32.25836159901178,0.010138782732452828,-78.86344883452851
227,4.54,0.1296887358376125,-11.823985049027298,0.1418032161643082,31.070685465631136,0.07316373710838751,65.40250011265826,0.11709045421550057,19.01324767179944,0.09995770810961199,31.59076540884948,0.004891038443120941,71.83352232752823,0.18434222830235433,-30.113566530079876,0.09877230920757059,-32.02001925540668,0.22069078683394636,-79.43501929262139,0.089771690101347,40.01947869254765,0.09668483370449513,-32.24613073018024,0.03325846876535817,-78.77682871854913
228,4.56,0.11581009003177982,-11.823985049027298,0.1634090424384442,31.130878098516565,0.07617224510898071,65.41924223370518,0.053956721401567063,18.310916197468977,0.09426758658984398,31.5809232831163,0.020690872792758736,70.85363441395596,0.15824591441897098,-29.92298523412596,0.09611941788581195,-32.055744420926864,0.170845333433581,-79.43501929262139,0.12492152100704876,40.68847999040882,0.11112011255493634,-32.337743475790234,0.01457666681252707,-78.80052175127419
229,4.58,0.09891226917378346,-11.823985049027298,0.17972323190030595,31.15386690006453,0.07490006350422454,65.42594089262245,0.0029814680204838387,17.37082059432139,0.09279775791004376,31.493047191761697,0.021729281539556698,70.84123474914209,0.14398323556601267,-29.49290347072113,0.10058380316439651,-32.048772642035104,0.14567852731873007,-78.48376529130216,0.13159090725902797,40.93377854018353,0.09856953620216882,-32.46510442617572,0.00932416301510317,-78.88497467989957
230,4.6,0.0945757186097805,-11.483500741399881,0.18449623266006204,31.24874485391012,0.0734784764930818,65.42310962510622,0.0011139017657153384,17.237987648570343,0.10769869158100676,31.494072133299593,0.02159348850010345,70.84123474914209,0.13788147164681608,-29.43355039551273,0.10839130263297518,-32.09207762978467,0.13542602816286503,-78.44507383110223,0.14978697656688938,41.11807570655684,0.14570720922886066,-32.538742381579674,0.004994580384170607,-78.96808400892877
231,4.62,0.09910664174452617,-12.218264261934621,0.18262013694944015,31.386778135218236,0.06388815883994996,65.95889590826867,0.028918454008941136,16.690253263054895,0.10977532279819842,31.494072133299593,0.027508858834653673,70.39350947887623,0.14389562777529571,-29.35821123263706,0.10713429007461948,-32.891272430386834,0.1488485384601318,-77.9221988685251,0.1400334798553526,37.11438131929676,0.14209372542464155,-37.51566173085058,0.0052033712367872695,-81.96879825338452
232,4.64,0.0374925943389708,-12.218264261934621,0.31704890820722487,33.039583843495414,0.02815747318922726,67.1298795028918,0.005051534848731365,15.295171414353089,0.0021143925718809676,30.278796216626475,0.058906068632018756,69.6033290967002,0.3506760542438877,-29.35821123263706,0.2982816562999797,-33.69826857152729,0.24259970100870495,-77.9221988685251,0.07358413949289815,32.051798439478404,0.09796787099460269,-42.3101725616961,0.007296441947587318,-86.84125196514067
233,4.66,0.04013750513565874,-12.629056305522463,0.3619372328582702,33.27772298569401,0.15361163842304518,68.29420431613846,0.008531579433123307,14.877766179106047,0.05472135661782526,29.68160997343878,0.03350617718052295,68.75282828975737,0.186483226176125,-28.31445704858406,0.32674804750192477,-34.146059399829234,0.2797419093627171,-78.69132197248464,0.10586676408942162,29.098296616337787,0.1023582235084515,-42.3101725616961,0.004151845547793613,-88.66540151027836
234,4.68,0.0919413847633319,-13.3464404798884,0.32108238546902107,33.293654149062746,0.17156997615251407,68.61479004366367,0.01720171949346342,14.877766179106047,0.06861780069481747,29.68160997343878,0.009004676479387743,68.5923864726519,0.012906512949030285,-26.673445505300204,0.2656139508361175,-34.09418212332329,0.23361093205015437,-78.46706830970741,0.08310085181708148,28.435706238515664,0.016835546468937295,-42.3101725616961,0.0014256049425116816,-89.36071829519629
235,4.7,0.12433187780233215,-13.3464404798884,0.28321041007929454,33.100947517227155,0.17464149247953048,68.83667071013532,0.008193254833129441,14.877766179106047,0.09223308489959846,29.138269319280912,0.010168069694269349,68.5923864726915,0.09574350079361645,-26.673445505300204,0.2448307014906675,-33.93150940743695,0.19348370717619565,-78.04961299414916,0.06790461068451299,28.135506474762845,0.03539313477177622,-51.54323958765392,0.0031802074971553677,-89.55202939604193
236,4.72,0.13554982129952003,-13.3464404798884,0.2758477959158477,33.44680342385593,0.18069879479659126,69.13420842652428,0.006541294867465794,14.279368132017202,0.0919491037136264,28.855247062726928,0.009446178223974097,67.35947193617149,0.0765095167191663,-26.673445505300204,0.2653424138805376,-33.93150940743695,0.16429914151593622,-77.31794934670751,0.054596118542588924,28.135506474762845,0.04886504389346971,-51.005307733448376,0.0038019447657349995,-86.9348771575091
237,4.74,0.1040262350367095,-13.3464404798884,0.33205060132041636,33.664064883387816,0.07472926507534008,69.37717052221998,0.02062091605257758,12.707894317639791,0.07145956216580301,28.897680110120373,0.0035525809293340356,66.99095398430161,0.21166554648771288,-24.543694714632323,0.28431480884756843,-33.84596440240493,0.21277988505139103,-77.31794934670751,0.03763483423132879,22.529507363644807,0.09079956466868679,-50.685489050725735,0.00691643936313694,-85.93935314789057
238,4.76,0.07857478353384083,-15.428518370802344,0.32872398566764516,33.6968987876041,0.15994703383178496,70.01879135759802,0.007984619885286405,12.61841037586727,0.08181450397681982,28.77034017250828,0.0017420676057404044,66.87945537249601,0.05229210048215794,-23.40593659444648,0.3053381327962133,-34.180589768123,0.20090482296459627,-76.71833051822188,0.08232292585920294,19.169627188173962,0.07720064599752768,-50.58136821896955,0.0019039124796530135,-84.981422983806
239,4.78,0.08980719120322983,-15.602488800397914,0.3070161772724771,33.67291649166296,0.20138913167238995,70.96020906081546,0.0109449092616757,12.447639417200449,0.0994833139515178,28.77034017250828,0.008164024225468683,66.61373600746634,0.02516067044751955,-22.305264994254312,0.30885887996709294,-34.25944031063425,0.1715720748104379,-76.71833051822188,0.07108704382106286,18.579261721921597,0.07158630502196621,-50.575874402933145,0.005069163218190997,-84.8054372678466
240,4.8,0.10727791360157359,-15.751506977876979,0.2852189579331068,33.47172922280153,0.2104440182607666,71.3737425452943,0.002373894598463993,12.39754779531979,0.09575710780299362,28.58485145088796,0.00835017262495555,66.6087349907463,0.029072013161333645,-22.180929677276154,0.3078429471499958,-34.25944031063425,0.14299980936328777,-76.15776195324352,0.05243486008510589,18.360957457702977,0.06627373891076442,-50.57580176934388,0.005298042998938558,-84.8054372678466
241,4.82,0.11676564664464663,-16.5618888633354,0.2761081399858182,33.67428062704379,0.20219424706428865,71.45845348961991,0.010475008103244716,11.395484014719809,0.08858979025097986,28.44694598804662,0.006841887216832565,65.18279051392422,0.016197128686434064,-22.311548589068067,0.3092401886976075,-34.25944031063425,0.1289220465884775,-75.29243424905093,0.02588326165364434,17.90679648803654,0.06651035178736094,-45.93251645056365,0.005566610831820812,-82.89078295164084
242,4.84,0.09651174165294457,-17.49299085830652,0.3023950243587384,33.868255871598194,0.04718991266123369,71.69919084470726,0.018243288402176663,10.789113194761693,0.057943729291787524,28.405960734771902,0.004957175657302085,65.18279051392422,0.23141938682461885,-21.769170582124293,0.2623235830671881,-33.65816179215918,0.186730373257918,-75.23532076045745,0.0067440421146170845,12.432314448902838,0.07384815609218144,-39.63972098432482,0.0020496417064557416,-75.69901669503749
243,4.86,0.10981646469321964,-17.49299085830652,0.31702164776952935,34.04742998705454,0.13088211387967685,71.98741324204626,0.013779958474341299,10.427091504219263,0.09281395956556135,28.258649976360154,0.01404276706969321,64.58081374662643,0.06082553278666452,-20.34379052714561,0.20831561947407565,-33.23176570523899,0.11448998715303446,-74.5986518366181,0.058967792230251746,11.65681039938185,0.05015831399288605,-35.19417607435998,0.0011226473624576358,-70.81686628180238
244,4.88,0.1378138840110583,-17.49299085830652,0.14464208426388775,32.49281341569444,0.01973801610249039,71.69640904261459,0.004149330765952816,10.411314356596561,0.1628801450911529,30.046014913964697,0.06319327609187832,64.75223204243275,0.05529885370307067,-19.643974795216025,0.08703133173875716,-32.30417033665315,0.08481756391483138,-74.5986518366181,0.06207120580097184,11.333400775291071,0.12608504907502277,-32.38099536514507,0.08860278744628625,-70.81686628180238
245,4.9,0.07689219688241794,-18.077032432191935,0.10541110001893439,32.49281341569444,0.024771945933252253,71.33207832978356,0.026771863921092997,10.423040145546905,0.10996176307004459,30.046014913964697,0.06902721724816079,65.03305880403951,0.03462501848357854,-19.517716833252564,0.0694784637611764,-31.78549262145073,0.04919368194919513,-73.45333246263847,0.07883059643952126,11.29822733717705,0.12086900591760034,-31.521663216156302,0.025759501604765346,-66.12852691750089
246,4.92,0.05389419894907058,-18.32592199746605,0.12127946917211732,32.29290061527535,0.034172082799332495,71.75426967946967,0.02395354555675882,10.423040145546905,0.11522607271064496,30.560524447143234,0.0934696533746812,65.13591101097465,0.02161991383318762,-19.538970168650504,0.08203136852906621,-31.78549262145073,0.04979720911496561,-72.576319121775,0.09097305493059994,11.29822733717705,0.1487708890162072,-31.117218065846586,0.041918929595631226,-65.13496869220599
247,4.94,0.058994042982436,-18.71344809342181,0.16231534479719192,32.41725342534909,0.02279047152906689,71.75426967946967,0.04666945826365686,10.132550012514645,0.15456318280077655,30.742078722595053,0.0827550943986867,65.01505408606361,0.09967213920055329,-18.598117860151778,0.07687288085979511,-31.345276453651934,0.09648282004946755,-72.33557202477414,0.10431405392261842,11.395976731747961,0.13313912559065552,-30.863760358554803,0.05786453063259398,-64.95743182828558
248,4.96,0.03006238035297769,-18.865235623876927,0.1733697910512599,32.510427352166694,0.007525012562506648,71.75426967946967,0.07104857538183455,10.132550012514645,0.15025387680782518,30.78830092999979,0.04278345124208513,64.76805835162057,0.07301041162799268,-18.06728208736786,0.09082407484295014,-31.356134213921923,0.0924893420394928,-72.14734431295479,0.10975754823635704,11.395976731747961,0.14287670208897116,-30.841344580529356,0.052348495607627964,-64.95743182828558
249,4.98,0.011983230240748828,-19.100461035324365,0.17883426980476305,32.53187380482291,0.02024266662049257,72.60218918591049,0.08158804482156891,9.423527460499562,0.15005042203131386,30.80475764207646,0.022673354204259033,64.57235951515005,0.04293228828605396,-18.06728208736786,0.09330091008952998,-31.36769982636996,0.08873657893992737,-72.04874256501833,0.10403126662825078,11.448267959864207,0.15521520781427137,-30.844224033407123,0.0463580121056592,-64.81608862982142
250,5.0,0.008926333736736602,-19.287536615495323,0.17940294695608708,32.5997126247788,0.020671263775444065,72.65965926926428,0.08053952462630516,9.378412611748582,0.1507304070410115,30.815829038525383,0.016307622926641438,64.49584048423098,0.03386787909645009,-17.703538417684804,0.09469555031066246,-31.380896070835515,0.09157135062764435,-72.04379733885526,0.09761964572230077,11.44809572846665,0.1557755204385626,-30.844896216449403,0.04711769783460967,-64.78731620421598
251,5.02,0.014394998111464352,-19.288452453594708,0.17744502204123128,33.63095691491802,0.005738881206508539,73.4432387898686,0.06966323159748047,9.996786792197584,0.15075293010870627,30.815829038525383,0.02121060326187608,68.97460112676481,0.04197197263910231,-16.70606636699219,0.08608492595831482,-31.293195636484793,0.10390430227954875,-71.98504091518221,0.0958593382690357,12.36126367413524,0.1544318905631327,-29.95980831605743,0.05069147715378084,-65.31722196855661
252,5.04,0.14226274212700663,-21.056908448094998,0.3542217066830968,34.54161468940521,0.021166569310001243,73.4432387898686,0.021255127850216726,16.48101535935887,0.08727036773036317,40.833354669762244,0.005313075494028644,74.36842581747413,0.07208688872539115,-16.1808993585957,0.24755087114870636,-31.293195636484793,0.29312968871032863,-72.26983750001783,0.010987429251435366,12.366733518237316,0.09817298765394725,-29.29433961981197,0.014083603105408555,-65.78852245433103
253,5.06,0.11007668889322696,-21.056908448094998,0.38085171986914934,34.816724922581166,0.0908282563767227,74.86943582183932,0.060461832198837606,16.48101535935887,0.09717997354907845,40.833354669762244,0.007167180252272167,80.17122229160749,0.09950737857170863,-16.064287841165005,0.23895690711032785,-33.090041305933255,0.14961848705000622,-72.26983750001783,0.0015851162790395323,12.468932892511285,0.08092709123053786,-28.928552915127298,0.008350996912419736,-66.234405689565
254,5.08,0.21380861097575216,-23.827829604566556,0.33938128054071914,34.59803102042506,0.15094501313887962,75.5720288101633,0.08721460110608642,19.041947677383277,0.038274750491640655,48.78087090199532,0.010544694653298442,82.1226198163497,0.1112683498743157,-16.03267094698892,0.37380714382121993,-33.69453882303837,0.08894442493830777,-70.87386431030241,0.02967882054475872,12.606471591224675,0.056782741865196336,-28.926922310759192,0.0018172582292135615,-66.234405689565
255,5.1,0.2061667022099166,-24.030654681057246,0.34513927441123754,34.51209335342116,0.21475801654746846,76.25330628583045,0.0719065903546981,19.13726055982056,0.057653310818436686,50.04608497220089,0.009046607315000624,83.69234720477151,0.09403970672800707,-15.872586029304697,0.3681028149395183,-34.21406022908337,0.01482886767159301,-69.56994234800152,0.031829722480211105,12.758564534008592,0.06157880365585637,-28.91669805672491,0.0012516985623544704,-66.234405689565
256,5.12,0.1814689528185545,-24.13010807197203,0.2915603573122587,34.51432875732971,0.21814443050873775,77.01175913198699,0.038050272293308575,23.30558512648138,0.054811902255327845,51.21797611865727,0.005376749861307867,84.51673566073408,0.08128485219171529,-15.872586029304697,0.3488015889767873,-34.01569566926499,0.006400722774978924,-69.09076409913271,0.08622326324420744,14.050295651121642,0.01337757259492176,-29.271595855507055,0.007287015443333577,-67.29095865261401
257,5.14,0.07927519850201604,-24.131137085016512,0.28025652493991277,34.441299280548556,0.15411903823606254,77.20897613957021,0.041678107125092984,26.485987428214397,0.0572648134760567,51.65148221399298,0.011146421864026227,88.46430331615613,0.12473512796027181,-14.266511318310268,0.3133636488820967,-33.501519744452516,0.1296615749624067,-68.39902402764874,0.027226903453469557,14.448270479596788,0.08927505080444462,-29.19101560527903,0.015076200786017915,-68.05208717835973
258,5.16,0.0824102677269381,-25.031173860628453,0.28192122355560306,34.29358140042588,0.16467434128030112,77.20897613957021,0.07804895165746044,28.250858040308984,0.06963417194014386,51.784074157901046,0.006898684897969278,89.49902370370678,0.11151415185646409,-13.959465415475226,0.3296800622289282,-33.552406722843415,0.053681477303423736,-67.91537103661305,0.00981411310152488,14.448270479596788,0.06669694412319643,-29.191015605279176,0.006762046517773648,-68.43137048879728
259,5.18,0.16269529942267258,-26.276489798943093,0.32412562991215005,34.3081635612913,0.19416451146950534,77.54605452430323,0.06443624474780049,28.57186301323025,0.05471710542200031,51.83368278591453,0.006334953229361452,89.70794063251829,0.06873277294571241,-13.396773218631026,0.3186922002711936,-33.576809372644306,0.007641539043608135,-67.44510893493998,0.04042761062835554,14.842148209376207,0.024692065418353334,-29.419981294856296,0.03800367408724664,-68.6955956577379
260,5.2,0.1801995568536335,-26.51319737068556,0.2909856466725976,34.308161809053075,0.19140561804949857,77.70603447174133,0.04699062109235719,28.817715453703943,0.07124839461941657,51.86379036595892,0.005412867422120984,89.81880090775516,0.03823749196968707,-13.301637983141275,0.34712572031278105,-33.58596353924213,0.00589184561052288,-67.09917456108359,0.02741893831002773,14.916092642894757,0.01885333058332133,-29.61846256477664,0.030858648074785305,-68.6955956577379
261,5.22,0.14318486267063155,-26.103186840078777,0.28969826780614805,34.09134260161043,0.1869478809771646,78.05817108229212,0.021739735843310494,31.963125820095943,0.06983933840027352,46.28554066857781,0.005936392392181004,85.64796186736797,0.030023453734438207,-13.301637983141275,0.33415870266042036,-33.01085697273925,0.03236903492279044,-66.51919305670278,0.026892148791861324,15.514758322462443,0.014478940190044259,-29.61846256477664,0.025748620831366194,-69.02724716570621
262,5.24,0.1517363968715614,-25.96771353224298,0.25235150652830907,34.09295062787254,0.09897068078917641,77.94893435152495,0.008321409152465032,36.620328745758236,0.03746931715200745,40.29240212973543,0.01412879453819628,81.5180329307224,0.06144413914424716,-13.301637983141275,0.27059449000929864,-32.646648298793785,0.09345274601419257,-66.51919305670278,0.02036999448580204,16.44148479186569,0.0009432638832738862,-30.115319364775345,0.034163480508790804,-69.5092829253237
263,5.26,0.06583480811392194,-27.836411012167616,0.27900405446591026,34.123529616308275,0.09801620213256847,77.95322792302926,0.07892717372315754,38.26098463912393,0.05937936305428608,37.29583286091753,0.004682161190765334,80.37174402871909,0.04507933449988468,-11.156033799394901,0.2845105637588586,-32.56532444805158,0.04648821064783346,-65.63804788162727,0.013169305917276528,16.44148479186569,0.015987489841131016,-30.511662475366986,0.051171847660698135,-70.49923846355735
264,5.28,0.03308433390457956,-27.836411012167616,0.14861542622885743,33.16419505037755,0.09437401338905192,77.83392323882217,0.13948817162080362,38.26098463912393,0.1941825644324305,35.77348656131027,0.047395986837202385,79.45322956096219,0.05979107182935195,-11.043114374131479,0.23142848267171315,-32.005589112086035,0.04462119147423964,-64.20574233971274,0.04000155977655294,17.163976443139862,0.18349206187717265,-31.504978277866638,0.10694902393845086,-71.08717635878581
265,5.3,0.03227003768833296,-27.40628631556356,0.12406979084181292,32.93331808249682,0.09004452466467405,77.78647097761402,0.08110374231317266,38.38096181420864,0.15117445783352365,34.05972121870731,0.08076193412224716,78.65968159036683,0.04986042004928838,-11.042231736853665,0.17613028390913282,-31.54254365105473,0.06711821291524782,-63.95374716002916,0.05845964194830988,17.163976443139862,0.1485711844411218,-31.71718204147682,0.04344818548220277,-71.08717635878581
266,5.32,0.04909937738619764,-27.767419932198955,0.1251180331721993,32.57884672690908,0.08681969853416278,78.12237576711576,0.06460692338344906,38.31956975193692,0.17330811269615026,33.38579246034884,0.060347183711987384,78.4479403422753,0.07819895291590365,-11.007866772741105,0.1975680666254472,-31.56897964227416,0.04612525827268923,-63.89614938948282,0.030339553199433822,17.803968921797683,0.14126053393423296,-31.71718204147682,0.028407204364830997,-71.4653640856829
267,5.34,0.1858749566699165,-28.227285319578026,0.12749268369411992,32.57307254690941,0.0711167498079175,78.27427262636269,0.1596558999580185,37.81730368691944,0.2043263634724282,33.381964120813585,0.05320583536918539,78.39672407932215,0.007593420816805161,-10.743776074543279,0.2464474397666583,-31.814097759263543,0.0667744464535702,-63.62270751929777,0.08875919506060384,17.803968921797683,0.162412534664644,-31.71718204147682,0.012940342130387925,-71.73143853577777
268,5.36,0.15210005531266604,-28.47772165658816,0.1408183411813446,32.57812536850226,0.07827392032843074,78.27427262636269,0.19206510687935838,37.50625674006656,0.19557539183682168,33.36762104627716,0.06639992251650453,78.39672407932215,0.024177907680740428,-10.21359115614718,0.2406036744802114,-31.832507160191238,0.08391839463550686,-63.49542352149993,0.057241608513228306,17.803968921797683,0.16886784382280887,-32.33406899726045,0.010929702910025166,-71.91201393446168
269,5.38,0.1503469077388204,-28.597253399276816,0.14232604922863673,32.60361030168454,0.07439763278872766,78.37972505048093,0.17446586391493524,37.443726076068735,0.16261139810878775,33.36762104627716,0.01686755986637688,78.24306225637879,0.03201105212073323,-10.107306047369336,0.23139405487273682,-31.827486003042857,0.08130054578352182,-63.468579493606995,0.051240104369990415,18.74426052510761,0.17105466774344427,-32.41453309570185,0.015930430500796476,-72.14876536038693
270,5.4,0.15685215067571523,-28.598591703758267,0.14570238838211208,32.61041657852443,0.06151218245260707,78.3765856577003,0.18296867453638813,37.44592502703759,0.20385691403699527,33.33182999717143,0.0665844765345815,78.26003910321485,0.024855941948852888,-10.105134388038408,0.22616908968954538,-31.818317591693255,0.06861410031528115,-63.470838483070786,0.06188965572959607,18.765018358244333,0.16711721441664049,-32.41884716278303,0.012055843055864613,-72.14876536038693
271,5.42,0.17041894010716563,-29.90347910270335,0.14386270444697927,31.223189275166185,0.06914468474922913,78.53644992066985,0.16996946016901657,37.0552842340151,0.19325725553380482,33.23859493119389,0.05430131160385981,79.40512507569028,0.011800814327331514,-10.105134388038408,0.23573949286245446,-36.800460991698735,0.06815533535868132,-67.66583962907002,0.07290276908821121,18.87260712038043,0.17010049111766512,-33.00650571991545,0.00012989671215150406,-72.98188929220905
272,5.44,0.013000125388084927,-29.90347910270335,0.09983171737264153,30.560368576374966,0.011005868793466203,78.53644992066985,0.08783102619547706,37.0552842340151,0.3067032028219508,34.42974071896958,0.15311648940977965,79.64166534072616,0.018634044152623135,-16.768164663410346,0.06956863031869456,-42.19428567615245,0.006853399614627,-74.85760588437655,0.17106806779973527,20.785754561376393,0.35650855403194126,-34.35233584161376,0.005052635609612754,-73.2763963942737
273,5.46,0.013831720585476541,-32.97281102152487,0.09371491365494002,30.325055556504665,0.001908478438208743,78.4067317906504,0.027115964748439834,36.50370368602396,0.39161858174492514,34.99828662578612,0.11257803322668541,79.92567116087147,0.07248610864124581,-17.52084821798753,0.08654340584649899,-47.87930236280806,0.007128360542455724,-79.75044669970424,0.0958571721844488,22.540324534627054,0.43205135764951214,-35.12660527721829,0.003713841559157967,-73.43248226665757
274,5.48,0.04739929063115721,-33.5710036179817,0.07243981941834943,30.325055556504665,0.0021372294179050734,78.34878645618305,0.09175439899700713,36.50370368602396,0.4280188001760476,35.55339212754784,0.04576655136299622,79.57278950911204,0.09361426611864183,-19.126537822356394,0.03440813219916277,-49.32135157302705,0.013672429220491607,-83.0541007509026,0.1969918285852107,23.585659910118174,0.4277909460678217,-35.42531960980183,0.008392740373517357,-73.43248226665757
275,5.5,0.046847465907923186,-33.748672221060986,0.08192492208320672,30.325055556504665,0.0009725838247679605,78.34405312013935,0.10560100136433893,37.320136174125885,0.4371649417938319,35.92365290086679,0.016564954522030544,79.05858655325696,0.07217567953446913,-19.28098698705973,0.0626822794548696,-50.11902946752172,0.009043312245125047,-83.93529248509647,0.18458635804231738,23.585659910118174,0.41959316335914115,-35.447727636815195,0.013005181728068435,-73.43248226665757
276,5.52,0.02059866089283649,-35.21947662560828,0.0895886113416937,29.916056420326484,0.001530413333791714,78.62947308239497,0.09341114331950387,36.40675326495248,0.434316790562591,35.91689756387218,0.011468625109120063,79.20015028140621,0.036903127109356865,-19.28098698705973,0.06721631940782603,-51.33453697135771,0.0060272937492223755,-85.17185990388263,0.10581708591894391,22.945912604303132,0.3973377133091404,-35.47058717036084,0.039494393797010426,-74.50208889017782
277,5.54,0.059902126660644144,-35.886260459896555,0.11315663938619513,29.887445486224465,0.011826028664777019,78.62947308239497,0.13655427307516693,35.371692063107915,0.38939815779895653,35.60571061962597,0.11258405999381027,79.24617116955947,0.023421402461809192,-25.935052976318524,0.0410317584025154,-51.33453697135771,0.011182685599379218,-88.65365915926408,0.19267664193857595,22.945912604303132,0.37552692238822855,-35.351624135704924,0.007458094632643099,-74.87219060514624
278,5.56,0.025101263918515426,-36.40409874536069,0.04194059514499479,30.301711923424378,0.0004961804195647818,78.83950646817313,0.1013162065414889,35.371692063107915,0.35875710246054,35.28719780449193,0.014177827855858414,78.51591587793656,0.10275917739789908,-25.935052976318524,0.1644569787363707,-52.84712061448652,0.06865393280740387,-89.92577736500724,0.0103525070786979,23.845799382271533,0.35622840433057107,-35.351624135704924,0.014133569131368548,-74.99688014659192
279,5.58,0.027433226222026375,-36.62803562038817,0.04209573068524229,30.356521284753196,0.001970605621065902,78.85247877613561,0.057393291160019004,34.420211150774506,0.3268259540027586,35.15473107154976,0.013246812010578386,78.51591587793656,0.0876663717643128,-27.38356460437007,0.03893189775019348,-52.932336290046145,0.01037054443570983,-89.9944808812398,0.1000577771331245,23.772905633658738,0.2805958326822314,-34.36374404113844,0.023343713708666353,-75.13964811974202
280,5.6,0.0037505652511653073,-36.62803562038817,0.06329514569012122,30.322265454281414,0.005185427250697664,78.86167118114896,0.035115121058957095,34.03954111846571,0.3362220186331018,35.15473107154976,0.0058992050087884875,78.09193199975084,0.0783012226892435,-27.552856349010142,0.0003724878773657144,-52.932336290046145,0.02915908817141934,-89.99448088122352,0.13169765391775448,23.496816374654333,0.27802254408306176,-34.28767484495358,0.042816129372773425,-75.38195313471232
281,5.62,0.005559915114636329,-38.15357253499179,0.07203552672052223,30.632591091605804,0.005030196634714758,79.10763910257454,0.0425852403381161,33.07968442823217,0.36335820973813865,35.15473107154976,0.011815056543800054,77.92475800558677,0.07693970906737704,-31.230197698754587,0.0071382879662467355,-52.83119484219585,0.01743134962922683,-87.21771762714819,0.12414154888290177,22.926783753733062,0.30665731853056416,-33.82555931710817,0.05102830076313184,-75.7642745267052
282,5.64,0.06187472209575223,-39.06166510329884,0.054483834456775904,30.583084452153244,0.012160539064868643,79.26290829697786,0.14883611877303035,32.71075618366318,0.2155955960767212,34.19446174153518,0.10717949578708053,78.22093933166478,0.13914491077834998,-34.86643268105626,0.10643120131619715,-52.83119484219585,0.045075773367963576,-84.84925399709952,0.39449195179880414,23.35514573037671,0.13126891759108741,-32.75964560637042,0.09685036807220669,-75.7642745267052
283,5.66,0.030342105207685245,-39.40811317593265,0.03312594361484166,30.509765251547503,0.0039151493084129225,79.27172740198753,0.20749174412597365,32.83719483181566,0.2120370772851127,33.83007475352822,0.054894661655384355,78.03646118568302,0.1054645655137973,-36.91209911297639,0.20526833614220663,-52.83119484219585,0.14806951659479511,-84.84925399709952,0.22826768700949407,24.427789365285804,0.09366398088201901,-32.61873675906218,0.09654060868801555,-75.7642745267052
284,5.68,0.022229890813584067,-39.67563071489115,0.08019291744388454,31.146620833914483,0.004626495897798771,80.93678659705941,0.20657430461435347,32.217781779507426,0.28594235128712847,33.83007475352822,0.04842894669946977,77.64389160197713,0.13407004339337175,-37.67609407313591,0.021489321585001015,-34.78944797358271,0.07878758073891447,-78.42141983786668,0.20963706881001865,25.882966192332997,0.189383735036307,-32.91100110511913,0.11144482229122382,-77.11756000771065
285,5.7,0.15152740791372496,-40.5990944550752,0.09666729930218028,31.89912767584688,0.22464145283989237,80.93678659705941,0.053672261563181695,31.83794181858535,0.11823638777003712,32.717588930158136,0.011111407010825396,77.24334166991807,0.0980764872630838,-38.104457474829665,0.16437165049576577,-33.538469171746726,0.1955178819350044,-77.9123868184993,0.008376677282727993,26.862112927856728,0.1720319448899232,-32.950833135010456,0.04662657471638674,-77.04242592939586
286,5.72,0.1576097464195734,-41.26254840987526,0.08631117963072875,31.806221680236927,0.20685396301989664,80.93678659705941,0.0564225045082319,30.6850296469944,0.13298905894587135,32.59519121357522,0.029411382810861704,76.62213354328595,0.08918275074311212,-37.97103345830531,0.17364146680652826,-33.455481981323025,0.13540526804244038,-77.87682870616032,0.01709421697571581,27.95544261288103,0.15114221486680196,-32.85212484886021,0.04778997515504791,-76.89343169415226
287,5.74,0.22143078894728047,-41.85849554725176,0.07084532831643599,31.806221680236927,0.17209622560378035,81.63667641700634,0.200969563050811,30.35195697722797,0.15215436902269633,32.638444171773166,0.016685993438173057,76.27557416706932,0.1943814934589222,-37.70590691573117,0.19920179108173341,-33.33498203870392,0.07479958371770794,-78.2991468786769,0.15161458680670953,28.1788477945284,0.14737208588787118,-32.731237178164186,0.03985860275072829,-77.42046028376785
288,5.76,0.2332448912499316,-42.00619869865794,0.07948215247423947,31.875683400339177,0.14963020224674878,81.40027441884735,0.21129700132922621,30.191014939182487,0.15697196093336965,32.667787029338776,0.0219693356781173,76.10736871275843,0.20122160756450863,-37.51971716832336,0.1882310260880143,-33.32242502506287,0.060140386726230524,-78.49030446710292,0.1722708712538666,28.34098644620486,0.14140441197626705,-32.65040669725715,0.061179403432957795,-77.672806491726
289,5.78,0.22268245608563356,-42.0188560473021,0.07571435571641415,31.895755089457943,0.1355370558625938,81.2167461406828,0.22349147151144852,30.185722889058127,0.1642438930524354,32.751094711053746,0.02392401901482063,76.01293433162122,0.17679728973172026,-37.51971716832336,0.19075885737482143,-33.2910798234826,0.044444653394155466,-78.62173725128318,0.19991006725432714,28.34098644620486,0.13345401928410947,-32.57720327558798,0.06200134116625869,-77.72350570921121
290,5.8,0.2091247466832622,-42.00605204847647,0.07273484567845487,31.895755089457943,0.13156822421372943,81.15244479485145,0.23696777438416022,30.185722889058127,0.16880253689054936,32.78287264504032,0.020273982630338618,76.01005729828677,0.16855680961655128,-37.58866080759883,0.2001351231598002,-33.30975012045614,0.0409450388498446,-78.68376539303443,0.20762343112081202,28.223445960714606,0.12685662033983605,-32.51457271577748,0.05643099125716072,-77.69647085716781
291,5.82,0.20636410200668548,-37.33933110719411,0.06951169919606022,36.56137039335763,0.1343121365831902,84.61839756556823,0.23820221849428025,30.22848371541321,0.16740728187041584,33.49476482816429,0.007900110108849077,75.8572421729814,0.1671962474171404,-37.26977308902656,0.2016604836168321,-32.64942271899855,0.04139292335606708,-78.61126979514276,0.2073002374595208,29.87487549445138,0.12739799786755757,-32.442347301813854,0.05158537550391248,-78.09681418521396
292,5.84,0.0710990611681665,-35.24533862534848,0.07412006822639375,42.85416585900963,0.0050651526825146575,88.12528518218416,0.3413380264987773,29.337373662503147,0.35926660041002134,34.1120852072619,0.017837447654362293,75.8572421729814,0.1201259861692298,-35.658177736590375,0.08454136746137973,-32.33236322621127,0.011187237774129636,-78.49298616066581,0.1867909180544007,30.18908566224528,0.24072154652806887,-33.69114446485342,0.04101728467991424,-78.43970143332879
293,5.86,0.08494304297619132,-29.38492299814917,0.0866275106512148,45.25142127397998,0.0018252037815520762,88.72120773146133,0.2098465828440147,27.555940471956696,0.4034708041246089,34.888776350779594,0.11197326122245757,76.02324794990109,0.12338072314062878,-35.658177736590375,0.021630182545690387,-31.179546615499174,0.11562688006869722,-78.45091189950834,0.10163804353671323,31.905524970037337,0.3103440245283044,-34.068564064467324,0.11381784739286566,-78.89527604673707
294,5.881,0.06903863200224572,-28.657362705622937,0.01957083084035745,50.88947221880944,0.0019302701213922801,89.59903266683149,0.1442221591448724,24.931729383955034,0.316370059902662,34.787010946154886,0.054241453701137254,76.02324794990109,0.02026017901689015,-36.060560782517115,0.11041474656703092,-30.704854548680466,0.00759604136842155,-78.56162570356216,0.1404326716055624,32.76924921241471,0.3295578957111979,-34.61476036431192,0.1463953825437201,-79.611339810248
295,5.9,0.06903863200224572,-28.135062749280053,0.01957083084035745,50.88947221880944,0.0019302701213922801,89.88452352242979,0.1442221591448724,24.30227812603645,0.316370059902662,34.787010946154886,0.054241453701137254,75.8788605436155,0.02026017901689015,-36.476304497977935,0.11041474656703092,-30.04076717970987,0.00759604136842155,-78.78266599252777,0.1404326716055624,34.54289341020547,0.3295578957111979,-34.61476036431192,0.1463953825437201,-79.66584496382471
296,5.92,0.05833170778258943,-27.582901039698804,0.03027948014927184,51.08367716262556,0.0010084308717783197,86.9006330261135,0.14339919725958192,23.782650067822587,0.32175335823434903,34.49859193035429,0.035081518036680255,75.8788605436155,0.03962393871329848,-35.01113464486684,0.11083564392240022,-30.079889685135967,0.0063578204014372,-78.42069292196581,0.18763351668653702,36.22563644173505,0.3259425514453671,-34.61476036431192,0.13919029523397225,-79.5092600791476
297,5.94,0.057163648744325106,-27.582901039698804,0.07215754366350036,50.84359404226978,0.00910891958267356,86.47876143667726,0.14118059424315293,23.782650067822587,0.3373202251667792,34.592562634761755,0.07238716696516702,74.962373866927,0.014601382600694657,-34.173695455508636,0.08792372877207992,-29.977451885471062,0.005185258707576903,-78.35276193316163,0.139651872429494,37.38483010857591,0.35611445077334386,-35.01845538227276,0.04689097720938763,-79.50363102843751
298,5.96,0.07779343486745083,-19.41926743571551,0.05699663113093438,51.49664898086661,0.0014810251220658543,85.43526130553478,0.01949070923330533,21.991706895808253,0.3408165817541374,34.592562634761755,0.08412409302944944,74.62494067737693,0.0014036608681066774,-33.95402053626382,0.1103594808018491,-29.886410290769867,0.002410652507550586,-78.33184351508798,0.13612712077853123,37.8072295772073,0.36287512159920476,-35.08985403255548,0.11409005658770385,-79.87030571122192
299,5.98,0.15499975563284066,-19.709267701782213,0.2011807402587116,52.331963258062416,0.2169192355278958,85.43526130553478,0.1065653184500617,21.36334023434993,0.18213312753637978,33.36192466555146,0.014114514287951766,74.20694729289178,0.015065319611294332,-33.87205262707355,0.020781413822915352,-30.346148794795806,0.005548221210282673,-78.3318435150572,0.16684705069492994,37.88028618428345,0.3431618263964701,-34.9655359849387,0.07813357427772671,-79.87030571122192
300,6.0,0.06259654330643798,-19.54259195051599,0.07812178678877901,52.27391161347025,0.11928719117245083,86.37132948293898,0.09922680338498004,21.22929433373071,0.1633980358274078,33.142575388312416,0.01600421252220474,74.18304335197872,0.04929896037028413,-33.87205262707355,0.04072782665315015,-30.397170736735255,0.005018178089325761,-78.33184351501039,0.16421802413939662,38.19406962688921,0.26606202813419,-34.64364990204964,0.009351144300634004,-79.87030571122192
301,6.02,0.04234961155000056,-19.128302612994585,0.045189169663673874,47.20183130577519,0.094214418661419,82.38949192367348,0.05745027074515076,21.248744238491447,0.20464388333727818,32.18053966941693,0.05882036670812704,73.2963256553913,0.030040781144885082,-32.71530932731594,0.05829551034448669,-30.906835382316515,0.00531988043441323,-77.93655737077007,0.12240285319660507,39.127683576137706,0.3021778353301852,-34.64364990204964,0.01982175670158611,-78.87442227843457
302,6.04,0.12955538351422125,-13.920163425644354,0.022169400537063517,41.50834969324453,0.18688057800029637,78.79360879628672,0.16899440711718852,21.248744238491447,0.14768560543726342,32.57851012253766,0.05974567940956414,73.40367148822318,0.00871972842114468,-31.844471533843404,0.01854996456915888,-30.906835382316515,0.0030668618538154647,-77.93655737077007,0.05472939015729537,39.65511178242834,0.2615438732165025,-34.64364990204964,0.1147838766959067,-78.11996493379196
303,6.06,0.02120870150480389,-11.807164120830977,0.036380929118186314,41.50834969324453,0.11439894083287207,74.29875488982702,0.06709482645372632,20.710619437184278,0.23848444208323694,33.09075773834499,0.12260082441166888,73.40540694857614,0.018868084504150145,-30.813156245315632,0.07349609165929065,-31.507814093196632,0.002465709461212113,-78.36440054028206,0.04738404224311286,39.65511178242834,0.3385791590979991,-34.64364990204964,0.0033623047324158324,-78.77051959667959
304,6.08,0.08065554313343165,-11.700669818385066,0.13768074638546066,33.1372469229604,0.01750611578193708,66.65668389891066,0.03931952828885623,20.308623894979473,0.14464560491844206,33.037786260051554,0.05369127895321649,72.56633731225685,0.03998668168164918,-30.99268120292095,0.18900022345181292,-31.995046342899556,0.23646301351426016,-79.54349307468058,0.022766855527584885,39.44018753816805,0.1285977110113045,-33.027690868734624,0.0021329202924516713,-78.77624987054254
305,6.1,0.15505772977848015,-11.854596866246927,0.12086161368177091,31.788611953244835,0.008740697784102804,65.7623752455895,0.08473621614908644,20.308623894979473,0.11427140380873024,32.1673184146174,0.0479766360119137,71.93416920532908,0.06977564472038143,-31.156488987568743,0.089971526041201,-32.04611929641322,0.20256899831101371,-79.6631081107563,0.05879327582072041,39.273387802737886,0.08037399563977692,-32.45528922354596,0.013100184158906564,-78.80019010287258
306,6.12,0.14753512499041851,-11.866924186799652,0.15158016605153413,31.216118219432914,0.03311624564701273,65.26931092495359,0.09421224562678135,20.308623894979473,0.1171476468119478,31.802115073120188,0.03768633089270814,71.36663471569977,0.06273298196319989,-30.66201716789563,0.10047134099005954,-32.01866750472036,0.20052196631087527,-79.68781770568513,0.04764836616664077,39.273387802737886,0.10433240887409415,-32.2636068575946,0.017409249302451878,-78.66006715379476
307,6.14,0.1297802364938443,-11.785911102795264,0.1386170999194841,31.216118219432914,0.07474714762027086,65.29428275994975,0.12378562493448374,19.119615556486135,0.10610023677187011,31.634188113953243,0.001953951514710681,70.75822532100166,0.18520151267262672,-30.66201716789563,0.10255753620738921,-32.046379053123985,0.2164176509165933,-79.38012344802335,0.08383722996289249,40.03347626408692,0.09986760389635857,-32.26429247278437,0.0399510061829366,-78.60300440814194
308,6.16,0.11357204223958958,-11.687716421661932,0.16826974805636655,31.059441654108745,0.07706430418179643,65.3091189798863,0.050487249808104234,18.291576667236843,0.1001657025432029,31.581321164056583,0.01224299495570406,70.68245724837928,0.15682833305664692,-29.717674281643262,0.09903699585311157,-32.05341367601186,0.16539706965813977,-79.18610466460719,0.1212808441726872,40.75952885343914,0.12422960482272057,-32.36567464567185,0.017089400818322886,-78.60300440814194
309,6.18,0.09869789274058953,-11.512313074592408,0.1833674069506921,31.16642091143211,0.07589640412529138,65.30925491983216,0.0019196509805614412,18.291576667236843,0.09911333645518661,31.535459858008178,0.012094526628364986,70.68245724837928,0.14420975550629783,-29.493454009719485,0.0988875017334631,-32.069030518842276,0.13827983555359594,-78.40925543879385,0.13984980551770565,40.97292805122237,0.13646004147435073,-32.414450428335506,0.007460905328830149,-78.72809477133758
310,6.2,0.09455714005420564,-11.512313074592408,0.18855642865119573,31.229013567714144,0.07585447186815698,65.30943182070293,0.007580698749905205,17.15126180623215,0.10472057236702412,31.533674304996246,0.012146970942097848,70.62080924792747,0.14068434610120442,-29.43856321775088,0.10240863451838826,-32.087938594612325,0.1313542551546255,-78.40925543879385,0.14341781353643926,41.06442865099611,0.14341355776592302,-32.53816219864669,0.0018533477542733564,-78.77175393016203
311,6.22,0.09866706884442504,-12.203183602639896,0.18530592573031016,32.05361800003383,0.06528485177203032,65.77742870517605,0.022722639858168726,17.15126180623215,0.11236150745081257,30.584266250802575,0.012341347508271382,69.61920755311819,0.15273682946559455,-29.332766544554616,0.10291907119560638,-32.29921576271479,0.14527943810876312,-78.40925543879385,0.12376214785674455,36.759330443655486,0.14118445837626914,-34.51658021594557,0.0018715233703167796,-79.11522865711274
312,6.24,0.03395809491353848,-12.510595537656577,0.3138037718608462,32.05361800003383,0.024418982817842563,66.97653625944326,0.00361700120808442,15.307365337200864,0.005244040702058144,30.36016972815376,0.05419316395808055,69.07458969126716,0.3461330508660668,-28.66131615798485,0.2989363700756918,-33.341392145181,0.23878313266254605,-78.24452069268983,0.07173480579282315,31.62314837703434,0.09994349081389653,-42.30766031659827,0.0077294282382114055,-86.72419409293751
313,6.26,0.038298391565378696,-12.560462938505937,0.3624763969565914,33.37877148584183,0.15241025286741264,67.75632713321615,0.006813790946098517,14.960794525968069,0.05385045733124062,29.623388831581824,0.011343567461543646,68.64819893451921,0.18666467522202057,-28.444465987111776,0.3282514950961823,-34.12856501020702,0.2758572177748393,-78.53418216321442,0.10672437712162082,29.519035257231096,0.09783384346612273,-48.9171905704322,0.00357990423812478,-87.82062908229389
314,6.281,0.1256387322327418,-13.329137687055855,0.2880505239431543,33.37877148584183,0.16883354975624423,68.40647281903352,0.0157778855511792,14.76646689466585,0.06642432553383086,29.367423501027137,0.01019883086629564,68.49627814282873,0.09655614840457846,-25.546631196119733,0.24935835132884568,-34.12856501020702,0.18860299133944805,-78.42636781736363,0.0669584796114956,28.300013261845095,0.03547814291511018,-50.85475091509674,0.0031037162230452475,-88.99043979828103
315,6.3,0.1256387322327418,-13.476593738223304,0.2880505239431543,33.135818926720056,0.16883354975624423,68.74882492842015,0.007428397727781875,14.638690142127768,0.09239574333785033,29.13473525548022,0.01019883086629564,68.49513950085202,0.09655614840457846,-25.546631196119733,0.24935835132884568,-34.12856501020702,0.18860299133944805,-77.98133434410663,0.0669584796114956,28.117556264222994,0.03547814291511018,-51.566089510797745,0.0031037162230452475,-89.54221494389067
316,6.32,0.13729472735596848,-14.293663725653538,0.2819890101796325,33.47648090463119,0.17501880853385637,68.89597019119056,0.007230821454581975,13.418199695311674,0.09273570255162507,28.822002467104927,0.009560707508898932,67.86411785565393,0.07870020043957973,-24.713977403515877,0.2701905243201119,-34.12856501020702,0.15863190926121132,-77.05196012415729,0.054317439281926484,25.209909771143217,0.04898347352245807,-50.83691214656644,0.003757131988959742,-87.5994998134071
317,6.34,0.10707821717461614,-15.240903816819317,0.3367540519399494,33.71050466095244,0.0766372686201788,68.89597019119056,0.01910612555911208,13.418199695311674,0.06299245175458451,28.880469412725297,0.006636691265202241,66.97348791143064,0.20883762431082475,-24.159045260478862,0.29296493252175965,-33.9128112269781,0.20651788552175712,-76.85100252286765,0.03868574370226513,21.280147255810128,0.09172418746652274,-50.64859172676552,0.006820015999555559,-86.1233731644533
318,6.36,0.08481616597741735,-15.473734776929529,0.3299650911000518,33.72756957163738,0.1615922690997357,70.32491267907025,0.004545217841231683,12.490697398690381,0.08620278882352349,28.880469412725297,0.0036923140451847235,66.66903773649302,0.051922405620795774,-23.175146300198517,0.3070053170084577,-34.152985478055,0.19778103916050718,-76.71086524094648,0.0829106442408173,19.103147897187085,0.07795344021620045,-50.55457473538645,0.001951153269999678,-84.95961143601171
319,6.38,0.09365344725095445,-15.596439610541767,0.2840845486703688,33.58577724862368,0.21222836959330765,71.10735583696443,0.008587443699435695,12.42231438189828,0.09920245000597758,28.566273816456782,0.008232691677467594,66.59818442393654,0.028029799386137505,-23.175146300198517,0.3089060090526711,-34.19717387867337,0.1674555604161215,-76.41440820904322,0.06806964984161962,18.601395909908913,0.06927288289333136,-50.536354871463,0.004908323992413848,-84.73959244631276
320,6.4,0.10883863882212885,-15.705303497109728,0.2840845486703688,33.49597578161358,0.21222836959330765,71.2978371115883,0.0011483753231611845,12.400508651831915,0.0955548369593875,28.566273816456782,0.008336142100148068,66.59818442393654,0.031685578068779745,-22.217176291175946,0.3094533165885132,-34.28145822747553,0.1389259702189238,-75.83840659701258,0.05308804585716583,18.35474887611942,0.0661861811404729,-50.536354871463,0.005307091694905121,-84.61342794023555
321,6.42,0.11435803750748486,-16.586871934794484,0.27460914457701213,33.654489551583985,0.20349021974063533,71.48245153426528,0.013862437412762682,11.103132271356367,0.08827505032742185,28.414417993059875,0.006929726104817559,65.270961379391,0.01156497738695004,-22.382889027937146,0.3189275529570309,-34.28145822747553,0.1251705892642085,-75.83840659701258,0.026965848978461174,15.033973785315894,0.06799979673105357,-50.536354871463,0.0060108722354722454,-81.60538063869078
322,6.44,0.09558686736131436,-17.65663778956399,0.3057582372096071,33.79170470150117,0.05638608664574651,71.48245153426528,0.016350361801410127,10.777842841387812,0.05998074061615041,28.259942787775312,0.00423034012433296,64.5188031171509,0.22066839142130085,-22.382889027937146,0.26766622722502736,-33.77535402310524,0.18458889728792807,-75.07109262415197,0.0024514356177691783,13.539012465482475,0.07407253018490957,-40.504871670683514,0.0017901319576676625,-76.21155594628071
323,6.46,0.10040508720240082,-17.826686284015615,0.3562216149324258,33.51206981142868,0.140526073755693,71.77327720366901,0.0035778289548983305,10.777842841387812,0.0866586153888623,28.915365752115335,0.004763925670990221,64.60694162089749,0.052404817034876566,-20.33464440221285,0.27693453217547837,-33.241255530659096,0.19346520283283591,-74.56633550554368,0.05044094238538067,11.643907901503999,0.06469323790479202,-39.00658703606744,0.0003192559900585087,-76.21155594628071
324,6.48,0.1296220275839019,-17.826686284015615,0.13416485754191168,33.51206981142868,0.014644685530984579,71.26136791369763,0.0028977896085476992,10.348670672285378,0.15792864020966327,30.08745179257325,0.06054707266268334,64.63022024251516,0.056864299562635647,-20.33464440221285,0.08168862670542126,-32.174131387037995,0.0794585537768227,-73.70105828129451,0.05844119432978671,11.312642569976791,0.1184266795725541,-32.638902836425224,0.06826842980885806,-67.05463651832201
325,6.5,0.07370120890796829,-17.96638487318977,0.10692903853896327,32.25099835516234,0.024980917235259813,71.26136791369763,0.021272224222313535,10.348670672285378,0.1110119883672266,30.241352577057132,0.07140861573874834,64.71946157656724,0.03140074931669217,-19.549964603571997,0.06874422931640245,-31.705234169486978,0.046728641529319694,-73.34241619057012,0.09467851081191413,11.33153918897431,0.1253013965820262,-31.49087282535442,0.0255527237910558,-65.2809285364061
326,6.52,0.05115180063980326,-17.96638487318977,0.12237292109884855,32.14464431349342,0.03256192390406659,71.58266361827008,0.021147121154065158,10.152653437353443,0.1176085381861383,30.544536053725228,0.09325603952897907,65.0296443778121,0.02403007858186393,-19.564821671910973,0.08252041980967016,-31.30059603353345,0.04982221628604116,-73.34241619057012,0.08734306957239664,11.356425802213348,0.15172799292270367,-31.146574909660252,0.039792923794306725,-64.93897630701369
327,6.54,0.05930475270707198,-18.684662348254317,0.16350547077640745,32.29642293736804,0.02509313578500452,71.58266361827008,0.05146651545941806,9.796194702222717,0.15415444953451088,30.735792807021532,0.07579177456095855,64.97192672795804,0.09336314595001893,-18.777683137930484,0.07478397843256718,-31.29437696643974,0.09299994535193971,-72.46872042623116,0.10360417514402992,11.402363205295243,0.13594125070897542,-30.863465072235186,0.05606541705829247,-64.86572651801859
328,6.56,0.03260765225189448,-18.876235259342735,0.17482765156546304,32.48891276958121,0.0046598477692925255,72.14311047228094,0.07480489399713448,9.542411793185051,0.1511671857951101,30.771670182824607,0.044076626088457804,64.69423033650952,0.07304549523916547,-18.414200350987738,0.08917214762706481,-31.29533280844107,0.09263918071554599,-72.03451596996065,0.11065095555161425,11.458570597624572,0.14525331097325347,-30.863465072235186,0.050789888459743054,-64.78925188222235
329,6.58,0.014916895718493457,-19.15940862395135,0.17990922414938093,32.561349025752634,0.016366869495667357,72.42178046678652,0.08466168654212468,9.353440043496658,0.15084417409785844,30.792720662840285,0.02392813924344418,64.69423033650952,0.043646544203498415,-17.94511265736281,0.09168147858709208,-31.319071419405276,0.08960914590937952,-71.95908481219782,0.10773047798860286,11.458570597624572,0.15629389576770225,-30.863465072235186,0.04587461855614285,-64.73636825599209
330,6.6,0.011616229681199729,-19.219029420195017,0.17871089869801215,32.58190025929412,0.01655523916291861,72.48337177353893,0.08330682440717183,9.334749295155989,0.15167498764135606,30.816825022065125,0.017273723381007695,64.42770455867795,0.03450325899905008,-17.64070004913655,0.08278493066733089,-31.31284702707108,0.09277030203666471,-71.87640592097485,0.09774007860910948,11.45376021620043,0.15730254867269983,-30.841990855863,0.0466959416989876,-64.69345438261911
331,6.62,0.018104624869210773,-19.219855440919776,0.18046072922401626,33.646737932589424,0.0015617628242482909,73.27664042950674,0.06615858393959351,9.961814013810208,0.15740628655606415,31.88339519108804,0.02357612152191106,67.72301301489547,0.03903539060171651,-17.443545200517672,0.0960823175633077,-31.2348339822402,0.10013653674776768,-71.86920609431759,0.09606339741671083,11.45796578333398,0.15452522154168713,-30.23640579147146,0.05473771525961387,-65.6555353167586
332,6.64,0.14862992631222,-20.87284093408522,0.35269441214587066,34.41772130274642,0.018079561063828926,73.58990968026427,0.019120392378252703,16.198263107985156,0.08710361586127396,42.37138763403191,0.005453318913652575,70.41992536173979,0.0639641465260736,-16.141795795654755,0.2524923095643952,-31.2348339822402,0.27875286439114655,-72.08416467190396,0.006882224606602307,12.27408625122828,0.09974869714690618,-29.356692063759414,0.014559927711580148,-65.6555353167586
333,6.66,0.10090075474377039,-20.87284093408522,0.3942152785168292,34.8028603385786,0.08891754491035309,73.58990968026427,0.06695805096053767,17.99690085034168,0.10281039459625908,43.868507563026505,0.006663934613642846,79.48103084458009,0.09877570880631509,-15.984973501753528,0.33652310538041136,-33.64989394140753,0.19851208087426014,-71.09954522846334,0.005240147641262524,12.401358882381496,0.0888390281454543,-28.904682469357837,0.0067654357722855005,-66.1332624429939
334,6.68,0.2116101811695576,-23.812233326192924,0.34127049942734733,34.76195062026896,0.1475958214619031,73.58990968026427,0.08867251764168131,18.982700193611524,0.0361996111220664,48.32114035744702,0.010438376728692357,79.48103084458009,0.11695145808736049,-15.968637675460483,0.38082953763245786,-34.0533336830189,0.0855654472888811,-70.48750114268334,0.02938517896220687,12.576936564091987,0.057868875255763425,-28.905970417404554,0.001940818484318977,-66.17207251509431
335,6.7,0.21319268681996903,-23.996154590735994,0.30794026321784307,34.59153633118722,0.20374704523024664,76.18827315345112,0.07072662832562303,19.10555275381614,0.06926866814410965,48.32114035744702,0.008087823571260888,83.8213615614342,0.09904431402489884,-15.968637675460483,0.3891625812747906,-34.137541175016224,0.017728625797756532,-69.50648128482581,0.02230093773803486,12.592823630064586,0.06353755934576054,-29.007916961364884,0.002768350961628017,-66.19262364089016
336,6.72,0.15228850815296316,-23.6125008456152,0.3100260553965149,34.59153633118722,0.23838331261778378,77.07027481482386,0.03463707417574045,22.49608442927618,0.05654995145358873,50.405427198221446,0.006113138424898852,87.09502234491525,0.07763141354183534,-15.196190934413606,0.35886125352244774,-34.137541175016224,0.01140798533584211,-68.94183924023774,0.07933658357817565,13.81050294115453,0.03639896585943621,-29.193279879632456,0.020903060520541552,-67.45320865886846
337,6.74,0.09067581484996366,-23.6125008456152,0.27889023867560714,34.347793577222156,0.16686935946118592,77.21946774640493,0.037603608710434486,26.16875108698511,0.056535299169729235,51.61572696371953,0.011215627426512893,88.62683282745309,0.11449234105578904,-14.492512210587718,0.32380434705735195,-33.68007161498218,0.11742963998708883,-68.3743295575505,0.021080616824081036,14.450295052470087,0.08972281891209544,-29.130173584013278,0.015559221614423233,-67.9996973830746
338,6.76,0.08252229025747088,-25.51867220344878,0.2685862302837047,34.20472958020832,0.16378993383173177,77.27251100598558,0.07817497325586056,28.153820948971468,0.06698687396922626,51.75549060033467,0.006355357905383952,88.95263866042082,0.10648569383196411,-13.891233289605806,0.32991377031773444,-33.587016085551134,0.03758655388615162,-67.448942215235,0.00536756726630011,14.710107180318825,0.06896120499384778,-29.130173584013278,0.006952860904985174,-68.17963931273383
339,6.78,0.17083778592945634,-25.99755648317857,0.28172824727576185,34.20086671017631,0.187609885228927,77.27251100598558,0.06637764297647414,28.640461338954665,0.06471285117455777,51.849550743000805,0.005069245945320639,89.63136484896847,0.06627186001822698,-13.891233289605806,0.34597438181018997,-33.582251079696384,0.0003246609279174844,-66.98835467176805,0.027738716018684915,14.832248678759115,0.026468044245458462,-29.130173584013278,0.04851326476860468,-68.68280676477107
340,6.8,0.17990728397264866,-26.462214569866283,0.29252422332077005,34.21827736450561,0.18927591777204109,77.27251100598558,0.04910678040278774,28.8198242620798,0.07170929135684281,51.850214510730325,0.0056084357691024616,89.69892407864947,0.030123923304153866,-13.017236788401991,0.3531739797492491,-33.613613487050166,0.0018312296114651842,-66.88859374721626,0.02065527590330575,14.846928462828,0.020302541471125122,-29.598457660465616,0.036522606037023446,-68.70342766157401
341,6.82,0.14044785849059452,-25.70185479501032,0.29017060120023946,34.01407042604849,0.18438697885188643,77.27251100598558,0.02275687213343644,30.76052103552978,0.07004210429133448,50.162946039155116,0.006096919989752259,86.77560207652668,0.022156399926045074,-13.017236788401991,0.3387065708372078,-33.46206062455757,0.025103664267093925,-66.1865428783098,0.020304881114185776,14.846928462828,0.01661271310145833,-30.04710532886381,0.030144210213886323,-69.1717091234452
342,6.84,0.18013290628542347,-25.97603335393743,0.25120303385357007,34.041379376565004,0.09901699147887272,77.74963044206842,0.003207442162639497,36.9137470075436,0.03446038764122565,45.368435207279106,0.01484918572418158,86.77560207652668,0.0588819267118429,-11.32324075881258,0.2744376469646026,-32.8348124897306,0.08950007655692928,-65.70426357158736,0.02730494039583381,14.846928462828,0.00280715295402034,-30.04710532886381,0.03504119190667921,-69.93989588393299
343,6.86,0.04901479837640506,-27.622520582518444,0.28279919539743564,34.1079084608322,0.10530137039007234,77.77388762942924,0.07630717847584563,38.337902262104635,0.06049073792971239,37.577355107410256,0.004513380558207595,86.77560207652668,0.04006897533435068,-11.182800355827538,0.2870743165641374,-32.576836143228235,0.045786837985664325,-65.70426357158736,0.01956677471756825,14.846928462828,0.017538738926924695,-30.552675223190278,0.049445725933436074,-70.6107920006979
344,6.88,0.035416666517831416,-27.542448276799693,0.15229460516382237,33.840469532716206,0.08934623046131991,77.75095624754312,0.14924667769854016,38.337902262104635,0.20859159742893582,34.80870155418003,0.03455521025139091,78.83798262906062,0.05983745488218246,-10.97043112511318,0.24712349623065474,-32.576836143228235,0.045075625836985066,-64.41177638842257,0.031580800472896894,17.195646477987655,0.18315478506573327,-31.477301277951355,0.11261469671081768,-71.01463663335751
345,6.9,0.036832780993217185,-27.283751607752393,0.12349082040821,32.80560790798373,0.08816718404295883,77.75095624754312,0.08391747659650164,38.40252072038292,0.15010871957465355,34.80870155418003,0.08144780570417996,78.50231441024253,0.04608360392607261,-10.959362647954237,0.1803713248976153,-31.57418943256024,0.07435553326305994,-63.77301871045485,0.053185598416507045,17.407306178702786,0.14611725763789407,-31.58654514224489,0.04562829882177349,-70.92327470589719
346,6.92,0.05594042809312235,-27.6721878265594,0.12931682053195914,32.59090264122489,0.08357024035713166,77.90841843869734,0.06447677728580495,38.18605231418904,0.17406135281572382,33.37244837275892,0.05908284091301988,78.40964875495452,0.07117814741137315,-10.775963520423565,0.19966815699109158,-31.75262714841193,0.0532645211524404,-63.737249175624406,0.037604750742549466,17.829759319058816,0.1405153569822101,-31.856905483677355,0.03158255280865543,-71.32413095042516
347,6.94,0.19139490066178816,-28.164014953640358,0.12931458827742132,32.56590580015496,0.06761823758412247,78.17321147756627,0.1596134966674993,37.92605580751277,0.20373171509758653,33.37244837275892,0.05083266346987496,78.36376795459479,0.0018925138914606288,-10.480032611075375,0.250898931699085,-31.824135859418508,0.0731885611859126,-63.470940519232556,0.09190237539232295,18.081283593197075,0.16200857704761115,-32.18088961390841,0.010724794038499588,-71.65752429780046
348,6.96,0.15739262296690393,-28.306975585794685,0.14185766514885473,32.55615232547938,0.07553949334565023,78.19406015937336,0.19271504968382128,37.49418624125664,0.19538773472803966,33.335454947711014,0.06288321948516208,78.36376795459479,0.028737025260742306,-10.131987426275344,0.24377114303402106,-31.827083133885658,0.08954608406006173,-63.43023382351887,0.06006009659864613,18.64522896725534,0.16916026530568432,-32.18088961390841,0.012566441415684653,-71.96060000749114
349,6.98,0.15423727460937742,-28.50145144746567,0.14644639073147273,32.584390126645,0.07209481600804118,78.22105762514963,0.19183614864814755,37.42062583112568,0.1988982269843356,33.30707308212053,0.06454098678371169,78.24721749221197,0.037298462556814134,-10.035125420687132,0.22970002612189158,-31.830450122143716,0.08909590038777598,-63.30045741874867,0.055745559538485916,18.64522896725534,0.16892757934173833,-32.36202085104705,0.018022187122076896,-72.07864868253208
350,7.0,0.16133082700578147,-28.519266007946275,0.1451376773839519,32.590045989077154,0.05757285357698351,78.16667389310659,0.1842426689884919,37.4278382492413,0.19592054014172114,33.31189261678841,0.0640769517228522,78.21962331943601,0.02897270070502083,-10.032963228419714,0.23108234078833423,-31.823315775941136,0.07332008120013299,-63.305049152061486,0.0655804716109449,18.715954926508992,0.16820154316246566,-32.3903405574463,0.01419516608681522,-72.10200358555713
351,7.02,0.173395883437259,-29.695848479736192,0.13399987748734432,31.439153473363888,0.06072377405390088,78.39228982703072,0.17218101100381905,36.294573113915256,0.20105970205990475,33.2068007475618,0.05543234595351863,79.16599479235492,0.017000457075473523,-11.916251188732696,0.23080075154944563,-35.3074061342647,0.07349723319032879,-63.305049152061486,0.07658860239269896,18.740967260136628,0.16782643079736392,-32.503267577619425,0.006978885210691209,-73.03201942562721
352,7.04,0.01394185212238019,-31.650885801264373,0.10020530542505754,30.483727396601846,0.011143807250387569,78.3619431580073,0.0885475464974592,36.066172731587784,0.30531507142755904,33.94647080518546,0.15311627209271356,79.16599479235492,0.01972844583613328,-16.970858264182475,0.06950911617541658,-39.8022600383912,0.006880511057506035,-74.99221166556023,0.17268848432758646,20.651073357853285,0.3543641065654258,-34.36351510683571,0.004805461562715938,-73.13799057515052
353,7.06,0.014517074525417832,-33.12864430674351,0.09381087445351284,30.313197738651375,0.0019836101788482706,78.29751977120272,0.027734889687202547,36.066172731587784,0.39057598286020273,35.29671202565032,0.11211773286873644,79.74909991422835,0.07344269240165371,-18.23256257197075,0.0863327709158674,-45.64074810914406,0.007051469863520929,-80.04669773722698,0.09644449241413514,20.651073357853285,0.43136033406074653,-35.13244615552517,0.004516073851109265,-73.3517132141317
354,7.08,0.04943710531480415,-33.64068374235004,0.07570790012260412,30.248280014828065,0.00503556831921802,78.22584524882278,0.09320923583478108,37.15323681889614,0.416330162762287,35.65767552413981,0.04247102890237528,79.64773021027631,0.09408686522479275,-19.094926150770345,0.028989389371846072,-49.24026256336997,0.013876518136544324,-82.93788810756043,0.19718572360815667,23.639948892336204,0.4415963199009514,-35.13244615552517,0.0032184028615811875,-73.4485881096662
355,7.1,0.047254059680470355,-33.72472243998507,0.08215688693302266,30.111137565237474,0.0009499601227143332,78.22436594440576,0.10606242765200163,37.15323681889614,0.43733151144995913,35.84001000031866,0.01885003468966913,79.64773021027631,0.07272382246768698,-19.27364227123047,0.06358745028839162,-50.028373471318055,0.009179771204152809,-83.43002311363203,0.18643573973953909,23.7412041580703,0.42197776509754353,-35.13244615552517,0.012602738278760385,-73.70058239904579
356,7.12,0.02089079354456339,-34.72532509998579,0.08977596846652487,29.848983262435564,0.001606472760995123,78.22436594440576,0.0938995924414673,36.60748033446878,0.43395679279827876,35.843560211005055,0.013637928001201609,79.18820780874502,0.03726583622086939,-21.52953228453631,0.06779507434279179,-51.022096454074834,0.006133489174453126,-86.75102715423765,0.1074369844672913,23.7412041580703,0.3991048319379185,-35.52700103282866,0.03861087252869012,-74.50503847149652
357,7.14,0.058438961311349444,-35.952083071075315,0.11227959314578581,29.848983262435564,0.011803369065495383,78.70324425528241,0.1322935435784376,35.3638365761838,0.38725492975546577,35.641945662832214,0.11524806010024495,79.06200953636971,0.023166806488136873,-24.505187506896608,0.04192984214888388,-51.712513154113026,0.01134891834413299,-89.12359889707918,0.19098066677883743,23.459330748212444,0.3772968581283877,-35.37954223795004,0.007072382755177661,-74.50503847149652
358,7.16,0.028453131315265716,-36.580535148480834,0.02936253523283452,30.284433497027127,0.0019500963731930113,78.71698281690837,0.09912328018404322,34.884683700754074,0.3610854958080609,35.48265835722024,0.0187218879105017,78.46313797473826,0.10147527501898411,-26.83663336644617,0.14056958092605354,-52.47889271009907,0.05549161900995421,-89.56208448611777,0.02297864731566796,23.79262361044191,0.3424131855116186,-34.69059950951847,0.008710288735711969,-74.86693558008085
359,7.18,0.026033222989069918,-36.58797022440243,0.045135454526312596,30.284433497027127,0.002132775879288611,78.7260961797087,0.05869955635360453,34.884683700754074,0.3276016620251238,35.04878465666608,0.011785678007981143,78.0441756695496,0.08410159246037649,-27.195202113285333,0.03612492489975235,-52.91275239075667,0.01076169487340729,-89.97861608346909,0.1004690593684098,23.718054985061876,0.2763395361226895,-34.637438864600774,0.020072874395606868,-75.10863650895665
360,7.2,0.005162442957088778,-36.58797022440243,0.062133097134507195,30.30762761715577,0.004989739231179761,78.740448682314,0.042279940112407134,34.0639316905817,0.3409495413536739,35.05967990815301,0.010770922476038062,77.98251707721477,0.08016773072181396,-27.44331241027652,0.0040377262166866835,-52.84417842996996,0.05086967069197339,-89.99448088121939,0.12918624465190817,23.48807808915304,0.2761739339652273,-34.24909538748332,0.045202138316543836,-75.3675286065522
361,7.22,0.0031946959813435004,-37.05731453969088,0.07275556760627268,30.61878192523125,0.005267993027916646,78.740448682314,0.045970478238530926,33.1432864745314,0.36528047310501316,34.40624673547449,0.008917959807462347,77.98251707721477,0.07571234357780245,-27.848150899034263,0.00781744447846888,-49.264453907757975,0.018058730845634658,-85.2883432314716,0.1254462344191542,22.83427147785443,0.3051833409738649,-33.50865358523843,0.053511270259357015,-75.3675286065522
362,7.24,0.062039888852246594,-39.34884261412467,0.04984041837396435,30.520069250520475,0.013055039654528694,79.14339175387985,0.13757791908954695,33.1432864745314,0.15472326263204256,34.223863826631614,0.06848326722483314,78.06281957425203,0.14185356804416716,-35.03619066610239,0.09957479983097765,-45.069256930235646,0.046257534651120334,-83.87119636795256,0.4003280883613854,23.56144592327949,0.13069547609741483,-32.95588814080376,0.10016786007232832,-76.50574089395917
363,7.26,0.026831124139879918,-39.34884261412467,0.03376749356733279,30.520069250520475,0.003927847320692494,79.1465801735588,0.20856928989847515,32.73909248664534,0.2160716052682207,33.81190994487579,0.05174600002512583,77.87578441672804,0.11231001563461346,-36.844929158070485,0.20781987904803187,-45.069256930235646,0.15128471489395987,-79.42685934000512,0.23292163970977797,24.276604971970066,0.09390538611790028,-32.54451367541522,0.09697540663415251,-77.1191130568339
364,7.28,0.02014944752299645,-39.34884261412467,0.08206056842727916,31.69005038495471,0.004592670514151141,80.70760182629473,0.20738516291421763,32.16694785985114,0.28571680785569437,33.33176485208405,0.04842454508525644,77.68465119694852,0.13851053321302514,-37.63901567612569,0.01890426336057321,-45.069256930235646,0.06873383628570222,-79.42685934000512,0.21031365365847926,24.977830696643355,0.1849676631982035,-32.73592591393385,0.10742709717407059,-77.03830334710722
365,7.3,0.1496436261181975,-40.714892405159304,0.09203020205367582,31.69005038495471,0.2326077396453788,81.53509545233821,0.05575756423909664,31.491839066127135,0.12127092841458137,32.74229975886727,0.006731052436655892,77.2664350700735,0.09360100832214065,-37.993632214182355,0.1606875285586023,-45.069256930235646,0.11371092697656073,-77.75730922919409,0.005379714527213601,26.45639001087038,0.16617906214835704,-32.87450066767759,0.044074368364574484,-76.85335992311543
366,7.32,0.15624207188972186,-41.206150385963284,0.08151666816219459,31.71592907805436,0.21488605923906148,81.65828792038141,0.05757353855634232,30.616364933932203,0.1338337581427929,32.57761137735369,0.027072360631702416,77.2664350700735,0.08789014144038167,-37.993632214182355,0.1743442994275246,-33.36277750518712,0.1293134383822689,-77.80961790520591,0.02095581392208551,27.430753185988667,0.15070641804538903,-32.750645668844946,0.04868992229226509,-76.85335992311543
367,7.34,0.22117595528286882,-41.80565438939646,0.05583576314573723,31.76373747342607,0.17680086088872002,81.56138925635443,0.20385692350440612,30.560560578224234,0.1584074962217506,32.5957981386069,0.009291280371470314,76.38207862430335,0.17440935837310692,-37.71227538020439,0.16272942823581307,-33.300865662974154,0.0007910366009662681,-77.80961790520591,0.15365070458586486,28.227385328410467,0.1394103421818881,-32.66323483355313,0.03599713659010061,-77.35886046173478
368,7.36,0.23692844470541247,-41.92029553067253,0.08307683359556207,31.848264020853897,0.1555374337348354,81.40044921729374,0.2095446964370533,30.15740447070984,0.15401114378302733,32.60913438311443,0.01972933569938962,76.01651312926415,0.19562880338262328,-37.49232743491341,0.19069904528920392,-33.264341786990556,0.05745891165676251,-78.37296784341605,0.1803445199958786,28.309970316793553,0.1575848079033398,-32.66323483355313,0.0642732686935488,-77.61178619318993
369,7.38,0.22547474168107784,-41.92029553067253,0.07851871155558234,31.8579812084148,0.13904492035328084,81.14579021447524,0.23294333329036007,30.159446578140045,0.16267848921979253,32.708233215013436,0.02414722175730641,75.957337372534,0.18790034285948615,-37.52181827467544,0.19429437930912957,-33.25288903220988,0.040541763298889255,-78.50639080700137,0.20246837594495265,28.264769065922618,0.13073901102597488,-32.56681391147373,0.06311356955216656,-77.64159669636925
370,7.4,0.21144886565929205,-42.01515611611567,0.0732373586808281,31.857981208414806,0.13432772927859649,81.06788926534905,0.2369167154488774,30.18765162136755,0.16653036596783555,32.73921376499864,0.021185796481359466,75.93673040845287,0.16955840590202015,-37.55926636459628,0.19964296310046367,-33.261217215101155,0.03609492551385495,-78.62303036025386,0.2103443518377928,28.200138136340694,0.12540721452720058,-32.473652250441596,0.05834777651796815,-77.66862774511246
371,7.42,0.20805432674142632,-40.60771087101295,0.06632330127807222,37.42864711563717,0.1381065429127462,84.53252759905624,0.2393961687993426,30.024859638785475,0.1650593885807853,33.5756666830307,0.009118979833471211,75.47092717925251,0.16839172607810024,-36.83428217615561,0.19757776127808002,-32.54545123019589,0.03898188566387075,-78.65329065527695,0.21014512424329068,29.410627684901637,0.1266159589046283,-32.41889821116571,0.0494664349893234,-77.97836325107282
372,7.44,0.07344377476672283,-33.3017065366666,0.07852252362061121,42.22315794656639,0.005972649460790756,87.30747042147118,0.3441649806555606,29.08202441555673,0.3678139352170222,34.53846189723277,0.022054892664549318,75.79168772423299,0.1250676450543985,-35.5441139765328,0.08478419992744894,-32.124678431789626,0.0030666877597144374,-78.65329065527695,0.19200272132764926,30.622802466550123,0.23230857930548374,-33.534751739644804,0.039730542140362896,-78.18667398575148
373,7.46,0.08652096744307751,-29.680822780242323,0.0819901559424285,44.62041336160953,0.000431841454263108,89.28663139463515,0.2205680547629496,27.187280170401884,0.39147187626858876,34.85207507192911,0.11074313149906577,76.00009135477292,0.130704533958273,-35.5441139765328,0.022801297783565478,-31.30654174665786,0.07963653617284826,-78.65329065527695,0.10429898263537427,31.356153178748364,0.31726397161645764,-34.077815717159865,0.11743725896234154,-79.21867390801397
374,7.48,0.07042457190480601,-28.50526761982209,0.0002608788859565172,44.62041336160953,0.0005633528062423223,89.71628967890278,0.017080680761539756,26.001609690581056,0.3308290171360118,34.69524408247205,0.09181971683571184,76.00624933394784,0.037483772585046836,-35.5441139765328,0.07421343974394712,-30.943347642942157,0.010330698357896153,-78.53716294427008,0.022567786323172644,33.291117484591524,0.3365567571746097,-34.51118846500517,0.15578888262881582,-79.43917913398973
375,7.5,0.06855074766686003,-28.104680626872423,0.01958757686660176,51.283029790781924,0.00193839782628997,89.80477889398288,0.14204559474163647,23.895927012197586,0.3135524271858792,34.61598392973232,0.056331242805432405,75.81653498699903,0.02120921938833343,-35.5441139765328,0.10996689975828843,-30.06841869258299,0.007591635418153526,-78.6904113090939,0.14191848099948068,34.544709882599314,0.3265731006507966,-34.61037991025766,0.14839572149129251,-79.60681474286481
376,7.52,0.058684351785057376,-25.966655011208527,0.029878411319652104,51.0880758008727,0.0012979764819065855,87.34404438836684,0.1433723249973823,23.895927012197586,0.3196134004791955,34.46200754066296,0.0367735887199206,75.0832159017202,0.04048145812723412,-35.5441139765328,0.11091842639945589,-30.047980814220818,0.006384185131930146,-78.33232444137911,0.19136537261711278,35.23182928525833,0.3238687433726121,-34.61037991025766,0.14206512370072258,-79.55124879573184
377,7.54,0.04969288214106267,-20.613587387864435,0.07315196219776665,50.8210284628038,0.009780697534110969,85.64671393364344,0.15306980760382877,23.254007986169974,0.33610470126923153,34.53322827532595,0.07251046827364023,75.0832159017202,0.014809725086801943,-35.5441139765328,0.08707693170839517,-29.955665401880847,0.005552779542626016,-78.30980380383892,0.14123406166090122,37.12649519185112,0.3523822565744421,-34.61037991025766,0.04807751821907922,-79.48601562837177
378,7.56,0.07813625978985471,-19.384873598316474,0.05805448448585214,50.7936497892408,0.0017516042461021852,85.88685150752809,0.010982013290249044,22.110100278730837,0.34260084724791373,34.13398684321415,0.08714010719769809,74.76602274799887,0.0025876530504465554,-33.8888127190814,0.11057891169140367,-29.853078740753464,0.0021834571781517032,-78.25168186095694,0.13708588523606138,37.74908385883954,0.3647996134116651,-35.05093865082717,0.11592877560717771,-79.48601562837177
379,7.58,0.15162127548722656,-19.691336035562138,0.20193724439427368,52.369311106997515,0.19395461259537264,86.1749990631521,0.09925988690899207,21.644975060416865,0.18198311861513947,33.247048490290666,0.018003916766229984,74.27784605071828,0.012346898209959867,-33.8888127190814,0.02425986987764918,-29.853078740753464,0.005333550812859281,-78.24114531968776,0.16909489326487306,38.126137480183836,0.3438828196937835,-35.05093865082717,0.08175369262683395,-79.4342547190322
380,7.6,0.060063903031611084,-19.691336035562138,0.08120779965954421,52.264667816165684,0.10806056815561556,86.24359961374877,0.1005609031779797,21.222991820455434,0.16107394862462496,33.01780130637759,0.019687561403640225,74.14782415444172,0.048659718747690074,-33.896694995096,0.03975279174324127,-30.35983646597805,0.004698725370845778,-78.24114531965523,0.1701414592987998,38.23582510931391,0.2670962464611384,-34.415055235645816,0.012628550245957142,-78.97319304857082
381,7.62,0.03977842564885821,-17.84735204712934,0.05087956851569383,49.30913106063593,0.08901349218181973,81.42250208082064,0.06237447036364571,21.263114077081376,0.19456148473593826,32.33300981083846,0.0621723142263418,73.84933775761328,0.03003154771660364,-33.39329757513103,0.057521160641825435,-30.86769159808145,0.005390921775479852,-78.24114531965523,0.13003563905133703,39.15294523824905,0.2904827870785401,-34.29978858205238,0.02091929674973917,-78.34105727443888
382,7.64,0.13287256132761355,-17.84735204712934,0.016894499884557275,42.417021740026044,0.1820415664569274,75.72902046380615,0.16806502946710253,21.19003361551705,0.14341790520835243,32.38067914701784,0.06469003452511737,73.21922704431199,0.007218581279813221,-31.319730197846475,0.017953036330577907,-30.615418415373913,0.0030779428986573354,-77.50320734297998,0.06335285921278058,39.67509155630797,0.2593169860986068,-34.3153644980108,0.11322658246275495,-78.19353248860851
383,7.66,0.024120787182806497,-11.85491578009024,0.028786301068810596,36.53305423647347,0.116381246746068,69.98938527344696,0.06385206251428194,20.73849161958092,0.22879703228612147,32.996330540386644,0.126627165858165,73.49196010596218,0.017272638670540456,-30.81023927447259,0.07138608058518184,-31.629675088450494,0.0013144488188481793,-78.36551710381178,0.05506861999316662,39.93208933654353,0.3413951642689557,-34.3153644980108,0.0013053701648589728,-78.49937440283713
384,7.68,0.08268484685370653,-11.645096148041713,0.14001441289184086,34.45935610032002,0.007674783414018375,67.26764201128479,0.04592079608465771,20.283836031416325,0.1929124447295514,32.5491570213866,0.0326724769077032,72.72778431754028,0.043645805037981114,-31.049518971305268,0.19127384118399057,-31.995533887729245,0.23288282814001804,-78.36551710381178,0.015594657174713594,39.71471320330936,0.133050158760363,-34.3153644980108,0.0030965572295114973,-78.70015320029854
385,7.7,0.16403190038233204,-11.875217121245846,0.12595754679463875,32.39532147812382,0.013579079614902777,65.28204686470565,0.0874354116226286,20.378761812127568,0.10985402718288487,32.10694593041951,0.040116632325361334,72.00402389666623,0.06799869898211662,-31.107325129126323,0.08644801792517678,-31.99907075440165,0.2008924095921841,-79.72634695222686,0.04829035569284003,39.3728177792787,0.0826306447945628,-32.517722450406836,0.0055044659040628064,-78.7033749428333
386,7.72,0.14005628553678948,-11.90193914959519,0.15707224247991086,32.39532147812382,0.023469262925899192,65.05718759807499,0.09906794878538461,20.23112739675037,0.11340344275808666,31.836676882182605,0.02937358989582105,71.72843429342822,0.06285992741527646,-31.107325129126323,0.0982333425018569,-31.96073169051842,0.20009739738786925,-79.60043297760485,0.039101882500238,39.440520144736915,0.10710263404599026,-32.32697307097008,0.01793755939664437,-78.55498613037035
387,7.74,0.13438830886087294,-11.777507002886582,0.14576227503486394,31.037165254314445,0.07032519863743907,65.08286647238909,0.1212108882113045,19.378664940557908,0.10381611001067174,31.605372656153534,0.0005694002587524372,70.74788236256782,0.18715739707975834,-30.120336539923485,0.10240793550030174,-31.96073169051842,0.21900346144831356,-79.60043297760485,0.09096283967500374,40.23399673961315,0.10114287210005377,-32.2294355719493,0.04084610268042197,-78.51776462633235
388,7.76,0.11733097938639823,-11.660338129353557,0.17212694467115602,31.081235439828333,0.07252421848666052,65.08286647238909,0.06106293069854515,17.85743293680323,0.10453278096763097,31.55189394405695,0.01820289916736018,70.65582630721408,0.15723676262605135,-29.69268542962778,0.10501917760805636,-31.96073169051842,0.1655503940218196,-78.66969335125744,0.12847119370184196,40.53083141529018,0.12765569044127836,-32.2294355719493,0.01707871295124216,-78.5425179203432
389,7.78,0.10498529858975797,-11.573970986221898,0.18432139290221392,31.18798225227611,0.06969479198680394,65.08286647238909,0.009127673215839807,17.85743293680323,0.09903830720358264,31.482350044653277,0.01632735772486674,70.65582630721408,0.14727913660642428,-29.502440204143056,0.09956488284749078,-32.065562791491146,0.1362098013932069,-78.46680446947484,0.14405978196355193,40.838539743556645,0.138577765007971,-32.386689786673635,0.007772129875428193,-78.66014175173136
390,7.8,0.09843773412222255,-11.477614070355749,0.18967243111105073,31.214609136811887,0.07086872242665225,65.12353935378779,0.0011483483966719334,17.23011415583173,0.11570292296740657,31.491736294145376,0.027983626786321505,70.57669284107699,0.14223583016634248,-29.502440204143056,0.11264401113934051,-32.08386370227193,0.13262491022686185,-78.21706162578849,0.1486016127724142,41.09940613238985,0.14738096065185735,-32.51320468741667,0.0004302065001663122,-78.71213517908666
391,7.82,0.10398477940115985,-12.15908060923099,0.1863176720775937,31.680082888594164,0.06089085353918627,65.12353935378779,0.030466182113453397,16.37068897652309,0.11277936929835816,30.473772641232753,0.021321025808617205,69.6458598521673,0.147997006884855,-29.479175990449733,0.10873906143939012,-32.738495113595874,0.14319974664961274,-77.848057525818,0.1401223315793394,41.09940613238985,0.1452004655261045,-37.228516143411326,0.0012910080099274108,-82.92173791117717
392,7.84,0.036910689008367775,-12.359746143432213,0.32423641267200054,31.680082888594164,0.024145786465084623,66.64660904421756,0.004542182000077186,15.4561303152544,0.010751902423580987,30.29609004095658,0.03566398497745304,69.38595244112418,0.365593292652495,-28.64641553451975,0.29487737223075633,-33.53745458494283,0.24310579999515264,-78.3564359730662,0.0742080776564024,31.289291520384623,0.10144359106797463,-42.02302697430696,0.00727248304991713,-87.34899526720879
393,7.86,0.042370439550390146,-12.85589566678708,0.364907942862421,33.38385761330986,0.150328266399774,67.87208518774302,0.013693226893463474,14.845047049979557,0.054775327571742236,29.63358075743849,0.039284533085583065,69.38595244112418,0.18858448719715834,-28.64641553451975,0.329780938580033,-34.124718163367895,0.27997957615698554,-78.47505230515121,0.10616043885189355,29.288755254486013,0.10337602900518839,-45.01959624304752,0.004458004253165313,-88.5769968024179
394,7.88,0.09528606754848072,-12.85589566678708,0.3281920047550032,33.37725013416511,0.16301394467328975,68.24120573588375,0.016535454809546195,14.652105902160825,0.06844248383421266,29.264870305689218,0.009252196802980952,69.38595244112418,0.014784693085926713,-25.532471802019796,0.26679221795326313,-34.082052632422055,0.23177407964598434,-78.19880523333127,0.08226185762982192,28.865154014939883,0.016844436204898717,-50.32589600978494,0.0012857057093772933,-89.29559163485689
395,7.9,0.12589765756729307,-13.594303488699014,0.28888273655090485,33.10684117317366,0.165585286217953,68.48781576197376,0.008669143549719125,14.652105902160825,0.09297073665605465,29.148622696522636,0.010398380818722868,68.42176474003813,0.1005091276125962,-24.442973116119447,0.24705340916828095,-33.90127870595398,0.19040494888475,-77.85315970586018,0.0678895130652594,28.10478469076123,0.0351703301804614,-50.32589600978494,0.003020458257555953,-89.48271997466696
396,7.92,0.13781224812967122,-13.594303488699014,0.2828430186816531,33.43040858616522,0.17142022523609043,68.78424053433228,0.006579946045291856,14.448170541186338,0.09281954389685443,28.793302224116882,0.009691168857352748,68.42176474004377,0.08274964328159906,-24.656661855696505,0.2688185876410343,-33.90127870595398,0.15937815671502023,-77.85315970586018,0.05496548320711526,24.13175687209262,0.04848046984244018,-50.836148718712266,0.003683896687832747,-88.32715478370189
397,7.94,0.1043185772483301,-15.020109069499986,0.3333419067174584,33.663119005755064,0.06949302705386945,69.53917289909771,0.02319078975869986,12.651066038571503,0.07110412247125242,28.793302224116882,0.00401021739078934,66.81929283374132,0.2189785544437811,-24.043337968645982,0.2897067060353122,-33.899387787093076,0.20393053931439095,-77.85315970586018,0.028119753527336935,20.83383739104234,0.09199824268678311,-50.836148718712266,0.007387063167672232,-85.45262220033501
398,7.96,0.08049931067221497,-15.37859789753368,0.3326989739995066,33.68447267574727,0.15736948990943958,70.20418749250639,0.01103936742261578,12.58860186381147,0.08105259319679063,28.64246998463166,0.0047710245756674785,66.81929283374132,0.05877247816378231,-24.043337968645982,0.30794894701572306,-34.13298682953608,0.20074508210157965,-76.53275881444613,0.08179512852493602,20.83383739104234,0.0764272756206666,-50.51359764294375,0.0015420946194564138,-84.98768681817494
399,7.98,0.08434927021192402,-15.535055508827618,0.22974775918318807,33.633197850034875,0.12649576188259454,70.85822863340998,0.010029046308996741,12.363031566299494,0.09234790904991472,28.56800664386868,0.009224362997899001,66.47493048251805,0.020488899719297425,-22.8734660430507,0.2892713677767611,-34.16018368868392,0.16825058354199696,-76.17559311540107,0.07563873762418098,18.524429333395947,0.07131897209523753,-50.51068852827582,0.012169863509120972,-84.70127716970809
