[0.234s] [34mcolcon[0m [1;30mDEBUG[0m [32mCommand line arguments: ['/usr/bin/colcon', 'build', '--packages-select', 'sim_robot', 'cheetah_ros2'][0m
[0.235s] [34mcolcon[0m [1;30mDEBUG[0m [32mParsed command line arguments: Namespace(log_base=None, log_level=None, verb_name='build', build_base='build', install_base='install', merge_install=False, symlink_install=False, test_result_base=None, continue_on_error=False, executor='parallel', parallel_workers=8, event_handlers=None, ignore_user_meta=False, metas=['./colcon.meta'], base_paths=['.'], packages_ignore=None, packages_ignore_regex=None, paths=None, packages_up_to=None, packages_up_to_regex=None, packages_above=None, packages_above_and_dependencies=None, packages_above_depth=None, packages_select_by_dep=None, packages_skip_by_dep=None, packages_skip_up_to=None, packages_select_build_failed=False, packages_skip_build_finished=False, packages_select_test_failures=False, packages_skip_test_passed=False, packages_select=['sim_robot', 'cheetah_ros2'], packages_skip=None, packages_select_regex=None, packages_skip_regex=None, packages_start=None, packages_end=None, allow_overriding=[], cmake_args=None, cmake_target=None, cmake_target_skip_unavailable=False, cmake_clean_cache=False, cmake_clean_first=False, cmake_force_configure=False, ament_cmake_args=None, catkin_cmake_args=None, catkin_skip_building_tests=False, mixin_files=None, mixin=None, verb_parser=<colcon_mixin.mixin.mixin_argument.MixinArgumentDecorator object at 0x7afacabcf1c0>, verb_extension=<colcon_core.verb.build.BuildVerb object at 0x7afacad6c820>, main=<bound method BuildVerb.main of <colcon_core.verb.build.BuildVerb object at 0x7afacad6c820>>, mixin_verb=('build',))[0m
[0.719s] [34mcolcon.colcon_core.package_discovery[0m [1;30mLevel 1[0m discover_packages(colcon_meta) check parameters
[0.719s] [34mcolcon.colcon_core.package_discovery[0m [1;30mLevel 1[0m discover_packages(recursive) check parameters
[0.720s] [34mcolcon.colcon_core.package_discovery[0m [1;30mLevel 1[0m discover_packages(ignore) check parameters
[0.720s] [34mcolcon.colcon_core.package_discovery[0m [1;30mLevel 1[0m discover_packages(path) check parameters
[0.720s] [34mcolcon.colcon_core.package_discovery[0m [1;30mLevel 1[0m discover_packages(colcon_meta) discover
[0.720s] [34mcolcon.colcon_core.package_discovery[0m [1;30mLevel 1[0m discover_packages(recursive) discover
[0.720s] [34mcolcon.colcon_core.package_discovery[0m [1;30mINFO[0m Crawling recursively for packages in '/home/mubashir/Pictures/FYP-Legged-Robot-main/Code'
[0.720s] [34mcolcon.colcon_core.package_identification[0m [1;30mLevel 1[0m _identify(.) by extensions ['ignore', 'ignore_ament_install']
[0.721s] [34mcolcon.colcon_core.package_identification[0m [1;30mLevel 1[0m _identify(.) by extension 'ignore'
[0.721s] [34mcolcon.colcon_core.package_identification[0m [1;30mLevel 1[0m _identify(.) by extension 'ignore_ament_install'
[0.721s] [34mcolcon.colcon_core.package_identification[0m [1;30mLevel 1[0m _identify(.) by extensions ['colcon_pkg']
[0.721s] [34mcolcon.colcon_core.package_identification[0m [1;30mLevel 1[0m _identify(.) by extension 'colcon_pkg'
[0.721s] [34mcolcon.colcon_core.package_identification[0m [1;30mLevel 1[0m _identify(.) by extensions ['colcon_meta']
[0.721s] [34mcolcon.colcon_core.package_identification[0m [1;30mLevel 1[0m _identify(.) by extension 'colcon_meta'
[0.721s] [34mcolcon.colcon_core.package_identification[0m [1;30mLevel 1[0m _identify(.) by extensions ['ros']
[0.721s] [34mcolcon.colcon_core.package_identification[0m [1;30mLevel 1[0m _identify(.) by extension 'ros'
[0.765s] [34mcolcon.colcon_core.package_identification[0m [1;30mLevel 1[0m _identify(.) by extensions ['cmake', 'python']
[0.766s] [34mcolcon.colcon_core.package_identification[0m [1;30mLevel 1[0m _identify(.) by extension 'cmake'
[0.766s] [34mcolcon.colcon_core.package_identification[0m [1;30mLevel 1[0m _identify(.) by extension 'python'
[0.766s] [34mcolcon.colcon_core.package_identification[0m [1;30mLevel 1[0m _identify(.) by extensions ['python_setup_py']
[0.766s] [34mcolcon.colcon_core.package_identification[0m [1;30mLevel 1[0m _identify(.) by extension 'python_setup_py'
[0.766s] [34mcolcon.colcon_core.package_identification[0m [1;30mLevel 1[0m _identify(Policies) by extensions ['ignore', 'ignore_ament_install']
[0.767s] [34mcolcon.colcon_core.package_identification[0m [1;30mLevel 1[0m _identify(Policies) by extension 'ignore'
[0.767s] [34mcolcon.colcon_core.package_identification[0m [1;30mLevel 1[0m _identify(Policies) by extension 'ignore_ament_install'
[0.767s] [34mcolcon.colcon_core.package_identification[0m [1;30mLevel 1[0m _identify(Policies) by extensions ['colcon_pkg']
[0.767s] [34mcolcon.colcon_core.package_identification[0m [1;30mLevel 1[0m _identify(Policies) by extension 'colcon_pkg'
[0.767s] [34mcolcon.colcon_core.package_identification[0m [1;30mLevel 1[0m _identify(Policies) by extensions ['colcon_meta']
[0.767s] [34mcolcon.colcon_core.package_identification[0m [1;30mLevel 1[0m _identify(Policies) by extension 'colcon_meta'
[0.768s] [34mcolcon.colcon_core.package_identification[0m [1;30mLevel 1[0m _identify(Policies) by extensions ['ros']
[0.768s] [34mcolcon.colcon_core.package_identification[0m [1;30mLevel 1[0m _identify(Policies) by extension 'ros'
[0.768s] [34mcolcon.colcon_core.package_identification[0m [1;30mLevel 1[0m _identify(Policies) by extensions ['cmake', 'python']
[0.768s] [34mcolcon.colcon_core.package_identification[0m [1;30mLevel 1[0m _identify(Policies) by extension 'cmake'
[0.768s] [34mcolcon.colcon_core.package_identification[0m [1;30mLevel 1[0m _identify(Policies) by extension 'python'
[0.768s] [34mcolcon.colcon_core.package_identification[0m [1;30mLevel 1[0m _identify(Policies) by extensions ['python_setup_py']
[0.768s] [34mcolcon.colcon_core.package_identification[0m [1;30mLevel 1[0m _identify(Policies) by extension 'python_setup_py'
[0.769s] [34mcolcon.colcon_core.package_identification[0m [1;30mLevel 1[0m _identify(ROS) by extensions ['ignore', 'ignore_ament_install']
[0.769s] [34mcolcon.colcon_core.package_identification[0m [1;30mLevel 1[0m _identify(ROS) by extension 'ignore'
[0.769s] [34mcolcon.colcon_core.package_identification[0m [1;30mLevel 1[0m _identify(ROS) by extension 'ignore_ament_install'
[0.769s] [34mcolcon.colcon_core.package_identification[0m [1;30mLevel 1[0m _identify(ROS) by extensions ['colcon_pkg']
[0.769s] [34mcolcon.colcon_core.package_identification[0m [1;30mLevel 1[0m _identify(ROS) by extension 'colcon_pkg'
[0.769s] [34mcolcon.colcon_core.package_identification[0m [1;30mLevel 1[0m _identify(ROS) by extensions ['colcon_meta']
[0.769s] [34mcolcon.colcon_core.package_identification[0m [1;30mLevel 1[0m _identify(ROS) by extension 'colcon_meta'
[0.770s] [34mcolcon.colcon_core.package_identification[0m [1;30mLevel 1[0m _identify(ROS) by extensions ['ros']
[0.770s] [34mcolcon.colcon_core.package_identification[0m [1;30mLevel 1[0m _identify(ROS) by extension 'ros'
[0.770s] [34mcolcon.colcon_core.package_identification[0m [1;30mLevel 1[0m _identify(ROS) by extensions ['cmake', 'python']
[0.770s] [34mcolcon.colcon_core.package_identification[0m [1;30mLevel 1[0m _identify(ROS) by extension 'cmake'
[0.770s] [34mcolcon.colcon_core.package_identification[0m [1;30mLevel 1[0m _identify(ROS) by extension 'python'
[0.770s] [34mcolcon.colcon_core.package_identification[0m [1;30mLevel 1[0m _identify(ROS) by extensions ['python_setup_py']
[0.770s] [34mcolcon.colcon_core.package_identification[0m [1;30mLevel 1[0m _identify(ROS) by extension 'python_setup_py'
[0.771s] [34mcolcon.colcon_core.package_identification[0m [1;30mLevel 1[0m _identify(ROS/build) by extensions ['ignore', 'ignore_ament_install']
[0.771s] [34mcolcon.colcon_core.package_identification[0m [1;30mLevel 1[0m _identify(ROS/build) by extension 'ignore'
[0.771s] [34mcolcon.colcon_core.package_identification[0m [1;30mLevel 1[0m _identify(ROS/build) ignored
[0.771s] [34mcolcon.colcon_core.package_identification[0m [1;30mLevel 1[0m _identify(ROS/experiment) by extensions ['ignore', 'ignore_ament_install']
[0.771s] [34mcolcon.colcon_core.package_identification[0m [1;30mLevel 1[0m _identify(ROS/experiment) by extension 'ignore'
[0.772s] [34mcolcon.colcon_core.package_identification[0m [1;30mLevel 1[0m _identify(ROS/experiment) by extension 'ignore_ament_install'
[0.772s] [34mcolcon.colcon_core.package_identification[0m [1;30mLevel 1[0m _identify(ROS/experiment) by extensions ['colcon_pkg']
[0.772s] [34mcolcon.colcon_core.package_identification[0m [1;30mLevel 1[0m _identify(ROS/experiment) by extension 'colcon_pkg'
[0.772s] [34mcolcon.colcon_core.package_identification[0m [1;30mLevel 1[0m _identify(ROS/experiment) by extensions ['colcon_meta']
[0.772s] [34mcolcon.colcon_core.package_identification[0m [1;30mLevel 1[0m _identify(ROS/experiment) by extension 'colcon_meta'
[0.772s] [34mcolcon.colcon_core.package_identification[0m [1;30mLevel 1[0m _identify(ROS/experiment) by extensions ['ros']
[0.772s] [34mcolcon.colcon_core.package_identification[0m [1;30mLevel 1[0m _identify(ROS/experiment) by extension 'ros'
[0.772s] [34mcolcon.colcon_core.package_identification[0m [1;30mLevel 1[0m _identify(ROS/experiment) by extensions ['cmake', 'python']
[0.772s] [34mcolcon.colcon_core.package_identification[0m [1;30mLevel 1[0m _identify(ROS/experiment) by extension 'cmake'
[0.773s] [34mcolcon.colcon_core.package_identification[0m [1;30mLevel 1[0m _identify(ROS/experiment) by extension 'python'
[0.773s] [34mcolcon.colcon_core.package_identification[0m [1;30mLevel 1[0m _identify(ROS/experiment) by extensions ['python_setup_py']
[0.773s] [34mcolcon.colcon_core.package_identification[0m [1;30mLevel 1[0m _identify(ROS/experiment) by extension 'python_setup_py'
[0.773s] [34mcolcon.colcon_core.package_identification[0m [1;30mLevel 1[0m _identify(ROS/experiment/run1) by extensions ['ignore', 'ignore_ament_install']
[0.773s] [34mcolcon.colcon_core.package_identification[0m [1;30mLevel 1[0m _identify(ROS/experiment/run1) by extension 'ignore'
[0.773s] [34mcolcon.colcon_core.package_identification[0m [1;30mLevel 1[0m _identify(ROS/experiment/run1) by extension 'ignore_ament_install'
[0.773s] [34mcolcon.colcon_core.package_identification[0m [1;30mLevel 1[0m _identify(ROS/experiment/run1) by extensions ['colcon_pkg']
[0.773s] [34mcolcon.colcon_core.package_identification[0m [1;30mLevel 1[0m _identify(ROS/experiment/run1) by extension 'colcon_pkg'
[0.774s] [34mcolcon.colcon_core.package_identification[0m [1;30mLevel 1[0m _identify(ROS/experiment/run1) by extensions ['colcon_meta']
[0.774s] [34mcolcon.colcon_core.package_identification[0m [1;30mLevel 1[0m _identify(ROS/experiment/run1) by extension 'colcon_meta'
[0.774s] [34mcolcon.colcon_core.package_identification[0m [1;30mLevel 1[0m _identify(ROS/experiment/run1) by extensions ['ros']
[0.774s] [34mcolcon.colcon_core.package_identification[0m [1;30mLevel 1[0m _identify(ROS/experiment/run1) by extension 'ros'
[0.774s] [34mcolcon.colcon_core.package_identification[0m [1;30mLevel 1[0m _identify(ROS/experiment/run1) by extensions ['cmake', 'python']
[0.774s] [34mcolcon.colcon_core.package_identification[0m [1;30mLevel 1[0m _identify(ROS/experiment/run1) by extension 'cmake'
[0.774s] [34mcolcon.colcon_core.package_identification[0m [1;30mLevel 1[0m _identify(ROS/experiment/run1) by extension 'python'
[0.774s] [34mcolcon.colcon_core.package_identification[0m [1;30mLevel 1[0m _identify(ROS/experiment/run1) by extensions ['python_setup_py']
[0.774s] [34mcolcon.colcon_core.package_identification[0m [1;30mLevel 1[0m _identify(ROS/experiment/run1) by extension 'python_setup_py'
[0.774s] [34mcolcon.colcon_core.package_identification[0m [1;30mLevel 1[0m _identify(ROS/experiment/run2) by extensions ['ignore', 'ignore_ament_install']
[0.774s] [34mcolcon.colcon_core.package_identification[0m [1;30mLevel 1[0m _identify(ROS/experiment/run2) by extension 'ignore'
[0.775s] [34mcolcon.colcon_core.package_identification[0m [1;30mLevel 1[0m _identify(ROS/experiment/run2) by extension 'ignore_ament_install'
[0.775s] [34mcolcon.colcon_core.package_identification[0m [1;30mLevel 1[0m _identify(ROS/experiment/run2) by extensions ['colcon_pkg']
[0.775s] [34mcolcon.colcon_core.package_identification[0m [1;30mLevel 1[0m _identify(ROS/experiment/run2) by extension 'colcon_pkg'
[0.775s] [34mcolcon.colcon_core.package_identification[0m [1;30mLevel 1[0m _identify(ROS/experiment/run2) by extensions ['colcon_meta']
[0.775s] [34mcolcon.colcon_core.package_identification[0m [1;30mLevel 1[0m _identify(ROS/experiment/run2) by extension 'colcon_meta'
[0.775s] [34mcolcon.colcon_core.package_identification[0m [1;30mLevel 1[0m _identify(ROS/experiment/run2) by extensions ['ros']
[0.775s] [34mcolcon.colcon_core.package_identification[0m [1;30mLevel 1[0m _identify(ROS/experiment/run2) by extension 'ros'
[0.775s] [34mcolcon.colcon_core.package_identification[0m [1;30mLevel 1[0m _identify(ROS/experiment/run2) by extensions ['cmake', 'python']
[0.775s] [34mcolcon.colcon_core.package_identification[0m [1;30mLevel 1[0m _identify(ROS/experiment/run2) by extension 'cmake'
[0.775s] [34mcolcon.colcon_core.package_identification[0m [1;30mLevel 1[0m _identify(ROS/experiment/run2) by extension 'python'
[0.775s] [34mcolcon.colcon_core.package_identification[0m [1;30mLevel 1[0m _identify(ROS/experiment/run2) by extensions ['python_setup_py']
[0.776s] [34mcolcon.colcon_core.package_identification[0m [1;30mLevel 1[0m _identify(ROS/experiment/run2) by extension 'python_setup_py'
[0.776s] [34mcolcon.colcon_core.package_identification[0m [1;30mLevel 1[0m _identify(ROS/experiment/run3) by extensions ['ignore', 'ignore_ament_install']
[0.776s] [34mcolcon.colcon_core.package_identification[0m [1;30mLevel 1[0m _identify(ROS/experiment/run3) by extension 'ignore'
[0.776s] [34mcolcon.colcon_core.package_identification[0m [1;30mLevel 1[0m _identify(ROS/experiment/run3) by extension 'ignore_ament_install'
[0.776s] [34mcolcon.colcon_core.package_identification[0m [1;30mLevel 1[0m _identify(ROS/experiment/run3) by extensions ['colcon_pkg']
[0.776s] [34mcolcon.colcon_core.package_identification[0m [1;30mLevel 1[0m _identify(ROS/experiment/run3) by extension 'colcon_pkg'
[0.776s] [34mcolcon.colcon_core.package_identification[0m [1;30mLevel 1[0m _identify(ROS/experiment/run3) by extensions ['colcon_meta']
[0.776s] [34mcolcon.colcon_core.package_identification[0m [1;30mLevel 1[0m _identify(ROS/experiment/run3) by extension 'colcon_meta'
[0.777s] [34mcolcon.colcon_core.package_identification[0m [1;30mLevel 1[0m _identify(ROS/experiment/run3) by extensions ['ros']
[0.777s] [34mcolcon.colcon_core.package_identification[0m [1;30mLevel 1[0m _identify(ROS/experiment/run3) by extension 'ros'
[0.777s] [34mcolcon.colcon_core.package_identification[0m [1;30mLevel 1[0m _identify(ROS/experiment/run3) by extensions ['cmake', 'python']
[0.777s] [34mcolcon.colcon_core.package_identification[0m [1;30mLevel 1[0m _identify(ROS/experiment/run3) by extension 'cmake'
[0.777s] [34mcolcon.colcon_core.package_identification[0m [1;30mLevel 1[0m _identify(ROS/experiment/run3) by extension 'python'
[0.777s] [34mcolcon.colcon_core.package_identification[0m [1;30mLevel 1[0m _identify(ROS/experiment/run3) by extensions ['python_setup_py']
[0.777s] [34mcolcon.colcon_core.package_identification[0m [1;30mLevel 1[0m _identify(ROS/experiment/run3) by extension 'python_setup_py'
[0.778s] [34mcolcon.colcon_core.package_identification[0m [1;30mLevel 1[0m _identify(ROS/experiment/run4) by extensions ['ignore', 'ignore_ament_install']
[0.778s] [34mcolcon.colcon_core.package_identification[0m [1;30mLevel 1[0m _identify(ROS/experiment/run4) by extension 'ignore'
[0.778s] [34mcolcon.colcon_core.package_identification[0m [1;30mLevel 1[0m _identify(ROS/experiment/run4) by extension 'ignore_ament_install'
[0.778s] [34mcolcon.colcon_core.package_identification[0m [1;30mLevel 1[0m _identify(ROS/experiment/run4) by extensions ['colcon_pkg']
[0.778s] [34mcolcon.colcon_core.package_identification[0m [1;30mLevel 1[0m _identify(ROS/experiment/run4) by extension 'colcon_pkg'
[0.778s] [34mcolcon.colcon_core.package_identification[0m [1;30mLevel 1[0m _identify(ROS/experiment/run4) by extensions ['colcon_meta']
[0.778s] [34mcolcon.colcon_core.package_identification[0m [1;30mLevel 1[0m _identify(ROS/experiment/run4) by extension 'colcon_meta'
[0.778s] [34mcolcon.colcon_core.package_identification[0m [1;30mLevel 1[0m _identify(ROS/experiment/run4) by extensions ['ros']
[0.779s] [34mcolcon.colcon_core.package_identification[0m [1;30mLevel 1[0m _identify(ROS/experiment/run4) by extension 'ros'
[0.779s] [34mcolcon.colcon_core.package_identification[0m [1;30mLevel 1[0m _identify(ROS/experiment/run4) by extensions ['cmake', 'python']
[0.779s] [34mcolcon.colcon_core.package_identification[0m [1;30mLevel 1[0m _identify(ROS/experiment/run4) by extension 'cmake'
[0.779s] [34mcolcon.colcon_core.package_identification[0m [1;30mLevel 1[0m _identify(ROS/experiment/run4) by extension 'python'
[0.779s] [34mcolcon.colcon_core.package_identification[0m [1;30mLevel 1[0m _identify(ROS/experiment/run4) by extensions ['python_setup_py']
[0.779s] [34mcolcon.colcon_core.package_identification[0m [1;30mLevel 1[0m _identify(ROS/experiment/run4) by extension 'python_setup_py'
[0.779s] [34mcolcon.colcon_core.package_identification[0m [1;30mLevel 1[0m _identify(ROS/experiment/run5) by extensions ['ignore', 'ignore_ament_install']
[0.779s] [34mcolcon.colcon_core.package_identification[0m [1;30mLevel 1[0m _identify(ROS/experiment/run5) by extension 'ignore'
[0.780s] [34mcolcon.colcon_core.package_identification[0m [1;30mLevel 1[0m _identify(ROS/experiment/run5) by extension 'ignore_ament_install'
[0.780s] [34mcolcon.colcon_core.package_identification[0m [1;30mLevel 1[0m _identify(ROS/experiment/run5) by extensions ['colcon_pkg']
[0.780s] [34mcolcon.colcon_core.package_identification[0m [1;30mLevel 1[0m _identify(ROS/experiment/run5) by extension 'colcon_pkg'
[0.780s] [34mcolcon.colcon_core.package_identification[0m [1;30mLevel 1[0m _identify(ROS/experiment/run5) by extensions ['colcon_meta']
[0.780s] [34mcolcon.colcon_core.package_identification[0m [1;30mLevel 1[0m _identify(ROS/experiment/run5) by extension 'colcon_meta'
[0.780s] [34mcolcon.colcon_core.package_identification[0m [1;30mLevel 1[0m _identify(ROS/experiment/run5) by extensions ['ros']
[0.780s] [34mcolcon.colcon_core.package_identification[0m [1;30mLevel 1[0m _identify(ROS/experiment/run5) by extension 'ros'
[0.780s] [34mcolcon.colcon_core.package_identification[0m [1;30mLevel 1[0m _identify(ROS/experiment/run5) by extensions ['cmake', 'python']
[0.780s] [34mcolcon.colcon_core.package_identification[0m [1;30mLevel 1[0m _identify(ROS/experiment/run5) by extension 'cmake'
[0.781s] [34mcolcon.colcon_core.package_identification[0m [1;30mLevel 1[0m _identify(ROS/experiment/run5) by extension 'python'
[0.781s] [34mcolcon.colcon_core.package_identification[0m [1;30mLevel 1[0m _identify(ROS/experiment/run5) by extensions ['python_setup_py']
[0.781s] [34mcolcon.colcon_core.package_identification[0m [1;30mLevel 1[0m _identify(ROS/experiment/run5) by extension 'python_setup_py'
[0.781s] [34mcolcon.colcon_core.package_identification[0m [1;30mLevel 1[0m _identify(ROS/experiment/run6) by extensions ['ignore', 'ignore_ament_install']
[0.781s] [34mcolcon.colcon_core.package_identification[0m [1;30mLevel 1[0m _identify(ROS/experiment/run6) by extension 'ignore'
[0.781s] [34mcolcon.colcon_core.package_identification[0m [1;30mLevel 1[0m _identify(ROS/experiment/run6) by extension 'ignore_ament_install'
[0.782s] [34mcolcon.colcon_core.package_identification[0m [1;30mLevel 1[0m _identify(ROS/experiment/run6) by extensions ['colcon_pkg']
[0.782s] [34mcolcon.colcon_core.package_identification[0m [1;30mLevel 1[0m _identify(ROS/experiment/run6) by extension 'colcon_pkg'
[0.782s] [34mcolcon.colcon_core.package_identification[0m [1;30mLevel 1[0m _identify(ROS/experiment/run6) by extensions ['colcon_meta']
[0.782s] [34mcolcon.colcon_core.package_identification[0m [1;30mLevel 1[0m _identify(ROS/experiment/run6) by extension 'colcon_meta'
[0.782s] [34mcolcon.colcon_core.package_identification[0m [1;30mLevel 1[0m _identify(ROS/experiment/run6) by extensions ['ros']
[0.782s] [34mcolcon.colcon_core.package_identification[0m [1;30mLevel 1[0m _identify(ROS/experiment/run6) by extension 'ros'
[0.782s] [34mcolcon.colcon_core.package_identification[0m [1;30mLevel 1[0m _identify(ROS/experiment/run6) by extensions ['cmake', 'python']
[0.782s] [34mcolcon.colcon_core.package_identification[0m [1;30mLevel 1[0m _identify(ROS/experiment/run6) by extension 'cmake'
[0.783s] [34mcolcon.colcon_core.package_identification[0m [1;30mLevel 1[0m _identify(ROS/experiment/run6) by extension 'python'
[0.783s] [34mcolcon.colcon_core.package_identification[0m [1;30mLevel 1[0m _identify(ROS/experiment/run6) by extensions ['python_setup_py']
[0.783s] [34mcolcon.colcon_core.package_identification[0m [1;30mLevel 1[0m _identify(ROS/experiment/run6) by extension 'python_setup_py'
[0.783s] [34mcolcon.colcon_core.package_identification[0m [1;30mLevel 1[0m _identify(ROS/install) by extensions ['ignore', 'ignore_ament_install']
[0.783s] [34mcolcon.colcon_core.package_identification[0m [1;30mLevel 1[0m _identify(ROS/install) by extension 'ignore'
[0.783s] [34mcolcon.colcon_core.package_identification[0m [1;30mLevel 1[0m _identify(ROS/install) ignored
[0.784s] [34mcolcon.colcon_core.package_identification[0m [1;30mLevel 1[0m _identify(ROS/log) by extensions ['ignore', 'ignore_ament_install']
[0.784s] [34mcolcon.colcon_core.package_identification[0m [1;30mLevel 1[0m _identify(ROS/log) by extension 'ignore'
[0.784s] [34mcolcon.colcon_core.package_identification[0m [1;30mLevel 1[0m _identify(ROS/log) ignored
[0.784s] [34mcolcon.colcon_core.package_identification[0m [1;30mLevel 1[0m _identify(ROS/src) by extensions ['ignore', 'ignore_ament_install']
[0.785s] [34mcolcon.colcon_core.package_identification[0m [1;30mLevel 1[0m _identify(ROS/src) by extension 'ignore'
[0.785s] [34mcolcon.colcon_core.package_identification[0m [1;30mLevel 1[0m _identify(ROS/src) by extension 'ignore_ament_install'
[0.785s] [34mcolcon.colcon_core.package_identification[0m [1;30mLevel 1[0m _identify(ROS/src) by extensions ['colcon_pkg']
[0.785s] [34mcolcon.colcon_core.package_identification[0m [1;30mLevel 1[0m _identify(ROS/src) by extension 'colcon_pkg'
[0.785s] [34mcolcon.colcon_core.package_identification[0m [1;30mLevel 1[0m _identify(ROS/src) by extensions ['colcon_meta']
[0.785s] [34mcolcon.colcon_core.package_identification[0m [1;30mLevel 1[0m _identify(ROS/src) by extension 'colcon_meta'
[0.785s] [34mcolcon.colcon_core.package_identification[0m [1;30mLevel 1[0m _identify(ROS/src) by extensions ['ros']
[0.785s] [34mcolcon.colcon_core.package_identification[0m [1;30mLevel 1[0m _identify(ROS/src) by extension 'ros'
[0.786s] [34mcolcon.colcon_core.package_identification[0m [1;30mLevel 1[0m _identify(ROS/src) by extensions ['cmake', 'python']
[0.786s] [34mcolcon.colcon_core.package_identification[0m [1;30mLevel 1[0m _identify(ROS/src) by extension 'cmake'
[0.786s] [34mcolcon.colcon_core.package_identification[0m [1;30mLevel 1[0m _identify(ROS/src) by extension 'python'
[0.786s] [34mcolcon.colcon_core.package_identification[0m [1;30mLevel 1[0m _identify(ROS/src) by extensions ['python_setup_py']
[0.786s] [34mcolcon.colcon_core.package_identification[0m [1;30mLevel 1[0m _identify(ROS/src) by extension 'python_setup_py'
[0.786s] [34mcolcon.colcon_core.package_identification[0m [1;30mLevel 1[0m _identify(ROS/src/cheetah_ros2) by extensions ['ignore', 'ignore_ament_install']
[0.786s] [34mcolcon.colcon_core.package_identification[0m [1;30mLevel 1[0m _identify(ROS/src/cheetah_ros2) by extension 'ignore'
[0.787s] [34mcolcon.colcon_core.package_identification[0m [1;30mLevel 1[0m _identify(ROS/src/cheetah_ros2) by extension 'ignore_ament_install'
[0.787s] [34mcolcon.colcon_core.package_identification[0m [1;30mLevel 1[0m _identify(ROS/src/cheetah_ros2) by extensions ['colcon_pkg']
[0.787s] [34mcolcon.colcon_core.package_identification[0m [1;30mLevel 1[0m _identify(ROS/src/cheetah_ros2) by extension 'colcon_pkg'
[0.787s] [34mcolcon.colcon_core.package_identification[0m [1;30mLevel 1[0m _identify(ROS/src/cheetah_ros2) by extensions ['colcon_meta']
[0.787s] [34mcolcon.colcon_core.package_identification[0m [1;30mLevel 1[0m _identify(ROS/src/cheetah_ros2) by extension 'colcon_meta'
[0.787s] [34mcolcon.colcon_core.package_identification[0m [1;30mLevel 1[0m _identify(ROS/src/cheetah_ros2) by extensions ['ros']
[0.787s] [34mcolcon.colcon_core.package_identification[0m [1;30mLevel 1[0m _identify(ROS/src/cheetah_ros2) by extension 'ros'
[0.795s] [34mcolcon.colcon_core.package_identification[0m [1;30mDEBUG[0m [32mPackage 'ROS/src/cheetah_ros2' with type 'ros.ament_python' and name 'cheetah_ros2'[0m
[0.795s] [34mcolcon.colcon_core.package_identification[0m [1;30mLevel 1[0m _identify(ROS/src/cpg_ros2) by extensions ['ignore', 'ignore_ament_install']
[0.796s] [34mcolcon.colcon_core.package_identification[0m [1;30mLevel 1[0m _identify(ROS/src/cpg_ros2) by extension 'ignore'
[0.796s] [34mcolcon.colcon_core.package_identification[0m [1;30mLevel 1[0m _identify(ROS/src/cpg_ros2) by extension 'ignore_ament_install'
[0.796s] [34mcolcon.colcon_core.package_identification[0m [1;30mLevel 1[0m _identify(ROS/src/cpg_ros2) by extensions ['colcon_pkg']
[0.796s] [34mcolcon.colcon_core.package_identification[0m [1;30mLevel 1[0m _identify(ROS/src/cpg_ros2) by extension 'colcon_pkg'
[0.796s] [34mcolcon.colcon_core.package_identification[0m [1;30mLevel 1[0m _identify(ROS/src/cpg_ros2) by extensions ['colcon_meta']
[0.796s] [34mcolcon.colcon_core.package_identification[0m [1;30mLevel 1[0m _identify(ROS/src/cpg_ros2) by extension 'colcon_meta'
[0.796s] [34mcolcon.colcon_core.package_identification[0m [1;30mLevel 1[0m _identify(ROS/src/cpg_ros2) by extensions ['ros']
[0.796s] [34mcolcon.colcon_core.package_identification[0m [1;30mLevel 1[0m _identify(ROS/src/cpg_ros2) by extension 'ros'
[0.797s] [34mcolcon.colcon_core.package_identification[0m [1;30mDEBUG[0m [32mPackage 'ROS/src/cpg_ros2' with type 'ros.ament_python' and name 'cpg_ros2'[0m
[0.798s] [34mcolcon.colcon_core.package_identification[0m [1;30mLevel 1[0m _identify(ROS/src/elevation_mapping) by extensions ['ignore', 'ignore_ament_install']
[0.798s] [34mcolcon.colcon_core.package_identification[0m [1;30mLevel 1[0m _identify(ROS/src/elevation_mapping) by extension 'ignore'
[0.798s] [34mcolcon.colcon_core.package_identification[0m [1;30mLevel 1[0m _identify(ROS/src/elevation_mapping) by extension 'ignore_ament_install'
[0.798s] [34mcolcon.colcon_core.package_identification[0m [1;30mLevel 1[0m _identify(ROS/src/elevation_mapping) by extensions ['colcon_pkg']
[0.798s] [34mcolcon.colcon_core.package_identification[0m [1;30mLevel 1[0m _identify(ROS/src/elevation_mapping) by extension 'colcon_pkg'
[0.798s] [34mcolcon.colcon_core.package_identification[0m [1;30mLevel 1[0m _identify(ROS/src/elevation_mapping) by extensions ['colcon_meta']
[0.798s] [34mcolcon.colcon_core.package_identification[0m [1;30mLevel 1[0m _identify(ROS/src/elevation_mapping) by extension 'colcon_meta'
[0.798s] [34mcolcon.colcon_core.package_identification[0m [1;30mLevel 1[0m _identify(ROS/src/elevation_mapping) by extensions ['ros']
[0.799s] [34mcolcon.colcon_core.package_identification[0m [1;30mLevel 1[0m _identify(ROS/src/elevation_mapping) by extension 'ros'
[0.803s] [34mcolcon.colcon_core.package_identification[0m [1;30mDEBUG[0m [32mPackage 'ROS/src/elevation_mapping' with type 'ros.ament_cmake' and name 'elevation_mapping'[0m
[0.803s] [34mcolcon.colcon_core.package_identification[0m [1;30mLevel 1[0m _identify(ROS/src/gz_joint_torsional_spring) by extensions ['ignore', 'ignore_ament_install']
[0.803s] [34mcolcon.colcon_core.package_identification[0m [1;30mLevel 1[0m _identify(ROS/src/gz_joint_torsional_spring) by extension 'ignore'
[0.803s] [34mcolcon.colcon_core.package_identification[0m [1;30mLevel 1[0m _identify(ROS/src/gz_joint_torsional_spring) by extension 'ignore_ament_install'
[0.803s] [34mcolcon.colcon_core.package_identification[0m [1;30mLevel 1[0m _identify(ROS/src/gz_joint_torsional_spring) by extensions ['colcon_pkg']
[0.803s] [34mcolcon.colcon_core.package_identification[0m [1;30mLevel 1[0m _identify(ROS/src/gz_joint_torsional_spring) by extension 'colcon_pkg'
[0.803s] [34mcolcon.colcon_core.package_identification[0m [1;30mLevel 1[0m _identify(ROS/src/gz_joint_torsional_spring) by extensions ['colcon_meta']
[0.803s] [34mcolcon.colcon_core.package_identification[0m [1;30mLevel 1[0m _identify(ROS/src/gz_joint_torsional_spring) by extension 'colcon_meta'
[0.804s] [34mcolcon.colcon_core.package_identification[0m [1;30mLevel 1[0m _identify(ROS/src/gz_joint_torsional_spring) by extensions ['ros']
[0.804s] [34mcolcon.colcon_core.package_identification[0m [1;30mLevel 1[0m _identify(ROS/src/gz_joint_torsional_spring) by extension 'ros'
[0.805s] [34mcolcon.colcon_core.package_identification[0m [1;30mDEBUG[0m [32mPackage 'ROS/src/gz_joint_torsional_spring' with type 'ros.ament_cmake' and name 'gz_joint_torsional_spring'[0m
[0.805s] [34mcolcon.colcon_core.package_identification[0m [1;30mLevel 1[0m _identify(ROS/src/kin_ros2) by extensions ['ignore', 'ignore_ament_install']
[0.805s] [34mcolcon.colcon_core.package_identification[0m [1;30mLevel 1[0m _identify(ROS/src/kin_ros2) by extension 'ignore'
[0.805s] [34mcolcon.colcon_core.package_identification[0m [1;30mLevel 1[0m _identify(ROS/src/kin_ros2) by extension 'ignore_ament_install'
[0.805s] [34mcolcon.colcon_core.package_identification[0m [1;30mLevel 1[0m _identify(ROS/src/kin_ros2) by extensions ['colcon_pkg']
[0.805s] [34mcolcon.colcon_core.package_identification[0m [1;30mLevel 1[0m _identify(ROS/src/kin_ros2) by extension 'colcon_pkg'
[0.805s] [34mcolcon.colcon_core.package_identification[0m [1;30mLevel 1[0m _identify(ROS/src/kin_ros2) by extensions ['colcon_meta']
[0.805s] [34mcolcon.colcon_core.package_identification[0m [1;30mLevel 1[0m _identify(ROS/src/kin_ros2) by extension 'colcon_meta'
[0.806s] [34mcolcon.colcon_core.package_identification[0m [1;30mLevel 1[0m _identify(ROS/src/kin_ros2) by extensions ['ros']
[0.806s] [34mcolcon.colcon_core.package_identification[0m [1;30mLevel 1[0m _identify(ROS/src/kin_ros2) by extension 'ros'
[0.807s] [34mcolcon.colcon_core.package_identification[0m [1;30mDEBUG[0m [32mPackage 'ROS/src/kin_ros2' with type 'ros.ament_python' and name 'kin_ros2'[0m
[0.807s] [34mcolcon.colcon_core.package_identification[0m [1;30mLevel 1[0m _identify(ROS/src/perception) by extensions ['ignore', 'ignore_ament_install']
[0.807s] [34mcolcon.colcon_core.package_identification[0m [1;30mLevel 1[0m _identify(ROS/src/perception) by extension 'ignore'
[0.807s] [34mcolcon.colcon_core.package_identification[0m [1;30mLevel 1[0m _identify(ROS/src/perception) by extension 'ignore_ament_install'
[0.807s] [34mcolcon.colcon_core.package_identification[0m [1;30mLevel 1[0m _identify(ROS/src/perception) by extensions ['colcon_pkg']
[0.807s] [34mcolcon.colcon_core.package_identification[0m [1;30mLevel 1[0m _identify(ROS/src/perception) by extension 'colcon_pkg'
[0.807s] [34mcolcon.colcon_core.package_identification[0m [1;30mLevel 1[0m _identify(ROS/src/perception) by extensions ['colcon_meta']
[0.807s] [34mcolcon.colcon_core.package_identification[0m [1;30mLevel 1[0m _identify(ROS/src/perception) by extension 'colcon_meta'
[0.808s] [34mcolcon.colcon_core.package_identification[0m [1;30mLevel 1[0m _identify(ROS/src/perception) by extensions ['ros']
[0.808s] [34mcolcon.colcon_core.package_identification[0m [1;30mLevel 1[0m _identify(ROS/src/perception) by extension 'ros'
[0.809s] [34mcolcon.colcon_core.package_identification[0m [1;30mDEBUG[0m [32mPackage 'ROS/src/perception' with type 'ros.ament_python' and name 'perception'[0m
[0.809s] [34mcolcon.colcon_core.package_identification[0m [1;30mLevel 1[0m _identify(ROS/src/quad_interface) by extensions ['ignore', 'ignore_ament_install']
[0.810s] [34mcolcon.colcon_core.package_identification[0m [1;30mLevel 1[0m _identify(ROS/src/quad_interface) by extension 'ignore'
[0.810s] [34mcolcon.colcon_core.package_identification[0m [1;30mLevel 1[0m _identify(ROS/src/quad_interface) by extension 'ignore_ament_install'
[0.810s] [34mcolcon.colcon_core.package_identification[0m [1;30mLevel 1[0m _identify(ROS/src/quad_interface) by extensions ['colcon_pkg']
[0.810s] [34mcolcon.colcon_core.package_identification[0m [1;30mLevel 1[0m _identify(ROS/src/quad_interface) by extension 'colcon_pkg'
[0.810s] [34mcolcon.colcon_core.package_identification[0m [1;30mLevel 1[0m _identify(ROS/src/quad_interface) by extensions ['colcon_meta']
[0.810s] [34mcolcon.colcon_core.package_identification[0m [1;30mLevel 1[0m _identify(ROS/src/quad_interface) by extension 'colcon_meta'
[0.810s] [34mcolcon.colcon_core.package_identification[0m [1;30mLevel 1[0m _identify(ROS/src/quad_interface) by extensions ['ros']
[0.810s] [34mcolcon.colcon_core.package_identification[0m [1;30mLevel 1[0m _identify(ROS/src/quad_interface) by extension 'ros'
[0.812s] [34mcolcon.colcon_core.package_identification[0m [1;30mDEBUG[0m [32mPackage 'ROS/src/quad_interface' with type 'ros.ament_cmake' and name 'quad_interface'[0m
[0.812s] [34mcolcon.colcon_core.package_identification[0m [1;30mLevel 1[0m _identify(ROS/src/rl_ros2) by extensions ['ignore', 'ignore_ament_install']
[0.812s] [34mcolcon.colcon_core.package_identification[0m [1;30mLevel 1[0m _identify(ROS/src/rl_ros2) by extension 'ignore'
[0.812s] [34mcolcon.colcon_core.package_identification[0m [1;30mLevel 1[0m _identify(ROS/src/rl_ros2) by extension 'ignore_ament_install'
[0.812s] [34mcolcon.colcon_core.package_identification[0m [1;30mLevel 1[0m _identify(ROS/src/rl_ros2) by extensions ['colcon_pkg']
[0.813s] [34mcolcon.colcon_core.package_identification[0m [1;30mLevel 1[0m _identify(ROS/src/rl_ros2) by extension 'colcon_pkg'
[0.813s] [34mcolcon.colcon_core.package_identification[0m [1;30mLevel 1[0m _identify(ROS/src/rl_ros2) by extensions ['colcon_meta']
[0.813s] [34mcolcon.colcon_core.package_identification[0m [1;30mLevel 1[0m _identify(ROS/src/rl_ros2) by extension 'colcon_meta'
[0.813s] [34mcolcon.colcon_core.package_identification[0m [1;30mLevel 1[0m _identify(ROS/src/rl_ros2) by extensions ['ros']
[0.813s] [34mcolcon.colcon_core.package_identification[0m [1;30mLevel 1[0m _identify(ROS/src/rl_ros2) by extension 'ros'
[0.814s] [34mcolcon.colcon_core.package_identification[0m [1;30mDEBUG[0m [32mPackage 'ROS/src/rl_ros2' with type 'ros.ament_python' and name 'rl_ros2'[0m
[0.814s] [34mcolcon.colcon_core.package_identification[0m [1;30mLevel 1[0m _identify(ROS/src/rlpa_ros2) by extensions ['ignore', 'ignore_ament_install']
[0.814s] [34mcolcon.colcon_core.package_identification[0m [1;30mLevel 1[0m _identify(ROS/src/rlpa_ros2) by extension 'ignore'
[0.814s] [34mcolcon.colcon_core.package_identification[0m [1;30mLevel 1[0m _identify(ROS/src/rlpa_ros2) by extension 'ignore_ament_install'
[0.815s] [34mcolcon.colcon_core.package_identification[0m [1;30mLevel 1[0m _identify(ROS/src/rlpa_ros2) by extensions ['colcon_pkg']
[0.815s] [34mcolcon.colcon_core.package_identification[0m [1;30mLevel 1[0m _identify(ROS/src/rlpa_ros2) by extension 'colcon_pkg'
[0.815s] [34mcolcon.colcon_core.package_identification[0m [1;30mLevel 1[0m _identify(ROS/src/rlpa_ros2) by extensions ['colcon_meta']
[0.815s] [34mcolcon.colcon_core.package_identification[0m [1;30mLevel 1[0m _identify(ROS/src/rlpa_ros2) by extension 'colcon_meta'
[0.815s] [34mcolcon.colcon_core.package_identification[0m [1;30mLevel 1[0m _identify(ROS/src/rlpa_ros2) by extensions ['ros']
[0.815s] [34mcolcon.colcon_core.package_identification[0m [1;30mLevel 1[0m _identify(ROS/src/rlpa_ros2) by extension 'ros'
[0.816s] [34mcolcon.colcon_core.package_identification[0m [1;30mDEBUG[0m [32mPackage 'ROS/src/rlpa_ros2' with type 'ros.ament_python' and name 'rlpa_ros2'[0m
[0.817s] [34mcolcon.colcon_core.package_identification[0m [1;30mLevel 1[0m _identify(ROS/src/robot_caves) by extensions ['ignore', 'ignore_ament_install']
[0.817s] [34mcolcon.colcon_core.package_identification[0m [1;30mLevel 1[0m _identify(ROS/src/robot_caves) by extension 'ignore'
[0.817s] [34mcolcon.colcon_core.package_identification[0m [1;30mLevel 1[0m _identify(ROS/src/robot_caves) by extension 'ignore_ament_install'
[0.817s] [34mcolcon.colcon_core.package_identification[0m [1;30mLevel 1[0m _identify(ROS/src/robot_caves) by extensions ['colcon_pkg']
[0.817s] [34mcolcon.colcon_core.package_identification[0m [1;30mLevel 1[0m _identify(ROS/src/robot_caves) by extension 'colcon_pkg'
[0.817s] [34mcolcon.colcon_core.package_identification[0m [1;30mLevel 1[0m _identify(ROS/src/robot_caves) by extensions ['colcon_meta']
[0.818s] [34mcolcon.colcon_core.package_identification[0m [1;30mLevel 1[0m _identify(ROS/src/robot_caves) by extension 'colcon_meta'
[0.818s] [34mcolcon.colcon_core.package_identification[0m [1;30mLevel 1[0m _identify(ROS/src/robot_caves) by extensions ['ros']
[0.818s] [34mcolcon.colcon_core.package_identification[0m [1;30mLevel 1[0m _identify(ROS/src/robot_caves) by extension 'ros'
[0.819s] [34mcolcon.colcon_core.package_identification[0m [1;30mDEBUG[0m [32mPackage 'ROS/src/robot_caves' with type 'ros.ament_python' and name 'robot_caves'[0m
[0.819s] [34mcolcon.colcon_core.package_identification[0m [1;30mLevel 1[0m _identify(ROS/src/sim_robot) by extensions ['ignore', 'ignore_ament_install']
[0.819s] [34mcolcon.colcon_core.package_identification[0m [1;30mLevel 1[0m _identify(ROS/src/sim_robot) by extension 'ignore'
[0.819s] [34mcolcon.colcon_core.package_identification[0m [1;30mLevel 1[0m _identify(ROS/src/sim_robot) by extension 'ignore_ament_install'
[0.820s] [34mcolcon.colcon_core.package_identification[0m [1;30mLevel 1[0m _identify(ROS/src/sim_robot) by extensions ['colcon_pkg']
[0.820s] [34mcolcon.colcon_core.package_identification[0m [1;30mLevel 1[0m _identify(ROS/src/sim_robot) by extension 'colcon_pkg'
[0.820s] [34mcolcon.colcon_core.package_identification[0m [1;30mLevel 1[0m _identify(ROS/src/sim_robot) by extensions ['colcon_meta']
[0.820s] [34mcolcon.colcon_core.package_identification[0m [1;30mLevel 1[0m _identify(ROS/src/sim_robot) by extension 'colcon_meta'
[0.820s] [34mcolcon.colcon_core.package_identification[0m [1;30mLevel 1[0m _identify(ROS/src/sim_robot) by extensions ['ros']
[0.820s] [34mcolcon.colcon_core.package_identification[0m [1;30mLevel 1[0m _identify(ROS/src/sim_robot) by extension 'ros'
[0.821s] [34mcolcon.colcon_core.package_identification[0m [1;30mDEBUG[0m [32mPackage 'ROS/src/sim_robot' with type 'ros.ament_python' and name 'sim_robot'[0m
[0.821s] [34mcolcon.colcon_core.package_identification[0m [1;30mLevel 1[0m _identify(ROS/src/venv) by extensions ['ignore', 'ignore_ament_install']
[0.822s] [34mcolcon.colcon_core.package_identification[0m [1;30mLevel 1[0m _identify(ROS/src/venv) by extension 'ignore'
[0.822s] [34mcolcon.colcon_core.package_identification[0m [1;30mLevel 1[0m _identify(ROS/src/venv) ignored
[0.822s] [34mcolcon.colcon_core.package_identification[0m [1;30mLevel 1[0m _identify(ZEDenv) by extensions ['ignore', 'ignore_ament_install']
[0.822s] [34mcolcon.colcon_core.package_identification[0m [1;30mLevel 1[0m _identify(ZEDenv) by extension 'ignore'
[0.822s] [34mcolcon.colcon_core.package_identification[0m [1;30mLevel 1[0m _identify(ZEDenv) by extension 'ignore_ament_install'
[0.822s] [34mcolcon.colcon_core.package_identification[0m [1;30mLevel 1[0m _identify(ZEDenv) by extensions ['colcon_pkg']
[0.823s] [34mcolcon.colcon_core.package_identification[0m [1;30mLevel 1[0m _identify(ZEDenv) by extension 'colcon_pkg'
[0.823s] [34mcolcon.colcon_core.package_identification[0m [1;30mLevel 1[0m _identify(ZEDenv) by extensions ['colcon_meta']
[0.823s] [34mcolcon.colcon_core.package_identification[0m [1;30mLevel 1[0m _identify(ZEDenv) by extension 'colcon_meta'
[0.823s] [34mcolcon.colcon_core.package_identification[0m [1;30mLevel 1[0m _identify(ZEDenv) by extensions ['ros']
[0.823s] [34mcolcon.colcon_core.package_identification[0m [1;30mLevel 1[0m _identify(ZEDenv) by extension 'ros'
[0.823s] [34mcolcon.colcon_core.package_identification[0m [1;30mLevel 1[0m _identify(ZEDenv) by extensions ['cmake', 'python']
[0.823s] [34mcolcon.colcon_core.package_identification[0m [1;30mLevel 1[0m _identify(ZEDenv) by extension 'cmake'
[0.823s] [34mcolcon.colcon_core.package_identification[0m [1;30mLevel 1[0m _identify(ZEDenv) by extension 'python'
[0.823s] [34mcolcon.colcon_core.package_identification[0m [1;30mLevel 1[0m _identify(ZEDenv) by extensions ['python_setup_py']
[0.823s] [34mcolcon.colcon_core.package_identification[0m [1;30mLevel 1[0m _identify(ZEDenv) by extension 'python_setup_py'
[0.824s] [34mcolcon.colcon_core.package_identification[0m [1;30mLevel 1[0m _identify(ZEDenv/ogl_viewer) by extensions ['ignore', 'ignore_ament_install']
[0.824s] [34mcolcon.colcon_core.package_identification[0m [1;30mLevel 1[0m _identify(ZEDenv/ogl_viewer) by extension 'ignore'
[0.824s] [34mcolcon.colcon_core.package_identification[0m [1;30mLevel 1[0m _identify(ZEDenv/ogl_viewer) by extension 'ignore_ament_install'
[0.824s] [34mcolcon.colcon_core.package_identification[0m [1;30mLevel 1[0m _identify(ZEDenv/ogl_viewer) by extensions ['colcon_pkg']
[0.824s] [34mcolcon.colcon_core.package_identification[0m [1;30mLevel 1[0m _identify(ZEDenv/ogl_viewer) by extension 'colcon_pkg'
[0.824s] [34mcolcon.colcon_core.package_identification[0m [1;30mLevel 1[0m _identify(ZEDenv/ogl_viewer) by extensions ['colcon_meta']
[0.824s] [34mcolcon.colcon_core.package_identification[0m [1;30mLevel 1[0m _identify(ZEDenv/ogl_viewer) by extension 'colcon_meta'
[0.824s] [34mcolcon.colcon_core.package_identification[0m [1;30mLevel 1[0m _identify(ZEDenv/ogl_viewer) by extensions ['ros']
[0.824s] [34mcolcon.colcon_core.package_identification[0m [1;30mLevel 1[0m _identify(ZEDenv/ogl_viewer) by extension 'ros'
[0.824s] [34mcolcon.colcon_core.package_identification[0m [1;30mLevel 1[0m _identify(ZEDenv/ogl_viewer) by extensions ['cmake', 'python']
[0.825s] [34mcolcon.colcon_core.package_identification[0m [1;30mLevel 1[0m _identify(ZEDenv/ogl_viewer) by extension 'cmake'
[0.825s] [34mcolcon.colcon_core.package_identification[0m [1;30mLevel 1[0m _identify(ZEDenv/ogl_viewer) by extension 'python'
[0.825s] [34mcolcon.colcon_core.package_identification[0m [1;30mLevel 1[0m _identify(ZEDenv/ogl_viewer) by extensions ['python_setup_py']
[0.825s] [34mcolcon.colcon_core.package_identification[0m [1;30mLevel 1[0m _identify(ZEDenv/ogl_viewer) by extension 'python_setup_py'
[0.825s] [34mcolcon.colcon_core.package_identification[0m [1;30mLevel 1[0m _identify(ZEDenv/zenv) by extensions ['ignore', 'ignore_ament_install']
[0.825s] [34mcolcon.colcon_core.package_identification[0m [1;30mLevel 1[0m _identify(ZEDenv/zenv) by extension 'ignore'
[0.825s] [34mcolcon.colcon_core.package_identification[0m [1;30mLevel 1[0m _identify(ZEDenv/zenv) by extension 'ignore_ament_install'
[0.825s] [34mcolcon.colcon_core.package_identification[0m [1;30mLevel 1[0m _identify(ZEDenv/zenv) by extensions ['colcon_pkg']
[0.825s] [34mcolcon.colcon_core.package_identification[0m [1;30mLevel 1[0m _identify(ZEDenv/zenv) by extension 'colcon_pkg'
[0.826s] [34mcolcon.colcon_core.package_identification[0m [1;30mLevel 1[0m _identify(ZEDenv/zenv) by extensions ['colcon_meta']
[0.826s] [34mcolcon.colcon_core.package_identification[0m [1;30mLevel 1[0m _identify(ZEDenv/zenv) by extension 'colcon_meta'
[0.826s] [34mcolcon.colcon_core.package_identification[0m [1;30mLevel 1[0m _identify(ZEDenv/zenv) by extensions ['ros']
[0.826s] [34mcolcon.colcon_core.package_identification[0m [1;30mLevel 1[0m _identify(ZEDenv/zenv) by extension 'ros'
[0.826s] [34mcolcon.colcon_core.package_identification[0m [1;30mLevel 1[0m _identify(ZEDenv/zenv) by extensions ['cmake', 'python']
[0.826s] [34mcolcon.colcon_core.package_identification[0m [1;30mLevel 1[0m _identify(ZEDenv/zenv) by extension 'cmake'
[0.826s] [34mcolcon.colcon_core.package_identification[0m [1;30mLevel 1[0m _identify(ZEDenv/zenv) by extension 'python'
[0.826s] [34mcolcon.colcon_core.package_identification[0m [1;30mLevel 1[0m _identify(ZEDenv/zenv) by extensions ['python_setup_py']
[0.826s] [34mcolcon.colcon_core.package_identification[0m [1;30mLevel 1[0m _identify(ZEDenv/zenv) by extension 'python_setup_py'
[0.827s] [34mcolcon.colcon_core.package_identification[0m [1;30mLevel 1[0m _identify(ZEDenv/zenv/bin) by extensions ['ignore', 'ignore_ament_install']
[0.827s] [34mcolcon.colcon_core.package_identification[0m [1;30mLevel 1[0m _identify(ZEDenv/zenv/bin) by extension 'ignore'
[0.827s] [34mcolcon.colcon_core.package_identification[0m [1;30mLevel 1[0m _identify(ZEDenv/zenv/bin) by extension 'ignore_ament_install'
[0.827s] [34mcolcon.colcon_core.package_identification[0m [1;30mLevel 1[0m _identify(ZEDenv/zenv/bin) by extensions ['colcon_pkg']
[0.827s] [34mcolcon.colcon_core.package_identification[0m [1;30mLevel 1[0m _identify(ZEDenv/zenv/bin) by extension 'colcon_pkg'
[0.827s] [34mcolcon.colcon_core.package_identification[0m [1;30mLevel 1[0m _identify(ZEDenv/zenv/bin) by extensions ['colcon_meta']
[0.827s] [34mcolcon.colcon_core.package_identification[0m [1;30mLevel 1[0m _identify(ZEDenv/zenv/bin) by extension 'colcon_meta'
[0.827s] [34mcolcon.colcon_core.package_identification[0m [1;30mLevel 1[0m _identify(ZEDenv/zenv/bin) by extensions ['ros']
[0.827s] [34mcolcon.colcon_core.package_identification[0m [1;30mLevel 1[0m _identify(ZEDenv/zenv/bin) by extension 'ros'
[0.828s] [34mcolcon.colcon_core.package_identification[0m [1;30mLevel 1[0m _identify(ZEDenv/zenv/bin) by extensions ['cmake', 'python']
[0.828s] [34mcolcon.colcon_core.package_identification[0m [1;30mLevel 1[0m _identify(ZEDenv/zenv/bin) by extension 'cmake'
[0.828s] [34mcolcon.colcon_core.package_identification[0m [1;30mLevel 1[0m _identify(ZEDenv/zenv/bin) by extension 'python'
[0.828s] [34mcolcon.colcon_core.package_identification[0m [1;30mLevel 1[0m _identify(ZEDenv/zenv/bin) by extensions ['python_setup_py']
[0.828s] [34mcolcon.colcon_core.package_identification[0m [1;30mLevel 1[0m _identify(ZEDenv/zenv/bin) by extension 'python_setup_py'
[0.828s] [34mcolcon.colcon_core.package_identification[0m [1;30mLevel 1[0m _identify(__pycache__) by extensions ['ignore', 'ignore_ament_install']
[0.828s] [34mcolcon.colcon_core.package_identification[0m [1;30mLevel 1[0m _identify(__pycache__) by extension 'ignore'
[0.828s] [34mcolcon.colcon_core.package_identification[0m [1;30mLevel 1[0m _identify(__pycache__) by extension 'ignore_ament_install'
[0.828s] [34mcolcon.colcon_core.package_identification[0m [1;30mLevel 1[0m _identify(__pycache__) by extensions ['colcon_pkg']
[0.828s] [34mcolcon.colcon_core.package_identification[0m [1;30mLevel 1[0m _identify(__pycache__) by extension 'colcon_pkg'
[0.829s] [34mcolcon.colcon_core.package_identification[0m [1;30mLevel 1[0m _identify(__pycache__) by extensions ['colcon_meta']
[0.829s] [34mcolcon.colcon_core.package_identification[0m [1;30mLevel 1[0m _identify(__pycache__) by extension 'colcon_meta'
[0.829s] [34mcolcon.colcon_core.package_identification[0m [1;30mLevel 1[0m _identify(__pycache__) by extensions ['ros']
[0.829s] [34mcolcon.colcon_core.package_identification[0m [1;30mLevel 1[0m _identify(__pycache__) by extension 'ros'
[0.829s] [34mcolcon.colcon_core.package_identification[0m [1;30mLevel 1[0m _identify(__pycache__) by extensions ['cmake', 'python']
[0.829s] [34mcolcon.colcon_core.package_identification[0m [1;30mLevel 1[0m _identify(__pycache__) by extension 'cmake'
[0.829s] [34mcolcon.colcon_core.package_identification[0m [1;30mLevel 1[0m _identify(__pycache__) by extension 'python'
[0.829s] [34mcolcon.colcon_core.package_identification[0m [1;30mLevel 1[0m _identify(__pycache__) by extensions ['python_setup_py']
[0.829s] [34mcolcon.colcon_core.package_identification[0m [1;30mLevel 1[0m _identify(__pycache__) by extension 'python_setup_py'
[0.829s] [34mcolcon.colcon_core.package_identification[0m [1;30mLevel 1[0m _identify(build) by extensions ['ignore', 'ignore_ament_install']
[0.830s] [34mcolcon.colcon_core.package_identification[0m [1;30mLevel 1[0m _identify(build) by extension 'ignore'
[0.830s] [34mcolcon.colcon_core.package_identification[0m [1;30mLevel 1[0m _identify(build) ignored
[0.830s] [34mcolcon.colcon_core.package_identification[0m [1;30mLevel 1[0m _identify(cavegeneration) by extensions ['ignore', 'ignore_ament_install']
[0.830s] [34mcolcon.colcon_core.package_identification[0m [1;30mLevel 1[0m _identify(cavegeneration) by extension 'ignore'
[0.830s] [34mcolcon.colcon_core.package_identification[0m [1;30mLevel 1[0m _identify(cavegeneration) by extension 'ignore_ament_install'
[0.830s] [34mcolcon.colcon_core.package_identification[0m [1;30mLevel 1[0m _identify(cavegeneration) by extensions ['colcon_pkg']
[0.831s] [34mcolcon.colcon_core.package_identification[0m [1;30mLevel 1[0m _identify(cavegeneration) by extension 'colcon_pkg'
[0.831s] [34mcolcon.colcon_core.package_identification[0m [1;30mLevel 1[0m _identify(cavegeneration) by extensions ['colcon_meta']
[0.831s] [34mcolcon.colcon_core.package_identification[0m [1;30mLevel 1[0m _identify(cavegeneration) by extension 'colcon_meta'
[0.831s] [34mcolcon.colcon_core.package_identification[0m [1;30mLevel 1[0m _identify(cavegeneration) by extensions ['ros']
[0.831s] [34mcolcon.colcon_core.package_identification[0m [1;30mLevel 1[0m _identify(cavegeneration) by extension 'ros'
[0.831s] [34mcolcon.colcon_core.package_identification[0m [1;30mLevel 1[0m _identify(cavegeneration) by extensions ['cmake', 'python']
[0.831s] [34mcolcon.colcon_core.package_identification[0m [1;30mLevel 1[0m _identify(cavegeneration) by extension 'cmake'
[0.831s] [34mcolcon.colcon_core.package_identification[0m [1;30mLevel 1[0m _identify(cavegeneration) by extension 'python'
[0.831s] [34mcolcon.colcon_core.package_identification[0m [1;30mLevel 1[0m _identify(cavegeneration) by extensions ['python_setup_py']
[0.831s] [34mcolcon.colcon_core.package_identification[0m [1;30mLevel 1[0m _identify(cavegeneration) by extension 'python_setup_py'
[0.831s] [34mcolcon.colcon_core.package_identification[0m [1;30mLevel 1[0m _identify(data) by extensions ['ignore', 'ignore_ament_install']
[0.832s] [34mcolcon.colcon_core.package_identification[0m [1;30mLevel 1[0m _identify(data) by extension 'ignore'
[0.832s] [34mcolcon.colcon_core.package_identification[0m [1;30mLevel 1[0m _identify(data) by extension 'ignore_ament_install'
[0.832s] [34mcolcon.colcon_core.package_identification[0m [1;30mLevel 1[0m _identify(data) by extensions ['colcon_pkg']
[0.832s] [34mcolcon.colcon_core.package_identification[0m [1;30mLevel 1[0m _identify(data) by extension 'colcon_pkg'
[0.832s] [34mcolcon.colcon_core.package_identification[0m [1;30mLevel 1[0m _identify(data) by extensions ['colcon_meta']
[0.832s] [34mcolcon.colcon_core.package_identification[0m [1;30mLevel 1[0m _identify(data) by extension 'colcon_meta'
[0.832s] [34mcolcon.colcon_core.package_identification[0m [1;30mLevel 1[0m _identify(data) by extensions ['ros']
[0.832s] [34mcolcon.colcon_core.package_identification[0m [1;30mLevel 1[0m _identify(data) by extension 'ros'
[0.833s] [34mcolcon.colcon_core.package_identification[0m [1;30mLevel 1[0m _identify(data) by extensions ['cmake', 'python']
[0.833s] [34mcolcon.colcon_core.package_identification[0m [1;30mLevel 1[0m _identify(data) by extension 'cmake'
[0.833s] [34mcolcon.colcon_core.package_identification[0m [1;30mLevel 1[0m _identify(data) by extension 'python'
[0.833s] [34mcolcon.colcon_core.package_identification[0m [1;30mLevel 1[0m _identify(data) by extensions ['python_setup_py']
[0.833s] [34mcolcon.colcon_core.package_identification[0m [1;30mLevel 1[0m _identify(data) by extension 'python_setup_py'
[0.833s] [34mcolcon.colcon_core.package_identification[0m [1;30mLevel 1[0m _identify(experiment) by extensions ['ignore', 'ignore_ament_install']
[0.833s] [34mcolcon.colcon_core.package_identification[0m [1;30mLevel 1[0m _identify(experiment) by extension 'ignore'
[0.833s] [34mcolcon.colcon_core.package_identification[0m [1;30mLevel 1[0m _identify(experiment) by extension 'ignore_ament_install'
[0.834s] [34mcolcon.colcon_core.package_identification[0m [1;30mLevel 1[0m _identify(experiment) by extensions ['colcon_pkg']
[0.834s] [34mcolcon.colcon_core.package_identification[0m [1;30mLevel 1[0m _identify(experiment) by extension 'colcon_pkg'
[0.834s] [34mcolcon.colcon_core.package_identification[0m [1;30mLevel 1[0m _identify(experiment) by extensions ['colcon_meta']
[0.834s] [34mcolcon.colcon_core.package_identification[0m [1;30mLevel 1[0m _identify(experiment) by extension 'colcon_meta'
[0.834s] [34mcolcon.colcon_core.package_identification[0m [1;30mLevel 1[0m _identify(experiment) by extensions ['ros']
[0.834s] [34mcolcon.colcon_core.package_identification[0m [1;30mLevel 1[0m _identify(experiment) by extension 'ros'
[0.834s] [34mcolcon.colcon_core.package_identification[0m [1;30mLevel 1[0m _identify(experiment) by extensions ['cmake', 'python']
[0.834s] [34mcolcon.colcon_core.package_identification[0m [1;30mLevel 1[0m _identify(experiment) by extension 'cmake'
[0.834s] [34mcolcon.colcon_core.package_identification[0m [1;30mLevel 1[0m _identify(experiment) by extension 'python'
[0.835s] [34mcolcon.colcon_core.package_identification[0m [1;30mLevel 1[0m _identify(experiment) by extensions ['python_setup_py']
[0.835s] [34mcolcon.colcon_core.package_identification[0m [1;30mLevel 1[0m _identify(experiment) by extension 'python_setup_py'
[0.835s] [34mcolcon.colcon_core.package_identification[0m [1;30mLevel 1[0m _identify(experiment/run1) by extensions ['ignore', 'ignore_ament_install']
[0.835s] [34mcolcon.colcon_core.package_identification[0m [1;30mLevel 1[0m _identify(experiment/run1) by extension 'ignore'
[0.835s] [34mcolcon.colcon_core.package_identification[0m [1;30mLevel 1[0m _identify(experiment/run1) by extension 'ignore_ament_install'
[0.835s] [34mcolcon.colcon_core.package_identification[0m [1;30mLevel 1[0m _identify(experiment/run1) by extensions ['colcon_pkg']
[0.835s] [34mcolcon.colcon_core.package_identification[0m [1;30mLevel 1[0m _identify(experiment/run1) by extension 'colcon_pkg'
[0.835s] [34mcolcon.colcon_core.package_identification[0m [1;30mLevel 1[0m _identify(experiment/run1) by extensions ['colcon_meta']
[0.836s] [34mcolcon.colcon_core.package_identification[0m [1;30mLevel 1[0m _identify(experiment/run1) by extension 'colcon_meta'
[0.836s] [34mcolcon.colcon_core.package_identification[0m [1;30mLevel 1[0m _identify(experiment/run1) by extensions ['ros']
[0.836s] [34mcolcon.colcon_core.package_identification[0m [1;30mLevel 1[0m _identify(experiment/run1) by extension 'ros'
[0.836s] [34mcolcon.colcon_core.package_identification[0m [1;30mLevel 1[0m _identify(experiment/run1) by extensions ['cmake', 'python']
[0.836s] [34mcolcon.colcon_core.package_identification[0m [1;30mLevel 1[0m _identify(experiment/run1) by extension 'cmake'
[0.836s] [34mcolcon.colcon_core.package_identification[0m [1;30mLevel 1[0m _identify(experiment/run1) by extension 'python'
[0.836s] [34mcolcon.colcon_core.package_identification[0m [1;30mLevel 1[0m _identify(experiment/run1) by extensions ['python_setup_py']
[0.836s] [34mcolcon.colcon_core.package_identification[0m [1;30mLevel 1[0m _identify(experiment/run1) by extension 'python_setup_py'
[0.837s] [34mcolcon.colcon_core.package_identification[0m [1;30mLevel 1[0m _identify(experiment/run2) by extensions ['ignore', 'ignore_ament_install']
[0.837s] [34mcolcon.colcon_core.package_identification[0m [1;30mLevel 1[0m _identify(experiment/run2) by extension 'ignore'
[0.837s] [34mcolcon.colcon_core.package_identification[0m [1;30mLevel 1[0m _identify(experiment/run2) by extension 'ignore_ament_install'
[0.837s] [34mcolcon.colcon_core.package_identification[0m [1;30mLevel 1[0m _identify(experiment/run2) by extensions ['colcon_pkg']
[0.837s] [34mcolcon.colcon_core.package_identification[0m [1;30mLevel 1[0m _identify(experiment/run2) by extension 'colcon_pkg'
[0.837s] [34mcolcon.colcon_core.package_identification[0m [1;30mLevel 1[0m _identify(experiment/run2) by extensions ['colcon_meta']
[0.837s] [34mcolcon.colcon_core.package_identification[0m [1;30mLevel 1[0m _identify(experiment/run2) by extension 'colcon_meta'
[0.837s] [34mcolcon.colcon_core.package_identification[0m [1;30mLevel 1[0m _identify(experiment/run2) by extensions ['ros']
[0.838s] [34mcolcon.colcon_core.package_identification[0m [1;30mLevel 1[0m _identify(experiment/run2) by extension 'ros'
[0.838s] [34mcolcon.colcon_core.package_identification[0m [1;30mLevel 1[0m _identify(experiment/run2) by extensions ['cmake', 'python']
[0.838s] [34mcolcon.colcon_core.package_identification[0m [1;30mLevel 1[0m _identify(experiment/run2) by extension 'cmake'
[0.838s] [34mcolcon.colcon_core.package_identification[0m [1;30mLevel 1[0m _identify(experiment/run2) by extension 'python'
[0.838s] [34mcolcon.colcon_core.package_identification[0m [1;30mLevel 1[0m _identify(experiment/run2) by extensions ['python_setup_py']
[0.838s] [34mcolcon.colcon_core.package_identification[0m [1;30mLevel 1[0m _identify(experiment/run2) by extension 'python_setup_py'
[0.838s] [34mcolcon.colcon_core.package_identification[0m [1;30mLevel 1[0m _identify(experiment/run3) by extensions ['ignore', 'ignore_ament_install']
[0.839s] [34mcolcon.colcon_core.package_identification[0m [1;30mLevel 1[0m _identify(experiment/run3) by extension 'ignore'
[0.839s] [34mcolcon.colcon_core.package_identification[0m [1;30mLevel 1[0m _identify(experiment/run3) by extension 'ignore_ament_install'
[0.839s] [34mcolcon.colcon_core.package_identification[0m [1;30mLevel 1[0m _identify(experiment/run3) by extensions ['colcon_pkg']
[0.839s] [34mcolcon.colcon_core.package_identification[0m [1;30mLevel 1[0m _identify(experiment/run3) by extension 'colcon_pkg'
[0.839s] [34mcolcon.colcon_core.package_identification[0m [1;30mLevel 1[0m _identify(experiment/run3) by extensions ['colcon_meta']
[0.839s] [34mcolcon.colcon_core.package_identification[0m [1;30mLevel 1[0m _identify(experiment/run3) by extension 'colcon_meta'
[0.839s] [34mcolcon.colcon_core.package_identification[0m [1;30mLevel 1[0m _identify(experiment/run3) by extensions ['ros']
[0.839s] [34mcolcon.colcon_core.package_identification[0m [1;30mLevel 1[0m _identify(experiment/run3) by extension 'ros'
[0.839s] [34mcolcon.colcon_core.package_identification[0m [1;30mLevel 1[0m _identify(experiment/run3) by extensions ['cmake', 'python']
[0.839s] [34mcolcon.colcon_core.package_identification[0m [1;30mLevel 1[0m _identify(experiment/run3) by extension 'cmake'
[0.840s] [34mcolcon.colcon_core.package_identification[0m [1;30mLevel 1[0m _identify(experiment/run3) by extension 'python'
[0.840s] [34mcolcon.colcon_core.package_identification[0m [1;30mLevel 1[0m _identify(experiment/run3) by extensions ['python_setup_py']
[0.840s] [34mcolcon.colcon_core.package_identification[0m [1;30mLevel 1[0m _identify(experiment/run3) by extension 'python_setup_py'
[0.840s] [34mcolcon.colcon_core.package_identification[0m [1;30mLevel 1[0m _identify(experiment/run4) by extensions ['ignore', 'ignore_ament_install']
[0.840s] [34mcolcon.colcon_core.package_identification[0m [1;30mLevel 1[0m _identify(experiment/run4) by extension 'ignore'
[0.840s] [34mcolcon.colcon_core.package_identification[0m [1;30mLevel 1[0m _identify(experiment/run4) by extension 'ignore_ament_install'
[0.840s] [34mcolcon.colcon_core.package_identification[0m [1;30mLevel 1[0m _identify(experiment/run4) by extensions ['colcon_pkg']
[0.840s] [34mcolcon.colcon_core.package_identification[0m [1;30mLevel 1[0m _identify(experiment/run4) by extension 'colcon_pkg'
[0.841s] [34mcolcon.colcon_core.package_identification[0m [1;30mLevel 1[0m _identify(experiment/run4) by extensions ['colcon_meta']
[0.841s] [34mcolcon.colcon_core.package_identification[0m [1;30mLevel 1[0m _identify(experiment/run4) by extension 'colcon_meta'
[0.841s] [34mcolcon.colcon_core.package_identification[0m [1;30mLevel 1[0m _identify(experiment/run4) by extensions ['ros']
[0.841s] [34mcolcon.colcon_core.package_identification[0m [1;30mLevel 1[0m _identify(experiment/run4) by extension 'ros'
[0.841s] [34mcolcon.colcon_core.package_identification[0m [1;30mLevel 1[0m _identify(experiment/run4) by extensions ['cmake', 'python']
[0.841s] [34mcolcon.colcon_core.package_identification[0m [1;30mLevel 1[0m _identify(experiment/run4) by extension 'cmake'
[0.841s] [34mcolcon.colcon_core.package_identification[0m [1;30mLevel 1[0m _identify(experiment/run4) by extension 'python'
[0.841s] [34mcolcon.colcon_core.package_identification[0m [1;30mLevel 1[0m _identify(experiment/run4) by extensions ['python_setup_py']
[0.841s] [34mcolcon.colcon_core.package_identification[0m [1;30mLevel 1[0m _identify(experiment/run4) by extension 'python_setup_py'
[0.841s] [34mcolcon.colcon_core.package_identification[0m [1;30mLevel 1[0m _identify(experiment/run5) by extensions ['ignore', 'ignore_ament_install']
[0.841s] [34mcolcon.colcon_core.package_identification[0m [1;30mLevel 1[0m _identify(experiment/run5) by extension 'ignore'
[0.842s] [34mcolcon.colcon_core.package_identification[0m [1;30mLevel 1[0m _identify(experiment/run5) by extension 'ignore_ament_install'
[0.842s] [34mcolcon.colcon_core.package_identification[0m [1;30mLevel 1[0m _identify(experiment/run5) by extensions ['colcon_pkg']
[0.842s] [34mcolcon.colcon_core.package_identification[0m [1;30mLevel 1[0m _identify(experiment/run5) by extension 'colcon_pkg'
[0.842s] [34mcolcon.colcon_core.package_identification[0m [1;30mLevel 1[0m _identify(experiment/run5) by extensions ['colcon_meta']
[0.842s] [34mcolcon.colcon_core.package_identification[0m [1;30mLevel 1[0m _identify(experiment/run5) by extension 'colcon_meta'
[0.842s] [34mcolcon.colcon_core.package_identification[0m [1;30mLevel 1[0m _identify(experiment/run5) by extensions ['ros']
[0.842s] [34mcolcon.colcon_core.package_identification[0m [1;30mLevel 1[0m _identify(experiment/run5) by extension 'ros'
[0.842s] [34mcolcon.colcon_core.package_identification[0m [1;30mLevel 1[0m _identify(experiment/run5) by extensions ['cmake', 'python']
[0.842s] [34mcolcon.colcon_core.package_identification[0m [1;30mLevel 1[0m _identify(experiment/run5) by extension 'cmake'
[0.843s] [34mcolcon.colcon_core.package_identification[0m [1;30mLevel 1[0m _identify(experiment/run5) by extension 'python'
[0.843s] [34mcolcon.colcon_core.package_identification[0m [1;30mLevel 1[0m _identify(experiment/run5) by extensions ['python_setup_py']
[0.843s] [34mcolcon.colcon_core.package_identification[0m [1;30mLevel 1[0m _identify(experiment/run5) by extension 'python_setup_py'
[0.843s] [34mcolcon.colcon_core.package_identification[0m [1;30mLevel 1[0m _identify(gz_ros2_control) by extensions ['ignore', 'ignore_ament_install']
[0.843s] [34mcolcon.colcon_core.package_identification[0m [1;30mLevel 1[0m _identify(gz_ros2_control) by extension 'ignore'
[0.843s] [34mcolcon.colcon_core.package_identification[0m [1;30mLevel 1[0m _identify(gz_ros2_control) by extension 'ignore_ament_install'
[0.843s] [34mcolcon.colcon_core.package_identification[0m [1;30mLevel 1[0m _identify(gz_ros2_control) by extensions ['colcon_pkg']
[0.843s] [34mcolcon.colcon_core.package_identification[0m [1;30mLevel 1[0m _identify(gz_ros2_control) by extension 'colcon_pkg'
[0.844s] [34mcolcon.colcon_core.package_identification[0m [1;30mLevel 1[0m _identify(gz_ros2_control) by extensions ['colcon_meta']
[0.844s] [34mcolcon.colcon_core.package_identification[0m [1;30mLevel 1[0m _identify(gz_ros2_control) by extension 'colcon_meta'
[0.844s] [34mcolcon.colcon_core.package_identification[0m [1;30mLevel 1[0m _identify(gz_ros2_control) by extensions ['ros']
[0.844s] [34mcolcon.colcon_core.package_identification[0m [1;30mLevel 1[0m _identify(gz_ros2_control) by extension 'ros'
[0.844s] [34mcolcon.colcon_core.package_identification[0m [1;30mLevel 1[0m _identify(gz_ros2_control) by extensions ['cmake', 'python']
[0.844s] [34mcolcon.colcon_core.package_identification[0m [1;30mLevel 1[0m _identify(gz_ros2_control) by extension 'cmake'
[0.844s] [34mcolcon.colcon_core.package_identification[0m [1;30mLevel 1[0m _identify(gz_ros2_control) by extension 'python'
[0.844s] [34mcolcon.colcon_core.package_identification[0m [1;30mLevel 1[0m _identify(gz_ros2_control) by extensions ['python_setup_py']
[0.844s] [34mcolcon.colcon_core.package_identification[0m [1;30mLevel 1[0m _identify(gz_ros2_control) by extension 'python_setup_py'
[0.845s] [34mcolcon.colcon_core.package_identification[0m [1;30mLevel 1[0m _identify(gz_ros2_control/Dockerfile) by extensions ['ignore', 'ignore_ament_install']
[0.845s] [34mcolcon.colcon_core.package_identification[0m [1;30mLevel 1[0m _identify(gz_ros2_control/Dockerfile) by extension 'ignore'
[0.845s] [34mcolcon.colcon_core.package_identification[0m [1;30mLevel 1[0m _identify(gz_ros2_control/Dockerfile) by extension 'ignore_ament_install'
[0.845s] [34mcolcon.colcon_core.package_identification[0m [1;30mLevel 1[0m _identify(gz_ros2_control/Dockerfile) by extensions ['colcon_pkg']
[0.845s] [34mcolcon.colcon_core.package_identification[0m [1;30mLevel 1[0m _identify(gz_ros2_control/Dockerfile) by extension 'colcon_pkg'
[0.845s] [34mcolcon.colcon_core.package_identification[0m [1;30mLevel 1[0m _identify(gz_ros2_control/Dockerfile) by extensions ['colcon_meta']
[0.845s] [34mcolcon.colcon_core.package_identification[0m [1;30mLevel 1[0m _identify(gz_ros2_control/Dockerfile) by extension 'colcon_meta'
[0.846s] [34mcolcon.colcon_core.package_identification[0m [1;30mLevel 1[0m _identify(gz_ros2_control/Dockerfile) by extensions ['ros']
[0.846s] [34mcolcon.colcon_core.package_identification[0m [1;30mLevel 1[0m _identify(gz_ros2_control/Dockerfile) by extension 'ros'
[0.846s] [34mcolcon.colcon_core.package_identification[0m [1;30mLevel 1[0m _identify(gz_ros2_control/Dockerfile) by extensions ['cmake', 'python']
[0.846s] [34mcolcon.colcon_core.package_identification[0m [1;30mLevel 1[0m _identify(gz_ros2_control/Dockerfile) by extension 'cmake'
[0.846s] [34mcolcon.colcon_core.package_identification[0m [1;30mLevel 1[0m _identify(gz_ros2_control/Dockerfile) by extension 'python'
[0.846s] [34mcolcon.colcon_core.package_identification[0m [1;30mLevel 1[0m _identify(gz_ros2_control/Dockerfile) by extensions ['python_setup_py']
[0.846s] [34mcolcon.colcon_core.package_identification[0m [1;30mLevel 1[0m _identify(gz_ros2_control/Dockerfile) by extension 'python_setup_py'
[0.846s] [34mcolcon.colcon_core.package_identification[0m [1;30mLevel 1[0m _identify(gz_ros2_control/doc) by extensions ['ignore', 'ignore_ament_install']
[0.847s] [34mcolcon.colcon_core.package_identification[0m [1;30mLevel 1[0m _identify(gz_ros2_control/doc) by extension 'ignore'
[0.847s] [34mcolcon.colcon_core.package_identification[0m [1;30mLevel 1[0m _identify(gz_ros2_control/doc) by extension 'ignore_ament_install'
[0.847s] [34mcolcon.colcon_core.package_identification[0m [1;30mLevel 1[0m _identify(gz_ros2_control/doc) by extensions ['colcon_pkg']
[0.847s] [34mcolcon.colcon_core.package_identification[0m [1;30mLevel 1[0m _identify(gz_ros2_control/doc) by extension 'colcon_pkg'
[0.847s] [34mcolcon.colcon_core.package_identification[0m [1;30mLevel 1[0m _identify(gz_ros2_control/doc) by extensions ['colcon_meta']
[0.847s] [34mcolcon.colcon_core.package_identification[0m [1;30mLevel 1[0m _identify(gz_ros2_control/doc) by extension 'colcon_meta'
[0.847s] [34mcolcon.colcon_core.package_identification[0m [1;30mLevel 1[0m _identify(gz_ros2_control/doc) by extensions ['ros']
[0.847s] [34mcolcon.colcon_core.package_identification[0m [1;30mLevel 1[0m _identify(gz_ros2_control/doc) by extension 'ros'
[0.847s] [34mcolcon.colcon_core.package_identification[0m [1;30mLevel 1[0m _identify(gz_ros2_control/doc) by extensions ['cmake', 'python']
[0.848s] [34mcolcon.colcon_core.package_identification[0m [1;30mLevel 1[0m _identify(gz_ros2_control/doc) by extension 'cmake'
[0.848s] [34mcolcon.colcon_core.package_identification[0m [1;30mLevel 1[0m _identify(gz_ros2_control/doc) by extension 'python'
[0.848s] [34mcolcon.colcon_core.package_identification[0m [1;30mLevel 1[0m _identify(gz_ros2_control/doc) by extensions ['python_setup_py']
[0.848s] [34mcolcon.colcon_core.package_identification[0m [1;30mLevel 1[0m _identify(gz_ros2_control/doc) by extension 'python_setup_py'
[0.848s] [34mcolcon.colcon_core.package_identification[0m [1;30mLevel 1[0m _identify(gz_ros2_control/doc/img) by extensions ['ignore', 'ignore_ament_install']
[0.848s] [34mcolcon.colcon_core.package_identification[0m [1;30mLevel 1[0m _identify(gz_ros2_control/doc/img) by extension 'ignore'
[0.848s] [34mcolcon.colcon_core.package_identification[0m [1;30mLevel 1[0m _identify(gz_ros2_control/doc/img) by extension 'ignore_ament_install'
[0.848s] [34mcolcon.colcon_core.package_identification[0m [1;30mLevel 1[0m _identify(gz_ros2_control/doc/img) by extensions ['colcon_pkg']
[0.849s] [34mcolcon.colcon_core.package_identification[0m [1;30mLevel 1[0m _identify(gz_ros2_control/doc/img) by extension 'colcon_pkg'
[0.849s] [34mcolcon.colcon_core.package_identification[0m [1;30mLevel 1[0m _identify(gz_ros2_control/doc/img) by extensions ['colcon_meta']
[0.849s] [34mcolcon.colcon_core.package_identification[0m [1;30mLevel 1[0m _identify(gz_ros2_control/doc/img) by extension 'colcon_meta'
[0.849s] [34mcolcon.colcon_core.package_identification[0m [1;30mLevel 1[0m _identify(gz_ros2_control/doc/img) by extensions ['ros']
[0.849s] [34mcolcon.colcon_core.package_identification[0m [1;30mLevel 1[0m _identify(gz_ros2_control/doc/img) by extension 'ros'
[0.849s] [34mcolcon.colcon_core.package_identification[0m [1;30mLevel 1[0m _identify(gz_ros2_control/doc/img) by extensions ['cmake', 'python']
[0.849s] [34mcolcon.colcon_core.package_identification[0m [1;30mLevel 1[0m _identify(gz_ros2_control/doc/img) by extension 'cmake'
[0.849s] [34mcolcon.colcon_core.package_identification[0m [1;30mLevel 1[0m _identify(gz_ros2_control/doc/img) by extension 'python'
[0.849s] [34mcolcon.colcon_core.package_identification[0m [1;30mLevel 1[0m _identify(gz_ros2_control/doc/img) by extensions ['python_setup_py']
[0.850s] [34mcolcon.colcon_core.package_identification[0m [1;30mLevel 1[0m _identify(gz_ros2_control/doc/img) by extension 'python_setup_py'
[0.850s] [34mcolcon.colcon_core.package_identification[0m [1;30mLevel 1[0m _identify(gz_ros2_control/gz_ros2_control) by extensions ['ignore', 'ignore_ament_install']
[0.850s] [34mcolcon.colcon_core.package_identification[0m [1;30mLevel 1[0m _identify(gz_ros2_control/gz_ros2_control) by extension 'ignore'
[0.850s] [34mcolcon.colcon_core.package_identification[0m [1;30mLevel 1[0m _identify(gz_ros2_control/gz_ros2_control) by extension 'ignore_ament_install'
[0.850s] [34mcolcon.colcon_core.package_identification[0m [1;30mLevel 1[0m _identify(gz_ros2_control/gz_ros2_control) by extensions ['colcon_pkg']
[0.850s] [34mcolcon.colcon_core.package_identification[0m [1;30mLevel 1[0m _identify(gz_ros2_control/gz_ros2_control) by extension 'colcon_pkg'
[0.850s] [34mcolcon.colcon_core.package_identification[0m [1;30mLevel 1[0m _identify(gz_ros2_control/gz_ros2_control) by extensions ['colcon_meta']
[0.850s] [34mcolcon.colcon_core.package_identification[0m [1;30mLevel 1[0m _identify(gz_ros2_control/gz_ros2_control) by extension 'colcon_meta'
[0.851s] [34mcolcon.colcon_core.package_identification[0m [1;30mLevel 1[0m _identify(gz_ros2_control/gz_ros2_control) by extensions ['ros']
[0.851s] [34mcolcon.colcon_core.package_identification[0m [1;30mLevel 1[0m _identify(gz_ros2_control/gz_ros2_control) by extension 'ros'
[0.866s] [34mcolcon.colcon_core.package_identification[0m [1;30mDEBUG[0m [32mPackage 'gz_ros2_control/gz_ros2_control' with type 'ros.ament_cmake' and name 'gz_ros2_control'[0m
[0.867s] [34mcolcon.colcon_core.package_identification[0m [1;30mLevel 1[0m _identify(gz_ros2_control/gz_ros2_control_demos) by extensions ['ignore', 'ignore_ament_install']
[0.867s] [34mcolcon.colcon_core.package_identification[0m [1;30mLevel 1[0m _identify(gz_ros2_control/gz_ros2_control_demos) by extension 'ignore'
[0.867s] [34mcolcon.colcon_core.package_identification[0m [1;30mLevel 1[0m _identify(gz_ros2_control/gz_ros2_control_demos) by extension 'ignore_ament_install'
[0.867s] [34mcolcon.colcon_core.package_identification[0m [1;30mLevel 1[0m _identify(gz_ros2_control/gz_ros2_control_demos) by extensions ['colcon_pkg']
[0.867s] [34mcolcon.colcon_core.package_identification[0m [1;30mLevel 1[0m _identify(gz_ros2_control/gz_ros2_control_demos) by extension 'colcon_pkg'
[0.867s] [34mcolcon.colcon_core.package_identification[0m [1;30mLevel 1[0m _identify(gz_ros2_control/gz_ros2_control_demos) by extensions ['colcon_meta']
[0.868s] [34mcolcon.colcon_core.package_identification[0m [1;30mLevel 1[0m _identify(gz_ros2_control/gz_ros2_control_demos) by extension 'colcon_meta'
[0.868s] [34mcolcon.colcon_core.package_identification[0m [1;30mLevel 1[0m _identify(gz_ros2_control/gz_ros2_control_demos) by extensions ['ros']
[0.868s] [34mcolcon.colcon_core.package_identification[0m [1;30mLevel 1[0m _identify(gz_ros2_control/gz_ros2_control_demos) by extension 'ros'
[0.875s] [34mcolcon.colcon_core.package_identification[0m [1;30mDEBUG[0m [32mPackage 'gz_ros2_control/gz_ros2_control_demos' with type 'ros.ament_cmake' and name 'gz_ros2_control_demos'[0m
[0.876s] [34mcolcon.colcon_core.package_identification[0m [1;30mLevel 1[0m _identify(gz_ros2_control/gz_ros2_control_tests) by extensions ['ignore', 'ignore_ament_install']
[0.876s] [34mcolcon.colcon_core.package_identification[0m [1;30mLevel 1[0m _identify(gz_ros2_control/gz_ros2_control_tests) by extension 'ignore'
[0.876s] [34mcolcon.colcon_core.package_identification[0m [1;30mLevel 1[0m _identify(gz_ros2_control/gz_ros2_control_tests) by extension 'ignore_ament_install'
[0.876s] [34mcolcon.colcon_core.package_identification[0m [1;30mLevel 1[0m _identify(gz_ros2_control/gz_ros2_control_tests) by extensions ['colcon_pkg']
[0.876s] [34mcolcon.colcon_core.package_identification[0m [1;30mLevel 1[0m _identify(gz_ros2_control/gz_ros2_control_tests) by extension 'colcon_pkg'
[0.876s] [34mcolcon.colcon_core.package_identification[0m [1;30mLevel 1[0m _identify(gz_ros2_control/gz_ros2_control_tests) by extensions ['colcon_meta']
[0.876s] [34mcolcon.colcon_core.package_identification[0m [1;30mLevel 1[0m _identify(gz_ros2_control/gz_ros2_control_tests) by extension 'colcon_meta'
[0.877s] [34mcolcon.colcon_core.package_identification[0m [1;30mLevel 1[0m _identify(gz_ros2_control/gz_ros2_control_tests) by extensions ['ros']
[0.877s] [34mcolcon.colcon_core.package_identification[0m [1;30mLevel 1[0m _identify(gz_ros2_control/gz_ros2_control_tests) by extension 'ros'
[0.878s] [34mcolcon.colcon_core.package_identification[0m [1;30mDEBUG[0m [32mPackage 'gz_ros2_control/gz_ros2_control_tests' with type 'ros.ament_cmake' and name 'gz_ros2_control_tests'[0m
[0.878s] [34mcolcon.colcon_core.package_identification[0m [1;30mLevel 1[0m _identify(gz_ros2_control/ign_ros2_control) by extensions ['ignore', 'ignore_ament_install']
[0.878s] [34mcolcon.colcon_core.package_identification[0m [1;30mLevel 1[0m _identify(gz_ros2_control/ign_ros2_control) by extension 'ignore'
[0.878s] [34mcolcon.colcon_core.package_identification[0m [1;30mLevel 1[0m _identify(gz_ros2_control/ign_ros2_control) by extension 'ignore_ament_install'
[0.879s] [34mcolcon.colcon_core.package_identification[0m [1;30mLevel 1[0m _identify(gz_ros2_control/ign_ros2_control) by extensions ['colcon_pkg']
[0.879s] [34mcolcon.colcon_core.package_identification[0m [1;30mLevel 1[0m _identify(gz_ros2_control/ign_ros2_control) by extension 'colcon_pkg'
[0.879s] [34mcolcon.colcon_core.package_identification[0m [1;30mLevel 1[0m _identify(gz_ros2_control/ign_ros2_control) by extensions ['colcon_meta']
[0.879s] [34mcolcon.colcon_core.package_identification[0m [1;30mLevel 1[0m _identify(gz_ros2_control/ign_ros2_control) by extension 'colcon_meta'
[0.879s] [34mcolcon.colcon_core.package_identification[0m [1;30mLevel 1[0m _identify(gz_ros2_control/ign_ros2_control) by extensions ['ros']
[0.879s] [34mcolcon.colcon_core.package_identification[0m [1;30mLevel 1[0m _identify(gz_ros2_control/ign_ros2_control) by extension 'ros'
[0.880s] [34mcolcon.colcon_core.package_identification[0m [1;30mDEBUG[0m [32mPackage 'gz_ros2_control/ign_ros2_control' with type 'ros.ament_cmake' and name 'ign_ros2_control'[0m
[0.881s] [34mcolcon.colcon_core.package_identification[0m [1;30mLevel 1[0m _identify(gz_ros2_control/ign_ros2_control_demos) by extensions ['ignore', 'ignore_ament_install']
[0.881s] [34mcolcon.colcon_core.package_identification[0m [1;30mLevel 1[0m _identify(gz_ros2_control/ign_ros2_control_demos) by extension 'ignore'
[0.881s] [34mcolcon.colcon_core.package_identification[0m [1;30mLevel 1[0m _identify(gz_ros2_control/ign_ros2_control_demos) by extension 'ignore_ament_install'
[0.881s] [34mcolcon.colcon_core.package_identification[0m [1;30mLevel 1[0m _identify(gz_ros2_control/ign_ros2_control_demos) by extensions ['colcon_pkg']
[0.881s] [34mcolcon.colcon_core.package_identification[0m [1;30mLevel 1[0m _identify(gz_ros2_control/ign_ros2_control_demos) by extension 'colcon_pkg'
[0.881s] [34mcolcon.colcon_core.package_identification[0m [1;30mLevel 1[0m _identify(gz_ros2_control/ign_ros2_control_demos) by extensions ['colcon_meta']
[0.881s] [34mcolcon.colcon_core.package_identification[0m [1;30mLevel 1[0m _identify(gz_ros2_control/ign_ros2_control_demos) by extension 'colcon_meta'
[0.881s] [34mcolcon.colcon_core.package_identification[0m [1;30mLevel 1[0m _identify(gz_ros2_control/ign_ros2_control_demos) by extensions ['ros']
[0.881s] [34mcolcon.colcon_core.package_identification[0m [1;30mLevel 1[0m _identify(gz_ros2_control/ign_ros2_control_demos) by extension 'ros'
[0.883s] [34mcolcon.colcon_core.package_identification[0m [1;30mDEBUG[0m [32mPackage 'gz_ros2_control/ign_ros2_control_demos' with type 'ros.ament_cmake' and name 'ign_ros2_control_demos'[0m
[0.883s] [34mcolcon.colcon_core.package_identification[0m [1;30mLevel 1[0m _identify(install) by extensions ['ignore', 'ignore_ament_install']
[0.883s] [34mcolcon.colcon_core.package_identification[0m [1;30mLevel 1[0m _identify(install) by extension 'ignore'
[0.883s] [34mcolcon.colcon_core.package_identification[0m [1;30mLevel 1[0m _identify(install) ignored
[0.884s] [34mcolcon.colcon_core.package_identification[0m [1;30mLevel 1[0m _identify(kinematicGait) by extensions ['ignore', 'ignore_ament_install']
[0.884s] [34mcolcon.colcon_core.package_identification[0m [1;30mLevel 1[0m _identify(kinematicGait) by extension 'ignore'
[0.884s] [34mcolcon.colcon_core.package_identification[0m [1;30mLevel 1[0m _identify(kinematicGait) by extension 'ignore_ament_install'
[0.884s] [34mcolcon.colcon_core.package_identification[0m [1;30mLevel 1[0m _identify(kinematicGait) by extensions ['colcon_pkg']
[0.884s] [34mcolcon.colcon_core.package_identification[0m [1;30mLevel 1[0m _identify(kinematicGait) by extension 'colcon_pkg'
[0.884s] [34mcolcon.colcon_core.package_identification[0m [1;30mLevel 1[0m _identify(kinematicGait) by extensions ['colcon_meta']
[0.884s] [34mcolcon.colcon_core.package_identification[0m [1;30mLevel 1[0m _identify(kinematicGait) by extension 'colcon_meta'
[0.884s] [34mcolcon.colcon_core.package_identification[0m [1;30mLevel 1[0m _identify(kinematicGait) by extensions ['ros']
[0.884s] [34mcolcon.colcon_core.package_identification[0m [1;30mLevel 1[0m _identify(kinematicGait) by extension 'ros'
[0.885s] [34mcolcon.colcon_core.package_identification[0m [1;30mLevel 1[0m _identify(kinematicGait) by extensions ['cmake', 'python']
[0.885s] [34mcolcon.colcon_core.package_identification[0m [1;30mLevel 1[0m _identify(kinematicGait) by extension 'cmake'
[0.885s] [34mcolcon.colcon_core.package_identification[0m [1;30mLevel 1[0m _identify(kinematicGait) by extension 'python'
[0.885s] [34mcolcon.colcon_core.package_identification[0m [1;30mLevel 1[0m _identify(kinematicGait) by extensions ['python_setup_py']
[0.885s] [34mcolcon.colcon_core.package_identification[0m [1;30mLevel 1[0m _identify(kinematicGait) by extension 'python_setup_py'
[0.885s] [34mcolcon.colcon_core.package_identification[0m [1;30mLevel 1[0m _identify(log) by extensions ['ignore', 'ignore_ament_install']
[0.885s] [34mcolcon.colcon_core.package_identification[0m [1;30mLevel 1[0m _identify(log) by extension 'ignore'
[0.885s] [34mcolcon.colcon_core.package_identification[0m [1;30mLevel 1[0m _identify(log) ignored
[0.886s] [34mcolcon.colcon_core.package_identification[0m [1;30mLevel 1[0m _identify(mujoco_expei) by extensions ['ignore', 'ignore_ament_install']
[0.886s] [34mcolcon.colcon_core.package_identification[0m [1;30mLevel 1[0m _identify(mujoco_expei) by extension 'ignore'
[0.886s] [34mcolcon.colcon_core.package_identification[0m [1;30mLevel 1[0m _identify(mujoco_expei) by extension 'ignore_ament_install'
[0.886s] [34mcolcon.colcon_core.package_identification[0m [1;30mLevel 1[0m _identify(mujoco_expei) by extensions ['colcon_pkg']
[0.886s] [34mcolcon.colcon_core.package_identification[0m [1;30mLevel 1[0m _identify(mujoco_expei) by extension 'colcon_pkg'
[0.886s] [34mcolcon.colcon_core.package_identification[0m [1;30mLevel 1[0m _identify(mujoco_expei) by extensions ['colcon_meta']
[0.886s] [34mcolcon.colcon_core.package_identification[0m [1;30mLevel 1[0m _identify(mujoco_expei) by extension 'colcon_meta'
[0.886s] [34mcolcon.colcon_core.package_identification[0m [1;30mLevel 1[0m _identify(mujoco_expei) by extensions ['ros']
[0.886s] [34mcolcon.colcon_core.package_identification[0m [1;30mLevel 1[0m _identify(mujoco_expei) by extension 'ros'
[0.887s] [34mcolcon.colcon_core.package_identification[0m [1;30mLevel 1[0m _identify(mujoco_expei) by extensions ['cmake', 'python']
[0.887s] [34mcolcon.colcon_core.package_identification[0m [1;30mLevel 1[0m _identify(mujoco_expei) by extension 'cmake'
[0.887s] [34mcolcon.colcon_core.package_identification[0m [1;30mLevel 1[0m _identify(mujoco_expei) by extension 'python'
[0.887s] [34mcolcon.colcon_core.package_identification[0m [1;30mLevel 1[0m _identify(mujoco_expei) by extensions ['python_setup_py']
[0.887s] [34mcolcon.colcon_core.package_identification[0m [1;30mLevel 1[0m _identify(mujoco_expei) by extension 'python_setup_py'
[0.887s] [34mcolcon.colcon_core.package_identification[0m [1;30mLevel 1[0m _identify(mujoco_expei/__pycache__) by extensions ['ignore', 'ignore_ament_install']
[0.887s] [34mcolcon.colcon_core.package_identification[0m [1;30mLevel 1[0m _identify(mujoco_expei/__pycache__) by extension 'ignore'
[0.888s] [34mcolcon.colcon_core.package_identification[0m [1;30mLevel 1[0m _identify(mujoco_expei/__pycache__) by extension 'ignore_ament_install'
[0.888s] [34mcolcon.colcon_core.package_identification[0m [1;30mLevel 1[0m _identify(mujoco_expei/__pycache__) by extensions ['colcon_pkg']
[0.888s] [34mcolcon.colcon_core.package_identification[0m [1;30mLevel 1[0m _identify(mujoco_expei/__pycache__) by extension 'colcon_pkg'
[0.888s] [34mcolcon.colcon_core.package_identification[0m [1;30mLevel 1[0m _identify(mujoco_expei/__pycache__) by extensions ['colcon_meta']
[0.888s] [34mcolcon.colcon_core.package_identification[0m [1;30mLevel 1[0m _identify(mujoco_expei/__pycache__) by extension 'colcon_meta'
[0.888s] [34mcolcon.colcon_core.package_identification[0m [1;30mLevel 1[0m _identify(mujoco_expei/__pycache__) by extensions ['ros']
[0.888s] [34mcolcon.colcon_core.package_identification[0m [1;30mLevel 1[0m _identify(mujoco_expei/__pycache__) by extension 'ros'
[0.888s] [34mcolcon.colcon_core.package_identification[0m [1;30mLevel 1[0m _identify(mujoco_expei/__pycache__) by extensions ['cmake', 'python']
[0.888s] [34mcolcon.colcon_core.package_identification[0m [1;30mLevel 1[0m _identify(mujoco_expei/__pycache__) by extension 'cmake'
[0.888s] [34mcolcon.colcon_core.package_identification[0m [1;30mLevel 1[0m _identify(mujoco_expei/__pycache__) by extension 'python'
[0.888s] [34mcolcon.colcon_core.package_identification[0m [1;30mLevel 1[0m _identify(mujoco_expei/__pycache__) by extensions ['python_setup_py']
[0.888s] [34mcolcon.colcon_core.package_identification[0m [1;30mLevel 1[0m _identify(mujoco_expei/__pycache__) by extension 'python_setup_py'
[0.889s] [34mcolcon.colcon_core.package_identification[0m [1;30mLevel 1[0m _identify(mujoco_expei/meshes) by extensions ['ignore', 'ignore_ament_install']
[0.889s] [34mcolcon.colcon_core.package_identification[0m [1;30mLevel 1[0m _identify(mujoco_expei/meshes) by extension 'ignore'
[0.889s] [34mcolcon.colcon_core.package_identification[0m [1;30mLevel 1[0m _identify(mujoco_expei/meshes) by extension 'ignore_ament_install'
[0.889s] [34mcolcon.colcon_core.package_identification[0m [1;30mLevel 1[0m _identify(mujoco_expei/meshes) by extensions ['colcon_pkg']
[0.889s] [34mcolcon.colcon_core.package_identification[0m [1;30mLevel 1[0m _identify(mujoco_expei/meshes) by extension 'colcon_pkg'
[0.889s] [34mcolcon.colcon_core.package_identification[0m [1;30mLevel 1[0m _identify(mujoco_expei/meshes) by extensions ['colcon_meta']
[0.889s] [34mcolcon.colcon_core.package_identification[0m [1;30mLevel 1[0m _identify(mujoco_expei/meshes) by extension 'colcon_meta'
[0.889s] [34mcolcon.colcon_core.package_identification[0m [1;30mLevel 1[0m _identify(mujoco_expei/meshes) by extensions ['ros']
[0.889s] [34mcolcon.colcon_core.package_identification[0m [1;30mLevel 1[0m _identify(mujoco_expei/meshes) by extension 'ros'
[0.889s] [34mcolcon.colcon_core.package_identification[0m [1;30mLevel 1[0m _identify(mujoco_expei/meshes) by extensions ['cmake', 'python']
[0.890s] [34mcolcon.colcon_core.package_identification[0m [1;30mLevel 1[0m _identify(mujoco_expei/meshes) by extension 'cmake'
[0.890s] [34mcolcon.colcon_core.package_identification[0m [1;30mLevel 1[0m _identify(mujoco_expei/meshes) by extension 'python'
[0.890s] [34mcolcon.colcon_core.package_identification[0m [1;30mLevel 1[0m _identify(mujoco_expei/meshes) by extensions ['python_setup_py']
[0.890s] [34mcolcon.colcon_core.package_identification[0m [1;30mLevel 1[0m _identify(mujoco_expei/meshes) by extension 'python_setup_py'
[0.890s] [34mcolcon.colcon_core.package_identification[0m [1;30mLevel 1[0m _identify(plugin) by extensions ['ignore', 'ignore_ament_install']
[0.890s] [34mcolcon.colcon_core.package_identification[0m [1;30mLevel 1[0m _identify(plugin) by extension 'ignore'
[0.890s] [34mcolcon.colcon_core.package_identification[0m [1;30mLevel 1[0m _identify(plugin) by extension 'ignore_ament_install'
[0.890s] [34mcolcon.colcon_core.package_identification[0m [1;30mLevel 1[0m _identify(plugin) by extensions ['colcon_pkg']
[0.890s] [34mcolcon.colcon_core.package_identification[0m [1;30mLevel 1[0m _identify(plugin) by extension 'colcon_pkg'
[0.890s] [34mcolcon.colcon_core.package_identification[0m [1;30mLevel 1[0m _identify(plugin) by extensions ['colcon_meta']
[0.890s] [34mcolcon.colcon_core.package_identification[0m [1;30mLevel 1[0m _identify(plugin) by extension 'colcon_meta'
[0.891s] [34mcolcon.colcon_core.package_identification[0m [1;30mLevel 1[0m _identify(plugin) by extensions ['ros']
[0.891s] [34mcolcon.colcon_core.package_identification[0m [1;30mLevel 1[0m _identify(plugin) by extension 'ros'
[0.892s] [34mcolcon.colcon_core.package_identification[0m [1;30mDEBUG[0m [32mPackage 'plugin' with type 'ros.ament_cmake' and name 'gz_joint_torsional_spring'[0m
[0.893s] [34mcolcon.colcon_core.package_identification[0m [1;30mLevel 1[0m _identify(pointcloud) by extensions ['ignore', 'ignore_ament_install']
[0.893s] [34mcolcon.colcon_core.package_identification[0m [1;30mLevel 1[0m _identify(pointcloud) by extension 'ignore'
[0.893s] [34mcolcon.colcon_core.package_identification[0m [1;30mLevel 1[0m _identify(pointcloud) by extension 'ignore_ament_install'
[0.893s] [34mcolcon.colcon_core.package_identification[0m [1;30mLevel 1[0m _identify(pointcloud) by extensions ['colcon_pkg']
[0.893s] [34mcolcon.colcon_core.package_identification[0m [1;30mLevel 1[0m _identify(pointcloud) by extension 'colcon_pkg'
[0.893s] [34mcolcon.colcon_core.package_identification[0m [1;30mLevel 1[0m _identify(pointcloud) by extensions ['colcon_meta']
[0.894s] [34mcolcon.colcon_core.package_identification[0m [1;30mLevel 1[0m _identify(pointcloud) by extension 'colcon_meta'
[0.894s] [34mcolcon.colcon_core.package_identification[0m [1;30mLevel 1[0m _identify(pointcloud) by extensions ['ros']
[0.894s] [34mcolcon.colcon_core.package_identification[0m [1;30mLevel 1[0m _identify(pointcloud) by extension 'ros'
[0.894s] [34mcolcon.colcon_core.package_identification[0m [1;30mLevel 1[0m _identify(pointcloud) by extensions ['cmake', 'python']
[0.894s] [34mcolcon.colcon_core.package_identification[0m [1;30mLevel 1[0m _identify(pointcloud) by extension 'cmake'
[0.894s] [34mcolcon.colcon_core.package_identification[0m [1;30mLevel 1[0m _identify(pointcloud) by extension 'python'
[0.894s] [34mcolcon.colcon_core.package_identification[0m [1;30mLevel 1[0m _identify(pointcloud) by extensions ['python_setup_py']
[0.894s] [34mcolcon.colcon_core.package_identification[0m [1;30mLevel 1[0m _identify(pointcloud) by extension 'python_setup_py'
[0.895s] [34mcolcon.colcon_core.package_identification[0m [1;30mLevel 1[0m _identify(potentiometer) by extensions ['ignore', 'ignore_ament_install']
[0.895s] [34mcolcon.colcon_core.package_identification[0m [1;30mLevel 1[0m _identify(potentiometer) by extension 'ignore'
[0.895s] [34mcolcon.colcon_core.package_identification[0m [1;30mLevel 1[0m _identify(potentiometer) by extension 'ignore_ament_install'
[0.895s] [34mcolcon.colcon_core.package_identification[0m [1;30mLevel 1[0m _identify(potentiometer) by extensions ['colcon_pkg']
[0.895s] [34mcolcon.colcon_core.package_identification[0m [1;30mLevel 1[0m _identify(potentiometer) by extension 'colcon_pkg'
[0.895s] [34mcolcon.colcon_core.package_identification[0m [1;30mLevel 1[0m _identify(potentiometer) by extensions ['colcon_meta']
[0.895s] [34mcolcon.colcon_core.package_identification[0m [1;30mLevel 1[0m _identify(potentiometer) by extension 'colcon_meta'
[0.896s] [34mcolcon.colcon_core.package_identification[0m [1;30mLevel 1[0m _identify(potentiometer) by extensions ['ros']
[0.896s] [34mcolcon.colcon_core.package_identification[0m [1;30mLevel 1[0m _identify(potentiometer) by extension 'ros'
[0.896s] [34mcolcon.colcon_core.package_identification[0m [1;30mLevel 1[0m _identify(potentiometer) by extensions ['cmake', 'python']
[0.896s] [34mcolcon.colcon_core.package_identification[0m [1;30mLevel 1[0m _identify(potentiometer) by extension 'cmake'
[0.896s] [34mcolcon.colcon_core.package_identification[0m [1;30mLevel 1[0m _identify(potentiometer) by extension 'python'
[0.896s] [34mcolcon.colcon_core.package_identification[0m [1;30mLevel 1[0m _identify(potentiometer) by extensions ['python_setup_py']
[0.896s] [34mcolcon.colcon_core.package_identification[0m [1;30mLevel 1[0m _identify(potentiometer) by extension 'python_setup_py'
[0.896s] [34mcolcon.colcon_core.package_discovery[0m [1;30mLevel 1[0m discover_packages(recursive) using defaults
[0.896s] [34mcolcon.colcon_core.package_discovery[0m [1;30mLevel 1[0m discover_packages(ignore) discover
[0.897s] [34mcolcon.colcon_core.package_discovery[0m [1;30mLevel 1[0m discover_packages(ignore) using defaults
[0.897s] [34mcolcon.colcon_core.package_discovery[0m [1;30mLevel 1[0m discover_packages(path) discover
[0.897s] [34mcolcon.colcon_core.package_discovery[0m [1;30mLevel 1[0m discover_packages(path) using defaults
[0.942s] [34mcolcon.colcon_core.package_selection[0m [1;30mINFO[0m Skipping not selected package 'cpg_ros2' in 'ROS/src/cpg_ros2'
[0.942s] [34mcolcon.colcon_core.package_selection[0m [1;30mINFO[0m Skipping not selected package 'elevation_mapping' in 'ROS/src/elevation_mapping'
[0.942s] [34mcolcon.colcon_core.package_selection[0m [1;30mINFO[0m Skipping not selected package 'gz_joint_torsional_spring' in 'ROS/src/gz_joint_torsional_spring'
[0.943s] [34mcolcon.colcon_core.package_selection[0m [1;30mINFO[0m Skipping not selected package 'gz_joint_torsional_spring' in 'plugin'
[0.943s] [34mcolcon.colcon_core.package_selection[0m [1;30mINFO[0m Skipping not selected package 'gz_ros2_control' in 'gz_ros2_control/gz_ros2_control'
[0.943s] [34mcolcon.colcon_core.package_selection[0m [1;30mINFO[0m Skipping not selected package 'kin_ros2' in 'ROS/src/kin_ros2'
[0.943s] [34mcolcon.colcon_core.package_selection[0m [1;30mINFO[0m Skipping not selected package 'perception' in 'ROS/src/perception'
[0.943s] [34mcolcon.colcon_core.package_selection[0m [1;30mINFO[0m Skipping not selected package 'quad_interface' in 'ROS/src/quad_interface'
[0.943s] [34mcolcon.colcon_core.package_selection[0m [1;30mINFO[0m Skipping not selected package 'rl_ros2' in 'ROS/src/rl_ros2'
[0.943s] [34mcolcon.colcon_core.package_selection[0m [1;30mINFO[0m Skipping not selected package 'rlpa_ros2' in 'ROS/src/rlpa_ros2'
[0.943s] [34mcolcon.colcon_core.package_selection[0m [1;30mINFO[0m Skipping not selected package 'gz_ros2_control_demos' in 'gz_ros2_control/gz_ros2_control_demos'
[0.943s] [34mcolcon.colcon_core.package_selection[0m [1;30mINFO[0m Skipping not selected package 'ign_ros2_control' in 'gz_ros2_control/ign_ros2_control'
[0.943s] [34mcolcon.colcon_core.package_selection[0m [1;30mINFO[0m Skipping not selected package 'robot_caves' in 'ROS/src/robot_caves'
[0.943s] [34mcolcon.colcon_core.package_selection[0m [1;30mINFO[0m Skipping not selected package 'ign_ros2_control_demos' in 'gz_ros2_control/ign_ros2_control_demos'
[0.943s] [34mcolcon.colcon_core.package_selection[0m [1;30mINFO[0m Skipping not selected package 'gz_ros2_control_tests' in 'gz_ros2_control/gz_ros2_control_tests'
[0.945s] [34mcolcon.colcon_core.package_discovery[0m [1;30mLevel 1[0m discover_packages(prefix_path) check parameters
[0.945s] [34mcolcon.colcon_core.package_discovery[0m [1;30mLevel 1[0m discover_packages(prefix_path) discover
[0.947s] [34mcolcon.colcon_installed_package_information.package_discovery[0m [1;30mDEBUG[0m [32mFound 1 installed packages in /home/mubashir/gz_control_ws/install[0m
[0.951s] [34mcolcon.colcon_installed_package_information.package_discovery[0m [1;30mDEBUG[0m [32mFound 397 installed packages in /opt/ros/humble[0m
[0.955s] [34mcolcon.colcon_core.package_discovery[0m [1;30mLevel 1[0m discover_packages(prefix_path) using defaults
[1.076s] [34mcolcon.colcon_core.verb[0m [1;30mLevel 5[0m set package 'cheetah_ros2' build argument 'cmake_args' from command line to 'None'
[1.076s] [34mcolcon.colcon_core.verb[0m [1;30mLevel 5[0m set package 'cheetah_ros2' build argument 'cmake_target' from command line to 'None'
[1.077s] [34mcolcon.colcon_core.verb[0m [1;30mLevel 5[0m set package 'cheetah_ros2' build argument 'cmake_target_skip_unavailable' from command line to 'False'
[1.077s] [34mcolcon.colcon_core.verb[0m [1;30mLevel 5[0m set package 'cheetah_ros2' build argument 'cmake_clean_cache' from command line to 'False'
[1.077s] [34mcolcon.colcon_core.verb[0m [1;30mLevel 5[0m set package 'cheetah_ros2' build argument 'cmake_clean_first' from command line to 'False'
[1.077s] [34mcolcon.colcon_core.verb[0m [1;30mLevel 5[0m set package 'cheetah_ros2' build argument 'cmake_force_configure' from command line to 'False'
[1.077s] [34mcolcon.colcon_core.verb[0m [1;30mLevel 5[0m set package 'cheetah_ros2' build argument 'ament_cmake_args' from command line to 'None'
[1.077s] [34mcolcon.colcon_core.verb[0m [1;30mLevel 5[0m set package 'cheetah_ros2' build argument 'catkin_cmake_args' from command line to 'None'
[1.077s] [34mcolcon.colcon_core.verb[0m [1;30mLevel 5[0m set package 'cheetah_ros2' build argument 'catkin_skip_building_tests' from command line to 'False'
[1.077s] [34mcolcon.colcon_core.verb[0m [1;30mDEBUG[0m [32mBuilding package 'cheetah_ros2' with the following arguments: {'ament_cmake_args': None, 'build_base': '/home/mubashir/Pictures/FYP-Legged-Robot-main/Code/build/cheetah_ros2', 'catkin_cmake_args': None, 'catkin_skip_building_tests': False, 'cmake_args': None, 'cmake_clean_cache': False, 'cmake_clean_first': False, 'cmake_force_configure': False, 'cmake_target': None, 'cmake_target_skip_unavailable': False, 'install_base': '/home/mubashir/Pictures/FYP-Legged-Robot-main/Code/install/cheetah_ros2', 'merge_install': False, 'path': '/home/mubashir/Pictures/FYP-Legged-Robot-main/Code/ROS/src/cheetah_ros2', 'symlink_install': False, 'test_result_base': None}[0m
[1.078s] [34mcolcon.colcon_core.verb[0m [1;30mLevel 5[0m set package 'sim_robot' build argument 'cmake_args' from command line to 'None'
[1.078s] [34mcolcon.colcon_core.verb[0m [1;30mLevel 5[0m set package 'sim_robot' build argument 'cmake_target' from command line to 'None'
[1.078s] [34mcolcon.colcon_core.verb[0m [1;30mLevel 5[0m set package 'sim_robot' build argument 'cmake_target_skip_unavailable' from command line to 'False'
[1.078s] [34mcolcon.colcon_core.verb[0m [1;30mLevel 5[0m set package 'sim_robot' build argument 'cmake_clean_cache' from command line to 'False'
[1.079s] [34mcolcon.colcon_core.verb[0m [1;30mLevel 5[0m set package 'sim_robot' build argument 'cmake_clean_first' from command line to 'False'
[1.079s] [34mcolcon.colcon_core.verb[0m [1;30mLevel 5[0m set package 'sim_robot' build argument 'cmake_force_configure' from command line to 'False'
[1.079s] [34mcolcon.colcon_core.verb[0m [1;30mLevel 5[0m set package 'sim_robot' build argument 'ament_cmake_args' from command line to 'None'
[1.079s] [34mcolcon.colcon_core.verb[0m [1;30mLevel 5[0m set package 'sim_robot' build argument 'catkin_cmake_args' from command line to 'None'
[1.079s] [34mcolcon.colcon_core.verb[0m [1;30mLevel 5[0m set package 'sim_robot' build argument 'catkin_skip_building_tests' from command line to 'False'
[1.079s] [34mcolcon.colcon_core.verb[0m [1;30mDEBUG[0m [32mBuilding package 'sim_robot' with the following arguments: {'ament_cmake_args': None, 'build_base': '/home/mubashir/Pictures/FYP-Legged-Robot-main/Code/build/sim_robot', 'catkin_cmake_args': None, 'catkin_skip_building_tests': False, 'cmake_args': None, 'cmake_clean_cache': False, 'cmake_clean_first': False, 'cmake_force_configure': False, 'cmake_target': None, 'cmake_target_skip_unavailable': False, 'install_base': '/home/mubashir/Pictures/FYP-Legged-Robot-main/Code/install/sim_robot', 'merge_install': False, 'path': '/home/mubashir/Pictures/FYP-Legged-Robot-main/Code/ROS/src/sim_robot', 'symlink_install': False, 'test_result_base': None}[0m
[1.079s] [34mcolcon.colcon_core.executor[0m [1;30mINFO[0m Executing jobs using 'parallel' executor
[1.082s] [34mcolcon.colcon_parallel_executor.executor.parallel[0m [1;30mDEBUG[0m [32mrun_until_complete[0m
[1.083s] [34mcolcon.colcon_ros.task.ament_python.build[0m [1;30mINFO[0m Building ROS package in '/home/mubashir/Pictures/FYP-Legged-Robot-main/Code/ROS/src/cheetah_ros2' with build type 'ament_python'
[1.083s] [34mcolcon.colcon_core.shell[0m [1;30mLevel 1[0m create_environment_hook('cheetah_ros2', 'ament_prefix_path')
[1.088s] [34mcolcon.colcon_core.plugin_system[0m [1;30mINFO[0m Skipping extension 'colcon_core.shell.bat': Not used on non-Windows systems
[1.089s] [34mcolcon.colcon_core.shell[0m [1;30mINFO[0m Creating environment hook '/home/mubashir/Pictures/FYP-Legged-Robot-main/Code/install/cheetah_ros2/share/cheetah_ros2/hook/ament_prefix_path.ps1'
[1.090s] [34mcolcon.colcon_core.shell[0m [1;30mINFO[0m Creating environment descriptor '/home/mubashir/Pictures/FYP-Legged-Robot-main/Code/install/cheetah_ros2/share/cheetah_ros2/hook/ament_prefix_path.dsv'
[1.091s] [34mcolcon.colcon_core.shell[0m [1;30mINFO[0m Creating environment hook '/home/mubashir/Pictures/FYP-Legged-Robot-main/Code/install/cheetah_ros2/share/cheetah_ros2/hook/ament_prefix_path.sh'
[1.093s] [34mcolcon.colcon_core.shell[0m [1;30mINFO[0m Skip shell extension 'powershell' for command environment: Not usable outside of PowerShell
[1.094s] [34mcolcon.colcon_core.shell[0m [1;30mDEBUG[0m [32mSkip shell extension 'dsv' for command environment[0m
[1.105s] [34mcolcon.colcon_ros.task.ament_python.build[0m [1;30mINFO[0m Building ROS package in '/home/mubashir/Pictures/FYP-Legged-Robot-main/Code/ROS/src/sim_robot' with build type 'ament_python'
[1.105s] [34mcolcon.colcon_core.shell[0m [1;30mLevel 1[0m create_environment_hook('sim_robot', 'ament_prefix_path')
[1.106s] [34mcolcon.colcon_core.shell[0m [1;30mINFO[0m Creating environment hook '/home/mubashir/Pictures/FYP-Legged-Robot-main/Code/install/sim_robot/share/sim_robot/hook/ament_prefix_path.ps1'
[1.108s] [34mcolcon.colcon_core.shell[0m [1;30mINFO[0m Creating environment descriptor '/home/mubashir/Pictures/FYP-Legged-Robot-main/Code/install/sim_robot/share/sim_robot/hook/ament_prefix_path.dsv'
[1.108s] [34mcolcon.colcon_core.shell[0m [1;30mINFO[0m Creating environment hook '/home/mubashir/Pictures/FYP-Legged-Robot-main/Code/install/sim_robot/share/sim_robot/hook/ament_prefix_path.sh'
[1.110s] [34mcolcon.colcon_core.shell[0m [1;30mINFO[0m Skip shell extension 'powershell' for command environment: Not usable outside of PowerShell
[1.110s] [34mcolcon.colcon_core.shell[0m [1;30mDEBUG[0m [32mSkip shell extension 'dsv' for command environment[0m
[1.812s] [34mcolcon.colcon_core.task.python.build[0m [1;30mINFO[0m Building Python package in '/home/mubashir/Pictures/FYP-Legged-Robot-main/Code/ROS/src/cheetah_ros2'
[1.813s] [34mcolcon.colcon_core.shell[0m [1;30mINFO[0m Skip shell extension 'powershell' for command environment: Not usable outside of PowerShell
[1.813s] [34mcolcon.colcon_core.shell[0m [1;30mDEBUG[0m [32mSkip shell extension 'dsv' for command environment[0m
[2.467s] [34mcolcon.colcon_core.task.python.build[0m [1;30mINFO[0m Building Python package in '/home/mubashir/Pictures/FYP-Legged-Robot-main/Code/ROS/src/sim_robot'
[2.468s] [34mcolcon.colcon_core.shell[0m [1;30mINFO[0m Skip shell extension 'powershell' for command environment: Not usable outside of PowerShell
[2.468s] [34mcolcon.colcon_core.shell[0m [1;30mDEBUG[0m [32mSkip shell extension 'dsv' for command environment[0m
[3.297s] [34mcolcon.colcon_core.event_handler.log_command[0m [1;30mDEBUG[0m [32mInvoking command in '/home/mubashir/Pictures/FYP-Legged-Robot-main/Code/ROS/src/cheetah_ros2': PYTHONPATH=/home/mubashir/Pictures/FYP-Legged-Robot-main/Code/build/cheetah_ros2/prefix_override:/usr/lib/python3/dist-packages/colcon_core/task/python/colcon_distutils_commands:/home/mubashir/Pictures/FYP-Legged-Robot-main/Code/install/cheetah_ros2/lib/python3.10/site-packages:${PYTHONPATH} /usr/bin/python3 -W ignore:setup.py install is deprecated -W ignore:easy_install command is deprecated setup.py egg_info --egg-base ../../../build/cheetah_ros2 build --build-base /home/mubashir/Pictures/FYP-Legged-Robot-main/Code/build/cheetah_ros2/build install --record /home/mubashir/Pictures/FYP-Legged-Robot-main/Code/build/cheetah_ros2/install.log --single-version-externally-managed install_data[0m
[3.384s] [34mcolcon.colcon_core.event_handler.log_command[0m [1;30mDEBUG[0m [32mInvoking command in '/home/mubashir/Pictures/FYP-Legged-Robot-main/Code/ROS/src/sim_robot': PYTHONPATH=/home/mubashir/Pictures/FYP-Legged-Robot-main/Code/build/sim_robot/prefix_override:/usr/lib/python3/dist-packages/colcon_core/task/python/colcon_distutils_commands:/home/mubashir/Pictures/FYP-Legged-Robot-main/Code/install/sim_robot/lib/python3.10/site-packages:${PYTHONPATH} /usr/bin/python3 -W ignore:setup.py install is deprecated -W ignore:easy_install command is deprecated setup.py egg_info --egg-base ../../../build/sim_robot build --build-base /home/mubashir/Pictures/FYP-Legged-Robot-main/Code/build/sim_robot/build install --record /home/mubashir/Pictures/FYP-Legged-Robot-main/Code/build/sim_robot/install.log --single-version-externally-managed install_data[0m
[4.175s] [34mcolcon.colcon_core.event_handler.log_command[0m [1;30mDEBUG[0m [32mInvoked command in '/home/mubashir/Pictures/FYP-Legged-Robot-main/Code/ROS/src/sim_robot' returned '0': PYTHONPATH=/home/mubashir/Pictures/FYP-Legged-Robot-main/Code/build/sim_robot/prefix_override:/usr/lib/python3/dist-packages/colcon_core/task/python/colcon_distutils_commands:/home/mubashir/Pictures/FYP-Legged-Robot-main/Code/install/sim_robot/lib/python3.10/site-packages:${PYTHONPATH} /usr/bin/python3 -W ignore:setup.py install is deprecated -W ignore:easy_install command is deprecated setup.py egg_info --egg-base ../../../build/sim_robot build --build-base /home/mubashir/Pictures/FYP-Legged-Robot-main/Code/build/sim_robot/build install --record /home/mubashir/Pictures/FYP-Legged-Robot-main/Code/build/sim_robot/install.log --single-version-externally-managed install_data[0m
[4.185s] [34mcolcon.colcon_core.environment[0m [1;30mLevel 1[0m checking '/home/mubashir/Pictures/FYP-Legged-Robot-main/Code/install/sim_robot' for CMake module files
[4.186s] [34mcolcon.colcon_core.environment[0m [1;30mLevel 1[0m checking '/home/mubashir/Pictures/FYP-Legged-Robot-main/Code/install/sim_robot' for CMake config files
[4.187s] [34mcolcon.colcon_core.environment[0m [1;30mLevel 1[0m checking '/home/mubashir/Pictures/FYP-Legged-Robot-main/Code/install/sim_robot/lib'
[4.188s] [34mcolcon.colcon_core.environment[0m [1;30mLevel 1[0m checking '/home/mubashir/Pictures/FYP-Legged-Robot-main/Code/install/sim_robot/bin'
[4.188s] [34mcolcon.colcon_core.environment[0m [1;30mLevel 1[0m checking '/home/mubashir/Pictures/FYP-Legged-Robot-main/Code/install/sim_robot/lib/pkgconfig/sim_robot.pc'
[4.188s] [34mcolcon.colcon_core.environment[0m [1;30mLevel 1[0m checking '/home/mubashir/Pictures/FYP-Legged-Robot-main/Code/install/sim_robot/lib/python3.10/site-packages'
[4.188s] [34mcolcon.colcon_core.shell[0m [1;30mLevel 1[0m create_environment_hook('sim_robot', 'pythonpath')
[4.189s] [34mcolcon.colcon_core.shell[0m [1;30mINFO[0m Creating environment hook '/home/mubashir/Pictures/FYP-Legged-Robot-main/Code/install/sim_robot/share/sim_robot/hook/pythonpath.ps1'
[4.190s] [34mcolcon.colcon_core.shell[0m [1;30mINFO[0m Creating environment descriptor '/home/mubashir/Pictures/FYP-Legged-Robot-main/Code/install/sim_robot/share/sim_robot/hook/pythonpath.dsv'
[4.191s] [34mcolcon.colcon_core.shell[0m [1;30mINFO[0m Creating environment hook '/home/mubashir/Pictures/FYP-Legged-Robot-main/Code/install/sim_robot/share/sim_robot/hook/pythonpath.sh'
[4.192s] [34mcolcon.colcon_core.environment[0m [1;30mLevel 1[0m checking '/home/mubashir/Pictures/FYP-Legged-Robot-main/Code/install/sim_robot/bin'
[4.192s] [34mcolcon.colcon_core.environment[0m [1;30mLevel 1[0m create_environment_scripts_only(sim_robot)
[4.193s] [34mcolcon.colcon_core.shell[0m [1;30mINFO[0m Creating package script '/home/mubashir/Pictures/FYP-Legged-Robot-main/Code/install/sim_robot/share/sim_robot/package.ps1'
[4.199s] [34mcolcon.colcon_core.shell[0m [1;30mINFO[0m Creating package descriptor '/home/mubashir/Pictures/FYP-Legged-Robot-main/Code/install/sim_robot/share/sim_robot/package.dsv'
[4.202s] [34mcolcon.colcon_core.shell[0m [1;30mINFO[0m Creating package script '/home/mubashir/Pictures/FYP-Legged-Robot-main/Code/install/sim_robot/share/sim_robot/package.sh'
[4.204s] [34mcolcon.colcon_core.shell[0m [1;30mINFO[0m Creating package script '/home/mubashir/Pictures/FYP-Legged-Robot-main/Code/install/sim_robot/share/sim_robot/package.bash'
[4.206s] [34mcolcon.colcon_core.shell[0m [1;30mINFO[0m Creating package script '/home/mubashir/Pictures/FYP-Legged-Robot-main/Code/install/sim_robot/share/sim_robot/package.zsh'
[4.208s] [34mcolcon.colcon_core.environment[0m [1;30mLevel 1[0m create_file_with_runtime_dependencies(/home/mubashir/Pictures/FYP-Legged-Robot-main/Code/install/sim_robot/share/colcon-core/packages/sim_robot)
[4.349s] [34mcolcon.colcon_core.environment[0m [1;30mLevel 1[0m checking '/home/mubashir/Pictures/FYP-Legged-Robot-main/Code/install/cheetah_ros2' for CMake module files
[4.350s] [34mcolcon.colcon_core.event_handler.log_command[0m [1;30mDEBUG[0m [32mInvoked command in '/home/mubashir/Pictures/FYP-Legged-Robot-main/Code/ROS/src/cheetah_ros2' returned '0': PYTHONPATH=/home/mubashir/Pictures/FYP-Legged-Robot-main/Code/build/cheetah_ros2/prefix_override:/usr/lib/python3/dist-packages/colcon_core/task/python/colcon_distutils_commands:/home/mubashir/Pictures/FYP-Legged-Robot-main/Code/install/cheetah_ros2/lib/python3.10/site-packages:${PYTHONPATH} /usr/bin/python3 -W ignore:setup.py install is deprecated -W ignore:easy_install command is deprecated setup.py egg_info --egg-base ../../../build/cheetah_ros2 build --build-base /home/mubashir/Pictures/FYP-Legged-Robot-main/Code/build/cheetah_ros2/build install --record /home/mubashir/Pictures/FYP-Legged-Robot-main/Code/build/cheetah_ros2/install.log --single-version-externally-managed install_data[0m
[4.351s] [34mcolcon.colcon_core.environment[0m [1;30mLevel 1[0m checking '/home/mubashir/Pictures/FYP-Legged-Robot-main/Code/install/cheetah_ros2' for CMake config files
[4.353s] [34mcolcon.colcon_core.environment[0m [1;30mLevel 1[0m checking '/home/mubashir/Pictures/FYP-Legged-Robot-main/Code/install/cheetah_ros2/lib'
[4.353s] [34mcolcon.colcon_core.environment[0m [1;30mLevel 1[0m checking '/home/mubashir/Pictures/FYP-Legged-Robot-main/Code/install/cheetah_ros2/bin'
[4.353s] [34mcolcon.colcon_core.environment[0m [1;30mLevel 1[0m checking '/home/mubashir/Pictures/FYP-Legged-Robot-main/Code/install/cheetah_ros2/lib/pkgconfig/cheetah_ros2.pc'
[4.354s] [34mcolcon.colcon_core.environment[0m [1;30mLevel 1[0m checking '/home/mubashir/Pictures/FYP-Legged-Robot-main/Code/install/cheetah_ros2/lib/python3.10/site-packages'
[4.354s] [34mcolcon.colcon_core.shell[0m [1;30mLevel 1[0m create_environment_hook('cheetah_ros2', 'pythonpath')
[4.354s] [34mcolcon.colcon_core.shell[0m [1;30mINFO[0m Creating environment hook '/home/mubashir/Pictures/FYP-Legged-Robot-main/Code/install/cheetah_ros2/share/cheetah_ros2/hook/pythonpath.ps1'
[4.355s] [34mcolcon.colcon_core.shell[0m [1;30mINFO[0m Creating environment descriptor '/home/mubashir/Pictures/FYP-Legged-Robot-main/Code/install/cheetah_ros2/share/cheetah_ros2/hook/pythonpath.dsv'
[4.356s] [34mcolcon.colcon_core.shell[0m [1;30mINFO[0m Creating environment hook '/home/mubashir/Pictures/FYP-Legged-Robot-main/Code/install/cheetah_ros2/share/cheetah_ros2/hook/pythonpath.sh'
[4.357s] [34mcolcon.colcon_core.environment[0m [1;30mLevel 1[0m checking '/home/mubashir/Pictures/FYP-Legged-Robot-main/Code/install/cheetah_ros2/bin'
[4.357s] [34mcolcon.colcon_core.environment[0m [1;30mLevel 1[0m create_environment_scripts_only(cheetah_ros2)
[4.358s] [34mcolcon.colcon_core.shell[0m [1;30mINFO[0m Creating package script '/home/mubashir/Pictures/FYP-Legged-Robot-main/Code/install/cheetah_ros2/share/cheetah_ros2/package.ps1'
[4.359s] [34mcolcon.colcon_core.shell[0m [1;30mINFO[0m Creating package descriptor '/home/mubashir/Pictures/FYP-Legged-Robot-main/Code/install/cheetah_ros2/share/cheetah_ros2/package.dsv'
[4.360s] [34mcolcon.colcon_core.shell[0m [1;30mINFO[0m Creating package script '/home/mubashir/Pictures/FYP-Legged-Robot-main/Code/install/cheetah_ros2/share/cheetah_ros2/package.sh'
[4.361s] [34mcolcon.colcon_core.shell[0m [1;30mINFO[0m Creating package script '/home/mubashir/Pictures/FYP-Legged-Robot-main/Code/install/cheetah_ros2/share/cheetah_ros2/package.bash'
[4.361s] [34mcolcon.colcon_core.shell[0m [1;30mINFO[0m Creating package script '/home/mubashir/Pictures/FYP-Legged-Robot-main/Code/install/cheetah_ros2/share/cheetah_ros2/package.zsh'
[4.362s] [34mcolcon.colcon_core.environment[0m [1;30mLevel 1[0m create_file_with_runtime_dependencies(/home/mubashir/Pictures/FYP-Legged-Robot-main/Code/install/cheetah_ros2/share/colcon-core/packages/cheetah_ros2)
[4.363s] [34mcolcon.colcon_parallel_executor.executor.parallel[0m [1;30mDEBUG[0m [32mclosing loop[0m
[4.363s] [34mcolcon.colcon_parallel_executor.executor.parallel[0m [1;30mDEBUG[0m [32mloop closed[0m
[4.363s] [34mcolcon.colcon_parallel_executor.executor.parallel[0m [1;30mDEBUG[0m [32mrun_until_complete finished with '0'[0m
[4.364s] [34mcolcon.colcon_core.event_reactor[0m [1;30mDEBUG[0m [32mjoining thread[0m
[4.374s] [34mcolcon.colcon_core.plugin_system[0m [1;30mINFO[0m Skipping extension 'colcon_notification.desktop_notification.terminal_notifier': Not used on non-Darwin systems
[4.374s] [34mcolcon.colcon_core.plugin_system[0m [1;30mINFO[0m Skipping extension 'colcon_notification.desktop_notification.win32': Not used on non-Windows systems
[4.374s] [34mcolcon.colcon_notification.desktop_notification[0m [1;30mINFO[0m Sending desktop notification using 'notify2'
[4.396s] [34mcolcon.colcon_core.event_reactor[0m [1;30mDEBUG[0m [32mjoined thread[0m
[4.397s] [34mcolcon.colcon_core.shell[0m [1;30mINFO[0m Creating prefix script '/home/mubashir/Pictures/FYP-Legged-Robot-main/Code/install/local_setup.ps1'
[4.400s] [34mcolcon.colcon_core.shell[0m [1;30mINFO[0m Creating prefix util module '/home/mubashir/Pictures/FYP-Legged-Robot-main/Code/install/_local_setup_util_ps1.py'
[4.404s] [34mcolcon.colcon_core.shell[0m [1;30mINFO[0m Creating prefix chain script '/home/mubashir/Pictures/FYP-Legged-Robot-main/Code/install/setup.ps1'
[4.407s] [34mcolcon.colcon_core.shell[0m [1;30mINFO[0m Creating prefix script '/home/mubashir/Pictures/FYP-Legged-Robot-main/Code/install/local_setup.sh'
[4.409s] [34mcolcon.colcon_core.shell[0m [1;30mINFO[0m Creating prefix util module '/home/mubashir/Pictures/FYP-Legged-Robot-main/Code/install/_local_setup_util_sh.py'
[4.410s] [34mcolcon.colcon_core.shell[0m [1;30mINFO[0m Creating prefix chain script '/home/mubashir/Pictures/FYP-Legged-Robot-main/Code/install/setup.sh'
[4.413s] [34mcolcon.colcon_core.shell[0m [1;30mINFO[0m Creating prefix script '/home/mubashir/Pictures/FYP-Legged-Robot-main/Code/install/local_setup.bash'
[4.414s] [34mcolcon.colcon_core.shell[0m [1;30mINFO[0m Creating prefix chain script '/home/mubashir/Pictures/FYP-Legged-Robot-main/Code/install/setup.bash'
[4.417s] [34mcolcon.colcon_core.shell[0m [1;30mINFO[0m Creating prefix script '/home/mubashir/Pictures/FYP-Legged-Robot-main/Code/install/local_setup.zsh'
[4.419s] [34mcolcon.colcon_core.shell[0m [1;30mINFO[0m Creating prefix chain script '/home/mubashir/Pictures/FYP-Legged-Robot-main/Code/install/setup.zsh'
