frame_idx,sim_time_s,peak_joint,peak_value
0,4.0930,fl_foot,-0.8164
1,4.1260,fl_foot,-0.8164
2,4.1590,fl_foot,-0.8164
3,4.1920,fl_foot,-0.8164
4,4.2250,fl_foot,-0.8164
5,4.2580,fl_foot,-0.8164
6,4.2910,fl_foot,-0.8164
7,4.3240,fr_knee,-0.8813
8,4.3570,bl_knee,0.9014
9,4.3900,fl_foot,-0.8501
10,4.4230,fr_hip,-0.8536
11,4.4560,br_foot,0.8494
12,4.4890,br_foot,0.8395
13,4.5220,fr_hip,-0.9493
14,4.5550,br_hip,0.9116
15,4.5880,fl_foot,-0.8494
16,4.6210,fr_hip,-0.9290
17,4.6540,fr_hip,-0.9266
18,4.6870,br_hip,0.9424
19,4.7200,fl_knee,0.9598
20,4.7530,fl_knee,0.9481
21,4.7860,fl_foot,-0.8510
22,4.8190,br_knee,-0.9536
23,4.8520,br_knee,-0.9494
24,4.8850,br_knee,-0.9163
25,4.9180,fl_hip,0.9549
26,4.9510,fl_hip,0.9525
27,4.9840,bl_hip,-0.9256
28,5.0170,bl_hip,-0.9290
29,5.0500,bl_hip,-0.9270
30,5.0830,fl_hip,0.9417
31,5.1160,fl_hip,0.9446
32,5.1490,br_knee,-0.9523
33,5.1820,br_foot,0.8539
34,5.2150,br_foot,0.8431
35,5.2480,br_foot,0.8376
36,5.2810,fl_hip,0.8599
37,5.3140,fl_hip,0.9471
38,5.3470,fl_hip,0.8333
39,5.3800,fl_foot,-0.6456
40,5.4130,fl_foot,-0.6450
41,5.4460,fr_hip,0.6416
42,5.4790,fl_foot,-0.6543
43,5.5120,fr_knee,-0.5919
44,5.5450,fr_knee,-0.5933
45,5.5780,bl_knee,0.4281
46,5.6110,fr_knee,-0.4720
47,5.6440,fr_knee,-0.5110
48,5.6770,fr_knee,-0.4599
49,5.7100,fr_knee,-0.4470
50,5.7430,fr_knee,-0.3992
51,5.7760,fl_knee,0.2253
52,5.8090,fl_knee,0.2476
53,5.8420,fr_knee,-0.2545
54,5.8750,fr_knee,-0.2591
55,5.9080,fr_knee,-0.4524
56,5.9410,fr_knee,-0.5168
57,5.9740,bl_knee,0.4916
58,6.0070,bl_knee,0.4793
59,6.0400,bl_knee,0.4463
60,6.0730,bl_knee,0.4642
61,6.1060,bl_knee,0.4490
62,6.1390,bl_knee,0.3663
63,6.1720,bl_knee,0.2277
64,6.2050,br_knee,-0.2617
65,6.2380,bl_knee,0.3004
66,6.2710,bl_knee,0.2855
67,6.3040,bl_knee,0.2870
68,6.3370,fl_knee,0.4599
69,6.3700,br_knee,-0.4704
70,6.4030,br_knee,-0.4689
71,6.4360,br_knee,-0.3710
72,6.4690,br_knee,-0.3612
73,6.5020,br_knee,-0.4026
74,6.5350,br_knee,-0.2557
75,6.5680,fr_foot,-0.2976
76,6.6010,fr_foot,-0.1981
77,6.6340,bl_knee,0.2181
78,6.6670,fl_hip,0.2335
79,6.7000,fl_hip,0.2366
80,6.7330,br_knee,-0.3819
81,6.7660,br_knee,-0.3471
82,6.7990,br_knee,-0.3423
83,6.8320,br_knee,-0.3803
84,6.8650,fl_knee,0.3619
85,6.8980,fl_knee,0.3193
86,6.9310,fl_knee,0.3436
87,6.9640,bl_foot,0.2296
88,6.9970,bl_foot,0.2041
89,7.0300,bl_foot,0.2181
90,7.0630,fr_knee,-0.1864
91,7.0960,fr_knee,-0.1865
92,7.1290,fr_knee,-0.3527
93,7.1620,fr_knee,-0.2759
94,7.1950,fr_knee,-0.2716
95,7.2280,fr_knee,-0.3157
96,7.2610,bl_knee,0.3050
97,7.2940,bl_knee,0.3010
98,7.3270,fr_knee,-0.3012
99,7.3600,br_knee,-0.1556
100,7.3930,fl_knee,0.1239
101,7.4260,fr_knee,-0.1576
102,7.4590,fr_knee,-0.1728
103,7.4920,fr_knee,-0.1739
104,7.5250,fr_knee,-0.3414
105,7.5580,bl_knee,0.3705
106,7.5910,bl_knee,0.3583
107,7.6240,bl_knee,0.3188
108,7.6570,bl_knee,0.3363
109,7.6900,bl_knee,0.3426
110,7.7230,bl_knee,0.2689
111,7.7560,bl_knee,0.2818
112,7.7890,bl_knee,0.1843
113,7.8220,bl_knee,0.2490
114,7.8550,bl_knee,0.2422
115,7.8880,bl_knee,0.2293
116,7.9210,fl_knee,0.3580
117,7.9540,fl_knee,0.4308
118,7.9870,br_knee,-0.4358
119,8.0200,br_knee,-0.3873
120,8.0530,br_knee,-0.3219
121,8.0860,br_knee,-0.3331
122,8.1190,fl_hip,0.3861
123,8.1520,br_knee,-0.2239
124,8.1850,fr_foot,-0.2295
125,8.2180,fr_hip,0.2260
126,8.2510,fr_hip,0.2352
127,8.2840,br_hip,-0.2323
128,8.3170,br_knee,-0.3586
129,8.3500,br_knee,-0.3847
130,8.3830,fl_knee,0.3296
131,8.4160,fl_knee,0.3510
132,8.4490,fl_knee,0.3600
133,8.4820,fl_knee,0.2700
134,8.5150,fl_knee,0.3045
135,8.5480,fl_knee,0.3292
136,8.5810,bl_foot,0.2023
137,8.6140,bl_foot,0.1984
138,8.6470,bl_foot,0.1663
139,8.6800,fr_knee,-0.1867
140,8.7130,fr_knee,-0.3145
141,8.7460,fr_knee,-0.3531
142,8.7790,fr_knee,-0.2744
143,8.8120,fr_knee,-0.3255
144,8.8450,fr_knee,-0.3483
145,8.8780,bl_knee,0.3076
146,8.9110,bl_knee,0.3075
147,8.9440,fr_knee,-0.3262
148,8.9770,fl_knee,0.1247
149,9.0100,fl_knee,0.1503
150,9.0430,fr_knee,-0.1776
151,9.0760,fr_knee,-0.1759
152,9.1090,fr_knee,-0.3480
153,9.1420,fr_knee,-0.3830
154,9.1750,bl_knee,0.3728
155,9.2080,bl_knee,0.3384
156,9.2410,bl_knee,0.3223
157,9.2740,bl_knee,0.3424
158,9.3070,bl_knee,0.3287
159,9.3400,bl_knee,0.2804
160,9.3730,bl_knee,0.2492
161,9.4060,bl_knee,0.1968
162,9.4390,bl_knee,0.2395
163,9.4720,bl_knee,0.2333
164,9.5050,bl_knee,0.2271
165,9.5380,fl_knee,0.4327
166,9.5710,br_knee,-0.4347
167,9.6040,br_knee,-0.4322
168,9.6370,fl_knee,0.3784
169,9.6700,br_knee,-0.3252
170,9.7030,br_knee,-0.3598
171,9.7360,fl_hip,0.2303
172,9.7690,br_knee,-0.2865
173,9.8020,fr_foot,-0.2187
174,9.8350,fr_hip,0.2205
175,9.8680,br_hip,-0.2268
176,9.9010,br_hip,-0.2327
177,9.9340,br_knee,-0.3519
178,9.9670,fl_knee,0.3372
179,10.0000,br_knee,-0.3271
180,10.0330,fl_knee,0.3513
181,10.0660,fl_knee,0.3366
182,10.0990,fl_knee,0.2967
183,10.1320,fl_knee,0.2548
184,10.1650,bl_foot,0.2349
185,10.1980,bl_foot,0.2026
186,10.2310,bl_foot,0.2201
187,10.2640,fr_knee,-0.1805
188,10.2970,fr_knee,-0.1849
189,10.3300,bl_hip,0.3717
190,10.3630,fr_knee,-0.3091
191,10.3960,fr_knee,-0.2731
192,10.4290,fr_knee,-0.3271
193,10.4620,bl_knee,0.3058
194,10.4950,bl_knee,0.3018
195,10.5280,fr_knee,-0.2983
196,10.5610,br_knee,-0.1550
197,10.5940,fl_knee,0.1183
198,10.6270,fr_knee,-0.1597
199,10.6600,fr_knee,-0.1764
200,10.6930,fr_knee,-0.1773
201,10.7260,fr_knee,-0.3491
202,10.7590,bl_knee,0.3703
203,10.7920,bl_knee,0.3646
204,10.8250,bl_knee,0.3160
205,10.8580,bl_knee,0.3377
206,10.8910,bl_knee,0.3409
207,10.9240,bl_knee,0.2646
208,10.9570,bl_knee,0.2371
209,10.9900,bl_knee,0.1784
210,11.0230,bl_knee,0.2403
211,11.0560,bl_knee,0.2406
212,11.0890,bl_knee,0.2276
213,11.1220,fl_knee,0.3576
214,11.1550,fl_knee,0.4290
215,11.1880,br_knee,-0.4317
216,11.2210,br_knee,-0.3827
217,11.2540,br_knee,-0.3696
218,11.2870,br_knee,-0.3314
219,11.3200,fl_hip,0.3947
220,11.3530,fl_hip,0.2294
221,11.3860,fr_foot,-0.2264
222,11.4190,fr_hip,0.2238
223,11.4520,fr_hip,0.2324
224,11.4850,br_hip,-0.2398
225,11.5180,br_knee,-0.3574
226,11.5510,br_knee,-0.3906
227,11.5840,fl_knee,0.3282
228,11.6170,fl_knee,0.3501
229,11.6500,fl_knee,0.3581
230,11.6830,fl_knee,0.2645
231,11.7160,fl_knee,0.3008
232,11.7490,fl_knee,0.3319
233,11.7820,bl_foot,0.2017
234,11.8150,bl_foot,0.2021
235,11.8480,bl_foot,0.1695
236,11.8810,fr_knee,-0.1860
237,11.9140,bl_hip,0.3457
238,11.9470,fr_knee,-0.3599
239,11.9800,fr_knee,-0.2846
240,12.0130,fr_knee,-0.2827
241,12.0460,fr_knee,-0.3318
242,12.0790,bl_knee,0.3073
243,12.1120,bl_knee,0.3081
244,12.1450,fr_knee,-0.3390
245,12.1780,fl_knee,0.1275
246,12.2110,fl_knee,0.1537
247,12.2440,fl_knee,0.1635
248,12.2770,fl_knee,0.1644
249,12.3100,fl_knee,0.1639
250,12.3430,fl_knee,0.1639
251,12.3760,fl_knee,0.1638
252,12.4090,fl_knee,0.1639
253,12.4420,fl_knee,0.1639
254,12.4750,fl_knee,0.1639
255,12.5080,fl_knee,0.1639
256,12.5410,fl_knee,0.1640
257,12.5740,fl_knee,0.1640
258,12.6070,fl_knee,0.1641
259,12.6400,fl_knee,0.1641
260,12.6730,fl_knee,0.1642
261,12.7060,fl_knee,0.1642
262,12.7390,fl_knee,0.1643
263,12.7720,fl_knee,0.1643
264,12.8050,fl_knee,0.1644
265,12.8380,fl_knee,0.1645
266,12.8710,fl_knee,0.1645
267,12.9040,fl_knee,0.1646
268,12.9370,fl_knee,0.1646
269,12.9700,fl_knee,0.1647
270,13.0030,fl_knee,0.1647
271,13.0360,fl_knee,0.1648
272,13.0690,fl_knee,0.1648
273,13.1020,fl_knee,0.1649
274,13.1350,fl_knee,0.1649
275,13.1680,fl_knee,0.1650
276,13.2010,fl_knee,0.1651
277,13.2340,fl_knee,0.1651
278,13.2670,fl_knee,0.1652
279,13.3000,fl_knee,0.1652
280,13.3330,fl_knee,0.1651
281,13.3660,fl_knee,0.1651
282,13.3990,fl_knee,0.1651
283,13.4320,fl_knee,0.1651
284,13.4650,fl_knee,0.1650
285,13.4980,fl_knee,0.1650
286,13.5310,fl_knee,0.1650
287,13.5640,fl_knee,0.1649
288,13.5970,fl_knee,0.1649
289,13.6300,fl_knee,0.1649
290,13.6630,fl_knee,0.1648
291,13.6960,fl_knee,0.1648
292,13.7290,fl_knee,0.1647
293,13.7620,fl_knee,0.1647
294,13.7950,fl_knee,0.1646
295,13.8280,fl_knee,0.1646
296,13.8610,fl_knee,0.1645
297,13.8940,fl_knee,0.1645
298,13.9270,fl_knee,0.1645
299,13.9600,fl_knee,0.1644
300,13.9930,fl_knee,0.1644
301,14.0260,fl_knee,0.1643
302,14.0590,fl_knee,0.1642
303,14.0920,fl_knee,0.1642
304,14.1250,fl_knee,0.1641
305,14.1580,fl_knee,0.1641
306,14.1910,fl_knee,0.1641
307,14.2240,fl_knee,0.1640
308,14.2570,fl_knee,0.1639
309,14.2900,fl_knee,0.1639
310,14.3230,fl_knee,0.1638
311,14.3560,fl_knee,0.1638
312,14.3890,fl_knee,0.1637
313,14.4220,fl_knee,0.1637
314,14.4550,fl_knee,0.1636
315,14.4880,fl_knee,0.1636
316,14.5210,fl_knee,0.1629
317,14.5540,fl_knee,0.1626
318,14.5870,fl_knee,0.1626
319,14.6200,fl_knee,0.1625
320,14.6530,fl_knee,0.1657
321,14.6860,fl_knee,0.1616
322,14.7190,fl_knee,0.1627
323,14.7520,fl_knee,0.1679
324,14.7850,fl_knee,0.1679
325,14.8180,fl_knee,0.1678
326,14.8510,fl_knee,0.1676
327,14.8840,fl_knee,0.1671
328,14.9170,fl_knee,0.1666
329,14.9500,fl_knee,0.1663
330,14.9830,fl_knee,0.1658
331,15.0160,fl_knee,0.1653
332,15.0490,fl_knee,0.1650
333,15.0820,fl_knee,0.1644
334,15.1150,fl_knee,0.1639
335,15.1480,fl_knee,0.1636
336,15.1810,fl_knee,0.1630
337,15.2140,fl_knee,0.1627
338,15.2470,fl_knee,0.1628
339,15.2800,fl_knee,0.1631
340,15.3130,fl_knee,0.1629
341,15.3460,fl_knee,0.1627
342,15.3790,fl_knee,0.1616
343,15.4120,fl_knee,0.1615
344,15.4450,fl_knee,0.1614
345,15.4780,fl_knee,0.1614
346,15.5110,fl_knee,0.1614
347,15.5440,fl_knee,0.1651
348,15.5770,fl_knee,0.1652
349,15.6100,fl_knee,0.1652
350,15.6430,fl_knee,0.1651
351,15.6760,fl_knee,0.1650
352,15.7090,fl_knee,0.1648
353,15.7420,fl_knee,0.1646
354,15.7750,fl_knee,0.1644
355,15.8080,fl_knee,0.1656
356,15.8410,fl_knee,0.1657
357,15.8740,fl_knee,0.1657
358,15.9070,fl_knee,0.1656
359,15.9400,fl_knee,0.1655
360,15.9730,fl_knee,0.1654
361,16.0060,fl_knee,0.1651
362,16.0390,fl_knee,0.1649
363,16.0720,fl_knee,0.1647
364,16.1050,fl_knee,0.1644
365,16.1380,fl_knee,0.1642
366,16.1710,fl_knee,0.1640
367,16.2040,fl_knee,0.1637
368,16.2370,fl_knee,0.1634
369,16.2700,fl_knee,0.1632
370,16.3030,fl_knee,0.1629
371,16.3360,fl_knee,0.1626
372,16.3690,fl_knee,0.1625
373,16.4020,fl_knee,0.1621
374,16.4350,fl_knee,0.1618
375,16.4680,fl_knee,0.1617
376,16.5010,fl_knee,0.1614
377,16.5340,fl_knee,0.1610
378,16.5670,fl_knee,0.1607
379,16.6000,fl_knee,0.1607
380,16.6330,fl_knee,0.1607
381,16.6660,fl_knee,0.1606
382,16.6990,fl_knee,0.1606
383,16.7320,fl_knee,0.1605
384,16.7650,fl_knee,0.1605
385,16.7980,fl_knee,0.1604
386,16.8310,fl_knee,0.1604
387,16.8640,fl_knee,0.1603
388,16.8970,fl_knee,0.1603
389,16.9300,fl_knee,0.1602
390,16.9630,fl_knee,0.1602
391,16.9960,fl_knee,0.1601
392,17.0290,fl_knee,0.1601
393,17.0620,fl_knee,0.1600
394,17.0950,fl_knee,0.1599
395,17.1280,fl_knee,0.1598
396,17.1610,fl_knee,0.1597
397,17.1940,fl_knee,0.1596
398,17.2270,fl_knee,0.1595
399,17.2600,fl_knee,0.1594
400,17.2930,fl_knee,0.1594
401,17.3260,fl_knee,0.1593
402,17.3590,fl_knee,0.1591
403,17.3920,fl_knee,0.1591
404,17.4250,fl_knee,0.1590
405,17.4580,fl_knee,0.1589
406,17.4910,fl_knee,0.1588
407,17.5240,fl_knee,0.1579
408,17.5570,fl_knee,0.1579
409,17.5900,fl_knee,0.1578
410,17.6230,fl_knee,0.1577
411,17.6560,fl_knee,0.1576
412,17.6890,fl_knee,0.1576
413,17.7220,fl_knee,0.1576
414,17.7550,fl_knee,0.1576
415,17.7880,fl_knee,0.1576
416,17.8210,fl_knee,0.1577
417,17.8540,fl_knee,0.1577
418,17.8870,fl_knee,0.1577
419,17.9200,fl_knee,0.1576
420,17.9530,fl_knee,0.1576
421,17.9860,fl_knee,0.1575
422,18.0190,fl_knee,0.1574
423,18.0520,fl_knee,0.1574
424,18.0850,fl_knee,0.1573
425,18.1180,fl_knee,0.1572
426,18.1510,fl_knee,0.1572
427,18.1840,fl_knee,0.1571
428,18.2170,fl_knee,0.1570
429,18.2500,fl_knee,0.1570
430,18.2830,fl_knee,0.1569
431,18.3160,fl_knee,0.1569
432,18.3490,fl_knee,0.1568
433,18.3820,fl_knee,0.1567
434,18.4150,fl_knee,0.1567
435,18.4480,fl_knee,0.1566
436,18.4810,fl_knee,0.1565
437,18.5140,fl_knee,0.1565
438,18.5470,fl_knee,0.1564
439,18.5800,fl_knee,0.1569
440,18.6130,fl_knee,0.1682
441,18.6460,fl_knee,0.1552
442,18.6790,fl_knee,0.1550
443,18.7120,fl_knee,0.1549
444,18.7450,fl_knee,0.1549
445,18.7780,fl_knee,0.1548
446,18.8110,fl_knee,0.1548
447,18.8440,fl_knee,0.1548
448,18.8770,fl_knee,0.1549
449,18.9100,fl_knee,0.1549
450,18.9430,fl_knee,0.1549
451,18.9760,fl_knee,0.1549
452,19.0090,fl_knee,0.1550
453,19.0420,fl_knee,0.1550
454,19.0750,fl_knee,0.1551
455,19.1080,fl_knee,0.1551
456,19.1410,fl_knee,0.1551
457,19.1740,fl_knee,0.1552
458,19.2070,fl_knee,0.1552
459,19.2400,fl_knee,0.1553
460,19.2730,fl_knee,0.1553
461,19.3060,fl_knee,0.1553
462,19.3390,fl_knee,0.1554
463,19.3720,fl_knee,0.1554
464,19.4050,fl_knee,0.1555
465,19.4380,fl_knee,0.1555
466,19.4710,fl_knee,0.1555
467,19.5040,fl_knee,0.1555
468,19.5370,fl_knee,0.1555
469,19.5700,fl_knee,0.1555
470,19.6030,fl_knee,0.1555
471,19.6360,fl_knee,0.1555
472,19.6690,fl_knee,0.1555
473,19.7020,fl_knee,0.1555
474,19.7350,fl_knee,0.1554
475,19.7680,fl_knee,0.1554
476,19.8010,fl_knee,0.1554
477,19.8340,fl_knee,0.1554
478,19.8670,fl_knee,0.1554
479,19.9000,fl_knee,0.1554
480,19.9330,fl_knee,0.1554
481,19.9660,fl_knee,0.1553
482,19.9990,fl_knee,0.1552
483,20.0320,fl_knee,0.1552
484,20.0650,fl_knee,0.1551
485,20.0980,fl_knee,0.1550
486,20.1310,fl_knee,0.1549
487,20.1640,fl_knee,0.1549
488,20.1970,fl_knee,0.1548
489,20.2300,fl_knee,0.1547
490,20.2630,fl_knee,0.1547
491,20.2960,fl_knee,0.1546
492,20.3290,fl_knee,0.1545
493,20.3620,fl_knee,0.1545
494,20.3950,fl_knee,0.1544
495,20.4280,fl_knee,0.1543
496,20.4610,fl_knee,0.1543
497,20.4940,fl_knee,0.1542
498,20.5270,fl_knee,0.1542
499,20.5600,fl_knee,0.1541
500,20.5930,fl_knee,0.1540
501,20.6260,fl_knee,0.1540
502,20.6590,fl_knee,0.1539
503,20.6920,fl_knee,0.1539
504,20.7250,fl_knee,0.1538
505,20.7580,fl_knee,0.1537
506,20.7910,fl_knee,0.1537
507,20.8240,fl_knee,0.1536
508,20.8570,fl_knee,0.1535
509,20.8900,fl_knee,0.1535
510,20.9230,fl_knee,0.1534
511,20.9560,fl_knee,0.1533
512,20.9890,fl_knee,0.1533
513,21.0220,fl_knee,0.1532
514,21.0550,fl_knee,0.1532
515,21.0880,fl_knee,0.1531
516,21.1210,fl_knee,0.1530
517,21.1540,fl_knee,0.1530
518,21.1870,fl_knee,0.1529
519,21.2200,fl_knee,0.1529
520,21.2530,fl_knee,0.1528
521,21.2860,fl_knee,0.1527
522,21.3190,fl_knee,0.1527
523,21.3520,fl_knee,0.1526
524,21.3850,fl_knee,0.1526
525,21.4180,fl_knee,0.1525
526,21.4510,fl_knee,0.1524
527,21.4840,fl_knee,0.1524
528,21.5170,fl_knee,0.1523
529,21.5500,fl_knee,0.1523
530,21.5830,fl_knee,0.1522
531,21.6160,fl_knee,0.1521
532,21.6490,fl_knee,0.1521
533,21.6820,fl_knee,0.1520
534,21.7150,fl_knee,0.1639
535,21.7480,fl_knee,0.1515
536,21.7810,fl_knee,0.1513
537,21.8140,fl_knee,0.1513
538,21.8470,fl_knee,0.1513
539,21.8800,fl_knee,0.1513
540,21.9130,fl_knee,0.1513
541,21.9460,fl_knee,0.1513
542,21.9790,fl_knee,0.1513
543,22.0120,fl_knee,0.1513
544,22.0450,fl_knee,0.1514
545,22.0780,fl_knee,0.1514
546,22.1110,fl_knee,0.1514
547,22.1440,fl_knee,0.1513
548,22.1770,fl_knee,0.1512
549,22.2100,fl_knee,0.1512
550,22.2430,fl_knee,0.1507
551,22.2760,fl_knee,0.1506
552,22.3090,fl_knee,0.1505
553,22.3420,fl_knee,0.1504
554,22.3750,fl_knee,0.1504
555,22.4080,fl_knee,0.1504
556,22.4410,fl_knee,0.1504
557,22.4740,fl_knee,0.1504
558,22.5070,fl_knee,0.1504
559,22.5400,fl_knee,0.1504
560,22.5730,fl_knee,0.1504
561,22.6060,fl_knee,0.1505
562,22.6390,fl_knee,0.1505
563,22.6720,fl_knee,0.1505
564,22.7050,fl_knee,0.1505
565,22.7380,fl_knee,0.1505
566,22.7710,fl_knee,0.1505
567,22.8040,fl_knee,0.1505
568,22.8370,fl_knee,0.1505
569,22.8700,fl_knee,0.1505
570,22.9030,fl_knee,0.1504
571,22.9360,fl_knee,0.1504
572,22.9690,fl_knee,0.1504
573,23.0020,fl_knee,0.1504
574,23.0350,fl_knee,0.1503
575,23.0680,fl_knee,0.1503
576,23.1010,fl_knee,0.1503
577,23.1340,fl_knee,0.1502
578,23.1670,fl_knee,0.1502
579,23.2000,fl_knee,0.1502
580,23.2330,fl_knee,0.1501
581,23.2660,fl_knee,0.1501
582,23.2990,fl_knee,0.1501
583,23.3320,fl_knee,0.1500
584,23.3650,fl_knee,0.1500
585,23.3980,fl_knee,0.1500
586,23.4310,fl_knee,0.1500
587,23.4640,fl_knee,0.1499
588,23.4970,fl_knee,0.1499
589,23.5300,fl_knee,0.1499
590,23.5630,fl_knee,0.1498
591,23.5960,fl_knee,0.1498
592,23.6290,fl_knee,0.1498
593,23.6620,fl_knee,0.1497
594,23.6950,fl_knee,0.1497
595,23.7280,fl_knee,0.1497
596,23.7610,fl_knee,0.1496
597,23.7940,fl_knee,0.1496
598,23.8270,fl_knee,0.1496
599,23.8600,fl_knee,0.1495
600,23.8930,fl_knee,0.1495
601,23.9260,fl_knee,0.1495
602,23.9590,fl_knee,0.1494
603,23.9920,fl_knee,0.1494
604,24.0250,fl_knee,0.1494
605,24.0580,fl_knee,0.1493
606,24.0910,fl_knee,0.1493
607,24.1240,fl_knee,0.1493
608,24.1570,fl_knee,0.1493
609,24.1900,fl_knee,0.1492
610,24.2230,fl_knee,0.1492
611,24.2560,fl_knee,0.1492
612,24.2890,fl_knee,0.1491
613,24.3220,fl_knee,0.1491
614,24.3550,fl_knee,0.1491
615,24.3880,fl_knee,0.1490
616,24.4210,fl_knee,0.1490
617,24.4540,fl_knee,0.1490
618,24.4870,fl_knee,0.1489
619,24.5200,fl_knee,0.1489
620,24.5530,fl_knee,0.1489
621,24.5860,fl_knee,0.1489
622,24.6190,fl_knee,0.1488
623,24.6520,fl_knee,0.1488
624,24.6850,fl_knee,0.1488
625,24.7180,fl_knee,0.1487
626,24.7510,fl_knee,0.1487
627,24.7840,fl_knee,0.1487
628,24.8170,fl_knee,0.1486
629,24.8500,fl_knee,0.1486
630,24.8830,fl_knee,0.1486
631,24.9160,fl_knee,0.1485
632,24.9490,fl_knee,0.1485
633,24.9820,fl_knee,0.1485
634,25.0150,fl_knee,0.1484
635,25.0480,fl_knee,0.1484
636,25.0810,fl_knee,0.1484
637,25.1140,fl_knee,0.1483
638,25.1470,fl_knee,0.1483
639,25.1800,fl_knee,0.1483
640,25.2130,fl_knee,0.1482
641,25.2460,fl_knee,0.1482
642,25.2790,fl_knee,0.1482
643,25.3120,fl_knee,0.1481
644,25.3450,fl_knee,0.1481
645,25.3780,fl_knee,0.1481
646,25.4110,fl_knee,0.1480
647,25.4440,fl_knee,0.1480
648,25.4770,fl_knee,0.1480
649,25.5100,fl_knee,0.1479
650,25.5430,fl_knee,0.1479
651,25.5760,fl_knee,0.1479
652,25.6090,fl_knee,0.1478
653,25.6420,fl_knee,0.1478
654,25.6750,fl_knee,0.1478
655,25.7080,fl_knee,0.1477
656,25.7410,fl_knee,0.1477
657,25.7740,fl_knee,0.1477
658,25.8070,fl_knee,0.1476
659,25.8400,fl_knee,0.1476
660,25.8730,fl_knee,0.1476
661,25.9060,fl_knee,0.1475
662,25.9390,fl_knee,0.1475
663,25.9720,fl_knee,0.1475
664,26.0050,fl_knee,0.1474
665,26.0380,fl_knee,0.1474
666,26.0710,fl_knee,0.1474
667,26.1040,fl_knee,0.1473
668,26.1370,fl_knee,0.1473
669,26.1700,fl_knee,0.1473
670,26.2030,fl_knee,0.1472
671,26.2360,fl_knee,0.1472
672,26.2690,fl_knee,0.1472
673,26.3020,fl_knee,0.1471
674,26.3350,fl_knee,0.1471
675,26.3680,fl_knee,0.1471
676,26.4010,fl_knee,0.1470
677,26.4340,fl_knee,0.1470
678,26.4670,fl_knee,0.1470
679,26.5000,fl_knee,0.1469
680,26.5330,fl_knee,0.1469
681,26.5660,fl_knee,0.1469
682,26.5990,fl_knee,0.1468
683,26.6320,fl_knee,0.1468
684,26.6650,fl_knee,0.1467
685,26.6980,fl_knee,0.1467
686,26.7310,fl_knee,0.1467
687,26.7640,fl_knee,0.1466
688,26.7970,fl_knee,0.1466
689,26.8300,fl_knee,0.1595
690,26.8630,fl_knee,0.1461
691,26.8960,fl_knee,0.1461
692,26.9290,fl_knee,0.1460
693,26.9620,fl_knee,0.1460
694,26.9950,fl_knee,0.1460
695,27.0280,fl_knee,0.1460
696,27.0610,fl_knee,0.1461
697,27.0940,fl_knee,0.1461
698,27.1270,fl_knee,0.1461
699,27.1600,fl_knee,0.1461
700,27.1930,fl_knee,0.1461
701,27.2260,fl_knee,0.1461
702,27.2590,fl_knee,0.1460
703,27.2920,fl_knee,0.1460
704,27.3250,fl_knee,0.1460
705,27.3580,fl_knee,0.1460
706,27.3910,fl_knee,0.1460
707,27.4240,fl_knee,0.1460
708,27.4570,fl_knee,0.1459
709,27.4900,fl_knee,0.1459
710,27.5230,fl_knee,0.1459
711,27.5560,fl_knee,0.1458
712,27.5890,fl_knee,0.1458
713,27.6220,fl_knee,0.1458
714,27.6550,fl_knee,0.1458
715,27.6880,fl_knee,0.1457
716,27.7210,fl_knee,0.1457
717,27.7540,fl_knee,0.1456
718,27.7870,fl_knee,0.1456
719,27.8200,fl_knee,0.1456
720,27.8530,fl_knee,0.1456
721,27.8860,fl_knee,0.1455
722,27.9190,fl_knee,0.1455
723,27.9520,fl_knee,0.1455
724,27.9850,fl_knee,0.1454
725,28.0180,fl_knee,0.1454
726,28.0510,fl_knee,0.1454
727,28.0840,fl_knee,0.1453
728,28.1170,fl_knee,0.1453
729,28.1500,fl_knee,0.1453
730,28.1830,fl_knee,0.1453
731,28.2160,fl_knee,0.1452
732,28.2490,fl_knee,0.1452
733,28.2820,fl_knee,0.1452
734,28.3150,fl_knee,0.1451
735,28.3480,fl_knee,0.1451
736,28.3810,fl_knee,0.1451
737,28.4140,fl_knee,0.1450
738,28.4470,fl_knee,0.1450
739,28.4800,fl_knee,0.1450
740,28.5130,fl_knee,0.1450
741,28.5460,fl_knee,0.1449
742,28.5790,fl_knee,0.1449
743,28.6120,fl_knee,0.1449
744,28.6450,fl_knee,0.1444
745,28.6780,fl_knee,0.1448
746,28.7110,fl_knee,0.1436
747,28.7440,fl_knee,0.1433
748,28.7770,fl_knee,0.1431
749,28.8100,fl_knee,0.1431
750,28.8430,fl_knee,0.1430
751,28.8760,fl_knee,0.1429
752,28.9090,fl_knee,0.1429
753,28.9420,fl_knee,0.1429
754,28.9750,fl_knee,0.1429
755,29.0080,fl_knee,0.1429
756,29.0410,fl_knee,0.1429
757,29.0740,fl_knee,0.1430
758,29.1070,fl_knee,0.1430
759,29.1400,fl_knee,0.1430
760,29.1730,fl_knee,0.1431
761,29.2060,fl_knee,0.1431
762,29.2390,fl_knee,0.1432
763,29.2720,fl_knee,0.1432
764,29.3050,fl_knee,0.1433
765,29.3380,fl_knee,0.1434
766,29.3710,fr_knee,-0.1241
767,29.4040,fl_knee,0.1503
768,29.4370,fl_knee,0.1504
769,29.4700,fl_knee,0.1503
770,29.5030,fl_knee,0.1522
771,29.5360,fl_knee,0.1455
772,29.5690,fl_knee,0.1451
773,29.6020,fl_knee,0.1444
774,29.6350,fl_knee,0.1440
775,29.6680,fl_knee,0.1439
776,29.7010,fl_knee,0.1438
777,29.7340,fl_knee,0.1437
778,29.7670,fl_knee,0.1437
779,29.8000,fl_knee,0.1437
780,29.8330,fl_knee,0.1436
781,29.8660,fl_knee,0.1433
782,29.8990,fl_knee,0.1431
783,29.9320,fl_knee,0.1431
784,29.9650,fl_knee,0.1432
785,29.9980,fl_knee,0.1432
786,30.0310,fl_knee,0.1432
787,30.0640,fl_knee,0.1433
788,30.0970,fl_knee,0.1433
789,30.1300,fl_knee,0.1433
790,30.1630,fl_knee,0.1434
791,30.1960,fl_knee,0.1434
792,30.2290,fl_knee,0.1434
793,30.2620,fl_knee,0.1434
794,30.2950,fl_knee,0.1435
795,30.3280,fl_knee,0.1435
796,30.3610,fl_knee,0.1435
797,30.3940,fl_knee,0.1435
798,30.4270,fl_knee,0.1435
799,30.4600,fl_knee,0.1436
800,30.4930,fl_knee,0.1436
801,30.5260,fl_knee,0.1436
802,30.5590,fl_knee,0.1436
803,30.5920,fl_knee,0.1436
804,30.6250,fl_knee,0.1436
805,30.6580,fl_knee,0.1437
806,30.6910,fl_knee,0.1437
807,30.7240,fl_knee,0.1437
808,30.7570,fl_knee,0.1437
809,30.7900,fl_knee,0.1437
810,30.8230,fl_knee,0.1437
811,30.8560,fl_knee,0.1437
812,30.8890,fl_knee,0.1437
813,30.9220,fl_knee,0.1438
814,30.9550,fl_knee,0.1438
815,30.9880,fl_knee,0.1438
816,31.0210,fl_knee,0.1438
817,31.0540,fl_knee,0.1438
818,31.0870,fl_knee,0.1438
819,31.1200,fl_knee,0.1438
820,31.1530,fl_knee,0.1438
821,31.1860,fl_knee,0.1438
822,31.2190,fl_knee,0.1438
823,31.2520,fl_knee,0.1438
824,31.2850,fl_knee,0.1438
825,31.3180,fl_knee,0.1438
826,31.3510,fl_knee,0.1438
827,31.3840,fl_knee,0.1439
828,31.4170,fl_knee,0.1439
829,31.4500,fl_knee,0.1439
830,31.4830,fl_knee,0.1439
831,31.5160,fl_knee,0.1439
832,31.5490,fl_knee,0.1439
833,31.5820,fl_knee,0.1439
834,31.6150,fl_knee,0.1439
835,31.6480,fl_knee,0.1438
836,31.6810,fl_knee,0.1438
837,31.7140,fl_knee,0.1438
838,31.7470,fl_knee,0.1438
839,31.7800,fl_knee,0.1438
840,31.8130,fl_knee,0.1437
841,31.8460,fl_knee,0.1437
842,31.8790,fl_knee,0.1437
843,31.9120,fl_knee,0.1437
844,31.9450,fl_knee,0.1436
845,31.9780,fl_knee,0.1436
846,32.0110,fl_knee,0.1436
847,32.0440,fl_knee,0.1436
848,32.0770,fl_knee,0.1436
849,32.1100,fl_knee,0.1435
850,32.1430,fl_knee,0.1435
851,32.1760,fl_knee,0.1435
852,32.2090,fl_knee,0.1434
853,32.2420,fl_knee,0.1434
854,32.2750,fl_knee,0.1434
855,32.3080,fl_knee,0.1433
856,32.3410,fl_knee,0.1433
857,32.3740,fl_knee,0.1433
858,32.4070,fl_knee,0.1432
859,32.4400,fl_knee,0.1432
860,32.4730,fl_knee,0.1432
861,32.5060,fl_knee,0.1431
862,32.5390,fl_knee,0.1431
863,32.5720,fl_knee,0.1431
864,32.6050,fl_knee,0.1430
865,32.6380,fl_knee,0.1430
866,32.6710,fl_knee,0.1430
867,32.7040,fl_knee,0.1439
868,32.7370,fl_knee,0.1439
869,32.7700,fl_knee,0.1439
870,32.8030,fl_knee,0.1418
871,32.8360,fl_knee,0.1462
872,32.8690,fl_knee,0.1511
873,32.9020,fl_knee,0.1511
874,32.9350,fl_knee,0.1512
875,32.9680,fl_knee,0.1512
876,33.0010,fl_knee,0.1512
877,33.0340,fl_knee,0.1513
878,33.0670,fl_knee,0.1513
879,33.1000,fl_knee,0.1513
880,33.1330,fl_knee,0.1513
881,33.1660,fl_knee,0.1513
882,33.1990,fl_knee,0.1509
883,33.2320,fl_knee,0.1507
884,33.2650,fl_knee,0.1503
885,33.2980,fl_knee,0.1498
886,33.3310,fl_knee,0.1478
887,33.3640,fl_knee,0.1477
888,33.3970,fl_knee,0.1437
889,33.4300,fl_knee,0.1418
890,33.4630,fl_knee,0.1419
891,33.4960,fl_knee,0.1420
892,33.5290,fl_knee,0.1421
893,33.5620,fl_knee,0.1423
894,33.5950,fl_knee,0.1425
895,33.6280,fl_knee,0.1426
896,33.6610,fl_knee,0.1435
897,33.6940,fl_knee,0.1433
898,33.7270,fl_knee,0.1432
899,33.7600,fl_knee,0.1431
900,33.7930,fl_knee,0.1431
901,33.8260,fl_knee,0.1431
902,33.8590,fl_knee,0.1431
903,33.8920,fl_knee,0.1431
904,33.9250,fl_knee,0.1431
905,33.9580,fl_knee,0.1430
906,33.9910,fl_knee,0.1430
907,34.0240,fl_knee,0.1430
908,34.0570,fl_knee,0.1430
909,34.0900,fl_knee,0.1430
910,34.1230,fl_knee,0.1430
911,34.1560,fl_knee,0.1430
912,34.1890,fl_knee,0.1430
913,34.2220,fl_knee,0.1430
914,34.2550,fl_knee,0.1429
915,34.2880,fl_knee,0.1429
916,34.3210,fl_knee,0.1429
917,34.3540,fl_knee,0.1428
918,34.3870,fl_knee,0.1428
919,34.4200,fl_knee,0.1428
920,34.4530,fl_knee,0.1428
921,34.4860,fl_knee,0.1428
922,34.5190,fl_knee,0.1427
923,34.5520,fl_knee,0.1427
924,34.5850,fl_knee,0.1427
925,34.6180,br_knee,-0.1385
926,34.6510,fl_knee,0.1443
927,34.6840,fl_knee,0.1445
928,34.7170,fl_knee,0.1445
929,34.7500,fl_knee,0.1445
930,34.7830,fl_knee,0.1415
931,34.8160,fl_knee,0.1413
932,34.8490,fl_knee,0.1413
933,34.8820,fl_knee,0.1412
934,34.9150,fl_knee,0.1411
935,34.9480,fl_knee,0.1411
936,34.9810,fl_knee,0.1411
937,35.0140,fl_knee,0.1411
938,35.0470,fl_knee,0.1411
939,35.0800,fl_knee,0.1411
940,35.1130,fl_knee,0.1411
941,35.1460,fl_knee,0.1411
942,35.1790,fl_knee,0.1411
943,35.2120,fl_knee,0.1411
944,35.2450,fl_knee,0.1412
945,35.2780,fl_knee,0.1412
946,35.3110,fl_knee,0.1412
947,35.3440,fl_knee,0.1412
948,35.3770,fl_knee,0.1413
949,35.4100,fl_knee,0.1413
950,35.4430,fl_knee,0.1413
951,35.4760,fl_knee,0.1413
952,35.5090,fl_knee,0.1414
953,35.5420,fl_knee,0.1414
954,35.5750,fl_knee,0.1414
955,35.6080,fl_knee,0.1414
956,35.6410,fl_knee,0.1414
957,35.6740,fl_knee,0.1414
958,35.7070,fl_knee,0.1414
959,35.7400,fl_knee,0.1414
960,35.7730,fl_knee,0.1414
961,35.8060,fl_knee,0.1414
962,35.8390,fl_knee,0.1413
963,35.8720,fl_knee,0.1413
964,35.9050,fl_knee,0.1413
965,35.9380,fl_knee,0.1412
966,35.9710,fl_knee,0.1412
967,36.0040,fl_knee,0.1412
968,36.0370,fl_knee,0.1411
969,36.0700,fl_knee,0.1411
970,36.1030,fl_knee,0.1411
971,36.1360,fl_knee,0.1410
972,36.1690,fl_knee,0.1410
973,36.2020,fl_knee,0.1410
974,36.2350,fl_knee,0.1410
975,36.2680,fl_knee,0.1410
976,36.3010,fl_knee,0.1410
977,36.3340,fl_knee,0.1410
978,36.3670,fl_knee,0.1410
979,36.4000,fl_knee,0.1410
980,36.4330,fl_knee,0.1410
981,36.4660,fl_knee,0.1410
982,36.4990,fl_knee,0.1410
983,36.5320,fl_knee,0.1410
984,36.5650,fl_knee,0.1410
985,36.5980,fl_knee,0.1409
986,36.6310,fl_knee,0.1409
987,36.6640,fl_knee,0.1409
988,36.6970,fl_knee,0.1408
989,36.7300,fl_knee,0.1408
990,36.7630,fl_knee,0.1408
991,36.7960,fl_knee,0.1408
992,36.8290,fl_knee,0.1407
993,36.8620,fl_knee,0.1407
994,36.8950,fl_knee,0.1407
995,36.9280,fl_knee,0.1406
996,36.9610,fl_knee,0.1406
997,36.9940,fl_knee,0.1406
998,37.0270,fl_knee,0.1406
999,37.0600,fl_knee,0.1405
1000,37.0930,fl_knee,0.1405
1001,37.1260,fl_knee,0.1405
1002,37.1590,fl_knee,0.1404
1003,37.1920,fl_knee,0.1404
1004,37.2250,fl_knee,0.1404
1005,37.2580,fl_knee,0.1403
1006,37.2910,fl_knee,0.1403
1007,37.3240,fl_knee,0.1403
1008,37.3570,fl_knee,0.1402
1009,37.3900,fl_knee,0.1402
1010,37.4230,fl_knee,0.1402
1011,37.4560,fl_knee,0.1401
1012,37.4890,fl_knee,0.1401
1013,37.5220,fl_knee,0.1401
1014,37.5550,fl_knee,0.1401
1015,37.5880,fl_knee,0.1400
1016,37.6210,fl_knee,0.1400
1017,37.6540,fl_knee,0.1400
1018,37.6870,fl_knee,0.1399
1019,37.7200,fl_knee,0.1399
1020,37.7530,fl_knee,0.1399
1021,37.7860,fl_knee,0.1398
1022,37.8190,fl_knee,0.1398
1023,37.8520,fl_knee,0.1398
1024,37.8850,fl_knee,0.1398
1025,37.9180,fl_knee,0.1397
1026,37.9510,fl_knee,0.1397
1027,37.9840,fl_knee,0.1397
1028,38.0170,fl_knee,0.1396
1029,38.0500,fl_knee,0.1396
1030,38.0830,fl_knee,0.1396
1031,38.1160,fl_knee,0.1395
1032,38.1490,fl_knee,0.1395
1033,38.1820,fl_knee,0.1395
1034,38.2150,fl_knee,0.1395
1035,38.2480,fl_knee,0.1394
1036,38.2810,fl_knee,0.1394
1037,38.3140,fl_knee,0.1393
1038,38.3470,fl_knee,0.1393
1039,38.3800,fl_knee,0.1393
1040,38.4130,fl_knee,0.1393
1041,38.4460,fl_knee,0.1392
1042,38.4790,fl_knee,0.1392
1043,38.5120,fl_knee,0.1392
1044,38.5450,fl_knee,0.1387
1045,38.5780,fl_knee,0.1386
1046,38.6110,fl_knee,0.1385
1047,38.6440,fl_knee,0.1384
1048,38.6770,fl_knee,0.1384
1049,38.7100,fl_knee,0.1384
1050,38.7430,fl_knee,0.1384
1051,38.7760,fl_knee,0.1384
1052,38.8090,fl_knee,0.1384
1053,38.8420,fl_knee,0.1384
1054,38.8750,fl_knee,0.1385
1055,38.9080,fl_knee,0.1385
1056,38.9410,fl_knee,0.1385
1057,38.9740,fl_knee,0.1386
1058,39.0070,fl_knee,0.1386
1059,39.0400,fl_knee,0.1386
1060,39.0730,fl_knee,0.1387
1061,39.1060,fl_knee,0.1387
1062,39.1390,fl_knee,0.1387
1063,39.1720,fl_knee,0.1387
1064,39.2050,fl_knee,0.1386
1065,39.2380,fl_knee,0.1386
1066,39.2710,fl_knee,0.1386
1067,39.3040,fl_knee,0.1386
1068,39.3370,fl_knee,0.1386
1069,39.3700,fl_knee,0.1386
1070,39.4030,fl_knee,0.1386
1071,39.4360,fl_knee,0.1386
1072,39.4690,fl_knee,0.1386
1073,39.5020,fl_knee,0.1386
1074,39.5350,fl_knee,0.1385
1075,39.5680,fl_knee,0.1385
1076,39.6010,fl_knee,0.1385
1077,39.6340,fl_knee,0.1384
1078,39.6670,fl_knee,0.1384
1079,39.7000,fl_knee,0.1384
1080,39.7330,fl_knee,0.1384
1081,39.7660,fl_knee,0.1383
1082,39.7990,fl_knee,0.1383
1083,39.8320,fl_knee,0.1383
1084,39.8650,fl_knee,0.1383
1085,39.8980,fl_knee,0.1382
1086,39.9310,fl_knee,0.1382
1087,39.9640,fl_knee,0.1382
1088,39.9970,fl_knee,0.1381
1089,40.0300,fl_knee,0.1381
1090,40.0630,fl_knee,0.1381
1091,40.0960,fl_knee,0.1380
1092,40.1290,fl_knee,0.1380
1093,40.1620,fl_knee,0.1380
1094,40.1950,fl_knee,0.1379
1095,40.2280,fl_knee,0.1379
1096,40.2610,fl_knee,0.1379
1097,40.2940,fl_knee,0.1378
1098,40.3270,fl_knee,0.1378
1099,40.3600,fl_knee,0.1378
1100,40.3930,fl_knee,0.1378
1101,40.4260,fl_knee,0.1377
1102,40.4590,fl_knee,0.1377
1103,40.4920,fl_knee,0.1377
1104,40.5250,fl_knee,0.1376
1105,40.5580,fl_knee,0.1376
1106,40.5910,fl_knee,0.1376
1107,40.6240,fl_knee,0.1376
1108,40.6570,fl_knee,0.1375
1109,40.6900,fl_knee,0.1375
1110,40.7230,fl_knee,0.1375
1111,40.7560,fl_knee,0.1374
1112,40.7890,fl_knee,0.1374
1113,40.8220,fl_knee,0.1374
1114,40.8550,fl_knee,0.1373
1115,40.8880,fl_knee,0.1373
1116,40.9210,fl_knee,0.1373
1117,40.9540,fl_knee,0.1372
1118,40.9870,fl_knee,0.1372
1119,41.0200,fl_knee,0.1372
1120,41.0530,fl_knee,0.1372
1121,41.0860,fl_knee,0.1371
1122,41.1190,fl_knee,0.1371
1123,41.1520,fl_knee,0.1371
1124,41.1850,fl_knee,0.1370
1125,41.2180,fl_knee,0.1370
1126,41.2510,fl_knee,0.1370
1127,41.2840,fl_knee,0.1369
1128,41.3170,fl_knee,0.1369
1129,41.3500,fl_knee,0.1369
1130,41.3830,fl_knee,0.1369
1131,41.4160,fl_knee,0.1368
1132,41.4490,fl_knee,0.1368
1133,41.4820,fl_knee,0.1368
1134,41.5150,fl_knee,0.1367
1135,41.5480,fl_knee,0.1367
1136,41.5810,fl_knee,0.1367
1137,41.6140,fl_knee,0.1366
1138,41.6470,fl_knee,0.1366
1139,41.6800,fl_knee,0.1366
1140,41.7130,fl_knee,0.1365
1141,41.7460,fl_knee,0.1365
1142,41.7790,fl_knee,0.1365
1143,41.8120,fl_knee,0.1364
1144,41.8450,fl_knee,0.1364
1145,41.8780,fl_knee,0.1364
1146,41.9110,fl_knee,0.1364
1147,41.9440,fl_knee,0.1363
1148,41.9770,fl_knee,0.1363
1149,42.0100,fl_knee,0.1363
1150,42.0430,fl_knee,0.1362
1151,42.0760,fl_knee,0.1362
1152,42.1090,fl_knee,0.1362
1153,42.1420,fl_knee,0.1362
1154,42.1750,fl_knee,0.1361
1155,42.2080,fl_knee,0.1361
1156,42.2410,fl_knee,0.1361
1157,42.2740,fl_knee,0.1360
1158,42.3070,fl_knee,0.1360
1159,42.3400,fl_knee,0.1360
1160,42.3730,fl_knee,0.1359
1161,42.4060,fl_knee,0.1359
1162,42.4390,fl_knee,0.1359
1163,42.4720,fl_knee,0.1358
1164,42.5050,fl_knee,0.1358
1165,42.5380,fl_knee,0.1358
1166,42.5710,fl_knee,0.1357
1167,42.6040,fl_knee,0.1357
1168,42.6370,fl_knee,0.1357
1169,42.6700,fl_knee,0.1357
1170,42.7030,fl_knee,0.1356
1171,42.7360,fl_knee,0.1356
1172,42.7690,fl_knee,0.1356
1173,42.8020,fl_knee,0.1355
1174,42.8350,fl_knee,0.1355
1175,42.8680,fl_knee,0.1355
1176,42.9010,fl_knee,0.1354
1177,42.9340,fl_knee,0.1354
1178,42.9670,fl_knee,0.1354
1179,43.0000,fl_knee,0.1353
1180,43.0330,fl_knee,0.1353
1181,43.0660,fl_knee,0.1353
1182,43.0990,fl_knee,0.1353
1183,43.1320,fl_knee,0.1352
1184,43.1650,fl_knee,0.1352
1185,43.1980,fl_knee,0.1352
1186,43.2310,fl_knee,0.1351
1187,43.2640,fl_knee,0.1351
1188,43.2970,fl_knee,0.1351
1189,43.3300,fl_knee,0.1351
1190,43.3630,fl_knee,0.1350
1191,43.3960,fl_knee,0.1350
1192,43.4290,fl_knee,0.1349
1193,43.4620,fl_knee,0.1349
1194,43.4950,fl_knee,0.1349
1195,43.5280,fl_knee,0.1349
1196,43.5610,fl_knee,0.1348
1197,43.5940,fl_knee,0.1348
1198,43.6270,fl_knee,0.1348
1199,43.6600,fl_knee,0.1347
1200,43.6930,fl_knee,0.1347
1201,43.7260,fl_knee,0.1347
1202,43.7590,fl_knee,0.1346
1203,43.7920,fl_knee,0.1346
1204,43.8250,fl_knee,0.1346
1205,43.8580,fl_knee,0.1345
1206,43.8910,fl_knee,0.1345
1207,43.9240,fl_knee,0.1345
1208,43.9570,fl_knee,0.1345
1209,43.9900,fl_knee,0.1344
1210,44.0230,fl_knee,0.1344
1211,44.0560,fl_knee,0.1344
1212,44.0890,fl_knee,0.1343
1213,44.1220,fl_knee,0.1343
1214,44.1550,fl_knee,0.1342
1215,44.1880,fl_knee,0.1342
1216,44.2210,fl_knee,0.1342
1217,44.2540,fl_knee,0.1341
1218,44.2870,fl_knee,0.1341
1219,44.3200,fl_knee,0.1341
1220,44.3530,fl_knee,0.1340
1221,44.3860,fl_knee,0.1340
1222,44.4190,fl_knee,0.1340
1223,44.4520,fl_knee,0.1339
1224,44.4850,fl_knee,0.1339
1225,44.5180,fl_knee,0.1339
1226,44.5510,fl_knee,0.1338
1227,44.5840,fl_knee,0.1338
1228,44.6170,fl_knee,0.1338
1229,44.6500,fl_knee,0.1337
1230,44.6830,fl_knee,0.1337
1231,44.7160,fl_knee,0.1336
1232,44.7490,fl_knee,0.1336
1233,44.7820,bl_foot,0.1337
1234,44.8150,bl_foot,0.1338
1235,44.8480,bl_foot,0.1338
1236,44.8810,bl_foot,0.1339
1237,44.9140,bl_foot,0.1340
1238,44.9470,bl_foot,0.1341
1239,44.9800,bl_foot,0.1342
1240,45.0130,bl_foot,0.1343
1241,45.0460,bl_foot,0.1344
1242,45.0790,bl_foot,0.1345
1243,45.1120,bl_foot,0.1346
1244,45.1450,bl_foot,0.1346
1245,45.1780,bl_foot,0.1343
1246,45.2110,bl_foot,0.1347
1247,45.2440,bl_foot,0.1347
1248,45.2770,bl_foot,0.1348
1249,45.3100,bl_foot,0.1349
1250,45.3430,bl_foot,0.1350
1251,45.3760,bl_foot,0.1351
1252,45.4090,bl_foot,0.1352
1253,45.4420,fl_knee,0.1375
1254,45.4750,fl_knee,0.1375
1255,45.5080,fl_knee,0.1375
1256,45.5410,fl_knee,0.1374
1257,45.5740,fl_knee,0.1373
1258,45.6070,fl_knee,0.1372
1259,45.6400,fl_knee,0.1371
1260,45.6730,fl_knee,0.1369
1261,45.7060,fl_knee,0.1368
1262,45.7390,fl_knee,0.1367
1263,45.7720,fl_knee,0.1366
1264,45.8050,fl_knee,0.1364
1265,45.8380,bl_foot,0.1364
1266,45.8710,bl_foot,0.1365
1267,45.9040,bl_foot,0.1366
1268,45.9370,bl_foot,0.1368
1269,45.9700,bl_foot,0.1369
1270,46.0030,bl_foot,0.1370
1271,46.0360,bl_foot,0.1372
1272,46.0690,bl_foot,0.1372
1273,46.1020,bl_foot,0.1374
1274,46.1350,bl_foot,0.1375
1275,46.1680,bl_foot,0.1376
1276,46.2010,bl_foot,0.1378
1277,46.2340,bl_foot,0.1379
1278,46.2670,bl_foot,0.1380
1279,46.3000,bl_foot,0.1381
1280,46.3330,bl_foot,0.1382
1281,46.3660,bl_foot,0.1384
1282,46.3990,bl_foot,0.1385
1283,46.4320,bl_foot,0.1387
1284,46.4650,bl_foot,0.1387
1285,46.4980,bl_foot,0.1389
1286,46.5310,bl_foot,0.1390
1287,46.5640,bl_foot,0.1391
1288,46.5970,bl_foot,0.1393
1289,46.6300,bl_foot,0.1394
1290,46.6630,bl_foot,0.1395
1291,46.6960,bl_foot,0.1396
1292,46.7290,bl_foot,0.1397
1293,46.7620,bl_foot,0.1399
1294,46.7950,bl_foot,0.1400
1295,46.8280,bl_foot,0.1401
1296,46.8610,bl_foot,0.1402
1297,46.8940,bl_foot,0.1403
1298,46.9270,bl_foot,0.1404
1299,46.9600,bl_foot,0.1405
1300,46.9930,bl_foot,0.1406
1301,47.0260,bl_foot,0.1406
1302,47.0590,bl_foot,0.1407
1303,47.0920,bl_foot,0.1435
1304,47.1250,bl_foot,0.1361
1305,47.1580,bl_foot,0.1363
1306,47.1910,bl_foot,0.1365
1307,47.2240,bl_foot,0.1367
1308,47.2570,bl_foot,0.1369
1309,47.2900,bl_foot,0.1371
1310,47.3230,bl_foot,0.1373
1311,47.3560,bl_foot,0.1376
1312,47.3890,bl_foot,0.1377
1313,47.4220,bl_foot,0.1380
1314,47.4550,bl_foot,0.1382
1315,47.4880,bl_foot,0.1383
1316,47.5210,bl_foot,0.1385
1317,47.5540,bl_foot,0.1388
1318,47.5870,bl_foot,0.1389
1319,47.6200,bl_foot,0.1391
1320,47.6530,bl_foot,0.1392
1321,47.6860,bl_foot,0.1395
1322,47.7190,bl_foot,0.1397
1323,47.7520,bl_foot,0.1398
1324,47.7850,bl_foot,0.1401
1325,47.8180,bl_foot,0.1403
1326,47.8510,bl_foot,0.1404
1327,47.8840,bl_foot,0.1406
1328,47.9170,bl_foot,0.1407
1329,47.9500,bl_foot,0.1407
1330,47.9830,bl_foot,0.1408
1331,48.0160,bl_foot,0.1409
1332,48.0490,bl_foot,0.1410
1333,48.0820,bl_foot,0.1411
1334,48.1150,bl_foot,0.1412
1335,48.1480,bl_foot,0.1413
1336,48.1810,bl_foot,0.1414
1337,48.2140,bl_foot,0.1414
1338,48.2470,bl_foot,0.1415
1339,48.2800,bl_foot,0.1416
1340,48.3130,bl_foot,0.1416
1341,48.3460,bl_foot,0.1417
1342,48.3790,bl_foot,0.1418
1343,48.4120,bl_foot,0.1418
1344,48.4450,bl_foot,0.1419
1345,48.4780,bl_foot,0.1420
1346,48.5110,bl_foot,0.1420
1347,48.5440,bl_foot,0.1421
1348,48.5770,bl_foot,0.1431
1349,48.6100,bl_foot,0.1414
1350,48.6430,bl_foot,0.1411
1351,48.6760,bl_foot,0.1410
1352,48.7090,bl_foot,0.1410
1353,48.7420,bl_foot,0.1412
1354,48.7750,bl_foot,0.1413
1355,48.8080,bl_foot,0.1414
1356,48.8410,bl_foot,0.1416
1357,48.8740,bl_foot,0.1417
1358,48.9070,bl_foot,0.1418
1359,48.9400,bl_foot,0.1421
1360,48.9730,bl_foot,0.1426
1361,49.0060,bl_foot,0.1429
1362,49.0390,bl_foot,0.1427
1363,49.0720,bl_foot,0.1429
1364,49.1050,bl_foot,0.1431
1365,49.1380,bl_foot,0.1432
1366,49.1710,bl_foot,0.1433
1367,49.2040,bl_foot,0.1435
1368,49.2370,bl_foot,0.1436
1369,49.2700,bl_foot,0.1437
1370,49.3030,bl_foot,0.1438
1371,49.3360,bl_foot,0.1440
1372,49.3690,bl_foot,0.1441
1373,49.4020,bl_foot,0.1442
1374,49.4350,bl_foot,0.1443
1375,49.4680,bl_foot,0.1443
1376,49.5010,bl_foot,0.1445
1377,49.5340,bl_foot,0.1446
1378,49.5670,bl_foot,0.1446
1379,49.6000,bl_foot,0.1448
1380,49.6330,bl_foot,0.1449
1381,49.6660,bl_foot,0.1534
1382,49.6990,bl_foot,0.1440
1383,49.7320,bl_foot,0.1438
1384,49.7650,bl_foot,0.1437
1385,49.7980,bl_foot,0.1439
1386,49.8310,bl_foot,0.1440
1387,49.8640,bl_foot,0.1440
1388,49.8970,bl_foot,0.1441
1389,49.9300,bl_foot,0.1443
1390,49.9630,bl_foot,0.1443
1391,49.9960,bl_foot,0.1446
1392,50.0290,bl_foot,0.1449
1393,50.0620,bl_foot,0.1454
1394,50.0950,bl_foot,0.1460
1395,50.1280,bl_foot,0.1453
1396,50.1610,bl_foot,0.1456
1397,50.1940,bl_foot,0.1457
1398,50.2270,bl_foot,0.1458
1399,50.2600,bl_foot,0.1460
1400,50.2930,bl_foot,0.1461
1401,50.3260,bl_foot,0.1462
1402,50.3590,bl_foot,0.1464
1403,50.3920,bl_foot,0.1465
1404,50.4250,bl_foot,0.1466
1405,50.4580,bl_foot,0.1468
1406,50.4910,bl_foot,0.1468
1407,50.5240,bl_foot,0.1470
1408,50.5570,bl_foot,0.1471
1409,50.5900,bl_foot,0.1471
1410,50.6230,bl_foot,0.1473
1411,50.6560,bl_foot,0.1474
1412,50.6890,bl_foot,0.1474
1413,50.7220,bl_foot,0.1476
1414,50.7550,bl_foot,0.1477
1415,50.7880,bl_foot,0.1477
1416,50.8210,bl_foot,0.1478
1417,50.8540,bl_foot,0.1480
1418,50.8870,bl_foot,0.1480
1419,50.9200,bl_foot,0.1482
1420,50.9530,bl_foot,0.1482
1421,50.9860,bl_foot,0.1475
1422,51.0190,bl_foot,0.1476
1423,51.0520,bl_foot,0.1477
1424,51.0850,bl_foot,0.1477
1425,51.1180,bl_foot,0.1478
1426,51.1510,bl_foot,0.1479
1427,51.1840,bl_foot,0.1480
1428,51.2170,bl_foot,0.1482
1429,51.2500,bl_foot,0.1483
1430,51.2830,bl_foot,0.1484
1431,51.3160,bl_foot,0.1487
1432,51.3490,bl_foot,0.1490
1433,51.3820,bl_foot,0.1495
1434,51.4150,bl_foot,0.1489
1435,51.4480,bl_foot,0.1490
1436,51.4810,bl_foot,0.1492
1437,51.5140,bl_foot,0.1493
1438,51.5470,bl_foot,0.1494
1439,51.5800,bl_foot,0.1496
1440,51.6130,bl_foot,0.1497
1441,51.6460,bl_foot,0.1498
1442,51.6790,bl_foot,0.1500
1443,51.7120,bl_foot,0.1501
1444,51.7450,bl_foot,0.1502
1445,51.7780,bl_foot,0.1504
1446,51.8110,bl_foot,0.1505
1447,51.8440,bl_foot,0.1506
1448,51.8770,bl_foot,0.1507
1449,51.9100,bl_foot,0.1508
1450,51.9430,bl_foot,0.1509
1451,51.9760,bl_foot,0.1510
1452,52.0090,bl_foot,0.1511
1453,52.0420,bl_foot,0.1512
1454,52.0750,bl_foot,0.1513
1455,52.1080,bl_foot,0.1514
1456,52.1410,bl_foot,0.1515
1457,52.1740,bl_foot,0.1517
1458,52.2070,bl_foot,0.1517
1459,52.2400,bl_foot,0.1519
1460,52.2730,bl_foot,0.1520
1461,52.3060,bl_foot,0.1521
1462,52.3390,bl_foot,0.1522
1463,52.3720,bl_foot,0.1523
1464,52.4050,bl_foot,0.1524
1465,52.4380,bl_foot,0.1526
1466,52.4710,bl_foot,0.1526
1467,52.5040,bl_foot,0.1528
1468,52.5370,bl_foot,0.1529
1469,52.5700,bl_foot,0.1530
1470,52.6030,bl_foot,0.1531
1471,52.6360,bl_foot,0.1532
1472,52.6690,bl_foot,0.1533
1473,52.7020,bl_foot,0.1535
1474,52.7350,bl_foot,0.1536
1475,52.7680,bl_foot,0.1537
1476,52.8010,bl_foot,0.1538
1477,52.8340,bl_foot,0.1539
1478,52.8670,bl_foot,0.1540
1479,52.9000,bl_foot,0.1541
1480,52.9330,bl_foot,0.1570
1481,52.9660,bl_foot,0.1501
1482,52.9990,bl_foot,0.1503
1483,53.0320,bl_foot,0.1505
1484,53.0650,bl_foot,0.1506
1485,53.0980,bl_foot,0.1509
1486,53.1310,bl_foot,0.1511
1487,53.1640,bl_foot,0.1512
1488,53.1970,bl_foot,0.1515
1489,53.2300,bl_foot,0.1517
1490,53.2630,bl_foot,0.1518
1491,53.2960,bl_foot,0.1521
1492,53.3290,bl_foot,0.1522
1493,53.3620,bl_foot,0.1524
1494,53.3950,bl_foot,0.1527
1495,53.4280,bl_foot,0.1528
1496,53.4610,bl_foot,0.1531
1497,53.4940,bl_foot,0.1533
1498,53.5270,bl_foot,0.1534
1499,53.5600,bl_foot,0.1537
1500,53.5930,bl_foot,0.1539
1501,53.6260,bl_foot,0.1540
1502,53.6590,bl_foot,0.1542
1503,53.6920,bl_foot,0.1543
1504,53.7250,bl_foot,0.1545
1505,53.7580,bl_foot,0.1546
1506,53.7910,bl_foot,0.1547
1507,53.8240,bl_foot,0.1548
1508,53.8570,bl_foot,0.1549
1509,53.8900,bl_foot,0.1549
1510,53.9230,bl_foot,0.1550
1511,53.9560,bl_foot,0.1551
1512,53.9890,bl_foot,0.1551
1513,54.0220,bl_foot,0.1552
1514,54.0550,bl_foot,0.1553
1515,54.0880,bl_foot,0.1553
1516,54.1210,bl_foot,0.1554
1517,54.1540,bl_foot,0.1554
1518,54.1870,bl_foot,0.1555
1519,54.2200,bl_foot,0.1555
1520,54.2530,bl_foot,0.1556
1521,54.2860,bl_foot,0.1556
1522,54.3190,bl_foot,0.1557
1523,54.3520,bl_foot,0.1557
1524,54.3850,bl_foot,0.1558
1525,54.4180,bl_foot,0.1559
1526,54.4510,bl_foot,0.1559
1527,54.4840,bl_foot,0.1559
1528,54.5170,bl_foot,0.1559
1529,54.5500,bl_foot,0.1559
1530,54.5830,bl_foot,0.1559
1531,54.6160,bl_foot,0.1559
1532,54.6490,bl_foot,0.1559
1533,54.6820,bl_foot,0.1560
1534,54.7150,bl_foot,0.1560
1535,54.7480,bl_foot,0.1560
1536,54.7810,bl_foot,0.1560
1537,54.8140,bl_foot,0.1560
1538,54.8470,bl_foot,0.1560
1539,54.8800,bl_foot,0.1560
1540,54.9130,bl_foot,0.1560
1541,54.9460,bl_foot,0.1561
1542,54.9790,bl_foot,0.1561
1543,55.0120,bl_foot,0.1561
1544,55.0450,bl_foot,0.1561
1545,55.0780,bl_foot,0.1561
1546,55.1110,bl_foot,0.1561
1547,55.1440,bl_foot,0.1561
1548,55.1770,bl_foot,0.1561
1549,55.2100,bl_foot,0.1561
1550,55.2430,bl_foot,0.1562
1551,55.2760,bl_foot,0.1562
1552,55.3090,bl_foot,0.1562
1553,55.3420,bl_foot,0.1562
1554,55.3750,bl_foot,0.1562
1555,55.4080,bl_foot,0.1562
1556,55.4410,bl_foot,0.1562
1557,55.4740,bl_foot,0.1562
1558,55.5070,bl_foot,0.1563
1559,55.5400,bl_foot,0.1563
1560,55.5730,bl_foot,0.1563
1561,55.6060,bl_foot,0.1563
1562,55.6390,bl_foot,0.1563
1563,55.6720,bl_foot,0.1563
1564,55.7050,bl_foot,0.1563
1565,55.7380,bl_foot,0.1563
1566,55.7710,bl_foot,0.1563
1567,55.8040,bl_foot,0.1564
1568,55.8370,bl_foot,0.1564
1569,55.8700,bl_foot,0.1564
1570,55.9030,bl_foot,0.1564
1571,55.9360,bl_foot,0.1563
1572,55.9690,bl_foot,0.1562
1573,56.0020,bl_foot,0.1561
1574,56.0350,bl_foot,0.1560
1575,56.0680,bl_foot,0.1560
1576,56.1010,bl_foot,0.1559
1577,56.1340,bl_foot,0.1558
1578,56.1670,bl_foot,0.1557
1579,56.2000,bl_foot,0.1607
1580,56.2330,bl_foot,0.1513
1581,56.2660,bl_foot,0.1515
1582,56.2990,bl_foot,0.1517
1583,56.3320,bl_foot,0.1519
1584,56.3650,bl_foot,0.1520
1585,56.3980,bl_foot,0.1523
1586,56.4310,bl_foot,0.1524
1587,56.4640,bl_foot,0.1526
1588,56.4970,bl_foot,0.1526
1589,56.5300,bl_foot,0.1525
1590,56.5630,bl_foot,0.1523
1591,56.5960,bl_foot,0.1522
1592,56.6290,bl_foot,0.1521
1593,56.6620,bl_foot,0.1521
1594,56.6950,bl_foot,0.1520
1595,56.7280,bl_foot,0.1520
1596,56.7610,bl_foot,0.1520
1597,56.7940,bl_foot,0.1520
1598,56.8270,bl_foot,0.1520
1599,56.8600,bl_foot,0.1520
1600,56.8930,bl_foot,0.1520
1601,56.9260,bl_foot,0.1520
1602,56.9590,bl_foot,0.1520
1603,56.9920,bl_foot,0.1520
1604,57.0250,bl_foot,0.1520
1605,57.0580,bl_foot,0.1520
1606,57.0910,bl_foot,0.1520
1607,57.1240,bl_foot,0.1520
1608,57.1570,bl_foot,0.1521
1609,57.1900,bl_foot,0.1521
1610,57.2230,bl_foot,0.1521
1611,57.2560,bl_foot,0.1521
1612,57.2890,bl_foot,0.1521
1613,57.3220,bl_foot,0.1521
1614,57.3550,bl_foot,0.1521
1615,57.3880,bl_foot,0.1521
1616,57.4210,bl_foot,0.1521
1617,57.4540,bl_foot,0.1521
1618,57.4870,bl_foot,0.1521
1619,57.5200,bl_foot,0.1521
1620,57.5530,bl_foot,0.1520
1621,57.5860,bl_foot,0.1520
1622,57.6190,bl_foot,0.1519
1623,57.6520,bl_foot,0.1477
1624,57.6850,bl_foot,0.1489
1625,57.7180,bl_foot,0.1456
1626,57.7510,bl_foot,0.1462
1627,57.7840,bl_foot,0.1463
1628,57.8170,bl_foot,0.1439
1629,57.8500,bl_foot,0.1386
1630,57.8830,bl_foot,0.1388
1631,57.9160,bl_foot,0.1392
1632,57.9490,bl_foot,0.1395
1633,57.9820,bl_foot,0.1395
1634,58.0150,bl_foot,0.1397
1635,58.0480,bl_foot,0.1375
1636,58.0810,bl_foot,0.1349
1637,58.1140,bl_foot,0.1352
1638,58.1470,bl_foot,0.1353
1639,58.1800,bl_foot,0.1356
1640,58.2130,bl_foot,0.1357
1641,58.2460,bl_foot,0.1358
1642,58.2790,bl_foot,0.1359
1643,58.3120,bl_foot,0.1359
1644,58.3450,bl_foot,0.1359
1645,58.3780,bl_foot,0.1358
1646,58.4110,bl_foot,0.1358
1647,58.4440,bl_foot,0.1357
1648,58.4770,bl_foot,0.1356
1649,58.5100,bl_foot,0.1352
1650,58.5430,bl_foot,0.1353
1651,58.5760,bl_foot,0.1338
1652,58.6090,bl_foot,0.1338
1653,58.6420,bl_foot,0.1340
1654,58.6750,bl_foot,0.1342
1655,58.7080,bl_foot,0.1336
1656,58.7410,bl_foot,0.1340
1657,58.7740,bl_foot,0.1344
1658,58.8070,bl_foot,0.1346
1659,58.8400,bl_foot,0.1349
1660,58.8730,bl_foot,0.1350
1661,58.9060,bl_foot,0.1349
1662,58.9390,bl_foot,0.1348
1663,58.9720,bl_foot,0.1349
1664,59.0050,bl_foot,0.1351
1665,59.0380,bl_foot,0.1354
1666,59.0710,bl_foot,0.1355
1667,59.1040,bl_foot,0.1358
1668,59.1370,bl_foot,0.1360
1669,59.1700,bl_foot,0.1362
1670,59.2030,bl_foot,0.1364
1671,59.2360,bl_foot,0.1367
1672,59.2690,bl_foot,0.1368
1673,59.3020,bl_foot,0.1371
1674,59.3350,bl_foot,0.1373
1675,59.3680,bl_foot,0.1374
1676,59.4010,bl_foot,0.1377
1677,59.4340,bl_foot,0.1379
1678,59.4670,bl_foot,0.1381
1679,59.5000,bl_foot,0.1383
1680,59.5330,bl_foot,0.1385
1681,59.5660,bl_foot,0.1386
1682,59.5990,bl_foot,0.1388
1683,59.6320,bl_foot,0.1389
1684,59.6650,bl_foot,0.1391
1685,59.6980,bl_foot,0.1392
1686,59.7310,bl_foot,0.1394
1687,59.7640,bl_foot,0.1395
1688,59.7970,bl_foot,0.1397
1689,59.8300,bl_foot,0.1398
1690,59.8630,bl_foot,0.1400
1691,59.8960,bl_foot,0.1402
1692,59.9290,bl_foot,0.1403
1693,59.9620,bl_foot,0.1405
1694,59.9950,bl_foot,0.1406
1695,60.0280,bl_foot,0.1407
1696,60.0610,bl_foot,0.1408
1697,60.0940,bl_foot,0.1408
1698,60.1270,bl_foot,0.1410
1699,60.1600,bl_foot,0.1411
1700,60.1930,bl_foot,0.1412
1701,60.2260,bl_foot,0.1413
1702,60.2590,bl_foot,0.1414
1703,60.2920,bl_foot,0.1415
1704,60.3250,bl_foot,0.1416
1705,60.3580,bl_foot,0.1417
1706,60.3910,bl_foot,0.1418
1707,60.4240,bl_foot,0.1419
1708,60.4570,bl_foot,0.1420
1709,60.4900,bl_foot,0.1421
1710,60.5230,bl_foot,0.1422
1711,60.5560,bl_foot,0.1424
1712,60.5890,bl_foot,0.1424
1713,60.6220,bl_foot,0.1426
1714,60.6550,bl_foot,0.1427
1715,60.6880,bl_foot,0.1427
1716,60.7210,bl_foot,0.1429
1717,60.7540,bl_foot,0.1430
1718,60.7870,bl_foot,0.1431
1719,60.8200,bl_foot,0.1432
1720,60.8530,bl_foot,0.1433
1721,60.8860,bl_foot,0.1434
1722,60.9190,bl_foot,0.1435
1723,60.9520,bl_foot,0.1437
1724,60.9850,bl_foot,0.1437
1725,61.0180,bl_foot,0.1438
1726,61.0510,bl_foot,0.1440
1727,61.0840,bl_foot,0.1440
1728,61.1170,bl_foot,0.1442
1729,61.1500,bl_foot,0.1443
1730,61.1830,bl_foot,0.1444
1731,61.2160,bl_foot,0.1445
1732,61.2490,bl_foot,0.1446
1733,61.2820,bl_foot,0.1447
1734,61.3150,bl_foot,0.1448
1735,61.3480,bl_foot,0.1448
1736,61.3810,bl_foot,0.1448
1737,61.4140,bl_foot,0.1448
1738,61.4470,bl_foot,0.1449
1739,61.4800,bl_foot,0.1449
1740,61.5130,bl_foot,0.1449
1741,61.5460,bl_foot,0.1449
1742,61.5790,bl_foot,0.1449
1743,61.6120,bl_foot,0.1449
1744,61.6450,bl_foot,0.1449
1745,61.6780,bl_foot,0.1449
1746,61.7110,bl_foot,0.1450
1747,61.7440,bl_foot,0.1450
1748,61.7770,bl_foot,0.1432
1749,61.8100,bl_foot,0.1390
1750,61.8430,bl_foot,0.1391
1751,61.8760,bl_foot,0.1392
1752,61.9090,bl_foot,0.1393
1753,61.9420,bl_foot,0.1396
1754,61.9750,bl_foot,0.1399
1755,62.0080,bl_foot,0.1401
1756,62.0410,bl_foot,0.1404
1757,62.0740,bl_foot,0.1407
1758,62.1070,bl_foot,0.1409
1759,62.1400,bl_foot,0.1413
1760,62.1730,bl_foot,0.1417
1761,62.2060,bl_foot,0.1419
1762,62.2390,bl_foot,0.1423
1763,62.2720,bl_foot,0.1425
1764,62.3050,bl_foot,0.1429
1765,62.3380,bl_foot,0.1433
1766,62.3710,bl_foot,0.1435
1767,62.4040,bl_foot,0.1439
1768,62.4370,bl_foot,0.1442
1769,62.4700,bl_foot,0.1445
1770,62.5030,bl_foot,0.1446
1771,62.5360,bl_foot,0.1446
1772,62.5690,bl_foot,0.1446
1773,62.6020,bl_foot,0.1446
1774,62.6350,bl_foot,0.1446
1775,62.6680,bl_foot,0.1446
1776,62.7010,bl_foot,0.1446
1777,62.7340,bl_foot,0.1446
1778,62.7670,bl_foot,0.1446
1779,62.8000,bl_foot,0.1446
1780,62.8330,bl_foot,0.1446
1781,62.8660,bl_foot,0.1446
1782,62.8990,bl_foot,0.1447
1783,62.9320,bl_foot,0.1447
1784,62.9650,bl_foot,0.1447
1785,62.9980,bl_foot,0.1447
1786,63.0310,bl_foot,0.1447
1787,63.0640,bl_foot,0.1447
1788,63.0970,bl_foot,0.1447
1789,63.1300,bl_foot,0.1447
1790,63.1630,bl_foot,0.1447
1791,63.1960,bl_foot,0.1447
1792,63.2290,bl_foot,0.1448
1793,63.2620,bl_foot,0.1448
1794,63.2950,bl_foot,0.1448
1795,63.3280,bl_foot,0.1448
1796,63.3610,bl_foot,0.1448
1797,63.3940,bl_foot,0.1448
1798,63.4270,bl_foot,0.1448
1799,63.4600,bl_foot,0.1448
1800,63.4930,bl_foot,0.1448
1801,63.5260,bl_foot,0.1448
1802,63.5590,bl_foot,0.1449
1803,63.5920,bl_foot,0.1449
1804,63.6250,bl_foot,0.1449
1805,63.6580,bl_foot,0.1449
1806,63.6910,bl_foot,0.1449
1807,63.7240,bl_foot,0.1449
1808,63.7570,bl_foot,0.1449
1809,63.7900,bl_foot,0.1449
1810,63.8230,bl_foot,0.1449
1811,63.8560,bl_foot,0.1449
1812,63.8890,bl_foot,0.1449
1813,63.9220,bl_foot,0.1450
1814,63.9550,bl_foot,0.1450
1815,63.9880,bl_foot,0.1450
1816,64.0210,bl_foot,0.1450
1817,64.0540,bl_foot,0.1450
1818,64.0870,bl_foot,0.1450
1819,64.1200,bl_foot,0.1450
1820,64.1530,bl_foot,0.1450
1821,64.1860,bl_foot,0.1450
1822,64.2190,bl_foot,0.1450
1823,64.2520,bl_foot,0.1451
1824,64.2850,bl_foot,0.1451
1825,64.3180,bl_foot,0.1451
1826,64.3510,bl_foot,0.1451
1827,64.3840,bl_foot,0.1451
1828,64.4170,bl_foot,0.1451
1829,64.4500,bl_foot,0.1451
1830,64.4830,bl_foot,0.1451
1831,64.5160,bl_foot,0.1452
1832,64.5490,bl_foot,0.1452
1833,64.5820,bl_foot,0.1452
1834,64.6150,bl_foot,0.1452
1835,64.6480,bl_foot,0.1452
1836,64.6810,bl_foot,0.1452
1837,64.7140,bl_foot,0.1452
1838,64.7470,bl_foot,0.1452
1839,64.7800,bl_foot,0.1452
1840,64.8130,bl_foot,0.1453
1841,64.8460,bl_foot,0.1453
1842,64.8790,bl_foot,0.1453
1843,64.9120,bl_foot,0.1453
1844,64.9450,bl_foot,0.1453
1845,64.9780,bl_foot,0.1453
1846,65.0110,bl_foot,0.1453
1847,65.0440,bl_foot,0.1453
1848,65.0770,bl_foot,0.1454
1849,65.1100,bl_foot,0.1454
1850,65.1430,bl_foot,0.1454
1851,65.1760,bl_foot,0.1454
1852,65.2090,bl_foot,0.1454
1853,65.2420,bl_foot,0.1454
1854,65.2750,bl_foot,0.1454
1855,65.3080,bl_foot,0.1454
1856,65.3410,bl_foot,0.1455
1857,65.3740,bl_foot,0.1455
1858,65.4070,bl_foot,0.1455
1859,65.4400,bl_foot,0.1455
1860,65.4730,bl_foot,0.1454
1861,65.5060,bl_foot,0.1454
1862,65.5390,bl_foot,0.1454
1863,65.5720,bl_foot,0.1453
1864,65.6050,bl_foot,0.1453
1865,65.6380,bl_foot,0.1452
1866,65.6710,bl_foot,0.1452
1867,65.7040,bl_foot,0.1452
1868,65.7370,bl_foot,0.1451
1869,65.7700,bl_foot,0.1451
1870,65.8030,bl_foot,0.1450
1871,65.8360,bl_foot,0.1450
1872,65.8690,bl_foot,0.1450
1873,65.9020,bl_foot,0.1439
1874,65.9350,bl_foot,0.1440
1875,65.9680,bl_foot,0.1440
1876,66.0010,bl_foot,0.1441
1877,66.0340,bl_foot,0.1442
1878,66.0670,bl_foot,0.1442
1879,66.1000,bl_foot,0.1441
1880,66.1330,bl_foot,0.1441
1881,66.1660,bl_foot,0.1440
1882,66.1990,bl_foot,0.1439
1883,66.2320,bl_foot,0.1438
1884,66.2650,bl_foot,0.1438
1885,66.2980,bl_foot,0.1437
1886,66.3310,bl_foot,0.1436
1887,66.3640,bl_foot,0.1396
1888,66.3970,bl_foot,0.1392
1889,66.4300,bl_foot,0.1393
1890,66.4630,bl_foot,0.1394
1891,66.4960,bl_foot,0.1394
1892,66.5290,bl_foot,0.1394
1893,66.5620,bl_foot,0.1394
1894,66.5950,bl_foot,0.1393
1895,66.6280,bl_foot,0.1393
1896,66.6610,bl_foot,0.1393
1897,66.6940,bl_foot,0.1392
1898,66.7270,bl_foot,0.1392
1899,66.7600,bl_foot,0.1391
1900,66.7930,bl_foot,0.1390
1901,66.8260,bl_foot,0.1390
1902,66.8590,bl_foot,0.1388
1903,66.8920,bl_foot,0.1388
1904,66.9250,bl_foot,0.1390
1905,66.9580,bl_foot,0.1392
1906,66.9910,bl_foot,0.1393
1907,67.0240,bl_foot,0.1396
1908,67.0570,bl_foot,0.1400
1909,67.0900,bl_foot,0.1401
1910,67.1230,bl_foot,0.1403
1911,67.1560,bl_foot,0.1403
1912,67.1890,bl_foot,0.1403
1913,67.2220,bl_foot,0.1403
1914,67.2550,bl_foot,0.1403
1915,67.2880,bl_foot,0.1403
1916,67.3210,bl_foot,0.1403
1917,67.3540,bl_foot,0.1403
1918,67.3870,bl_foot,0.1403
1919,67.4200,bl_foot,0.1404
1920,67.4530,bl_foot,0.1404
1921,67.4860,bl_foot,0.1404
1922,67.5190,bl_foot,0.1404
1923,67.5520,bl_foot,0.1404
1924,67.5850,bl_foot,0.1404
1925,67.6180,bl_foot,0.1404
1926,67.6510,bl_foot,0.1404
1927,67.6840,bl_foot,0.1404
1928,67.7170,bl_foot,0.1404
1929,67.7500,bl_foot,0.1404
1930,67.7830,bl_foot,0.1404
1931,67.8160,bl_foot,0.1405
1932,67.8490,bl_foot,0.1405
1933,67.8820,bl_foot,0.1405
1934,67.9150,bl_foot,0.1405
1935,67.9480,bl_foot,0.1405
1936,67.9810,bl_foot,0.1405
1937,68.0140,bl_foot,0.1405
1938,68.0470,bl_foot,0.1405
1939,68.0800,bl_foot,0.1405
1940,68.1130,bl_foot,0.1405
1941,68.1460,bl_foot,0.1405
1942,68.1790,bl_foot,0.1404
1943,68.2120,bl_foot,0.1404
1944,68.2450,bl_foot,0.1404
1945,68.2780,bl_foot,0.1403
1946,68.3110,bl_foot,0.1403
1947,68.3440,bl_foot,0.1443
1948,68.3770,bl_foot,0.1390
1949,68.4100,bl_foot,0.1392
1950,68.4430,bl_foot,0.1386
1951,68.4760,bl_foot,0.1398
1952,68.5090,bl_foot,0.1397
1953,68.5420,bl_foot,0.1397
1954,68.5750,bl_foot,0.1398
1955,68.6080,bl_foot,0.1399
1956,68.6410,bl_foot,0.1400
1957,68.6740,bl_foot,0.1400
1958,68.7070,bl_foot,0.1395
1959,68.7400,bl_foot,0.1397
1960,68.7730,bl_foot,0.1396
1961,68.8060,bl_foot,0.1396
1962,68.8390,bl_foot,0.1396
1963,68.8720,bl_foot,0.1395
1964,68.9050,bl_foot,0.1395
1965,68.9380,bl_foot,0.1395
1966,68.9710,bl_foot,0.1394
1967,69.0040,bl_foot,0.1394
1968,69.0370,bl_foot,0.1394
1969,69.0700,bl_foot,0.1393
1970,69.1030,bl_foot,0.1393
1971,69.1360,bl_foot,0.1392
1972,69.1690,bl_foot,0.1385
1973,69.2020,bl_foot,0.1355
1974,69.2350,bl_foot,0.1356
1975,69.2680,bl_foot,0.1357
1976,69.3010,bl_foot,0.1357
1977,69.3340,bl_foot,0.1358
1978,69.3670,bl_foot,0.1359
1979,69.4000,bl_foot,0.1359
1980,69.4330,bl_foot,0.1360
1981,69.4660,bl_foot,0.1361
1982,69.4990,bl_foot,0.1362
1983,69.5320,bl_foot,0.1362
1984,69.5650,bl_foot,0.1363
1985,69.5980,bl_foot,0.1364
1986,69.6310,bl_foot,0.1365
1987,69.6640,bl_foot,0.1365
1988,69.6970,bl_foot,0.1366
1989,69.7300,bl_foot,0.1367
1990,69.7630,bl_foot,0.1368
1991,69.7960,bl_foot,0.1369
1992,69.8290,bl_foot,0.1369
1993,69.8620,bl_foot,0.1370
1994,69.8950,bl_foot,0.1371
1995,69.9280,bl_foot,0.1371
1996,69.9610,bl_foot,0.1372
1997,69.9940,bl_foot,0.1373
1998,70.0270,bl_foot,0.1374
1999,70.0600,bl_foot,0.1375
2000,70.0930,bl_foot,0.1377
2001,70.1260,bl_foot,0.1378
2002,70.1590,bl_foot,0.1380
2003,70.1920,bl_foot,0.1381
2004,70.2250,bl_foot,0.1382
2005,70.2580,bl_foot,0.1385
2006,70.2910,bl_foot,0.1385
2007,70.3240,bl_foot,0.1385
2008,70.3570,bl_foot,0.1385
2009,70.3900,bl_foot,0.1385
2010,70.4230,bl_foot,0.1385
2011,70.4560,bl_foot,0.1395
2012,70.4890,bl_foot,0.1401
2013,70.5220,bl_foot,0.1400
2014,70.5550,bl_foot,0.1457
2015,70.5880,bl_foot,0.1396
2016,70.6210,bl_foot,0.1400
2017,70.6540,bl_foot,0.1401
2018,70.6870,bl_foot,0.1402
2019,70.7200,bl_foot,0.1403
2020,70.7530,bl_foot,0.1403
2021,70.7860,bl_foot,0.1319
2022,70.8190,bl_foot,0.1405
2023,70.8520,bl_foot,0.1401
2024,70.8850,bl_foot,0.1395
2025,70.9180,bl_foot,0.1387
2026,70.9510,bl_foot,0.1386
2027,70.9840,bl_foot,0.1385
2028,71.0170,bl_foot,0.1384
2029,71.0500,bl_foot,0.1384
2030,71.0830,bl_foot,0.1383
2031,71.1160,bl_foot,0.1382
2032,71.1490,bl_foot,0.1382
2033,71.1820,bl_foot,0.1381
2034,71.2150,bl_foot,0.1381
2035,71.2480,bl_foot,0.1381
2036,71.2810,bl_foot,0.1380
2037,71.3140,bl_foot,0.1357
2038,71.3470,bl_foot,0.1357
2039,71.3800,bl_foot,0.1342
2040,71.4130,bl_foot,0.1329
2041,71.4460,bl_foot,0.1329
2042,71.4790,bl_foot,0.1330
2043,71.5120,bl_foot,0.1331
2044,71.5450,bl_foot,0.1332
2045,71.5780,bl_foot,0.1332
2046,71.6110,bl_foot,0.1333
2047,71.6440,bl_foot,0.1334
2048,71.6770,bl_foot,0.1335
2049,71.7100,bl_foot,0.1335
2050,71.7430,bl_foot,0.1336
2051,71.7760,bl_foot,0.1337
2052,71.8090,bl_foot,0.1337
2053,71.8420,bl_foot,0.1338
2054,71.8750,bl_foot,0.1339
2055,71.9080,bl_foot,0.1339
2056,71.9410,bl_foot,0.1340
2057,71.9740,bl_foot,0.1341
2058,72.0070,bl_foot,0.1341
2059,72.0400,bl_foot,0.1342
2060,72.0730,bl_foot,0.1343
2061,72.1060,bl_foot,0.1343
2062,72.1390,bl_foot,0.1344
2063,72.1720,bl_foot,0.1345
2064,72.2050,bl_foot,0.1346
2065,72.2380,bl_foot,0.1346
2066,72.2710,bl_foot,0.1347
2067,72.3040,bl_foot,0.1348
2068,72.3370,bl_foot,0.1349
2069,72.3700,bl_foot,0.1349
2070,72.4030,bl_foot,0.1350
2071,72.4360,bl_foot,0.1350
2072,72.4690,bl_foot,0.1350
2073,72.5020,bl_foot,0.1350
2074,72.5350,bl_foot,0.1350
2075,72.5680,bl_foot,0.1353
2076,72.6010,bl_foot,0.1354
2077,72.6340,bl_foot,0.1355
2078,72.6670,bl_foot,0.1355
2079,72.7000,bl_foot,0.1356
2080,72.7330,bl_foot,0.1357
2081,72.7660,bl_foot,0.1357
2082,72.7990,bl_foot,0.1358
2083,72.8320,bl_foot,0.1359
2084,72.8650,bl_foot,0.1360
2085,72.8980,bl_foot,0.1360
2086,72.9310,bl_foot,0.1361
2087,72.9640,bl_foot,0.1362
2088,72.9970,bl_foot,0.1363
2089,73.0300,bl_foot,0.1363
2090,73.0630,bl_foot,0.1364
2091,73.0960,bl_foot,0.1365
2092,73.1290,bl_foot,0.1366
2093,73.1620,bl_foot,0.1366
2094,73.1950,bl_foot,0.1367
2095,73.2280,bl_foot,0.1367
2096,73.2610,bl_foot,0.1368
2097,73.2940,bl_foot,0.1368
2098,73.3270,bl_foot,0.1367
2099,73.3600,bl_foot,0.1367
2100,73.3930,bl_foot,0.1366
2101,73.4260,bl_foot,0.1366
2102,73.4590,bl_foot,0.1365
2103,73.4920,bl_foot,0.1365
2104,73.5250,bl_foot,0.1365
2105,73.5580,bl_foot,0.1364
2106,73.5910,bl_foot,0.1363
2107,73.6240,bl_foot,0.1363
2108,73.6570,bl_foot,0.1363
2109,73.6900,bl_foot,0.1362
2110,73.7230,bl_foot,0.1362
2111,73.7560,bl_foot,0.1361
2112,73.7890,bl_foot,0.1361
2113,73.8220,bl_foot,0.1360
2114,73.8550,bl_foot,0.1360
2115,73.8880,bl_foot,0.1359
2116,73.9210,bl_foot,0.1359
2117,73.9540,bl_foot,0.1358
2118,73.9870,bl_foot,0.1358
2119,74.0200,bl_foot,0.1358
2120,74.0530,bl_foot,0.1357
2121,74.0860,bl_foot,0.1357
2122,74.1190,bl_foot,0.1356
2123,74.1520,bl_foot,0.1356
2124,74.1850,bl_foot,0.1356
2125,74.2180,bl_foot,0.1355
2126,74.2510,bl_foot,0.1355
2127,74.2840,bl_foot,0.1355
2128,74.3170,bl_foot,0.1354
2129,74.3500,bl_foot,0.1354
2130,74.3830,bl_foot,0.1354
2131,74.4160,bl_foot,0.1353
2132,74.4490,bl_foot,0.1353
2133,74.4820,bl_foot,0.1353
2134,74.5150,bl_foot,0.1352
2135,74.5480,bl_foot,0.1352
2136,74.5810,bl_foot,0.1352
2137,74.6140,bl_foot,0.1351
2138,74.6470,bl_foot,0.1351
2139,74.6800,bl_foot,0.1350
2140,74.7130,bl_foot,0.1350
2141,74.7460,bl_foot,0.1350
2142,74.7790,bl_foot,0.1350
2143,74.8120,bl_foot,0.1350
2144,74.8450,bl_foot,0.1349
2145,74.8780,bl_foot,0.1349
2146,74.9110,bl_foot,0.1349
2147,74.9440,bl_foot,0.1349
2148,74.9770,bl_foot,0.1349
2149,75.0100,bl_foot,0.1348
2150,75.0430,bl_foot,0.1348
2151,75.0760,bl_foot,0.1348
2152,75.1090,bl_foot,0.1348
2153,75.1420,bl_foot,0.1358
2154,75.1750,bl_foot,0.1358
2155,75.2080,bl_foot,0.1358
2156,75.2410,bl_foot,0.1358
2157,75.2740,bl_foot,0.1358
2158,75.3070,bl_foot,0.1358
2159,75.3400,bl_foot,0.1358
2160,75.3730,bl_foot,0.1358
2161,75.4060,bl_foot,0.1352
2162,75.4390,bl_foot,0.1353
2163,75.4720,bl_foot,0.1354
2164,75.5050,bl_foot,0.1354
2165,75.5380,bl_foot,0.1355
2166,75.5710,bl_foot,0.1356
2167,75.6040,bl_foot,0.1356
2168,75.6370,bl_foot,0.1357
2169,75.6700,bl_foot,0.1358
2170,75.7030,bl_foot,0.1358
2171,75.7360,bl_foot,0.1359
2172,75.7690,bl_foot,0.1359
2173,75.8020,bl_foot,0.1360
2174,75.8350,bl_foot,0.1361
2175,75.8680,bl_foot,0.1361
2176,75.9010,bl_foot,0.1362
2177,75.9340,bl_foot,0.1363
2178,75.9670,bl_foot,0.1363
2179,76.0000,bl_foot,0.1364
2180,76.0330,bl_foot,0.1365
2181,76.0660,bl_foot,0.1365
2182,76.0990,bl_foot,0.1366
2183,76.1320,bl_foot,0.1366
2184,76.1650,bl_foot,0.1367
2185,76.1980,bl_foot,0.1367
2186,76.2310,bl_foot,0.1367
2187,76.2640,bl_foot,0.1366
2188,76.2970,bl_foot,0.1366
2189,76.3300,bl_foot,0.1376
2190,76.3630,bl_foot,0.1379
2191,76.3960,bl_foot,0.1382
2192,76.4290,bl_foot,0.1384
2193,76.4620,bl_foot,0.1385
2194,76.4950,bl_foot,0.1386
2195,76.5280,bl_foot,0.1386
2196,76.5610,bl_foot,0.1387
2197,76.5940,bl_foot,0.1384
2198,76.6270,bl_foot,0.1376
2199,76.6600,bl_foot,0.1359
2200,76.6930,bl_foot,0.1353
2201,76.7260,bl_foot,0.1350
2202,76.7590,bl_foot,0.1347
2203,76.7920,bl_foot,0.1344
2204,76.8250,bl_foot,0.1328
2205,76.8580,bl_foot,0.1328
2206,76.8910,bl_foot,0.1328
2207,76.9240,bl_foot,0.1328
2208,76.9570,bl_foot,0.1309
2209,76.9900,bl_foot,0.1309
2210,77.0230,bl_foot,0.1310
2211,77.0560,bl_foot,0.1311
2212,77.0890,bl_foot,0.1311
2213,77.1220,bl_foot,0.1312
2214,77.1550,bl_foot,0.1313
2215,77.1880,bl_foot,0.1313
2216,77.2210,bl_foot,0.1314
2217,77.2540,bl_foot,0.1315
2218,77.2870,bl_foot,0.1315
2219,77.3200,bl_foot,0.1316
2220,77.3530,bl_foot,0.1317
2221,77.3860,bl_foot,0.1317
2222,77.4190,bl_foot,0.1319
2223,77.4520,bl_foot,0.1320
2224,77.4850,bl_foot,0.1321
2225,77.5180,bl_foot,0.1322
2226,77.5510,bl_foot,0.1324
2227,77.5840,bl_foot,0.1324
2228,77.6170,bl_foot,0.1326
2229,77.6500,bl_foot,0.1326
2230,77.6830,bl_foot,0.1328
2231,77.7160,bl_foot,0.1329
2232,77.7490,bl_foot,0.1330
2233,77.7820,bl_foot,0.1331
2234,77.8150,bl_foot,0.1333
2235,77.8480,bl_foot,0.1333
2236,77.8810,bl_foot,0.1335
2237,77.9140,bl_foot,0.1335
2238,77.9470,bl_foot,0.1335
2239,77.9800,bl_foot,0.1335
2240,78.0130,bl_foot,0.1335
2241,78.0460,bl_foot,0.1335
2242,78.0790,bl_foot,0.1335
2243,78.1120,bl_foot,0.1335
2244,78.1450,bl_foot,0.1336
2245,78.1780,bl_foot,0.1336
2246,78.2110,bl_foot,0.1336
2247,78.2440,bl_foot,0.1336
2248,78.2770,bl_foot,0.1336
2249,78.3100,bl_foot,0.1336
2250,78.3430,bl_foot,0.1336
2251,78.3760,bl_foot,0.1336
2252,78.4090,bl_foot,0.1336
2253,78.4420,bl_foot,0.1336
2254,78.4750,bl_foot,0.1336
2255,78.5080,bl_foot,0.1336
2256,78.5410,bl_foot,0.1336
2257,78.5740,bl_foot,0.1336
2258,78.6070,bl_foot,0.1336
2259,78.6400,bl_foot,0.1336
2260,78.6730,bl_foot,0.1335
2261,78.7060,bl_foot,0.1335
2262,78.7390,bl_foot,0.1335
2263,78.7720,bl_foot,0.1335
2264,78.8050,bl_foot,0.1335
2265,78.8380,bl_foot,0.1335
2266,78.8710,bl_foot,0.1335
2267,78.9040,bl_foot,0.1335
2268,78.9370,bl_foot,0.1334
2269,78.9700,bl_foot,0.1334
2270,79.0030,bl_foot,0.1334
2271,79.0360,bl_foot,0.1334
2272,79.0690,bl_foot,0.1334
2273,79.1020,bl_foot,0.1334
2274,79.1350,bl_foot,0.1334
2275,79.1680,bl_foot,0.1334
2276,79.2010,bl_foot,0.1333
2277,79.2340,bl_foot,0.1333
2278,79.2670,bl_foot,0.1333
2279,79.3000,bl_foot,0.1333
2280,79.3330,bl_foot,0.1334
2281,79.3660,bl_foot,0.1334
2282,79.3990,bl_foot,0.1320
2283,79.4320,bl_foot,0.1337
2284,79.4650,bl_foot,0.1337
2285,79.4980,bl_foot,0.1349
2286,79.5310,bl_foot,0.1323
2287,79.5640,bl_foot,0.1323
2288,79.5970,bl_foot,0.1324
2289,79.6300,bl_foot,0.1325
2290,79.6630,bl_foot,0.1325
2291,79.6960,bl_foot,0.1326
2292,79.7290,bl_foot,0.1326
2293,79.7620,bl_foot,0.1326
2294,79.7950,bl_foot,0.1326
2295,79.8280,bl_foot,0.1326
2296,79.8610,bl_foot,0.1326
2297,79.8940,bl_foot,0.1325
2298,79.9270,bl_foot,0.1325
2299,79.9600,bl_foot,0.1325
2300,79.9930,bl_foot,0.1324
2301,80.0260,bl_foot,0.1283
2302,80.0590,bl_foot,0.1275
2303,80.0920,bl_foot,0.1275
2304,80.1250,bl_foot,0.1276
2305,80.1580,bl_foot,0.1273
2306,80.1910,bl_foot,0.1274
2307,80.2240,bl_foot,0.1274
2308,80.2570,bl_foot,0.1275
2309,80.2900,bl_foot,0.1276
2310,80.3230,bl_foot,0.1277
2311,80.3560,bl_foot,0.1278
2312,80.3890,bl_foot,0.1278
2313,80.4220,bl_foot,0.1279
2314,80.4550,bl_foot,0.1280
2315,80.4880,bl_foot,0.1281
2316,80.5210,bl_foot,0.1281
2317,80.5540,bl_foot,0.1282
2318,80.5870,bl_foot,0.1283
2319,80.6200,bl_foot,0.1284
2320,80.6530,bl_foot,0.1285
2321,80.6860,bl_foot,0.1287
2322,80.7190,bl_foot,0.1289
2323,80.7520,bl_foot,0.1290
2324,80.7850,bl_foot,0.1293
2325,80.8180,bl_foot,0.1295
2326,80.8510,bl_foot,0.1297
2327,80.8840,bl_foot,0.1299
2328,80.9170,bl_foot,0.1301
2329,80.9500,bl_foot,0.1302
2330,80.9830,bl_foot,0.1305
2331,81.0160,bl_foot,0.1307
2332,81.0490,bl_foot,0.1308
2333,81.0820,bl_foot,0.1309
2334,81.1150,bl_foot,0.1309
2335,81.1480,bl_foot,0.1308
2336,81.1810,bl_foot,0.1308
2337,81.2140,bl_foot,0.1308
2338,81.2470,bl_foot,0.1308
2339,81.2800,bl_foot,0.1308
2340,81.3130,bl_foot,0.1308
2341,81.3460,bl_foot,0.1307
2342,81.3790,bl_foot,0.1307
2343,81.4120,bl_foot,0.1307
2344,81.4450,bl_foot,0.1307
2345,81.4780,bl_foot,0.1307
2346,81.5110,bl_foot,0.1307
2347,81.5440,bl_foot,0.1306
2348,81.5770,bl_foot,0.1306
2349,81.6100,bl_foot,0.1306
2350,81.6430,bl_foot,0.1306
2351,81.6760,bl_foot,0.1306
2352,81.7090,bl_foot,0.1305
2353,81.7420,bl_foot,0.1305
2354,81.7750,bl_foot,0.1305
2355,81.8080,bl_foot,0.1305
2356,81.8410,bl_foot,0.1305
2357,81.8740,bl_foot,0.1305
2358,81.9070,bl_foot,0.1305
2359,81.9400,bl_foot,0.1306
2360,81.9730,bl_foot,0.1306
2361,82.0060,bl_foot,0.1307
2362,82.0390,bl_foot,0.1308
2363,82.0720,bl_foot,0.1308
2364,82.1050,bl_foot,0.1308
2365,82.1380,bl_foot,0.1309
2366,82.1710,bl_foot,0.1309
2367,82.2040,bl_foot,0.1310
2368,82.2370,bl_foot,0.1311
2369,82.2700,bl_foot,0.1311
2370,82.3030,bl_foot,0.1312
2371,82.3360,bl_foot,0.1312
2372,82.3690,bl_foot,0.1312
2373,82.4020,bl_foot,0.1313
2374,82.4350,bl_foot,0.1314
2375,82.4680,bl_foot,0.1314
2376,82.5010,bl_foot,0.1315
2377,82.5340,bl_foot,0.1316
2378,82.5670,bl_foot,0.1317
2379,82.6000,bl_foot,0.1318
2380,82.6330,bl_foot,0.1319
2381,82.6660,bl_foot,0.1320
2382,82.6990,bl_foot,0.1321
2383,82.7320,bl_foot,0.1322
2384,82.7650,bl_foot,0.1322
2385,82.7980,bl_foot,0.1323
2386,82.8310,bl_foot,0.1323
2387,82.8640,bl_foot,0.1323
2388,82.8970,bl_foot,0.1323
2389,82.9300,bl_foot,0.1323
2390,82.9630,bl_foot,0.1323
2391,82.9960,bl_foot,0.1323
2392,83.0290,bl_foot,0.1323
2393,83.0620,bl_foot,0.1323
2394,83.0950,bl_foot,0.1323
2395,83.1280,bl_foot,0.1323
2396,83.1610,bl_foot,0.1323
2397,83.1940,bl_foot,0.1323
2398,83.2270,bl_foot,0.1323
2399,83.2600,bl_foot,0.1323
2400,83.2930,bl_foot,0.1323
2401,83.3260,bl_foot,0.1323
2402,83.3590,bl_foot,0.1323
2403,83.3920,bl_foot,0.1323
2404,83.4250,bl_foot,0.1323
2405,83.4580,bl_foot,0.1323
2406,83.4910,bl_foot,0.1338
2407,83.5240,bl_foot,0.1326
2408,83.5570,bl_foot,0.1327
2409,83.5900,bl_foot,0.1327
2410,83.6230,bl_foot,0.1328
2411,83.6560,bl_foot,0.1329
2412,83.6890,bl_foot,0.1329
2413,83.7220,bl_foot,0.1330
2414,83.7550,bl_foot,0.1330
2415,83.7880,bl_foot,0.1330
2416,83.8210,bl_foot,0.1331
2417,83.8540,bl_foot,0.1332
2418,83.8870,bl_foot,0.1332
2419,83.9200,bl_foot,0.1333
2420,83.9530,bl_foot,0.1333
2421,83.9860,bl_foot,0.1334
2422,84.0190,bl_foot,0.1334
2423,84.0520,bl_foot,0.1335
2424,84.0850,bl_foot,0.1335
2425,84.1180,bl_foot,0.1336
2426,84.1510,bl_foot,0.1337
2427,84.1840,bl_foot,0.1337
2428,84.2170,bl_foot,0.1338
2429,84.2500,bl_foot,0.1338
2430,84.2830,bl_foot,0.1339
2431,84.3160,bl_foot,0.1340
2432,84.3490,bl_foot,0.1340
2433,84.3820,bl_foot,0.1341
2434,84.4150,bl_foot,0.1342
2435,84.4480,bl_foot,0.1343
2436,84.4810,bl_foot,0.1344
2437,84.5140,bl_foot,0.1345
2438,84.5470,bl_foot,0.1346
2439,84.5800,bl_foot,0.1347
2440,84.6130,bl_foot,0.1348
2441,84.6460,bl_foot,0.1348
2442,84.6790,bl_foot,0.1349
2443,84.7120,bl_foot,0.1350
2444,84.7450,bl_foot,0.1351
2445,84.7780,bl_foot,0.1351
2446,84.8110,bl_foot,0.1352
2447,84.8440,bl_foot,0.1313
2448,84.8770,fr_foot,-0.1303
2449,84.9100,fr_foot,-0.1303
2450,84.9430,fr_foot,-0.1304
2451,84.9760,fr_foot,-0.1305
2452,85.0090,fr_foot,-0.1305
2453,85.0420,fr_foot,-0.1306
2454,85.0750,fr_foot,-0.1306
2455,85.1080,fr_foot,-0.1307
2456,85.1410,fr_foot,-0.1308
2457,85.1740,fr_foot,-0.1308
2458,85.2070,fr_foot,-0.1309
2459,85.2400,fr_foot,-0.1309
2460,85.2730,fr_foot,-0.1310
2461,85.3060,fr_foot,-0.1311
2462,85.3390,fr_foot,-0.1311
2463,85.3720,fr_foot,-0.1312
2464,85.4050,fr_foot,-0.1312
2465,85.4380,fr_foot,-0.1313
2466,85.4710,fr_foot,-0.1314
2467,85.5040,fr_foot,-0.1314
2468,85.5370,fr_foot,-0.1315
2469,85.5700,fr_foot,-0.1316
2470,85.6030,fr_foot,-0.1316
2471,85.6360,fr_foot,-0.1317
2472,85.6690,fr_foot,-0.1318
2473,85.7020,fr_foot,-0.1318
2474,85.7350,fr_foot,-0.1319
2475,85.7680,fr_foot,-0.1320
2476,85.8010,fr_foot,-0.1320
2477,85.8340,fr_foot,-0.1321
2478,85.8670,fr_foot,-0.1321
2479,85.9000,fr_foot,-0.1322
2480,85.9330,fr_foot,-0.1324
2481,85.9660,fr_foot,-0.1324
2482,85.9990,fr_foot,-0.1326
2483,86.0320,fr_foot,-0.1326
2484,86.0650,fr_foot,-0.1328
2485,86.0980,fr_foot,-0.1329
2486,86.1310,fr_foot,-0.1330
2487,86.1640,fr_foot,-0.1331
2488,86.1970,fr_foot,-0.1332
2489,86.2300,fr_foot,-0.1333
2490,86.2630,fr_foot,-0.1334
2491,86.2960,fr_foot,-0.1335
2492,86.3290,fr_foot,-0.1336
2493,86.3620,fr_foot,-0.1337
2494,86.3950,fr_foot,-0.1338
2495,86.4280,fr_foot,-0.1338
2496,86.4610,fr_foot,-0.1339
2497,86.4940,fr_foot,-0.1339
2498,86.5270,fr_foot,-0.1340
2499,86.5600,fr_foot,-0.1340
2500,86.5930,fr_foot,-0.1341
2501,86.6260,fr_foot,-0.1341
2502,86.6590,fr_foot,-0.1342
2503,86.6920,fr_foot,-0.1343
2504,86.7250,fr_foot,-0.1343
2505,86.7580,fr_foot,-0.1344
2506,86.7910,fr_foot,-0.1344
2507,86.8240,fr_foot,-0.1345
2508,86.8570,fr_foot,-0.1345
2509,86.8900,fr_foot,-0.1346
2510,86.9230,fr_foot,-0.1346
2511,86.9560,fr_foot,-0.1347
2512,86.9890,fr_foot,-0.1347
2513,87.0220,fr_foot,-0.1348
2514,87.0550,fr_foot,-0.1349
2515,87.0880,fr_foot,-0.1349
2516,87.1210,fr_foot,-0.1350
2517,87.1540,fr_foot,-0.1351
2518,87.1870,fr_foot,-0.1351
2519,87.2200,fr_foot,-0.1352
2520,87.2530,fr_foot,-0.1352
2521,87.2860,fr_foot,-0.1353
2522,87.3190,fr_foot,-0.1353
2523,87.3520,fr_foot,-0.1354
2524,87.3850,fr_foot,-0.1354
2525,87.4180,fr_foot,-0.1355
2526,87.4510,fr_foot,-0.1355
2527,87.4840,fr_foot,-0.1356
2528,87.5170,fr_foot,-0.1357
2529,87.5500,fr_foot,-0.1357
2530,87.5830,fr_foot,-0.1358
2531,87.6160,fr_foot,-0.1358
2532,87.6490,fr_foot,-0.1359
2533,87.6820,fr_foot,-0.1359
2534,87.7150,fr_foot,-0.1327
2535,87.7480,fr_foot,-0.1333
2536,87.7810,fr_foot,-0.1335
2537,87.8140,fr_foot,-0.1335
2538,87.8470,fr_foot,-0.1336
2539,87.8800,fr_foot,-0.1336
2540,87.9130,fr_foot,-0.1337
2541,87.9460,fr_foot,-0.1338
2542,87.9790,fr_foot,-0.1338
2543,88.0120,fr_foot,-0.1339
2544,88.0450,fr_foot,-0.1339
2545,88.0780,fr_foot,-0.1319
2546,88.1110,fr_foot,-0.1321
2547,88.1440,fr_foot,-0.1321
2548,88.1770,fr_foot,-0.1322
2549,88.2100,fr_foot,-0.1322
2550,88.2430,fr_foot,-0.1323
2551,88.2760,fr_foot,-0.1324
2552,88.3090,fr_foot,-0.1325
2553,88.3420,fr_foot,-0.1325
2554,88.3750,fr_foot,-0.1326
2555,88.4080,fr_foot,-0.1326
2556,88.4410,fr_foot,-0.1327
2557,88.4740,fr_foot,-0.1328
2558,88.5070,fr_foot,-0.1328
2559,88.5400,fr_foot,-0.1329
2560,88.5730,fr_foot,-0.1329
2561,88.6060,fr_foot,-0.1330
2562,88.6390,fr_foot,-0.1331
2563,88.6720,fr_foot,-0.1331
2564,88.7050,fr_foot,-0.1332
2565,88.7380,fr_foot,-0.1332
2566,88.7710,fr_foot,-0.1333
2567,88.8040,fr_foot,-0.1333
2568,88.8370,fr_foot,-0.1334
2569,88.8700,fr_foot,-0.1335
2570,88.9030,fr_foot,-0.1335
2571,88.9360,fr_foot,-0.1336
2572,88.9690,fr_foot,-0.1336
2573,89.0020,fr_foot,-0.1337
2574,89.0350,fr_foot,-0.1338
2575,89.0680,fr_foot,-0.1338
2576,89.1010,fr_foot,-0.1339
2577,89.1340,fr_foot,-0.1340
2578,89.1670,fr_foot,-0.1340
2579,89.2000,fr_foot,-0.1341
2580,89.2330,fr_foot,-0.1341
2581,89.2660,fr_foot,-0.1342
2582,89.2990,fr_foot,-0.1342
2583,89.3320,fr_foot,-0.1343
2584,89.3650,fr_foot,-0.1344
2585,89.3980,fr_foot,-0.1344
2586,89.4310,fr_foot,-0.1345
2587,89.4640,fr_foot,-0.1346
2588,89.4970,fr_foot,-0.1346
2589,89.5300,fr_foot,-0.1347
2590,89.5630,fr_foot,-0.1347
2591,89.5960,fr_foot,-0.1348
2592,89.6290,fr_foot,-0.1348
2593,89.6620,fr_foot,-0.1349
2594,89.6950,fr_foot,-0.1350
2595,89.7280,fr_foot,-0.1350
2596,89.7610,fr_foot,-0.1351
2597,89.7940,fr_foot,-0.1351
2598,89.8270,fr_foot,-0.1352
2599,89.8600,fr_foot,-0.1353
2600,89.8930,fr_foot,-0.1353
2601,89.9260,fr_foot,-0.1354
2602,89.9590,fr_foot,-0.1354
2603,89.9920,fr_foot,-0.1355
2604,90.0250,fr_foot,-0.1355
2605,90.0580,fr_foot,-0.1356
2606,90.0910,fr_foot,-0.1357
2607,90.1240,fr_foot,-0.1358
2608,90.1570,fr_foot,-0.1359
2609,90.1900,fr_foot,-0.1360
2610,90.2230,fr_foot,-0.1361
2611,90.2560,fr_foot,-0.1362
2612,90.2890,fr_foot,-0.1363
2613,90.3220,fr_foot,-0.1364
2614,90.3550,fr_foot,-0.1365
2615,90.3880,fr_foot,-0.1365
2616,90.4210,fr_foot,-0.1367
2617,90.4540,fr_foot,-0.1368
2618,90.4870,fr_foot,-0.1368
2619,90.5200,fr_foot,-0.1370
2620,90.5530,fr_foot,-0.1371
2621,90.5860,fr_foot,-0.1371
2622,90.6190,fr_foot,-0.1373
2623,90.6520,fr_foot,-0.1373
2624,90.6850,fr_foot,-0.1374
2625,90.7180,fr_foot,-0.1376
2626,90.7510,fr_foot,-0.1376
2627,90.7840,fr_foot,-0.1377
2628,90.8170,fr_foot,-0.1379
2629,90.8500,fr_foot,-0.1379
2630,90.8830,fr_foot,-0.1380
2631,90.9160,fr_foot,-0.1381
2632,90.9490,fr_foot,-0.1381
2633,90.9820,fr_foot,-0.1382
2634,91.0150,fr_foot,-0.1382
2635,91.0480,fr_foot,-0.1383
2636,91.0810,fr_foot,-0.1383
2637,91.1140,fr_foot,-0.1384
2638,91.1470,fr_foot,-0.1384
2639,91.1800,fr_foot,-0.1385
2640,91.2130,fr_foot,-0.1385
2641,91.2460,fr_foot,-0.1385
2642,91.2790,fr_foot,-0.1384
2643,91.3120,fr_foot,-0.1384
2644,91.3450,fr_foot,-0.1384
2645,91.3780,fr_foot,-0.1384
2646,91.4110,fr_foot,-0.1384
2647,91.4440,fr_foot,-0.1384
2648,91.4770,fr_foot,-0.1384
2649,91.5100,fr_foot,-0.1384
2650,91.5430,fr_foot,-0.1384
2651,91.5760,fr_foot,-0.1384
2652,91.6090,fr_foot,-0.1383
2653,91.6420,fr_foot,-0.1383
2654,91.6750,fr_foot,-0.1383
2655,91.7080,fr_foot,-0.1383
2656,91.7410,fr_foot,-0.1382
2657,91.7740,fr_foot,-0.1382
2658,91.8070,fr_foot,-0.1381
2659,91.8400,fr_foot,-0.1381
2660,91.8730,fr_foot,-0.1381
2661,91.9060,fr_foot,-0.1380
2662,91.9390,fr_foot,-0.1380
2663,91.9720,fr_foot,-0.1380
2664,92.0050,fr_foot,-0.1379
2665,92.0380,fr_foot,-0.1379
2666,92.0710,fr_foot,-0.1379
2667,92.1040,fr_foot,-0.1378
2668,92.1370,fr_foot,-0.1378
2669,92.1700,fr_foot,-0.1378
2670,92.2030,fr_foot,-0.1377
2671,92.2360,fr_foot,-0.1377
2672,92.2690,fr_foot,-0.1376
2673,92.3020,fr_foot,-0.1376
2674,92.3350,fr_foot,-0.1376
2675,92.3680,fr_foot,-0.1375
2676,92.4010,fr_foot,-0.1375
2677,92.4340,fr_foot,-0.1375
2678,92.4670,fr_foot,-0.1375
2679,92.5000,fr_foot,-0.1374
2680,92.5330,fr_foot,-0.1374
2681,92.5660,fr_foot,-0.1374
2682,92.5990,fr_foot,-0.1373
2683,92.6320,fr_foot,-0.1373
2684,92.6650,fr_foot,-0.1373
2685,92.6980,fr_foot,-0.1372
2686,92.7310,fr_foot,-0.1372
2687,92.7640,fr_foot,-0.1372
2688,92.7970,fr_foot,-0.1371
2689,92.8300,fr_foot,-0.1371
2690,92.8630,fr_foot,-0.1371
2691,92.8960,fr_foot,-0.1370
2692,92.9290,fr_foot,-0.1370
2693,92.9620,fr_foot,-0.1369
2694,92.9950,fr_foot,-0.1369
2695,93.0280,fr_foot,-0.1369
2696,93.0610,fr_foot,-0.1368
2697,93.0940,fr_foot,-0.1368
2698,93.1270,fr_foot,-0.1368
2699,93.1600,fr_foot,-0.1367
2700,93.1930,fr_foot,-0.1367
2701,93.2260,fr_foot,-0.1367
2702,93.2590,fr_foot,-0.1366
2703,93.2920,fr_foot,-0.1366
2704,93.3250,fr_foot,-0.1366
2705,93.3580,fr_foot,-0.1365
2706,93.3910,fr_foot,-0.1365
2707,93.4240,fr_foot,-0.1365
2708,93.4570,fr_foot,-0.1365
2709,93.4900,fr_foot,-0.1364
2710,93.5230,fr_foot,-0.1364
2711,93.5560,fr_foot,-0.1364
2712,93.5890,fr_foot,-0.1363
2713,93.6220,fr_foot,-0.1363
2714,93.6550,fr_foot,-0.1363
2715,93.6880,fr_foot,-0.1362
2716,93.7210,fr_foot,-0.1362
2717,93.7540,fr_foot,-0.1362
2718,93.7870,fr_foot,-0.1361
2719,93.8200,fr_foot,-0.1361
2720,93.8530,fr_foot,-0.1361
2721,93.8860,fr_foot,-0.1360
2722,93.9190,fr_foot,-0.1360
2723,93.9520,fr_foot,-0.1360
2724,93.9850,fr_foot,-0.1359
2725,94.0180,fr_foot,-0.1359
2726,94.0510,fr_foot,-0.1359
2727,94.0840,fr_foot,-0.1358
2728,94.1170,fr_foot,-0.1358
2729,94.1500,fr_foot,-0.1358
2730,94.1830,fr_foot,-0.1358
2731,94.2160,fr_foot,-0.1357
2732,94.2490,fr_foot,-0.1357
2733,94.2820,fr_foot,-0.1357
2734,94.3150,fr_foot,-0.1356
2735,94.3480,fr_foot,-0.1356
2736,94.3810,fr_foot,-0.1356
2737,94.4140,fr_foot,-0.1355
2738,94.4470,fr_foot,-0.1355
2739,94.4800,fr_foot,-0.1355
2740,94.5130,fr_foot,-0.1354
2741,94.5460,fr_foot,-0.1354
2742,94.5790,fr_foot,-0.1354
2743,94.6120,fr_foot,-0.1353
2744,94.6450,fr_foot,-0.1353
2745,94.6780,fr_foot,-0.1353
2746,94.7110,fr_foot,-0.1352
2747,94.7440,fr_foot,-0.1352
2748,94.7770,fr_foot,-0.1352
2749,94.8100,fr_foot,-0.1352
2750,94.8430,fr_foot,-0.1351
2751,94.8760,fr_foot,-0.1351
2752,94.9090,fr_foot,-0.1351
2753,94.9420,fr_foot,-0.1350
2754,94.9750,fr_foot,-0.1350
2755,95.0080,fr_foot,-0.1350
2756,95.0410,fr_foot,-0.1349
2757,95.0740,fr_foot,-0.1349
2758,95.1070,fr_foot,-0.1349
2759,95.1400,fr_foot,-0.1348
2760,95.1730,fr_foot,-0.1348
2761,95.2060,fr_foot,-0.1348
2762,95.2390,fr_foot,-0.1348
2763,95.2720,fr_foot,-0.1347
2764,95.3050,fr_foot,-0.1347
2765,95.3380,fr_foot,-0.1347
2766,95.3710,fr_foot,-0.1346
2767,95.4040,fr_foot,-0.1346
2768,95.4370,fr_foot,-0.1346
2769,95.4700,fr_foot,-0.1346
2770,95.5030,fr_foot,-0.1345
2771,95.5360,fr_foot,-0.1345
2772,95.5690,fr_foot,-0.1345
2773,95.6020,fr_foot,-0.1344
2774,95.6350,fr_foot,-0.1344
2775,95.6680,fr_foot,-0.1344
2776,95.7010,fr_foot,-0.1343
2777,95.7340,fr_foot,-0.1343
2778,95.7670,fr_foot,-0.1343
2779,95.8000,fr_foot,-0.1342
2780,95.8330,fr_foot,-0.1342
2781,95.8660,fr_foot,-0.1342
2782,95.8990,fr_foot,-0.1342
2783,95.9320,fr_foot,-0.1341
2784,95.9650,fr_foot,-0.1341
2785,95.9980,fr_foot,-0.1341
2786,96.0310,fr_foot,-0.1340
2787,96.0640,fr_foot,-0.1340
2788,96.0970,fr_foot,-0.1340
2789,96.1300,fr_foot,-0.1340
2790,96.1630,fr_foot,-0.1339
2791,96.1960,fr_foot,-0.1339
2792,96.2290,fr_foot,-0.1339
2793,96.2620,fr_foot,-0.1338
2794,96.2950,fr_foot,-0.1338
2795,96.3280,fr_foot,-0.1338
2796,96.3610,fr_foot,-0.1338
2797,96.3940,fr_foot,-0.1337
2798,96.4270,fr_foot,-0.1337
2799,96.4600,fr_foot,-0.1337
2800,96.4930,fr_foot,-0.1336
2801,96.5260,fr_foot,-0.1336
2802,96.5590,fr_foot,-0.1336
2803,96.5920,fr_foot,-0.1335
2804,96.6250,fr_foot,-0.1335
2805,96.6580,fr_foot,-0.1335
2806,96.6910,fr_foot,-0.1335
2807,96.7240,fr_foot,-0.1334
2808,96.7570,fr_foot,-0.1334
2809,96.7900,fr_foot,-0.1334
2810,96.8230,fr_foot,-0.1334
2811,96.8560,fr_foot,-0.1333
2812,96.8890,fr_foot,-0.1295
2813,96.9220,fr_foot,-0.1296
2814,96.9550,fr_foot,-0.1300
2815,96.9880,fr_foot,-0.1301
2816,97.0210,fr_foot,-0.1302
2817,97.0540,fr_foot,-0.1303
2818,97.0870,fr_foot,-0.1304
2819,97.1200,fr_foot,-0.1304
2820,97.1530,fr_foot,-0.1304
2821,97.1860,fr_foot,-0.1304
2822,97.2190,fr_foot,-0.1304
2823,97.2520,fr_foot,-0.1304
2824,97.2850,fr_foot,-0.1304
2825,97.3180,fr_foot,-0.1303
2826,97.3510,bl_foot,0.1281
2827,97.3840,bl_foot,0.1281
2828,97.4170,bl_foot,0.1281
2829,97.4500,bl_foot,0.1282
2830,97.4830,bl_foot,0.1282
2831,97.5160,bl_foot,0.1283
2832,97.5490,bl_foot,0.1283
2833,97.5820,bl_foot,0.1284
2834,97.6150,bl_foot,0.1284
2835,97.6480,bl_foot,0.1285
2836,97.6810,bl_foot,0.1286
2837,97.7140,bl_foot,0.1286
2838,97.7470,bl_foot,0.1287
2839,97.7800,bl_foot,0.1288
2840,97.8130,bl_foot,0.1289
2841,97.8460,bl_foot,0.1289
2842,97.8790,bl_foot,0.1290
2843,97.9120,bl_foot,0.1291
2844,97.9450,bl_foot,0.1291
2845,97.9780,bl_foot,0.1292
2846,98.0110,bl_foot,0.1293
2847,98.0440,bl_foot,0.1293
2848,98.0770,bl_foot,0.1294
2849,98.1100,bl_foot,0.1295
2850,98.1430,bl_foot,0.1295
2851,98.1760,bl_foot,0.1296
2852,98.2090,bl_foot,0.1297
2853,98.2420,bl_foot,0.1298
2854,98.2750,bl_foot,0.1298
2855,98.3080,bl_foot,0.1299
2856,98.3410,bl_foot,0.1300
2857,98.3740,bl_foot,0.1301
2858,98.4070,bl_foot,0.1302
2859,98.4400,bl_foot,0.1303
2860,98.4730,bl_foot,0.1305
2861,98.5060,bl_foot,0.1306
2862,98.5390,bl_foot,0.1307
2863,98.5720,bl_foot,0.1309
2864,98.6050,bl_foot,0.1310
2865,98.6380,bl_foot,0.1311
2866,98.6710,bl_foot,0.1312
2867,98.7040,bl_foot,0.1312
2868,98.7370,bl_foot,0.1313
2869,98.7700,bl_foot,0.1313
2870,98.8030,bl_foot,0.1312
2871,98.8360,bl_foot,0.1312
2872,98.8690,bl_foot,0.1312
2873,98.9020,bl_foot,0.1312
2874,98.9350,bl_foot,0.1312
2875,98.9680,bl_foot,0.1312
2876,99.0010,bl_foot,0.1312
2877,99.0340,bl_foot,0.1312
2878,99.0670,bl_foot,0.1312
2879,99.1000,bl_foot,0.1312
2880,99.1330,bl_foot,0.1312
2881,99.1660,bl_foot,0.1312
2882,99.1990,bl_foot,0.1312
2883,99.2320,bl_foot,0.1312
2884,99.2650,bl_foot,0.1312
2885,99.2980,bl_foot,0.1312
2886,99.3310,bl_foot,0.1312
2887,99.3640,bl_foot,0.1312
2888,99.3970,bl_foot,0.1312
2889,99.4300,bl_foot,0.1312
2890,99.4630,bl_foot,0.1312
2891,99.4960,bl_foot,0.1312
2892,99.5290,bl_foot,0.1312
2893,99.5620,bl_foot,0.1312
2894,99.5950,bl_foot,0.1312
2895,99.6280,bl_foot,0.1312
2896,99.6610,bl_foot,0.1312
2897,99.6940,bl_foot,0.1313
2898,99.7270,bl_foot,0.1313
2899,99.7600,bl_foot,0.1313
2900,99.7930,bl_foot,0.1313
2901,99.8260,bl_foot,0.1313
2902,99.8590,bl_foot,0.1313
2903,99.8920,bl_foot,0.1313
2904,99.9250,bl_foot,0.1313
2905,99.9580,bl_foot,0.1313
2906,99.9910,bl_foot,0.1313
2907,100.0240,bl_foot,0.1313
2908,100.0570,bl_foot,0.1313
2909,100.0900,bl_foot,0.1313
2910,100.1230,bl_foot,0.1313
2911,100.1560,bl_foot,0.1314
2912,100.1890,bl_foot,0.1314
2913,100.2220,bl_foot,0.1314
2914,100.2550,bl_foot,0.1315
2915,100.2880,bl_foot,0.1315
2916,100.3210,bl_foot,0.1315
2917,100.3540,bl_foot,0.1316
2918,100.3870,bl_foot,0.1316
2919,100.4200,bl_foot,0.1316
2920,100.4530,bl_foot,0.1317
2921,100.4860,bl_foot,0.1317
2922,100.5190,bl_foot,0.1317
2923,100.5520,bl_foot,0.1318
2924,100.5850,bl_foot,0.1318
2925,100.6180,bl_foot,0.1318
2926,100.6510,bl_foot,0.1319
2927,100.6840,bl_foot,0.1319
2928,100.7170,bl_foot,0.1319
2929,100.7500,bl_foot,0.1320
2930,100.7830,bl_foot,0.1320
2931,100.8160,bl_foot,0.1320
2932,100.8490,bl_foot,0.1321
2933,100.8820,bl_foot,0.1321
2934,100.9150,bl_foot,0.1321
2935,100.9480,bl_foot,0.1322
2936,100.9810,bl_foot,0.1322
2937,101.0140,bl_foot,0.1323
2938,101.0470,bl_foot,0.1323
2939,101.0800,bl_foot,0.1323
2940,101.1130,bl_foot,0.1324
2941,101.1460,bl_foot,0.1324
2942,101.1790,bl_foot,0.1324
2943,101.2120,bl_foot,0.1325
2944,101.2450,bl_foot,0.1325
2945,101.2780,bl_foot,0.1325
2946,101.3110,bl_foot,0.1325
2947,101.3440,bl_foot,0.1326
2948,101.3770,bl_foot,0.1326
2949,101.4100,bl_foot,0.1326
2950,101.4430,bl_foot,0.1326
2951,101.4760,bl_foot,0.1327
2952,101.5090,bl_foot,0.1327
2953,101.5420,bl_foot,0.1326
2954,101.5750,bl_foot,0.1326
2955,101.6080,bl_foot,0.1326
2956,101.6410,bl_foot,0.1326
2957,101.6740,bl_foot,0.1326
2958,101.7070,bl_foot,0.1326
2959,101.7400,bl_foot,0.1327
2960,101.7730,bl_foot,0.1327
2961,101.8060,bl_foot,0.1327
2962,101.8390,bl_foot,0.1328
2963,101.8720,bl_foot,0.1328
2964,101.9050,bl_foot,0.1328
2965,101.9380,bl_foot,0.1329
2966,101.9710,bl_foot,0.1331
2967,102.0040,bl_foot,0.1333
2968,102.0370,bl_foot,0.1334
2969,102.0700,bl_foot,0.1347
2970,102.1030,bl_foot,0.1348
2971,102.1360,bl_foot,0.1348
2972,102.1690,bl_foot,0.1349
2973,102.2020,bl_foot,0.1349
2974,102.2350,bl_foot,0.1341
2975,102.2680,bl_foot,0.1342
2976,102.3010,bl_foot,0.1342
2977,102.3340,bl_foot,0.1343
2978,102.3670,bl_foot,0.1343
2979,102.4000,bl_foot,0.1344
2980,102.4330,bl_foot,0.1345
2981,102.4660,bl_foot,0.1345
2982,102.4990,bl_foot,0.1348
2983,102.5320,bl_foot,0.1351
2984,102.5650,bl_foot,0.1353
2985,102.5980,bl_foot,0.1357
2986,102.6310,bl_foot,0.1359
2987,102.6640,bl_foot,0.1362
2988,102.6970,bl_foot,0.1366
2989,102.7300,bl_foot,0.1368
2990,102.7630,bl_foot,0.1371
2991,102.7960,bl_foot,0.1372
2992,102.8290,bl_foot,0.1371
2993,102.8620,bl_foot,0.1371
2994,102.8950,bl_foot,0.1371
2995,102.9280,bl_foot,0.1371
2996,102.9610,bl_foot,0.1371
2997,102.9940,bl_foot,0.1370
2998,103.0270,bl_foot,0.1370
2999,103.0600,bl_foot,0.1322
3000,103.0930,bl_foot,0.1309
3001,103.1260,bl_foot,0.1315
3002,103.1590,bl_foot,0.1315
3003,103.1920,bl_foot,0.1316
3004,103.2250,bl_foot,0.1295
3005,103.2580,bl_foot,0.1302
3006,103.2910,bl_foot,0.1303
3007,103.3240,bl_foot,0.1303
3008,103.3570,bl_foot,0.1303
3009,103.3900,bl_foot,0.1304
3010,103.4230,bl_foot,0.1304
3011,103.4560,bl_foot,0.1305
3012,103.4890,bl_foot,0.1305
3013,103.5220,bl_foot,0.1305
3014,103.5550,bl_foot,0.1306
3015,103.5880,bl_foot,0.1306
3016,103.6210,bl_foot,0.1306
3017,103.6540,bl_foot,0.1307
3018,103.6870,bl_foot,0.1307
3019,103.7200,bl_foot,0.1308
3020,103.7530,bl_foot,0.1308
3021,103.7860,bl_foot,0.1308
3022,103.8190,bl_foot,0.1309
3023,103.8520,bl_foot,0.1309
3024,103.8850,bl_foot,0.1309
3025,103.9180,bl_foot,0.1310
3026,103.9510,bl_foot,0.1310
3027,103.9840,bl_foot,0.1310
3028,104.0170,bl_foot,0.1311
3029,104.0500,bl_foot,0.1311
3030,104.0830,bl_foot,0.1311
3031,104.1160,bl_foot,0.1312
3032,104.1490,bl_foot,0.1312
3033,104.1820,bl_foot,0.1312
3034,104.2150,bl_foot,0.1313
3035,104.2480,bl_foot,0.1313
3036,104.2810,bl_foot,0.1314
3037,104.3140,bl_foot,0.1314
3038,104.3470,bl_foot,0.1314
3039,104.3800,bl_foot,0.1315
3040,104.4130,bl_foot,0.1315
3041,104.4460,bl_foot,0.1315
3042,104.4790,bl_foot,0.1316
3043,104.5120,bl_foot,0.1316
3044,104.5450,bl_foot,0.1316
3045,104.5780,bl_foot,0.1317
3046,104.6110,bl_foot,0.1317
3047,104.6440,bl_foot,0.1317
3048,104.6770,bl_foot,0.1318
3049,104.7100,bl_foot,0.1318
3050,104.7430,bl_foot,0.1318
3051,104.7760,bl_foot,0.1319
3052,104.8090,bl_foot,0.1319
3053,104.8420,bl_foot,0.1320
3054,104.8750,bl_foot,0.1320
3055,104.9080,bl_foot,0.1320
3056,104.9410,bl_foot,0.1321
3057,104.9740,bl_foot,0.1321
3058,105.0070,bl_foot,0.1321
3059,105.0400,bl_foot,0.1322
3060,105.0730,bl_foot,0.1322
3061,105.1060,bl_foot,0.1322
3062,105.1390,bl_foot,0.1323
3063,105.1720,bl_foot,0.1323
3064,105.2050,bl_foot,0.1323
3065,105.2380,bl_foot,0.1324
3066,105.2710,bl_foot,0.1324
3067,105.3040,bl_foot,0.1324
3068,105.3370,bl_foot,0.1325
3069,105.3700,bl_foot,0.1325
3070,105.4030,bl_foot,0.1326
3071,105.4360,bl_foot,0.1326
3072,105.4690,bl_foot,0.1326
3073,105.5020,bl_foot,0.1327
3074,105.5350,bl_foot,0.1327
3075,105.5680,bl_foot,0.1327
3076,105.6010,bl_foot,0.1328
3077,105.6340,bl_foot,0.1328
3078,105.6670,bl_foot,0.1329
3079,105.7000,bl_foot,0.1329
3080,105.7330,bl_foot,0.1329
3081,105.7660,bl_foot,0.1329
3082,105.7990,bl_foot,0.1330
3083,105.8320,bl_foot,0.1330
3084,105.8650,bl_foot,0.1330
3085,105.8980,bl_foot,0.1331
3086,105.9310,bl_foot,0.1331
3087,105.9640,bl_foot,0.1331
3088,105.9970,bl_foot,0.1332
3089,106.0300,bl_foot,0.1332
3090,106.0630,bl_foot,0.1333
3091,106.0960,bl_foot,0.1333
3092,106.1290,bl_foot,0.1333
3093,106.1620,bl_foot,0.1333
3094,106.1950,bl_foot,0.1334
3095,106.2280,bl_foot,0.1334
3096,106.2610,bl_foot,0.1335
3097,106.2940,bl_foot,0.1335
3098,106.3270,bl_foot,0.1335
3099,106.3600,bl_foot,0.1336
3100,106.3930,bl_foot,0.1336
3101,106.4260,bl_foot,0.1337
3102,106.4590,bl_foot,0.1337
3103,106.4920,bl_foot,0.1337
3104,106.5250,bl_foot,0.1337
3105,106.5580,bl_foot,0.1338
3106,106.5910,bl_foot,0.1338
3107,106.6240,bl_foot,0.1338
3108,106.6570,bl_foot,0.1339
3109,106.6900,bl_foot,0.1339
3110,106.7230,bl_foot,0.1340
3111,106.7560,bl_foot,0.1340
3112,106.7890,bl_foot,0.1340
3113,106.8220,bl_foot,0.1341
3114,106.8550,bl_foot,0.1341
3115,106.8880,bl_foot,0.1341
3116,106.9210,bl_foot,0.1342
3117,106.9540,bl_foot,0.1342
3118,106.9870,bl_foot,0.1342
3119,107.0200,bl_foot,0.1343
3120,107.0530,bl_foot,0.1343
3121,107.0860,bl_foot,0.1344
3122,107.1190,bl_foot,0.1344
3123,107.1520,bl_foot,0.1344
3124,107.1850,bl_foot,0.1344
3125,107.2180,bl_foot,0.1345
3126,107.2510,bl_foot,0.1345
3127,107.2840,bl_foot,0.1345
3128,107.3170,bl_foot,0.1346
3129,107.3500,bl_foot,0.1346
3130,107.3830,bl_foot,0.1347
3131,107.4160,bl_foot,0.1347
3132,107.4490,bl_foot,0.1347
3133,107.4820,bl_foot,0.1348
3134,107.5150,bl_foot,0.1348
3135,107.5480,bl_foot,0.1348
3136,107.5810,bl_foot,0.1349
3137,107.6140,bl_foot,0.1349
3138,107.6470,bl_foot,0.1349
3139,107.6800,bl_foot,0.1350
3140,107.7130,bl_foot,0.1350
3141,107.7460,bl_foot,0.1350
3142,107.7790,bl_foot,0.1351
3143,107.8120,bl_foot,0.1351
3144,107.8450,bl_foot,0.1351
3145,107.8780,bl_foot,0.1352
3146,107.9110,bl_foot,0.1352
3147,107.9440,bl_foot,0.1352
3148,107.9770,bl_foot,0.1353
3149,108.0100,bl_foot,0.1353
3150,108.0430,bl_foot,0.1354
3151,108.0760,bl_foot,0.1354
3152,108.1090,bl_foot,0.1354
3153,108.1420,bl_foot,0.1355
3154,108.1750,bl_foot,0.1355
3155,108.2080,bl_foot,0.1355
3156,108.2410,bl_foot,0.1356
3157,108.2740,bl_foot,0.1356
3158,108.3070,bl_foot,0.1356
3159,108.3400,bl_foot,0.1357
3160,108.3730,bl_foot,0.1357
3161,108.4060,bl_foot,0.1357
3162,108.4390,bl_foot,0.1358
3163,108.4720,bl_foot,0.1358
3164,108.5050,bl_foot,0.1358
3165,108.5380,bl_foot,0.1359
3166,108.5710,bl_foot,0.1359
3167,108.6040,bl_foot,0.1359
3168,108.6370,bl_foot,0.1360
3169,108.6700,bl_foot,0.1360
3170,108.7030,bl_foot,0.1360
3171,108.7360,bl_foot,0.1361
3172,108.7690,bl_foot,0.1361
3173,108.8020,bl_foot,0.1361
3174,108.8350,bl_foot,0.1362
3175,108.8680,bl_foot,0.1362
3176,108.9010,bl_foot,0.1362
3177,108.9340,bl_foot,0.1362
3178,108.9670,bl_foot,0.1362
3179,109.0000,bl_foot,0.1363
3180,109.0330,bl_foot,0.1363
3181,109.0660,bl_foot,0.1363
3182,109.0990,bl_foot,0.1363
3183,109.1320,bl_foot,0.1363
3184,109.1650,bl_foot,0.1364
3185,109.1980,bl_foot,0.1364
3186,109.2310,bl_foot,0.1364
3187,109.2640,bl_foot,0.1364
3188,109.2970,bl_foot,0.1364
3189,109.3300,bl_foot,0.1364
3190,109.3630,bl_foot,0.1365
3191,109.3960,bl_foot,0.1365
3192,109.4290,bl_foot,0.1365
3193,109.4620,bl_foot,0.1365
3194,109.4950,bl_foot,0.1366
3195,109.5280,bl_foot,0.1366
3196,109.5610,bl_foot,0.1366
3197,109.5940,bl_foot,0.1366
3198,109.6270,bl_foot,0.1366
3199,109.6600,bl_foot,0.1367
3200,109.6930,bl_foot,0.1367
3201,109.7260,bl_foot,0.1367
3202,109.7590,bl_foot,0.1367
3203,109.7920,bl_foot,0.1367
3204,109.8250,bl_foot,0.1368
3205,109.8580,bl_foot,0.1368
3206,109.8910,bl_foot,0.1368
3207,109.9240,bl_foot,0.1368
3208,109.9570,bl_foot,0.1368
3209,109.9900,bl_foot,0.1369
3210,110.0230,bl_foot,0.1369
3211,110.0560,bl_foot,0.1369
3212,110.0890,bl_foot,0.1369
3213,110.1220,bl_foot,0.1369
3214,110.1550,bl_foot,0.1370
3215,110.1880,bl_foot,0.1370
3216,110.2210,bl_foot,0.1370
3217,110.2540,bl_foot,0.1370
3218,110.2870,bl_foot,0.1370
3219,110.3200,bl_foot,0.1371
3220,110.3530,bl_foot,0.1371
3221,110.3860,bl_foot,0.1371
3222,110.4190,bl_foot,0.1371
3223,110.4520,bl_foot,0.1371
3224,110.4850,bl_foot,0.1371
3225,110.5180,bl_foot,0.1372
3226,110.5510,bl_foot,0.1372
3227,110.5840,bl_foot,0.1372
3228,110.6170,bl_foot,0.1372
3229,110.6500,bl_foot,0.1372
3230,110.6830,bl_foot,0.1373
3231,110.7160,bl_foot,0.1373
3232,110.7490,bl_foot,0.1373
3233,110.7820,bl_foot,0.1373
3234,110.8150,bl_foot,0.1374
3235,110.8480,bl_foot,0.1374
3236,110.8810,bl_foot,0.1374
3237,110.9140,bl_foot,0.1374
3238,110.9470,bl_foot,0.1374
3239,110.9800,bl_foot,0.1375
3240,111.0130,bl_foot,0.1375
3241,111.0460,bl_foot,0.1375
3242,111.0790,bl_foot,0.1375
3243,111.1120,bl_foot,0.1375
3244,111.1450,bl_foot,0.1375
3245,111.1780,bl_foot,0.1376
3246,111.2110,bl_foot,0.1376
3247,111.2440,bl_foot,0.1376
3248,111.2770,bl_foot,0.1376
3249,111.3100,bl_foot,0.1376
3250,111.3430,bl_foot,0.1377
3251,111.3760,bl_foot,0.1377
3252,111.4090,bl_foot,0.1377
3253,111.4420,bl_foot,0.1377
3254,111.4750,bl_foot,0.1378
3255,111.5080,bl_foot,0.1378
3256,111.5410,bl_foot,0.1378
3257,111.5740,bl_foot,0.1378
3258,111.6070,bl_foot,0.1378
3259,111.6400,bl_foot,0.1378
3260,111.6730,bl_foot,0.1379
3261,111.7060,bl_foot,0.1379
3262,111.7390,bl_foot,0.1379
3263,111.7720,bl_foot,0.1379
3264,111.8050,bl_foot,0.1379
3265,111.8380,bl_foot,0.1380
3266,111.8710,bl_foot,0.1380
3267,111.9040,bl_foot,0.1380
3268,111.9370,bl_foot,0.1380
3269,111.9700,bl_foot,0.1380
3270,112.0030,bl_foot,0.1381
3271,112.0360,bl_foot,0.1381
3272,112.0690,bl_foot,0.1381
3273,112.1020,bl_foot,0.1381
3274,112.1350,bl_foot,0.1382
3275,112.1680,bl_foot,0.1382
3276,112.2010,bl_foot,0.1382
3277,112.2340,bl_foot,0.1382
3278,112.2670,bl_foot,0.1382
3279,112.3000,bl_foot,0.1382
3280,112.3330,bl_foot,0.1383
3281,112.3660,bl_foot,0.1383
3282,112.3990,bl_foot,0.1383
3283,112.4320,bl_foot,0.1383
3284,112.4650,bl_foot,0.1383
3285,112.4980,bl_foot,0.1384
3286,112.5310,bl_foot,0.1384
3287,112.5640,bl_foot,0.1384
3288,112.5970,bl_foot,0.1384
3289,112.6300,bl_foot,0.1385
3290,112.6630,bl_foot,0.1385
3291,112.6960,bl_foot,0.1385
3292,112.7290,bl_foot,0.1385
3293,112.7620,bl_foot,0.1385
3294,112.7950,bl_foot,0.1386
3295,112.8280,bl_foot,0.1386
3296,112.8610,bl_foot,0.1386
3297,112.8940,bl_foot,0.1386
3298,112.9270,bl_foot,0.1386
3299,112.9600,bl_foot,0.1386
3300,112.9930,bl_foot,0.1387
3301,113.0260,bl_foot,0.1387
3302,113.0590,bl_foot,0.1387
3303,113.0920,bl_foot,0.1387
3304,113.1250,bl_foot,0.1387
3305,113.1580,bl_foot,0.1388
3306,113.1910,bl_foot,0.1388
3307,113.2240,bl_foot,0.1388
3308,113.2570,bl_foot,0.1388
3309,113.2900,bl_foot,0.1389
3310,113.3230,bl_foot,0.1389
3311,113.3560,bl_foot,0.1389
3312,113.3890,bl_foot,0.1389
3313,113.4220,bl_foot,0.1390
3314,113.4550,bl_foot,0.1390
3315,113.4880,bl_foot,0.1390
3316,113.5210,bl_foot,0.1390
3317,113.5540,bl_foot,0.1390
3318,113.5870,bl_foot,0.1391
3319,113.6200,bl_foot,0.1391
3320,113.6530,bl_foot,0.1391
3321,113.6860,bl_foot,0.1391
3322,113.7190,bl_foot,0.1391
3323,113.7520,bl_foot,0.1391
3324,113.7850,bl_foot,0.1392
3325,113.8180,bl_foot,0.1392
3326,113.8510,bl_foot,0.1392
3327,113.8840,bl_foot,0.1392
3328,113.9170,bl_foot,0.1392
3329,113.9500,bl_foot,0.1393
3330,113.9830,bl_foot,0.1393
3331,114.0160,bl_foot,0.1393
3332,114.0490,bl_foot,0.1393
3333,114.0820,bl_foot,0.1393
3334,114.1150,bl_foot,0.1393
3335,114.1480,bl_foot,0.1394
3336,114.1810,bl_foot,0.1394
3337,114.2140,bl_foot,0.1394
3338,114.2470,bl_foot,0.1394
3339,114.2800,bl_foot,0.1394
3340,114.3130,bl_foot,0.1394
3341,114.3460,bl_foot,0.1395
3342,114.3790,bl_foot,0.1395
3343,114.4120,bl_foot,0.1395
3344,114.4450,bl_foot,0.1395
3345,114.4780,bl_foot,0.1395
3346,114.5110,bl_foot,0.1395
3347,114.5440,bl_foot,0.1396
3348,114.5770,bl_foot,0.1396
3349,114.6100,bl_foot,0.1396
3350,114.6430,bl_foot,0.1396
3351,114.6760,bl_foot,0.1396
3352,114.7090,bl_foot,0.1397
3353,114.7420,bl_foot,0.1397
3354,114.7750,bl_foot,0.1397
3355,114.8080,bl_foot,0.1397
3356,114.8410,bl_foot,0.1397
3357,114.8740,bl_foot,0.1397
3358,114.9070,bl_foot,0.1398
3359,114.9400,bl_foot,0.1398
3360,114.9730,bl_foot,0.1398
3361,115.0060,bl_foot,0.1398
3362,115.0390,bl_foot,0.1398
3363,115.0720,bl_foot,0.1398
3364,115.1050,bl_foot,0.1398
3365,115.1380,bl_foot,0.1399
3366,115.1710,bl_foot,0.1399
3367,115.2040,bl_foot,0.1399
3368,115.2370,bl_foot,0.1399
3369,115.2700,bl_foot,0.1399
3370,115.3030,bl_foot,0.1399
3371,115.3360,bl_foot,0.1399
3372,115.3690,bl_foot,0.1400
3373,115.4020,bl_foot,0.1400
3374,115.4350,bl_foot,0.1400
3375,115.4680,bl_foot,0.1400
3376,115.5010,bl_foot,0.1400
3377,115.5340,bl_foot,0.1400
3378,115.5670,bl_foot,0.1401
3379,115.6000,bl_foot,0.1401
3380,115.6330,bl_foot,0.1401
3381,115.6660,bl_foot,0.1401
3382,115.6990,bl_foot,0.1401
3383,115.7320,bl_foot,0.1401
3384,115.7650,bl_foot,0.1401
3385,115.7980,bl_foot,0.1402
3386,115.8310,bl_foot,0.1402
3387,115.8640,bl_foot,0.1402
3388,115.8970,bl_foot,0.1402
3389,115.9300,bl_foot,0.1402
3390,115.9630,bl_foot,0.1402
3391,115.9960,bl_foot,0.1403
3392,116.0290,bl_foot,0.1403
3393,116.0620,bl_foot,0.1403
3394,116.0950,bl_foot,0.1403
3395,116.1280,bl_foot,0.1403
3396,116.1610,bl_foot,0.1403
3397,116.1940,bl_foot,0.1403
3398,116.2270,bl_foot,0.1404
3399,116.2600,bl_foot,0.1404
3400,116.2930,bl_foot,0.1404
3401,116.3260,bl_foot,0.1404
3402,116.3590,bl_foot,0.1404
3403,116.3920,bl_foot,0.1404
3404,116.4250,bl_foot,0.1404
3405,116.4580,bl_foot,0.1405
3406,116.4910,bl_foot,0.1405
3407,116.5240,bl_foot,0.1405
3408,116.5570,bl_foot,0.1405
3409,116.5900,bl_foot,0.1405
3410,116.6230,bl_foot,0.1405
3411,116.6560,bl_foot,0.1406
3412,116.6890,bl_foot,0.1406
3413,116.7220,bl_foot,0.1406
3414,116.7550,bl_foot,0.1406
3415,116.7880,bl_foot,0.1406
3416,116.8210,bl_foot,0.1406
3417,116.8540,bl_foot,0.1407
3418,116.8870,bl_foot,0.1407
3419,116.9200,bl_foot,0.1407
3420,116.9530,bl_foot,0.1407
3421,116.9860,bl_foot,0.1407
3422,117.0190,bl_foot,0.1407
3423,117.0520,bl_foot,0.1407
3424,117.0850,bl_foot,0.1408
3425,117.1180,bl_foot,0.1408
3426,117.1510,bl_foot,0.1408
3427,117.1840,bl_foot,0.1408
3428,117.2170,bl_foot,0.1408
3429,117.2500,bl_foot,0.1408
3430,117.2830,bl_foot,0.1408
3431,117.3160,bl_foot,0.1409
3432,117.3490,bl_foot,0.1409
3433,117.3820,bl_foot,0.1409
3434,117.4150,bl_foot,0.1409
3435,117.4480,bl_foot,0.1409
3436,117.4810,bl_foot,0.1409
3437,117.5140,bl_foot,0.1409
3438,117.5470,bl_foot,0.1410
3439,117.5800,bl_foot,0.1410
3440,117.6130,bl_foot,0.1410
3441,117.6460,bl_foot,0.1410
3442,117.6790,bl_foot,0.1410
3443,117.7120,bl_foot,0.1410
3444,117.7450,bl_foot,0.1410
3445,117.7780,bl_foot,0.1411
3446,117.8110,bl_foot,0.1411
3447,117.8440,bl_foot,0.1411
3448,117.8770,bl_foot,0.1411
3449,117.9100,bl_foot,0.1411
3450,117.9430,bl_foot,0.1411
3451,117.9760,bl_foot,0.1412
3452,118.0090,bl_foot,0.1412
3453,118.0420,bl_foot,0.1412
3454,118.0750,bl_foot,0.1412
3455,118.1080,bl_foot,0.1412
3456,118.1410,bl_foot,0.1412
3457,118.1740,bl_foot,0.1412
3458,118.2070,bl_foot,0.1413
3459,118.2400,bl_foot,0.1413
3460,118.2730,bl_foot,0.1413
3461,118.3060,bl_foot,0.1413
3462,118.3390,bl_foot,0.1413
3463,118.3720,bl_foot,0.1413
3464,118.4050,bl_foot,0.1413
3465,118.4380,bl_foot,0.1414
3466,118.4710,bl_foot,0.1414
3467,118.5040,bl_foot,0.1414
3468,118.5370,bl_foot,0.1414
3469,118.5700,bl_foot,0.1414
3470,118.6030,bl_foot,0.1414
3471,118.6360,bl_foot,0.1414
3472,118.6690,bl_foot,0.1415
3473,118.7020,bl_foot,0.1415
3474,118.7350,bl_foot,0.1415
3475,118.7680,bl_foot,0.1415
3476,118.8010,bl_foot,0.1415
3477,118.8340,bl_foot,0.1415
3478,118.8670,bl_foot,0.1416
3479,118.9000,bl_foot,0.1416
3480,118.9330,bl_foot,0.1416
3481,118.9660,bl_foot,0.1416
3482,118.9990,bl_foot,0.1416
3483,119.0320,bl_foot,0.1416
3484,119.0650,bl_foot,0.1416
3485,119.0980,bl_foot,0.1417
3486,119.1310,bl_foot,0.1417
3487,119.1640,bl_foot,0.1417
3488,119.1970,bl_foot,0.1417
3489,119.2300,bl_foot,0.1417
3490,119.2630,bl_foot,0.1417
3491,119.2960,bl_foot,0.1417
3492,119.3290,bl_foot,0.1418
3493,119.3620,bl_foot,0.1418
3494,119.3950,bl_foot,0.1418
3495,119.4280,bl_foot,0.1418
3496,119.4610,bl_foot,0.1418
3497,119.4940,bl_foot,0.1418
3498,119.5270,bl_foot,0.1418
3499,119.5600,bl_foot,0.1419
3500,119.5930,bl_foot,0.1419
3501,119.6260,bl_foot,0.1419
3502,119.6590,bl_foot,0.1419
3503,119.6920,bl_foot,0.1419
3504,119.7250,bl_foot,0.1419
3505,119.7580,bl_foot,0.1420
3506,119.7910,bl_foot,0.1420
3507,119.8240,bl_foot,0.1420
3508,119.8570,bl_foot,0.1420
3509,119.8900,bl_foot,0.1420
3510,119.9230,bl_foot,0.1420
3511,119.9560,bl_foot,0.1420
3512,119.9890,bl_foot,0.1421
3513,120.0220,bl_foot,0.1421
3514,120.0550,bl_foot,0.1421
3515,120.0880,bl_foot,0.1421
3516,120.1210,bl_foot,0.1421
3517,120.1540,bl_foot,0.1421
3518,120.1870,bl_foot,0.1421
3519,120.2200,bl_foot,0.1422
3520,120.2530,bl_foot,0.1422
3521,120.2860,bl_foot,0.1422
3522,120.3190,bl_foot,0.1422
3523,120.3520,bl_foot,0.1422
3524,120.3850,bl_foot,0.1422
3525,120.4180,bl_foot,0.1423
3526,120.4510,bl_foot,0.1423
3527,120.4840,bl_foot,0.1423
3528,120.5170,bl_foot,0.1423
3529,120.5500,bl_foot,0.1423
3530,120.5830,bl_foot,0.1423
3531,120.6160,bl_foot,0.1423
3532,120.6490,bl_foot,0.1424
3533,120.6820,bl_foot,0.1424
3534,120.7150,bl_foot,0.1424
3535,120.7480,bl_foot,0.1424
3536,120.7810,bl_foot,0.1424
3537,120.8140,bl_foot,0.1424
3538,120.8470,bl_foot,0.1424
3539,120.8800,bl_foot,0.1425
3540,120.9130,bl_foot,0.1426
3541,120.9460,bl_foot,0.1426
3542,120.9790,bl_foot,0.1426
3543,121.0120,bl_foot,0.1426
3544,121.0450,bl_foot,0.1426
3545,121.0780,bl_foot,0.1426
3546,121.1110,bl_foot,0.1426
3547,121.1440,bl_foot,0.1426
3548,121.1770,bl_foot,0.1426
3549,121.2100,bl_foot,0.1426
3550,121.2430,bl_foot,0.1428
3551,121.2760,bl_foot,0.1428
3552,121.3090,bl_foot,0.1428
3553,121.3420,bl_foot,0.1428
3554,121.3750,bl_foot,0.1428
3555,121.4080,bl_foot,0.1428
3556,121.4410,bl_foot,0.1428
3557,121.4740,bl_foot,0.1428
3558,121.5070,bl_foot,0.1428
3559,121.5400,bl_foot,0.1428
3560,121.5730,bl_foot,0.1428
3561,121.6060,bl_foot,0.1425
3562,121.6390,bl_foot,0.1425
3563,121.6720,bl_foot,0.1423
3564,121.7050,bl_foot,0.1423
3565,121.7380,bl_foot,0.1423
3566,121.7710,bl_foot,0.1423
3567,121.8040,bl_foot,0.1423
3568,121.8370,bl_foot,0.1423
3569,121.8700,bl_foot,0.1423
3570,121.9030,bl_foot,0.1423
3571,121.9360,bl_foot,0.1423
3572,121.9690,bl_foot,0.1423
3573,122.0020,bl_foot,0.1423
3574,122.0350,bl_foot,0.1423
3575,122.0680,bl_foot,0.1424
3576,122.1010,bl_foot,0.1426
3577,122.1340,bl_foot,0.1426
3578,122.1670,bl_foot,0.1426
3579,122.2000,bl_foot,0.1426
3580,122.2330,bl_foot,0.1426
3581,122.2660,bl_foot,0.1426
3582,122.2990,bl_foot,0.1426
3583,122.3320,bl_foot,0.1426
3584,122.3650,bl_foot,0.1426
3585,122.3980,bl_foot,0.1427
3586,122.4310,bl_foot,0.1427
3587,122.4640,bl_foot,0.1428
3588,122.4970,bl_foot,0.1428
3589,122.5300,bl_foot,0.1430
3590,122.5630,bl_foot,0.1430
3591,122.5960,bl_foot,0.1430
3592,122.6290,bl_foot,0.1430
3593,122.6620,bl_foot,0.1430
3594,122.6950,bl_foot,0.1430
3595,122.7280,bl_foot,0.1430
3596,122.7610,bl_foot,0.1430
3597,122.7940,bl_foot,0.1430
3598,122.8270,bl_foot,0.1430
3599,122.8600,bl_foot,0.1433
3600,122.8930,bl_foot,0.1433
3601,122.9260,bl_foot,0.1433
3602,122.9590,bl_foot,0.1433
3603,122.9920,bl_foot,0.1433
3604,123.0250,bl_foot,0.1433
3605,123.0580,bl_foot,0.1433
3606,123.0910,bl_foot,0.1433
3607,123.1240,bl_foot,0.1433
3608,123.1570,bl_foot,0.1433
3609,123.1900,bl_foot,0.1433
3610,123.2230,bl_foot,0.1434
3611,123.2560,bl_foot,0.1434
3612,123.2890,bl_foot,0.1434
3613,123.3220,bl_foot,0.1434
3614,123.3550,bl_foot,0.1437
3615,123.3880,bl_foot,0.1437
3616,123.4210,bl_foot,0.1437
3617,123.4540,bl_foot,0.1437
3618,123.4870,bl_foot,0.1437
3619,123.5200,bl_foot,0.1437
3620,123.5530,bl_foot,0.1437
3621,123.5860,bl_foot,0.1437
3622,123.6190,bl_foot,0.1437
3623,123.6520,bl_foot,0.1437
3624,123.6850,bl_foot,0.1437
3625,123.7180,bl_foot,0.1437
3626,123.7510,bl_foot,0.1438
3627,123.7840,bl_foot,0.1439
3628,123.8170,bl_foot,0.1439
3629,123.8500,bl_foot,0.1439
3630,123.8830,bl_foot,0.1439
3631,123.9160,bl_foot,0.1439
3632,123.9490,bl_foot,0.1439
3633,123.9820,bl_foot,0.1439
3634,124.0150,bl_foot,0.1439
3635,124.0480,bl_foot,0.1440
3636,124.0810,bl_foot,0.1440
3637,124.1140,bl_foot,0.1440
3638,124.1470,bl_foot,0.1441
3639,124.1800,bl_foot,0.1442
3640,124.2130,bl_foot,0.1442
3641,124.2460,bl_foot,0.1442
3642,124.2790,bl_foot,0.1442
3643,124.3120,bl_foot,0.1442
3644,124.3450,bl_foot,0.1442
3645,124.3780,bl_foot,0.1442
3646,124.4110,bl_foot,0.1442
3647,124.4440,bl_foot,0.1442
3648,124.4770,bl_foot,0.1444
3649,124.5100,bl_foot,0.1444
3650,124.5430,bl_foot,0.1444
3651,124.5760,bl_foot,0.1444
3652,124.6090,bl_foot,0.1444
3653,124.6420,bl_foot,0.1444
3654,124.6750,bl_foot,0.1444
3655,124.7080,bl_foot,0.1444
3656,124.7410,bl_foot,0.1446
3657,124.7740,bl_foot,0.1446
3658,124.8070,bl_foot,0.1446
3659,124.8400,bl_foot,0.1446
3660,124.8730,bl_foot,0.1446
3661,124.9060,bl_foot,0.1446
3662,124.9390,bl_foot,0.1446
3663,124.9720,bl_foot,0.1446
3664,125.0050,bl_foot,0.1446
3665,125.0380,bl_foot,0.1446
3666,125.0710,bl_foot,0.1446
3667,125.1040,bl_foot,0.1446
3668,125.1370,bl_foot,0.1446
3669,125.1700,bl_foot,0.1447
3670,125.2030,bl_foot,0.1447
3671,125.2360,bl_foot,0.1447
3672,125.2690,bl_foot,0.1447
3673,125.3020,bl_foot,0.1447
3674,125.3350,bl_foot,0.1447
3675,125.3680,bl_foot,0.1447
3676,125.4010,bl_foot,0.1447
3677,125.4340,bl_foot,0.1447
3678,125.4670,bl_foot,0.1447
3679,125.5000,bl_foot,0.1448
3680,125.5330,bl_foot,0.1448
3681,125.5660,bl_foot,0.1448
3682,125.5990,bl_foot,0.1448
3683,125.6320,bl_foot,0.1448
3684,125.6650,bl_foot,0.1448
3685,125.6980,bl_foot,0.1448
3686,125.7310,bl_foot,0.1448
3687,125.7640,bl_foot,0.1448
3688,125.7970,bl_foot,0.1449
3689,125.8300,bl_foot,0.1449
3690,125.8630,bl_foot,0.1449
3691,125.8960,bl_foot,0.1449
3692,125.9290,bl_foot,0.1449
3693,125.9620,bl_foot,0.1449
3694,125.9950,bl_foot,0.1449
3695,126.0280,bl_foot,0.1450
3696,126.0610,bl_foot,0.1450
3697,126.0940,bl_foot,0.1450
3698,126.1270,bl_foot,0.1450
3699,126.1600,bl_foot,0.1450
3700,126.1930,bl_foot,0.1450
3701,126.2260,bl_foot,0.1450
3702,126.2590,bl_foot,0.1450
3703,126.2920,bl_foot,0.1450
3704,126.3250,bl_foot,0.1451
3705,126.3580,bl_foot,0.1451
3706,126.3910,bl_foot,0.1451
3707,126.4240,bl_foot,0.1451
3708,126.4570,bl_foot,0.1451
3709,126.4900,bl_foot,0.1451
3710,126.5230,bl_foot,0.1451
3711,126.5560,bl_foot,0.1451
3712,126.5890,bl_foot,0.1452
3713,126.6220,bl_foot,0.1452
3714,126.6550,bl_foot,0.1452
3715,126.6880,bl_foot,0.1453
3716,126.7210,bl_foot,0.1453
3717,126.7540,bl_foot,0.1453
3718,126.7870,bl_foot,0.1453
3719,126.8200,bl_foot,0.1453
3720,126.8530,bl_foot,0.1453
3721,126.8860,bl_foot,0.1453
3722,126.9190,bl_foot,0.1453
3723,126.9520,bl_foot,0.1453
3724,126.9850,bl_foot,0.1453
3725,127.0180,bl_foot,0.1454
3726,127.0510,bl_foot,0.1454
3727,127.0840,bl_foot,0.1454
3728,127.1170,bl_foot,0.1454
3729,127.1500,bl_foot,0.1454
3730,127.1830,bl_foot,0.1454
3731,127.2160,bl_foot,0.1454
3732,127.2490,bl_foot,0.1455
3733,127.2820,bl_foot,0.1455
3734,127.3150,bl_foot,0.1455
3735,127.3480,bl_foot,0.1455
3736,127.3810,bl_foot,0.1455
3737,127.4140,bl_foot,0.1455
3738,127.4470,bl_foot,0.1455
3739,127.4800,bl_foot,0.1455
3740,127.5130,bl_foot,0.1455
3741,127.5460,bl_foot,0.1455
3742,127.5790,bl_foot,0.1455
3743,127.6120,bl_foot,0.1456
3744,127.6450,bl_foot,0.1456
3745,127.6780,bl_foot,0.1456
3746,127.7110,bl_foot,0.1456
3747,127.7440,bl_foot,0.1456
3748,127.7770,bl_foot,0.1456
3749,127.8100,bl_foot,0.1456
3750,127.8430,bl_foot,0.1456
3751,127.8760,bl_foot,0.1456
3752,127.9090,bl_foot,0.1456
3753,127.9420,bl_foot,0.1457
3754,127.9750,bl_foot,0.1458
3755,128.0080,bl_foot,0.1458
3756,128.0410,bl_foot,0.1458
3757,128.0740,bl_foot,0.1458
3758,128.1070,bl_foot,0.1458
3759,128.1400,bl_foot,0.1458
3760,128.1730,bl_foot,0.1458
3761,128.2060,bl_foot,0.1458
3762,128.2390,bl_foot,0.1458
3763,128.2720,bl_foot,0.1459
3764,128.3050,bl_foot,0.1459
3765,128.3380,bl_foot,0.1459
3766,128.3710,bl_foot,0.1459
3767,128.4040,bl_foot,0.1459
3768,128.4370,bl_foot,0.1459
3769,128.4700,bl_foot,0.1459
3770,128.5030,bl_foot,0.1459
3771,128.5360,bl_foot,0.1459
3772,128.5690,bl_foot,0.1459
3773,128.6020,bl_foot,0.1459
3774,128.6350,bl_foot,0.1459
3775,128.6680,bl_foot,0.1459
3776,128.7010,bl_foot,0.1459
3777,128.7340,bl_foot,0.1459
3778,128.7670,bl_foot,0.1460
3779,128.8000,bl_foot,0.1460
3780,128.8330,bl_foot,0.1460
3781,128.8660,bl_foot,0.1460
3782,128.8990,bl_foot,0.1460
3783,128.9320,bl_foot,0.1460
3784,128.9650,bl_foot,0.1446
3785,128.9980,bl_foot,0.1446
3786,129.0310,bl_foot,0.1446
3787,129.0640,bl_foot,0.1446
3788,129.0970,bl_foot,0.1446
3789,129.1300,bl_foot,0.1446
3790,129.1630,bl_foot,0.1446
3791,129.1960,bl_foot,0.1446
3792,129.2290,bl_foot,0.1446
3793,129.2620,bl_foot,0.1446
3794,129.2950,bl_foot,0.1446
3795,129.3280,bl_foot,0.1446
3796,129.3610,bl_foot,0.1445
3797,129.3940,bl_foot,0.1445
3798,129.4270,bl_foot,0.1445
3799,129.4600,bl_foot,0.1445
3800,129.4930,bl_foot,0.1441
3801,129.5260,bl_foot,0.1441
3802,129.5590,bl_foot,0.1442
3803,129.5920,bl_foot,0.1442
3804,129.6250,bl_foot,0.1442
3805,129.6580,bl_foot,0.1442
3806,129.6910,bl_foot,0.1443
3807,129.7240,bl_foot,0.1443
3808,129.7570,bl_foot,0.1443
3809,129.7900,bl_foot,0.1446
3810,129.8230,bl_foot,0.1446
3811,129.8560,bl_foot,0.1446
3812,129.8890,bl_foot,0.1446
3813,129.9220,bl_foot,0.1446
3814,129.9550,bl_foot,0.1446
3815,129.9880,bl_foot,0.1446
3816,130.0210,bl_foot,0.1446
3817,130.0540,bl_foot,0.1446
3818,130.0870,bl_foot,0.1446
3819,130.1200,bl_foot,0.1446
3820,130.1530,bl_foot,0.1446
3821,130.1860,bl_foot,0.1447
3822,130.2190,bl_foot,0.1447
3823,130.2520,bl_foot,0.1447
3824,130.2850,bl_foot,0.1447
3825,130.3180,bl_foot,0.1448
3826,130.3510,bl_foot,0.1448
3827,130.3840,bl_foot,0.1448
3828,130.4170,bl_foot,0.1449
3829,130.4500,bl_foot,0.1449
3830,130.4830,bl_foot,0.1449
3831,130.5160,bl_foot,0.1449
3832,130.5490,bl_foot,0.1449
3833,130.5820,bl_foot,0.1450
3834,130.6150,bl_foot,0.1450
3835,130.6480,bl_foot,0.1450
3836,130.6810,bl_foot,0.1450
3837,130.7140,bl_foot,0.1452
3838,130.7470,bl_foot,0.1452
3839,130.7800,bl_foot,0.1452
3840,130.8130,bl_foot,0.1452
3841,130.8460,bl_foot,0.1452
3842,130.8790,bl_foot,0.1452
3843,130.9120,bl_foot,0.1452
3844,130.9450,bl_foot,0.1452
3845,130.9780,bl_foot,0.1451
3846,131.0110,bl_foot,0.1451
3847,131.0440,bl_foot,0.1451
3848,131.0770,bl_foot,0.1451
3849,131.1100,bl_foot,0.1451
3850,131.1430,bl_foot,0.1451
3851,131.1760,bl_foot,0.1450
3852,131.2090,bl_foot,0.1450
3853,131.2420,bl_foot,0.1450
3854,131.2750,bl_foot,0.1450
3855,131.3080,bl_foot,0.1450
3856,131.3410,bl_foot,0.1450
3857,131.3740,bl_foot,0.1449
3858,131.4070,bl_foot,0.1449
3859,131.4400,bl_foot,0.1449
3860,131.4730,bl_foot,0.1449
3861,131.5060,bl_foot,0.1449
3862,131.5390,bl_foot,0.1449
3863,131.5720,bl_foot,0.1449
3864,131.6050,bl_foot,0.1448
3865,131.6380,bl_foot,0.1447
3866,131.6710,bl_foot,0.1447
3867,131.7040,bl_foot,0.1447
3868,131.7370,bl_foot,0.1447
3869,131.7700,bl_foot,0.1447
3870,131.8030,bl_foot,0.1447
3871,131.8360,bl_foot,0.1447
3872,131.8690,bl_foot,0.1447
3873,131.9020,bl_foot,0.1447
3874,131.9350,bl_foot,0.1447
3875,131.9680,bl_foot,0.1447
3876,132.0010,bl_foot,0.1446
3877,132.0340,bl_foot,0.1392
3878,132.0670,bl_foot,0.1392
3879,132.1000,bl_foot,0.1392
3880,132.1330,bl_foot,0.1392
3881,132.1660,bl_foot,0.1392
3882,132.1990,bl_foot,0.1392
3883,132.2320,bl_foot,0.1392
3884,132.2650,bl_foot,0.1392
3885,132.2980,bl_foot,0.1413
3886,132.3310,bl_foot,0.1414
3887,132.3640,bl_foot,0.1413
3888,132.3970,bl_foot,0.1412
3889,132.4300,bl_foot,0.1412
3890,132.4630,bl_foot,0.1411
3891,132.4960,bl_foot,0.1410
3892,132.5290,bl_foot,0.1379
3893,132.5620,bl_foot,0.1379
3894,132.5950,bl_foot,0.1379
3895,132.6280,bl_foot,0.1379
3896,132.6610,bl_foot,0.1379
3897,132.6940,bl_foot,0.1379
3898,132.7270,bl_foot,0.1379
3899,132.7600,bl_foot,0.1379
3900,132.7930,bl_foot,0.1379
3901,132.8260,bl_foot,0.1379
3902,132.8590,fl_knee,0.1326
3903,132.8920,fl_knee,0.1326
3904,132.9250,fl_knee,0.1326
3905,132.9580,fl_knee,0.1326
3906,132.9910,fl_knee,0.1326
3907,133.0240,fl_knee,0.1326
3908,133.0570,fl_knee,0.1334
3909,133.0900,fl_knee,0.1334
