Time_Step,Time_s,FR_hip_effort,FR_knee_effort,FR_foot_effort,BR_hip_effort,BR_knee_effort,BR_foot_effort,BL_hip_effort,BL_knee_effort,BL_foot_effort,FL_hip_effort,FL_knee_effort,FL_foot_effort
0,0.0,-0.2579443809707625,-0.6636259563876848,2.9874555608050617,0.14306006691229042,-0.7077158391869901,2.357714556002313,-0.23791737777274496,0.6551500616273782,-2.8724478597658925,0.1595097375424941,0.7235667742216552,-2.4330921643511685
1,0.02,-0.25804422031686564,-0.6636846817537061,2.9885585271995,0.14317766426856285,-0.707790949947714,2.3585967748781655,-0.23794127007566837,0.6551434821779502,-2.8737753789904654,0.15957147070835292,0.7236363074102076,-2.4342581029133954
2,0.04,-0.25813930540839636,-0.6637466669926009,2.989716641913907,0.14328957203870568,-0.7078627058924551,2.35943708946368,-0.23796525630972884,0.6551368918781357,-2.8751027219068908,0.15963026419962442,0.7237028463993667,-2.435368185790447
3,0.06,-0.2582343904999273,-0.6638057598399026,2.99081960830881,0.14340147088364222,-0.7079345489331275,2.3602774017573154,-0.2379892554089358,0.6551302190182742,-2.8764300993447214,0.15968905769087785,0.7237695104663187,-2.436478184627714
4,0.08,-0.25832947559145847,-0.6638647624545154,2.991922574703959,0.1435134075862766,-0.7080064017022688,2.361117648787126,-0.23801321834630587,0.6551234205184555,-2.877757638604906,0.15974785118210777,0.7238361786480613,-2.4375882500966024
5,0.1,-0.2584245606829898,-0.6639236603967363,2.9930255410993403,0.1436253868550738,-0.7080782493620483,2.3619578274833803,-0.23803713956393172,0.6551164732628243,-2.879085393274037,0.15980664467331948,0.7239028133882038,-2.43869841140496
6,0.12,-0.2585196457745214,-0.6639825217380376,2.9941285074949544,0.14373738656708016,-0.7081501174364878,2.3627979727732695,-0.23806104141853535,0.6551093920578006,-2.880413361940986,0.1598654381645074,0.7239694610292607,-2.4398086033627777
7,0.14,-0.25861473086605324,-0.6640412830903512,2.995231473890791,0.1438494273779675,-0.7082220112778161,2.363638035466516,-0.2380849038371278,0.6551022853569242,-2.881741517261266,0.1599242316556771,0.724036145054343,-2.4409188496977365
8,0.16,-0.2587050617030086,-0.6640970797125125,2.9962792919670656,0.14395588282327865,-0.7082903461089178,2.3644360592849663,-0.23810875092301645,0.6550951261832186,-2.8830033811741798,0.15998008547226802,0.7240995069650642,-2.4419736078057697
9,0.18,-0.25880014679453256,-0.6641558264605756,2.9973822583633707,0.14406794510296303,-0.7083623030276675,2.3652760833776,-0.2381325969014156,0.6550882692162568,-2.8843317475696404,0.160041818637951,0.7241695676850055,-2.443139385750691
10,0.2,-0.2588952318860675,-0.6642091389284484,2.998485224759824,0.1441789431185622,-0.7084321941712861,2.366123809285479,-0.2381630019247028,0.6550869299587533,-2.885723059952237,0.16009307334926362,0.7242315643526687,-2.444190883001408
11,0.22,-0.41688314448234814,-0.8538712100440929,3.1498113981621243,0.2166524646104776,0.2478789452996516,3.4150041453380995,-0.3648158007420915,0.7746960052154934,-2.420621749199724,0.2303522323101186,0.5266386541097234,-1.9142813578672913
12,0.242,-0.3364876070694985,-0.8993275902395564,3.130392701272749,0.4586282139917712,-0.25706264971852255,3.361119665492997,-0.3221773509266074,0.8309757788811516,-2.477246808485008,0.18220798369844848,0.348510794702907,-1.3398349920617165
13,0.26,-0.43082503252563675,-0.8181499363706392,3.0640470425008575,0.4450974637730057,-0.48944863190010246,3.0348278527324943,-0.1966279847533164,0.8824348693715177,-2.5169116008973993,0.16390237436951358,0.4383811080760744,-0.869645140530604
14,0.28,-0.5933336888874188,-0.7307587060602287,2.9790652531941584,0.38227520471497023,-0.5002448420793244,2.6957056006362503,-0.07481440692503094,0.8236825029728227,-2.626671301957736,0.1901859664318376,0.3295117274544043,-1.3412455856390841
15,0.3,-0.6742365199866185,-0.6937473942558047,2.920000562861535,0.29609856335177187,-0.49937008727724064,2.0267312674426763,-0.01265108921564466,0.7812098587337029,-2.72514175104963,0.1862008953452105,0.6072251785898284,-1.3070074974674493
16,0.32,-0.8687496198238803,-0.7256744397637791,2.9372365181013427,0.3397267504456386,-0.5091069146097418,1.9885722120028495,-0.004491778927646448,0.769514123619887,-2.508261225616358,0.2431185845570663,0.6153301152508882,-1.3245475984939212
17,0.34,-0.6520437421027102,-0.6127143883686974,3.041169369747209,0.32573485030742994,-0.6012854247877938,1.466387081037173,-0.08919612102434586,0.6305297125078017,-2.670815376888976,0.2221689872137706,0.7150157898665676,-0.9792528474006132
18,0.36,-0.5079572899956155,-0.6661533750018577,3.037040410643738,0.6375160350233618,-0.4296693012250462,2.275988669092546,-0.24114754652789902,0.6014275781461702,-2.7070158808026004,0.1308474771623987,0.5915268211000215,-0.80003646633699
19,0.38,-0.4984139921727001,-0.6843640946648781,3.0410060486394577,0.6312998969473473,-0.47887888241900534,2.3243080031947656,-0.2828780955683702,0.672252777863003,-2.6546124892605683,0.10149891452456111,0.5971246098823944,-0.7552084849065169
20,0.4,-0.5365579249041329,-0.6992373284421638,3.0480008535423044,0.5994719287424876,-0.5034078405407536,2.263872267569414,-0.24326954318222346,0.6971794920550074,-2.6157679452136207,0.13643469640141612,0.621890640640034,-0.7953323471862257
21,0.42,-0.9491943621018382,-0.6026929410684093,3.086198765135911,1.3381038862113181,-1.7320069281433481,1.697051227189342,-0.2407661483294713,0.6606398297833835,-2.3324061984497044,0.16783213152297077,0.8814376878555148,-0.8891644130078454
22,0.44,-0.8949635855840243,-0.507542823581703,3.0071213927194678,1.147642519928372,-1.129546153058012,2.0679004203521165,-0.3075355239980703,0.4837041649069733,-2.217947569169908,0.16317296597118375,0.9355409072348503,-0.9168081929104712
23,0.46,-0.719127649331931,-0.5679815163186136,2.75432581767133,0.9647924884797501,-0.7561149509575038,2.3554233231955353,-0.1872450481916862,0.5317406088410166,-1.5023671490611412,0.1924728203795067,0.8305690413638269,-1.0365653626717026
24,0.48,-0.6149432178031099,-0.651597752067316,2.474940334734374,0.8334841679744012,-0.5730463116018983,2.4873004131889473,-0.07800597877536536,0.5326689711321205,-0.9799703671467566,0.14806610670372866,0.6651020710905275,-1.2401583304753596
25,0.5,-0.7668320906617911,-0.606477224421124,2.543029756949514,0.808669236593271,-0.5828264101835425,2.4270382115568245,-0.10171894779910888,0.4371994928713058,-1.1332901319427857,0.14325095545351504,0.6242257529707494,-1.343232170243986
26,0.52,-0.983915990973457,-0.616038020828567,2.5278465337457585,0.8581244352423052,-0.716429953770829,2.3122135945947906,-0.12182719559218413,0.6788251989777989,-1.0639110041998399,0.2998531853992533,0.7073169158205631,-1.4095700577995816
27,0.54,-0.9427949362686289,-0.6596207792832691,2.481145657007878,0.9125792817031017,-0.7734875857427163,2.2879591836492152,-0.1436098314819193,0.7199904906150667,-1.089368212761497,0.2735754316679126,0.7579523267159984,-1.3402076902539237
28,0.56,-0.8989175855094631,-0.6700665424456954,2.474625847150244,0.9511157395897107,-0.7685426885270996,2.3263133876071933,-0.1723715696317309,0.7047859915588485,-1.1209162026394859,0.2549672028621277,0.7730975464240545,-1.2801231121423033
29,0.58,-0.8689874826549437,-0.6628666313131388,2.4986669381806554,0.9658533657815359,-0.7524168288463765,2.3545913754987122,-0.2023703683678353,0.6860718498738615,-1.1277451192164591,0.24479713921680124,0.7675746476599379,-1.233107269813652
30,0.6,-0.8490150007574985,-0.6607674736191526,2.5270855508656056,0.9756170940608163,-0.7517030375008162,2.3860938219127585,-0.21314884503029274,0.6788095099349489,-1.119779239160478,0.2515789821950611,0.7657928112159407,-1.1992732873182403
31,0.62,-0.5477472011483981,-0.39644649742282156,1.8700776929001153,1.0897344466457048,-0.8091689988084675,1.9635840785056065,-0.2802307112715867,-0.2441390359040534,-2.189945556074102,0.3439142780742389,0.9806435832298217,-1.307806180407799
32,0.64,-0.2735718070642511,-0.27832620799644026,1.3739376731133095,1.0069980661167204,-0.8218551198163137,1.931956352195165,-0.471015253353166,0.2484637615618429,-2.042386407678819,0.23662779569395603,1.0091557651445755,-1.4265858595156238
33,0.66,-0.3387683684210831,-0.4227473939049292,0.8514810513170881,0.6680333907339021,-0.8440799956324818,1.9538372847180234,-0.2106773280993267,0.5048366094980472,-1.1776848273643477,0.2580295951331082,0.8228063476286342,-1.7042060758738593
34,0.68,-0.5273252360991969,-0.48818667811621763,0.9438529346700004,0.4228390208253391,-0.785868594582696,2.0116537038614855,-0.2548399387109494,0.40015229591268636,-1.075389554471994,0.2832329450866003,0.7436723655476616,-1.9118357909794554
35,0.7,-0.6854292884974637,-0.5190706357172198,0.9725657272451091,0.3790801012445122,-0.854097835789905,1.9271792318662042,-0.17989378538065448,0.48736039000894793,-1.0193720251331977,0.3409822424130269,0.7863128294138471,-1.9464950379647814
36,0.72,-0.6628795745769916,-0.43984433237277937,1.0617996238741616,0.400566074284376,-0.9687275987792306,1.5083156053608768,-0.6995295661489139,0.4307746853869589,-1.6688658665061062,0.7759236195204181,0.8986941960004665,-1.9862750099571005
37,0.74,-0.6393387602240562,-0.43305830099997883,0.9214669069971857,0.4776632388731963,-1.0016791553459128,1.3328222730813872,-0.6620764533611141,0.4113905154955996,-1.859001229075265,0.7364514745870181,0.9087405676557281,-2.1017260780308145
38,0.76,-0.6403055636627591,-0.39931595121799124,0.7907453712374284,0.5149987275736136,-0.9945008980866237,1.2144227705315047,-0.5909598950275048,0.37432342165074767,-1.3017577397433033,0.6746801347678338,0.906562028311776,-2.2307703891684802
39,0.78,-0.5984925334928296,-0.3486917078501782,0.6953406264468279,0.530572633407734,-0.9271250606444714,1.157659291682063,-0.6555327407765404,0.3686512407943762,-2.072183928155889,0.6323824561621174,0.894273987276218,-2.323735198735529
40,0.8,-0.5951430409983574,-0.34891491430789257,0.6661103886195963,0.511101763193688,-0.9167680611782746,1.1388350535662983,-0.6420880784766161,0.3595640798335004,-2.082021215026949,0.6343363526608595,0.8788126753807244,-2.374060609676926
41,0.82,-0.5999224438099497,-0.596239714313638,0.6791063160830417,0.5125855907370684,-0.7805621997921994,1.0112944474655607,-1.3460925032702953,1.3905356309151653,-1.6935721233378251,1.1227469246114405,0.6836695293001332,-2.4753677536594374
42,0.84,-0.5346050369415297,-0.6772002459813685,0.6677553257586657,0.6047045448779258,-0.5610982681658877,1.0291472674041473,-1.1962402242132653,0.8681688620202077,-2.0824531210171737,1.2423524859395827,0.5893560692588837,-2.5457617599364766
43,0.86,-0.5409427117610478,-0.6637777879547243,0.6406708766954529,0.6254781566437326,-0.47456774845510075,1.0069854986864066,-1.138419525635424,0.6740527283092754,-2.28656543291626,1.140955035686158,0.569051402485441,-2.4724456222451843
44,0.88,-0.5713867215185013,-0.6420388605783749,0.6049092119609527,0.6158008791274703,-0.5412120880824055,0.9198978508202557,-1.1305585518880314,0.7384250713548342,-2.2912657212684824,1.022429418685805,0.5793298172192679,-2.4300121343949317
45,0.9,-0.599562848411405,-0.6366129170585632,0.5980108222040288,0.5947869270086578,-0.5888293800549224,0.8733654867559524,-1.1209060923265068,0.7832885056647284,-2.2645896440130984,0.9317165340520466,0.6013587232331213,-2.3615535356490027
46,0.92,-0.5141354455915141,-0.6275692955763275,0.6404911554639527,0.4199802382024959,-0.6198299351686429,0.8096843320551493,-1.1160501194617927,0.744817309622614,-2.3098298277944096,0.966587843364423,0.6762056131792435,-2.134601443280804
47,0.94,-0.48669714961739396,-0.6168784667964438,0.7056622159404266,0.43293511881332725,-0.6467825774814142,0.8124406464247713,-1.0909690069763367,0.7024515659715059,-2.3103899102876557,0.7907872635543363,0.6893750773570005,-1.9336545509068133
48,0.96,-0.5054290337713173,-0.6153705905179504,0.7590461641379046,0.40666881251707754,-0.6404540225616617,0.818158384588952,-1.0477343326333868,0.7174748080893768,-2.262404773425976,0.9489170952612044,0.6690512590232072,-2.001961232217266
49,0.98,-0.5060070231334124,-0.6189476790637778,0.7491870363008675,0.3949204482569089,-0.6449071912497931,0.8395540704440504,-1.0552360493723028,0.7319172155686795,-2.226566206476729,0.9522797635291839,0.6759233902822572,-1.9783189572558357
50,1.0,-0.5058816855585874,-0.6350532481733572,0.7372109058545868,0.3911739633174064,-0.6500578706512152,0.8541067476804173,-1.0754159852259093,0.7334823552200451,-2.2165603746789175,0.9356483190598045,0.679840278349414,-1.9691091426786589
51,1.02,-0.01988391419337099,0.2586178956739613,0.6634635700767069,-0.12459397552865364,-0.8651012907806106,0.9010195754939203,-0.7573399089958327,0.47600692399238975,-1.8975535194269963,1.255557531973468,0.7695854643090041,-1.8288975790866402
52,1.04,0.055672895387299276,-0.25105895395584915,0.5729498191607667,-0.18312846720450182,-0.9609117147275088,1.0295655659059226,-0.4378787596908368,0.4319589054856523,-1.098990441140753,1.2602044024997876,0.8762065573913885,-1.5503803835083898
53,1.06,0.06484927144269222,-0.31565309296714694,0.4304839978840751,-0.19715975540448374,-0.8742939054569184,1.2370817373825609,-0.48572174473884333,0.494116705664731,-0.7633534976268643,0.9295830456211158,0.8742292895898396,-1.58648247258811
54,1.08,0.14480990980457972,-0.2691570960484655,0.3329856439551085,-0.14676298509320304,-0.8258548326611099,1.4141557989656708,-0.6667681693913062,0.5240835481753395,-0.8594024029843264,0.6599507148564688,0.8584950567147736,-1.5630706215127161
55,1.1,0.2149662798015164,-0.27179222499228234,0.34184104812218413,-0.10365328969804344,-0.7999578197693746,1.4822333981565898,-0.6825165580784769,0.5001290897101682,-0.8563994249809865,0.6186948996258337,0.8573294351170235,-1.489976796997643
56,1.12,0.40394085137230507,-0.21467678855137573,0.19093858470484493,-0.3882226644375932,-0.7497433193667629,1.5183370986562499,-0.6090758602915625,0.5184259143992895,-0.7588834217025271,0.8038009874599814,0.7659895545721855,-1.5760218706097442
57,1.14,0.3958867653058027,-0.1966708306198734,-0.036490511035090156,-0.36023774496602595,-0.7683293076958444,1.5011171595045272,-0.579414447140351,0.519808033550493,-0.7657936435673626,0.8285991561351186,0.7893662693626458,-1.5382996933027153
58,1.16,0.4688067110574801,-0.24021664721218694,0.18934914598765773,-0.38011881825561306,-0.7634760545384655,1.4760492744561318,-0.5734164633207159,0.521140753588197,-0.7527506754636772,0.8433104803061061,0.8000553110577904,-1.537300869678527
59,1.18,0.444029762338133,-0.2321568380759918,0.18737260349529972,-0.4051697612813944,-0.7711804219754876,1.452762471727477,-0.5510316068697658,0.5321397941086324,-0.743393100839462,0.8584420500286464,0.7944902281725187,-1.5667695322577055
60,1.2,0.42240200656173094,-0.22314147520787797,0.1845253008060751,-0.41693435069790213,-0.7796729215455109,1.426575394581611,-0.5334585508069696,0.5392558416043814,-0.7468049779670184,0.8682145191964455,0.7876536042860102,-1.594349081658601
61,1.22,0.5856340590826027,-1.2120386837084032,-0.6072007138091113,-0.5814647587895272,-0.5732331728478745,1.5056258712315624,-0.305521874376009,0.7372289109448523,-0.5647926576223061,1.1461037302928614,0.5027839402593032,-1.7156051714027876
62,1.24,0.4892612328885423,-0.6634716611836999,-0.07784828338104144,-0.3220299082555664,-0.5484927894182283,0.677833518631036,-0.32221763041594537,0.7324644561382163,-0.5713204363223241,0.8634391887118671,0.5331404693586181,-1.4832938012957966
63,1.26,0.5234053525661656,-0.3790294449123961,0.21575147500093794,-0.20964845979792252,-0.24293681652976312,0.33595439805190497,-0.4537465578523137,0.5227907250362838,-0.4817106373743817,0.5994863935303686,0.5383540904994334,-1.2869817422618406
64,1.28,0.5381958241683656,-0.4256248952420246,0.37156720494805723,-0.2788705217286851,-0.21905712033190378,0.2900005075523321,-0.5315774277951717,0.3526342179192299,-0.26736140595899305,0.549527861452774,0.5532468716414998,-0.7737823344692325
65,1.3,0.5390847072168921,-0.47387853381018313,0.4365911864617607,-0.29717389585173476,-0.21735520662036356,0.2626084586680958,-0.43099108253794316,0.32386481947362367,-0.058343330645923674,0.5548984948276361,0.5447308404261407,-0.8374463052036821
66,1.32,0.5972072750226934,-0.4887151453825284,0.41265020398609514,-0.31598009283540207,-0.17189081562908826,0.15230735442969895,-0.38908684876015787,0.26076256522064356,0.023284971040351488,0.3962969861926422,0.5664137598794869,-0.7444692106314352
67,1.34,0.6349427528612099,-0.4948152184471483,0.3919014457264594,-0.27655319117094923,-0.13955735802879637,0.1305465322018784,-0.361382036290612,0.2228791301830773,0.06586620054700187,0.3083213372181281,0.5652911143121733,-0.7126253389692571
68,1.36,0.6429905005747724,-0.49900439338696784,0.3602482079922176,-0.24158876629547882,-0.11594710866987457,0.11509623729362078,-0.3344726583286365,0.20790110804504836,0.0773558006147348,0.2519628479784773,0.5645086754917433,-0.719123731953931
69,1.38,0.6374939983262962,-0.49251816174279106,0.33660343355316324,-0.23325752090305696,-0.10580509653797009,0.10331784859807988,-0.31986777338838024,0.2072098472790825,0.06866965329779251,0.25352708179658184,0.5647341780607601,-0.7299094349238118
70,1.4,0.6276495141909624,-0.49273092955692366,0.3349906294495275,-0.24358371394129302,-0.11599944820875328,0.0890239311478046,-0.30714672312150676,0.2200909261780296,0.05471222628887851,0.28088770326226564,0.5668141945887916,-0.7442582685551259
71,1.42,0.30891542135723943,-0.5866337207758274,0.28812112801882234,-0.07012933341787192,0.10526966832269068,-0.013544144215764886,0.08330124849720129,0.3971658008868398,0.11974004787834774,-0.03952988117166456,-0.32009076487487187,-0.6665843313104445
72,1.44,0.061511789233001046,-0.5956819100865507,0.09606784008449964,0.011163361668772034,0.0913405345910958,-0.010659752469793171,-0.018234969704481824,0.4655039032497326,0.10668112531463642,0.060714025352756745,-0.06023407825438809,-0.14385881944038614
73,1.46,-0.08826751279152276,-0.512274859630006,0.027485414317388435,0.050694587075474654,0.07934624035871363,-0.010876833148753595,-0.06653453648812643,0.4561165879670135,0.03651707663710557,0.06676403376036294,-0.07746283649141372,-0.012671744900426218
74,1.48,-0.12342576886255514,-0.4428186943544111,0.019223108574124348,0.05187526338477351,0.07146084887861072,-0.00902021975591169,-0.06014757205620036,0.4410682986523473,-0.02988041396649832,0.05074635715738718,-0.07321645544039118,-0.0017923582396893178
75,1.5,-0.07693348844803857,-0.4229913507895975,0.029317268630456306,0.03188136335850269,0.06501329648178679,-0.00786917028688397,-0.039294846193708134,0.4404147591090898,-0.06009525593028586,0.03552580293702494,-0.0717047595621477,0.00030453808412408967
76,1.52,-0.04780212235939088,-0.4700158415152173,0.18365150887166687,0.022893005414848754,0.05042393924982912,-0.006232512517765437,0.22707697614566674,0.436859057508731,0.0006743855715358182,-0.03891082057945455,-0.08807494893852473,0.019173363964064688
77,1.54,0.019553149506372464,-0.5109917491491169,0.08672091587041858,-0.004813569878635144,0.08176304090937687,-0.011026433023714644,0.019601586950796585,0.4637487683972629,0.028273166830885987,0.04617111844940819,-0.07946580333475618,0.014747478565967004
78,1.56,0.09787123857478175,-0.4951749921975839,0.03504355896166078,-0.010133972677576111,0.10304616342947949,-0.016361335939571925,-0.12538610493697025,0.4630695078865376,0.004632286686915066,0.05437889111095082,-0.0714227859667995,0.01052783117039613
79,1.58,0.13697501879076318,-0.47480447488932015,0.022340974598088148,-0.01167458681163172,0.10430005134285658,-0.017230349562593367,-0.16089840000446143,0.4583965360778444,-0.022825009224711312,0.04856528013160755,-0.06457891428355599,0.008310899015518097
80,1.6,0.1390079349017434,-0.46191191222786354,0.02304136501411236,-0.01548813047156656,0.09973481828773106,-0.015947649456007518,-0.13880846166826977,0.4574499100527085,-0.042967417516065975,0.0344882142020567,-0.062360876758677325,0.007862536352050475
81,1.62,0.10943778406159967,-0.3608020896659781,0.30354336994398723,-0.02116491038896301,0.006925696843422077,-0.005259578027533213,0.07823777571684484,0.23177908501690608,-0.07451364977293101,-0.18724974716123022,0.9391181479017865,0.8813439391619418
82,1.64,0.08311502840594878,-0.40819036734480785,0.2088811603790776,-0.013761836971366709,0.03940271585705575,-0.009075383281645172,-0.05154746428743981,0.290000071904704,-0.026772899827410546,-0.060599891029790104,0.4165654350816468,0.3588869357455846
83,1.66,-0.034560539488338066,-0.18974809301737394,0.2577775202011541,-0.04709626099907657,-0.21963990826108393,-0.1628968953734743,-0.07023647998469455,0.1432560548086862,-0.1877914503966922,-0.14263372032009536,0.2330811406189245,0.06870735379137871
84,1.68,-0.06493484430407923,-0.19165171000051945,0.23938365679725349,-0.022590517107947225,-0.20332156715767652,-0.15155314532378372,-0.037248672045838954,0.13909349209679867,-0.21223699365341686,-0.17182323146390982,0.24577025217669635,0.05849111588895234
85,1.7,-0.06959098429437921,-0.20994403174049822,0.24211298586097307,-0.031347573475328516,-0.22293630949508145,-0.16056638228327685,-0.012309489231155355,0.15333834826244785,-0.19455568779122456,-0.16151029202571895,0.2619802788758069,0.07776507621327891
86,1.72,-0.18145904136841678,-0.22809387774032158,0.30540995374261565,0.022716992518568898,-0.24925861599534282,-0.1219268079265407,0.10446650009306169,0.13340188895879992,-0.10011732905273713,-0.16001444920867433,0.22284434773437967,0.08687629887410667
87,1.74,-0.1254243980962957,-0.2502363171732344,0.2546136276371262,0.062323167319558934,-0.24670923667485414,-0.0543625420000281,0.024470289132340395,0.14370672462597536,-0.10861933119992273,-0.1529993407932711,0.23812112397070934,0.0824956812651334
88,1.76,-0.0919337915630711,-0.256080222002286,0.22366649064262356,0.08088043918455914,-0.247224459702587,-0.014387738259936333,-0.022794341361492065,0.1521186022453761,-0.11089008328889055,-0.14068127778206388,0.23912767466858664,0.07369636437164123
89,1.78,-0.08617960055378421,-0.26086995386361467,0.21788756340543802,0.0828355851252474,-0.2475074952355505,-0.004646365640506772,-0.03484356112169519,0.15558829159641277,-0.10910099499019232,-0.13682382052327768,0.24285168277352737,0.07216991584116433
90,1.8,-0.09457566259359364,-0.2588290679330322,0.22382059900114976,0.07746534954107734,-0.24719296632513987,-0.015367879722686939,-0.021489519428048914,0.1533593108203986,-0.10781182662886518,-0.13770246292477298,0.24176362599909118,0.07280575241702272
91,1.82,-0.21965802788288397,-0.4504730234393196,0.19802755577936865,0.09962796335402269,0.7139621858871075,0.7757456072003655,0.015556528010645304,0.22034231133293872,-0.11338489247966477,-0.018433686639677364,-0.01546537585864241,-0.03543007795810332
92,1.84,0.035193890485375245,-0.513562919184936,0.09875807380435164,-0.04768784756333955,0.16523909102983858,0.2269265577655588,0.06110027767114203,0.44540187639225653,0.07325000550504868,-0.005582215421251854,-0.07857501194175608,-0.001211656928609306
93,1.86,0.1526227602013775,-0.48445851989541777,0.008188730911633746,-0.0766862792910496,0.07457957726445336,0.02181534151045328,0.08116745056572294,0.49604938508902885,-0.059046137068266835,-0.04303530855661896,-0.03596324920742183,-0.006080607875853794
94,1.88,0.1861790175590662,-0.46018036079550767,-0.042301163792666796,-0.0673020059687037,0.07904152759507094,0.008948486904311354,0.07468263554749419,0.49149640548241613,-0.14251823154230608,-0.08686230615520794,-0.01680122606291891,-0.017367538147119138
95,1.9,0.1602630635736234,-0.4442459612078514,-0.048488136443637975,-0.04970406312645106,0.07783784031367771,0.003967752347609876,0.0747185668301193,0.4809110034507784,-0.15404079241029617,-0.09312878560169097,-0.010327445014543454,-0.020289624279113516
96,1.921,-0.14020750907579013,-0.4319873603212792,0.009052224685509869,-0.006492062620889749,0.07262237706599647,0.013301276244652244,0.12384773893734749,0.45531919972101514,0.004411700757156578,-0.02162287461919179,-0.0858104464881742,0.0016805465386368346
97,1.94,-0.018857363717805803,-0.4110067711397694,-0.006814676750663606,-0.051671637924820574,0.0751432282922314,0.00769379421371405,0.10408146979098198,0.459311924784541,-0.07322315893838954,-0.004346374312719864,-0.06916943807578314,-0.002181259551159276
98,1.96,0.06039697985080775,-0.4118120587984305,-0.04548659042570086,-0.043055925328378264,0.08376538509591173,0.0035503457051563603,0.06331120365472857,0.4714683430682735,-0.12151500493510375,-0.003891058798244317,-0.0692191050936976,-0.0030561127662897813
99,1.98,0.07987697859400583,-0.42411448103460603,-0.07906500237245306,-0.02649359406348861,0.07509158805241062,0.0020931494983972287,0.026177801162960035,0.47626296604243634,-0.14077213236974134,-0.03933550945119686,0.005734115948393223,0.05829407412206061
100,2.0,0.07649699711500123,-0.40399457313728615,-0.056210541687968685,-0.02151060898269005,0.07109070257297434,0.015186698463289794,0.008861562654627453,0.46173218173650393,-0.13486043455778546,-0.02237490739782215,-0.021545897556645446,0.03062771667779765
101,2.02,-0.22998710762279087,-0.374901177651361,0.019684692542467852,0.06542965005630264,-0.8339644740493855,-0.03970510327628074,0.038174659779774994,0.3689976984430012,0.010165485846268807,0.028670081683566037,-0.017743690748313654,0.009682857247508392
102,2.04,-0.014725264443027769,-0.3672850198892307,0.02022942607234146,-0.05840978485180098,-0.28523564197783,-0.021132324848866457,0.03346734448034408,0.3778042674611336,-0.09844023626595261,0.012445327829099857,-0.028490477671638925,-0.026385988829359525
103,2.06,-0.13485718081093293,-0.19124783333584172,0.049614998970440805,0.16647695756183417,-0.25525928377276685,0.11639453312285478,0.033300292564565535,0.24312555950256287,-0.22440355400062245,-0.05410925350033542,0.20621862183244427,0.0877013342543736
104,2.08,-0.15954457767958702,-0.18026414729777807,0.0536400390367322,0.14339458155286813,-0.2529060396679458,0.11691548091599563,0.04106733907890561,0.240284460774854,-0.22042829556451732,-0.049751600047054104,0.18858277275741603,0.054580262581476496
105,2.1,-0.1758006564910955,-0.18420290429907338,0.05428322084306636,0.1265672544353537,-0.2743356868707701,0.09711434538057298,0.056769111874044834,0.26252805461192663,-0.1942820603078418,-0.03217105024463795,0.18776426863400844,0.041291574445184
106,2.12,-0.19491532752222007,-0.13946814473295333,0.029076997008591732,0.16252201067409724,-0.2748230086777662,0.11144554168064266,-0.004563531095319699,0.2978976046717346,-0.2001940804908836,0.09992628378465773,0.21404320881104122,-0.0400603648867002
107,2.14,-0.21707397946783302,-0.18048699529586235,0.027296469938857038,0.17191982876166884,-0.28138077829752983,0.11970813882698517,-0.029341916826760676,0.29791463382229244,-0.20439104061257973,0.07567522306546764,0.21139318331062384,-0.032550254387355565
108,2.16,-0.22221833958715007,-0.17897756795925918,0.035621554952404266,0.18277179284158268,-0.27963234663412584,0.12075347203735914,-0.02760358373928129,0.2944980778161139,-0.21021841078464215,0.07879986574901035,0.21318508761781235,-0.023917516433704822
109,2.18,-0.20348322387924775,-0.14013452790256783,0.02437556965631621,0.18198427541120865,-0.2755100346985885,0.12205624922299863,-0.023623174548422183,0.29380963177872654,-0.20992395347738602,0.08311478842825223,0.21833769463096414,-0.01934463046587978
110,2.2,-0.22421932228039482,-0.17787365375303332,0.035822094792795245,0.17973475056589805,-0.2795334543693095,0.11945361209315497,-0.023781517300276892,0.2948506047135516,-0.20814530759086752,0.08296345664079494,0.21303516248953946,-0.02444948865285515
111,2.22,-0.030240745728813967,0.08813146472925994,-0.007027812642373288,0.10663471602906094,-0.34860278567943886,-0.1075335227001385,-0.05703063978136108,-0.6370563653676977,-0.9737236231566488,0.20868018801567856,0.3803149269959816,-0.04253633863940895
112,2.24,0.0058927120733825444,0.08580376542107025,0.002674040171444847,0.014913499150659704,-0.4172126673238039,-0.06887312369937035,0.049615217174691306,-0.14057294511936091,-0.4772443970098783,-0.044328888842216835,0.45323169202614216,-0.05939298822260394
113,2.26,0.04041793915919392,0.0650488755963643,0.007569570318964214,-0.055073876070086826,-0.4561059518589785,-0.005804996687005903,0.08001789017267008,-0.0627646260521425,-0.03071721303845193,-0.16034817796795892,0.4602476200412374,-0.06530126502296502
114,2.28,0.03984677002492561,0.07665576867811653,0.006772719940175309,-0.06940179211547867,-0.4716466847019667,0.01810031122227554,0.06471849978325349,-0.07821433344485834,-0.012221510319786133,-0.16014196635122316,0.46031626079765886,-0.044419432941952774
115,2.3,0.025740358678719766,0.08513777259854108,0.004541900435293733,-0.05795188406095689,-0.4708231846935403,0.02117253273854361,0.042428644584582,-0.07686087666099525,-0.00619082412236277,-0.09856781809841886,0.45125445642261774,-0.01720268568526545
116,2.32,0.04217761492847699,0.1119814531671525,-0.0038570821872752625,-0.12729294120640278,-0.44367763835343355,-0.09371851143906867,-0.06030230694804728,-0.05235842872509229,-0.01892019382629201,0.23942047933865415,0.4318382199779697,-0.051241175455131155
117,2.34,0.03462110758971186,0.057309851526005,0.003547896785446536,-0.10411341774918656,-0.3869015823256705,0.006778012763467206,-0.10505800205060017,0.06846114329820462,-0.03869917397159034,0.18070373151049118,0.35159349243278903,-0.06355753389456498
118,2.36,0.0196239044757124,0.05634890656578208,0.0032424362647890947,-0.07353995454099409,-0.3745237479071017,0.049990852083439924,-0.10783733600971462,0.0501460231518365,-0.024115864400351628,0.1694390506319054,0.3205436982189136,-0.03831121950388919
119,2.38,0.012580384104347055,0.062276018238951916,0.0012077532818814962,-0.042050639392074846,-0.3849256221988555,0.048415075417316406,-0.09799475205776265,0.0156992459936766,-0.051774135604845284,0.17220286687670042,0.32371162871473336,-0.011775955180894387
120,2.4,0.0044094581404627055,0.06766703888089882,0.0015076464991541916,-0.03395806294499487,-0.40325979156882075,0.04016700460117384,-0.0829132389146229,0.00547412335711181,-0.05169506049090444,0.14584553852876542,0.3439275117397374,0.0009978925078865386
121,2.42,0.04295488778758089,0.053071043737832835,-0.0026320290921328926,-0.1374451318568846,-0.2696067670570623,-0.05948406118895075,-0.17848540586348183,0.9251800605428273,0.10596412385156834,0.39313128607296155,0.19709141622088783,0.05810711987930897
122,2.44,0.014659632860366985,0.04193977144617325,0.0037392238030726777,-0.17389864824313878,-0.26780991894937567,-0.01679674444727597,-0.13468639444810787,0.4026231666667601,-0.16013983011095562,0.2333489134004818,0.15229060766856306,0.060358434749631706
123,2.46,0.013460596050502496,-0.26999367367195115,-0.3113245366999875,-0.1565418577368425,-0.21989136561766626,0.023804519327030982,-0.1492975217321189,0.15938998428846318,-0.15101328410941356,0.17601598002584312,0.25918754167367886,0.0649134528053544
124,2.48,0.13647062713301353,-0.09797374593734373,-0.2365916467414252,-0.039436047072170397,-0.14675431342551146,0.05968239038639389,-0.11643008891492698,0.19730503915181635,-0.2126857104565979,0.045308188249153475,0.19366626620588087,0.011081131208665301
125,2.5,0.13685206915005219,-0.09662868980663639,-0.21986902899448824,-0.04738019082333074,-0.16332720220890995,0.07608776384749674,-0.11628353846204026,0.20688443438515225,-0.14939353554708035,0.02981057759395775,0.18006548423480956,0.019235140424694597
126,2.52,0.204196947729946,-0.07697151349222366,-0.18676808693663133,-0.22100662439307606,-0.17648450144972305,0.04111842524123202,-0.2037805810029651,0.22799793974090843,-0.10482717091185112,0.2063768850380251,0.16617658979304434,-0.005143265846526052
127,2.54,0.2223546912652934,-0.08735201306376265,-0.16703441241555445,-0.2080112500872267,-0.17610867629986532,0.053991262765777925,-0.18971085029314738,0.17981997003717487,-0.01648471440949112,0.21966092729784725,0.1686467785147811,0.021687096925572136
128,2.56,0.21402438803095425,-0.08994411258126359,-0.15765625360587665,-0.2179298080001093,-0.17924300272502458,0.05940099320210526,-0.19948004366495964,0.21930510612956466,-0.06958204932528161,0.22950599638152208,0.16191691559156196,0.022755881446012427
129,2.58,0.20940635018452555,-0.08798338789469731,-0.15470838405136117,-0.2209860935242872,-0.18289726791914154,0.05165144811667913,-0.19571768555017433,0.21996100374223618,-0.06270135864461218,0.23198343669122218,0.15399441057716645,0.01674667513982689
130,2.6,0.20790552476238902,-0.08793334094977694,-0.15615947368552235,-0.2211401821108953,-0.17858323255931302,0.04955587533992109,-0.19255567757120828,0.21744409637612938,-0.06283781374562619,0.2329408179332953,0.1556322006950943,0.015703484776574128
131,2.62,0.2124183398895929,0.7991538539016547,0.03828744959290653,-0.36624918051152633,-0.36985226382586833,-0.01638821128746379,-0.11464666267194953,0.11087938386592122,-0.02111105658993334,0.22900875026861045,0.2475889317255191,0.011891100066276361
132,2.64,-0.04771692375106901,0.276598929623741,0.01974009035745361,-0.22733836852185818,-0.40393608801940706,-0.09138119442403678,-0.12128384661956021,0.038438499677569044,-0.08210458381524849,0.1373204280240417,0.32626274324180105,0.10123336390134763
133,2.66,-0.05284522064165861,0.03557394799350133,0.010618749323220988,0.009456321970640558,-0.36111738301681096,-0.07157563354468546,-0.043514718215875645,-0.06140055048593973,-0.02218730526797319,0.008074622275832055,0.346704978853036,0.14884154411151138
134,2.68,-0.059075430143057744,0.03641471980764596,0.0548318376027101,0.13983280938724235,-0.34600520084275527,-0.04373814369446474,0.01319575270143429,-0.10100120948032161,-0.0004366083439091284,-0.11432564713118577,0.34141498348264804,0.1468018831197021
135,2.7,-0.0527167175900891,0.03887652716474471,0.05474443879074509,0.1491232071281608,-0.35150688588845774,-0.022091458902434025,0.03402713916091785,-0.10542571209624127,-0.0006716611725818833,-0.1695366204640606,0.3405212033253235,0.1408560483163226
136,2.72,-0.01150432814176694,0.06507808015762151,-0.01131294555376755,-0.142037074731021,-0.3610550179550886,-0.0635862182342185,0.005537978194159715,-0.08244937072909306,0.0008072778189080476,-0.1094467387016827,0.3695161339026094,0.05019300137226346
137,2.74,-0.05255488940144115,0.0470950025316043,-0.008593779122436196,0.01422080378371654,-0.3817806271162675,-0.08379781209935144,0.010119250040894763,-0.10668299109948685,-0.0049655459706350324,-0.11309019542169212,0.367780364978591,0.10342496109914817
138,2.76,0.1436753733191799,-0.1564230532418487,-0.2216939620863168,0.09725517316373954,-0.19858139958734772,0.004421844026495703,0.026024900917881323,-0.023911977911037524,0.007595940503007992,-0.14615667032879265,0.3761494517016156,0.06823701824812073
139,2.78,0.06659060402766258,-0.07934733979269543,-0.14776836496489226,0.09858140586306224,-0.19803293892257895,-0.006615706265665294,0.0429351352712459,-0.049903544507505435,0.00770210471554561,-0.14293742977929685,0.2980822127639956,0.00015842098608070954
140,2.8,0.0460318682336561,-0.04676181034157777,-0.11697605208625245,0.07091163470287509,-0.22709754071457844,-0.04032670985432035,0.03395385609167177,-0.05497898400200432,0.0078082689291308904,-0.11046656078969824,0.32102394587431005,0.013640401924836149
141,2.82,0.16456022823748118,-1.016546569293616,-0.9707759411492334,-0.17348349325133933,-0.16590674469783578,-0.07200485713435387,0.004047485654248839,-0.020393931958437694,0.0007671919745497746,-0.028287156135380145,0.2833196827031139,-0.1358303471001845
142,2.84,0.03850539125579314,-0.4940266256398749,-0.44836810878233213,-0.06083768380593893,-0.249735513018377,-0.11138932393053852,-0.009402573026834248,-0.0679810025304068,0.006165013764510174,-0.028102882272374622,0.3410457317284699,-0.024666359929251147
143,2.86,0.09454204628596294,-0.17817705599579303,-0.06555034236636714,-0.038695979697708466,-0.20851946328734233,-0.004353641403674419,0.034571579224165545,0.174378607645352,0.24583568151053292,0.030905589883062225,0.1486616092314581,-0.021223342145100216
144,2.88,0.14814914289905956,-0.1478004449681733,-0.02065351057222109,-0.06715974046412514,-0.13363718860386578,0.07138094508856263,0.058059629448240675,0.09690606767971428,0.22611811192384634,0.061687480711130824,0.09922503800408844,-0.018989773394778225
145,2.9,0.13873430392432723,-0.16927169743491613,-0.05614182659226613,-0.07895629769190311,-0.13618101179185793,0.05975004661817085,0.05581787905881714,0.10501142009811501,0.2268761568770219,0.05548560513652634,0.11649095906918217,-0.024997190399767694
146,2.92,0.13776503703487936,-0.14956995917756105,-0.08608342517845491,-0.1470035947049925,-0.12183750889571629,-0.002515642594689671,0.195865593736966,0.10751990358426378,0.2578655563406046,-0.05956655727141175,0.11065003918874734,-0.0502084192701201
147,2.94,0.12338440449901067,-0.16996264139468462,-0.08831347015918611,-0.060342845790524485,-0.11585425843008151,-0.0030240026714833113,0.1640786675156164,0.10225406922299195,0.20045487917975718,-0.10067006871718359,0.1246549939300493,-0.037482360896612776
148,2.96,0.10832698822046309,-0.186156652259416,-0.08959972519801829,-0.007184841643814138,-0.11351350082363824,-0.0029258309777924763,0.14941819537494316,0.10296915271589846,0.16898801067044328,-0.12116647036270266,0.13829086821919584,-0.026536371315220048
149,2.98,0.10301646638644602,-0.18887736503188673,-0.08934605568555032,0.004498028431356629,-0.11487669141438386,-0.005052219037400024,0.14808229252612204,0.10696637342576862,0.16412196150912545,-0.11459262146451063,0.10748371145057367,-0.02427011253294392
150,3.0,0.1068313047126011,-0.18839992773960573,-0.0899933710790427,-0.011056970937812424,-0.11449847700156661,-0.0050419027092557245,0.1535087618055519,0.10459668835378833,0.17200007936818562,-0.11689317119202655,0.1382791821190973,-0.025494115639471016
151,3.02,0.0277051285235448,-0.3056216132752809,-0.021869406710407102,-0.015224930925863203,-0.0067771950126220976,-0.06404470057949332,0.37821995362907407,0.27220546127220635,0.27877962728268324,-0.1520152869272331,-0.7743057231342865,-0.04955641614545547
152,3.04,0.03227841329941626,-0.3522222618642052,-0.17463877984165088,-0.010837055246119935,0.04261326886901089,0.029737146865048775,0.19938168337428325,0.31336103634683743,0.3192821202318267,0.06988274148606102,-0.22561045960684334,-0.0203283349670903
153,3.06,0.08217617681246175,-0.32279474682436926,-0.2011605482876136,0.009204471925655815,0.05947988855007265,0.006665914020112629,0.00023209582214778202,0.26882440638256133,0.27890513030984837,0.06690265892084876,-0.04803709357487429,-0.01208819753150231
154,3.08,0.1131241563635304,-0.2914124661299993,-0.20803233900082257,0.0003633218449000733,0.08367118973512609,-0.0027100863479034565,-0.08771216875986729,0.25847176989950105,0.22865726673190273,0.0606105404696365,-0.04991844761227049,-0.006206818184597673
155,3.1,0.12624770171692462,-0.2862536957985353,-0.21868950834704926,-0.0032109219903499707,0.0876913975273256,-0.0025766619147954417,-0.07192815365124774,0.2676437466493501,0.19709682625949004,0.04954289679364042,-0.05801261251369687,-0.003776130097281255
156,3.12,0.08691929608428467,-0.3159911208506789,-0.08035343712899223,-0.003713661633687776,0.03606002591547755,-0.06470642118030903,0.22221973578459778,0.28438108924055877,0.25299495781029896,-0.022390676620399064,-0.07300561331049837,0.014365383135820475
157,3.14,0.07591586217401546,-0.32373641004277953,-0.1819705778722881,-0.0050694215998500144,0.07966095362008158,-0.011072563258065854,0.07124673306240376,0.29860386571770975,0.245635802347917,0.05546743212633068,-0.07173953043359474,0.013834828003265992
158,3.16,0.08836133772874963,-0.3128496920853119,-0.23318402280017086,-0.0002735183888888937,0.09269402810827414,-0.013645495924258483,-0.011020449278533143,0.30736612073565284,0.21188384495459806,0.056912793965739186,-0.06722938690152905,0.012466576926210587
159,3.18,0.10326618902639109,-0.29605416894701764,-0.24343965534740275,-0.00422216044372508,0.0916988045160274,-0.013602047421409497,-0.021068830669488694,0.3041818940042875,0.1862143017586126,0.04433055017584624,-0.0657293101283819,0.01097379590351974
160,3.2,0.11111624448797251,-0.2864811792803197,-0.2335212126708704,-0.0068664869802866,0.08855378637827736,-0.01194348058867789,0.011629264791362521,0.30383182374920203,0.17123668717504886,0.029503142032198358,-0.0657871473569311,0.010709419412375826
161,3.22,0.09193435610903114,-0.2962978974013314,-0.05740299680999905,0.005802292717905555,0.060600270637871614,-0.0034041036095849297,0.2312164377121085,0.26335138004044983,0.23885855473210488,-0.04699399471295357,0.9209533974784705,0.8336252116595191
162,3.24,0.09450286947708986,-0.2449633386620172,0.09085708619187277,-0.003465662161387533,0.08751428299513302,-0.01229386581232178,0.07394967459774612,0.2813455650678037,0.25193041075484063,0.04185694968193446,0.3722585985267588,0.28501642584756237
163,3.26,0.1291899848427894,-0.15107693811930645,-0.03617225423579262,-0.00512168638530669,-0.1456317290816478,-0.07091158395109434,-0.04095409265018835,0.08896236936094082,0.11905280574600491,-0.07380992047901058,0.16158461337013286,0.13161531427248552
164,3.28,0.08155260603021977,-0.1150500252518048,-0.044981478067255165,-0.015410901136137006,-0.10389386729134853,-0.0837714687606006,-0.02232873483525925,0.0704565718388539,0.07844946020309845,-0.09230320467806342,0.1459025447501091,0.054219853342928975
165,3.3,0.060472869118267825,-0.12615546757809967,-0.053525288033240526,-0.017381445147455724,-0.11245336114918097,-0.10581901330307236,0.022098238014452314,0.0831897037398053,0.07777855120709082,-0.09575978204885466,0.16341330613042798,0.06042084867768127
166,3.32,-0.06417833996875058,-0.15543790605517144,0.025995657817577622,0.04444439770223492,-0.1500267445659588,-0.0952206471338568,0.10419715882854097,0.07589651773606561,0.12449087865449238,-0.10167748975504615,0.14544230345460885,0.07757458079768267
167,3.34,-0.0388396101707722,-0.16649719411072084,-0.006541083411238546,0.06869407059908293,-0.1474865512507072,-0.07028509762416321,0.08631194507495138,0.0787173700139836,0.12298457344320435,-0.10936456033410667,0.15283001156913534,0.07282276361264536
168,3.36,-0.02197444434728893,-0.17172019584323067,-0.020882675136566053,0.0777654491285944,-0.1462125990723156,-0.04602386693679025,0.054335666666022756,0.08139055216459831,0.11987446474215574,-0.1059372641692528,0.15483341421685265,0.06534212012811927
169,3.38,-0.016950121543555737,-0.17340356892684103,-0.023070065311199817,0.07764729168595663,-0.14693495905770254,-0.036399496893509437,0.04220962712622178,0.08282102084741635,0.12291336779655299,-0.10598967931574695,0.15486595268006284,0.06624079460964535
170,3.4,-0.020305959295027116,-0.17339709545787413,-0.019158539762572535,0.07454071015985209,-0.1478411122396437,-0.04019515549556213,0.047188393570969156,0.08156124811926667,0.12474565107704577,-0.10505417854849522,0.15528837642308058,0.06787747906284966
171,3.42,-0.15824697286223505,-0.33210389735929097,-0.021508965121226298,0.05816269066838886,0.786290450188972,0.7230351069333227,0.08671354655653363,0.23790705603013654,0.322723338816788,-0.00859313589663243,-0.07969665199259313,0.0071497841074710244
172,3.44,0.07809587943274211,-0.36054209070991144,-0.09300166858898307,-0.05731056874433249,0.2637323503704033,0.20033704360698934,0.10506354397071893,0.35784198023117003,0.26593554220206533,0.003440699232865267,-0.06786240609157103,-0.0009391892504080068
173,3.46,0.19831838568190724,-0.34959106981832094,-0.16833015137114998,-0.07293984664205727,0.07210847120654379,0.021996050697948022,0.11746925728308927,0.36906161073531707,0.13174304758788846,-0.023059958376867074,-0.05541680363460555,-0.005053016106005753
174,3.48,0.2018203594807967,-0.32076229781470794,-0.22857939784344794,-0.06355616079129228,0.08332149543757528,0.008470864544364964,0.1039563074724526,0.38506514718680085,0.05388112106918008,-0.020581177712211778,-0.05827885176377767,-0.004042596714519148
175,3.5,0.15408345983436023,-0.3166432855072161,-0.284315808986565,-0.039579064565191224,0.0760874968778419,0.0016197189528852352,0.08565792494914881,0.3713729122551116,0.0166490625368802,-0.0683701432388764,0.03554549417620441,0.02287642824935357
176,3.52,-0.10204948457619582,-0.28925230031771376,-0.1977574258900383,0.010089052303093093,0.0671210215110662,0.014542562584943713,0.12539512208232834,0.33599039911473816,0.15984669954505232,-0.010785841740130094,-0.08329718610167353,0.0012655090518828571
177,3.54,0.06903401399099678,-0.27690817890803615,-0.20585152010611585,-0.055077211110803714,0.07043748636890979,0.007549940821092838,0.1139973716529745,0.3337620739912023,0.06525179462915265,-0.006631953437087702,-0.05634296315653595,0.01869873468052302
178,3.56,0.16309213426972263,-0.28120296966090963,-0.22200476799696017,-0.057109383741243164,0.07170526808221715,0.003994056578371097,0.07505849812260998,0.34263910744759685,0.024498994773842986,-0.02047004351098911,-0.034665850131208695,0.04530918390824337
179,3.58,0.17520779933890587,-0.2834877978562927,-0.23129452284998114,-0.04577368284820266,0.07656745657098851,0.0003505845929607787,0.04008028952871287,0.34463344294929943,0.022402485055158072,-0.01063311898344222,-0.0404182938652711,-0.009987213981568988
180,3.6,0.14315193375041846,-0.299432745892341,-0.22549183845218218,-0.02959579924460935,0.07268595914553423,0.008664787040337213,0.025298903174970244,0.33345436783020654,0.03921206098286084,-0.016783085867743814,-0.02085573215949796,0.03799495674381151
181,3.62,-0.16384913966350295,-0.26182652626583236,-0.13658097739066355,0.04466437043539884,-0.811243881685338,-0.03847821423334746,0.07205604981300717,0.28428478306731425,0.12991345899423778,0.0380535146808552,-0.013878578799178781,-0.046852637255895696
182,3.64,0.04461909674780111,-0.275253250784025,-0.13411399554575326,-0.049898333063690015,-0.2886399892321241,-0.020452194019728115,0.0500744468162172,0.2942613145945254,0.07891124860580323,0.025827356318725278,-0.018174933520565553,0.04557384870230727
183,3.66,0.04050199913229151,-0.1724476539664555,-0.12621016736753837,0.1361908480182782,-0.23038952245849342,0.022171968143597287,0.06551600998997562,0.254478919948976,-0.02200697814592112,-0.0237549634721517,0.16724354518100745,0.12115581643721782
184,3.68,-0.019758073758081054,-0.13424216322661164,-0.12581029851262887,0.08542466225955084,-0.15914989992671552,0.07591436497486811,0.053877421930436264,0.19460861233107613,-0.05808218641459817,-0.04414188645115179,0.0972897723533926,-0.03807069886415512
185,3.7,-0.03454767303766055,-0.1350278086875444,-0.12158593957378999,0.07049960977373511,-0.17621722990059557,0.058752069872249346,0.07054545665201274,0.20980849239143223,-0.0385647117808757,-0.0328938728532239,0.13271677878421406,0.04196006482148884
186,3.72,-0.1937231445511521,-0.13420407646462323,-0.08648564831979311,0.1488072236164632,-0.19810683718779937,0.04829528877298417,0.017592186123656234,0.24722028704891033,-0.05909861177853784,0.10553069012599953,0.15112202451934076,-0.02228342676905548
187,3.74,-0.15750074871133107,-0.13741303251857245,-0.09725537249174371,0.18438401402693166,-0.19702425307653906,0.06152422633516014,-0.0160010666066345,0.24109530595230766,-0.07824330275379948,0.06982867564315828,0.16060501945011474,0.0063742157860858795
188,3.76,-0.15550430496885745,-0.1431300025219842,-0.09399516075182196,0.18520118432912175,-0.19819700169146803,0.0670227830433843,-0.026534223755606556,0.23741716119754622,-0.08084296690916834,0.06015264322201701,0.16729123571595708,0.014172019820433618
189,3.78,-0.16024967224820144,-0.1401421632981958,-0.0870433804429167,0.17948758230051887,-0.1983672160461957,0.06617922381416907,-0.019794964544196762,0.2374843826776784,-0.0756819721365238,0.06925177834387106,0.16210248221961562,0.00899473311167806
190,3.8,-0.16184090631469808,-0.13910012199361682,-0.08248613200980298,0.1777069444821257,-0.19856768226033095,0.06447376904877705,-0.01758376182632645,0.23703673873751957,-0.07570545993172004,0.07089433723100283,0.1622740534442172,0.007230363485431046
191,3.82,-0.034568384815826636,0.0814653125996862,-0.020412315277083704,0.09052642018458214,-0.3043386756025696,-0.1696086619161433,-0.06686816217593794,-0.7198125859964881,-0.8674037572228226,0.20573051638088186,0.3407393624259487,0.00028382331350335077
192,3.84,-0.00012746537028496263,0.08665732466204847,-0.008745899530753387,-0.012501150914021233,-0.3916771182322685,-0.1297030004481583,0.049543091612375606,-0.17109269659514603,-0.31861192916030334,-0.07022760690000786,0.4305571917878671,-0.006019230757274674
193,3.86,0.036579392644562544,0.06740228666011301,-0.003817791248243163,-0.07709377802276704,-0.42807736611797065,-0.06788841168530446,0.0805443372899057,-0.06319668864752992,-0.025817563020157974,-0.17900857615702137,0.4306973335739459,-0.013199444522794007
194,3.88,0.03974260084795701,0.07515731834532245,-0.004409293186346808,-0.09435280787360224,-0.4371910687821696,-0.034763737187852084,0.06508130314074556,-0.07688602704883726,-0.010522059374240833,-0.17468652525461428,0.4252988150715845,0.007874033324750646
195,3.9,0.027028165347092768,0.08559621076393406,0.00016117309792873513,-0.08512277848241266,-0.42650877048866964,-0.023450449978448307,0.04229113711686683,-0.07005827430550995,-0.0047914741694905505,-0.10893166206574079,0.42568844146645674,0.041752644590765026
196,3.92,0.04348556933729228,0.10739020325283509,-0.003830778413492275,-0.14918951762372615,-0.40313737444968,-0.12927725166075227,-0.02309091641376637,-0.05254307530942168,-0.016641220455687555,0.1915391681883724,0.39389235573003506,-0.0014451515804505821
197,3.94,0.021608038386941288,0.04037746459024996,0.0011270304445222257,-0.11131143072092772,-0.38837191515089525,-0.06907628671837604,-0.11568007954854848,0.12179807680044505,0.04944959982053232,0.03892133916662109,0.36138605614199687,0.0032377919726059856
198,3.96,0.02592662942849311,0.05159132609400359,0.0044908771109293255,-0.05896971568880932,-0.3579533635542267,-0.01649553356893499,-0.09149716612558004,0.013705422378292295,-0.04221026874176281,0.10308434310541106,0.2939972267517985,0.012386631279862281
199,3.98,0.02000609528063295,0.055328613337819646,0.0024784008539506797,-0.052234613960714465,-0.33514617120199625,-0.004869467495315055,-0.08795539494139834,0.007683535733891189,-0.042193621348703414,0.10951892850544384,0.29126003675619805,0.016600512537221057
200,4.0,0.004928424824490296,0.06004397529247557,0.0014738539505336767,-0.03239561816016558,-0.3529376336362319,-0.0154484458698875,-0.08076512328353368,0.001128230831570154,-0.04210622253894103,0.12048302975554682,0.30221860990114846,0.04056874346994119
201,4.02,-0.04955537838575613,-0.07152328334106693,0.010891003818568945,-0.16234724715704452,-0.265136025994249,-0.11791949902605392,-0.9310324645488208,1.566763559385653,0.6177994997454339,0.3938404871500266,0.2178146492522115,0.004579504659705191
202,4.04,0.038231731101288774,0.04715259594797204,-0.0012636566154560214,-0.15712702676677093,-0.22305507752146103,-0.09265392860217533,-0.13485788085181383,0.8308423607026056,0.13769682180793008,0.3562365792521907,0.1361890139535793,0.09649145457866284
203,4.06,0.01331671236639869,0.04016786868626504,0.004090482645940807,-0.2045119720870232,-0.25643790215139417,-0.050937638183347456,-0.1530382096274629,0.3082466424719815,-0.1914120652248485,0.23438688204129898,0.1143954259878332,0.09929867363731351
204,4.08,0.036883707180375785,-0.22117370120312252,-0.2632927723365758,-0.17096714634986274,-0.1469132434258098,-0.008139249732975362,-0.12825377709971436,0.1302721655997987,-0.08975829766832635,0.13753931573385036,0.24615531422929926,0.1138454425065446
205,4.1,0.1527235815151604,-0.08222669549917232,-0.24806466866366644,-0.04817796889532529,-0.1307773024954491,0.009621722125917748,-0.06935270472658137,0.09743440776133516,-0.045723291880490596,0.0013446130153730723,0.17129395495159327,0.05438909799049649
206,4.12,0.18816541258620942,-0.04971008565466012,-0.21915144485064375,-0.2048144990520483,-0.14012970759501733,-0.014958255240769602,-0.1395129093404561,0.18882985353461057,-0.09963805936090553,0.16584957398492978,0.17439512160556037,0.01084240911598447
207,4.14,0.22631366881522097,-0.06969247655370178,-0.19838261773062804,-0.21391149763433137,-0.14523672516428376,0.0013130911247498378,-0.18427633893690282,0.19123159660236924,-0.06659150457187565,0.16265076069086468,0.16342535321279975,0.037191787248073316
208,4.16,0.2274244276802513,-0.07514723565709389,-0.17407654857223637,-0.21741374106692737,-0.14933482057687786,0.011096662551312947,-0.16598684017121815,0.18731786470280626,-0.0503795883277067,0.18557440857593116,0.16346948137398612,0.059140703502477854
209,4.18,0.21849616759800428,-0.07350434729637023,-0.16097002733067456,-0.2292355616945037,-0.1580434548998621,0.014405129740985262,-0.1723318403153192,0.1882691247312705,-0.03291937790305799,0.19593914428416007,0.1414541036864902,0.05379202497412583
210,4.2,0.21685353462719836,-0.07010975292339193,-0.1597999697142592,-0.22996890035955242,-0.1614735937148079,0.009084314382035302,-0.16700189313371402,0.19120936679601436,-0.028006551838591853,0.20039725017526944,0.1394425452098355,0.05106801668106595
211,4.22,0.5942986136555528,1.1532471497793124,0.05273429968680288,-0.4570018537754124,-0.2744048705280711,-0.016723598603230416,-0.03480128441633358,0.06489154356936311,0.027884736759875184,0.20239816850999404,0.16148856961510916,0.02054933175959503
212,4.24,0.049962318153069285,0.6308350086631149,0.03023933457691741,-0.3371482175372843,-0.3523437804039734,-0.10305836206375815,-0.12229917470777883,0.07158705284747598,-0.027817789843821994,0.15905325691277944,0.27359313109303385,0.05890324679568715
213,4.26,-0.05657395306867494,0.13434970329903484,0.015054750825629959,-0.11307660661049557,-0.29488425184957917,-0.12001583955873651,-0.08225082263765937,-0.027988404696946148,-0.027347623039263774,0.061014236803639155,0.3216651374797287,0.14116434513222828
214,4.28,-0.056322138721519026,0.035638334299902985,0.008835232143997451,0.07654312303361033,-0.34159087618066414,-0.08831230422930209,-0.019670646746164915,-0.09120766504343478,-0.0017918536853830658,-0.07897567619226979,0.33800534936476706,0.16694271680395006
215,4.3,-0.059025698291774106,0.036231006770832186,0.042871484235590285,0.14580848823947518,-0.32900859005763905,-0.05919332838145136,0.020137669765512248,-0.10472194612560759,-0.00015272458145729195,-0.16098896801357024,0.3296253710305612,0.16350912233334255
216,4.32,0.35741637526388126,0.0832072195399318,-0.0328853270256973,-0.199482462532857,-0.5622919036598869,-2.5237916344184597,0.07831537223829368,-0.0821913070835468,0.012487947146562511,-0.07954911880092665,0.32646772967988114,0.06329022989387059
217,4.34,-0.03761680288481445,0.06168270328697502,-0.010287631123177321,-0.08590139145466186,-0.34136033367930374,-0.09765894161456706,0.003973800277003711,-0.0910789366116161,0.0030078996795618873,-0.12072346136441098,0.36186044861343036,0.08990526645814137
218,4.36,-0.05374010776328715,0.048610485072342474,-0.008412541276215102,0.041031394623145506,-0.3426546520372923,-0.10551018332342635,0.006771163106259942,-0.10644251002955009,0.00832103692515787,-0.11975677701684283,0.3593448127997862,0.14284139449953712
219,4.38,0.09636262370136292,-0.11413374980441279,-0.1592954801678006,0.09270614150674655,-0.1860364105758438,-0.027596966054763777,0.03313834123499835,-0.04286826305433403,0.00739278028223328,-0.1621497425811874,0.32156112351345434,0.041360169806582886
220,4.4,0.048592872570347626,-0.06942097312398897,-0.12502511391615334,0.08316610559035983,-0.18628894360078588,-0.04371264043589168,0.039361033215236,-0.054470469312864714,0.007469410650838282,-0.14347101602355758,0.28661026798284805,0.030642827050308824
221,4.42,0.42429199774039794,-1.3071943794034717,-1.2719834854683296,-0.18237720122374984,-0.026153855498667333,-0.04784811356809504,0.07614180988626365,0.011333945656561706,-0.011500424882867205,-0.020999868193741056,0.4528138032586359,-0.11220036316562224
222,4.44,0.07838210619594665,-0.7586641440111899,-0.7496915632311758,-0.11180056870916599,-0.16836940129507377,-0.11498566315069153,0.001030918981532361,-0.04831020218039085,0.0018726002854097812,-0.051897279783623726,0.2835394430172885,-0.05304353829594666
223,4.46,0.013625732816051367,-0.20990326586733066,-0.20233109233246316,-0.01505191252761312,-0.2515423374459541,-0.13377773996075798,-0.0065486896815744045,-0.07943189734431805,0.0107370785138666,-0.05420643232738438,0.33090918315075246,0.05890364364801237
224,4.48,0.13121631423549607,-0.15047470578273325,-0.01902877649496204,-0.05391728221938051,-0.14341265804633432,0.004756417669874086,0.04213735789621066,0.1045284528072594,0.22830951973553942,0.03238809407962323,0.07045099233001817,0.007462725366287393
225,4.5,0.1458085438441405,-0.15152537682861011,-0.026352278668985735,-0.0835285017046073,-0.11950820591030228,0.0359022147897321,0.05801183792699735,0.04682668015772397,0.22505772418675155,0.03789461956065474,0.09142439805112956,0.00570131688659084
226,4.52,0.14213326809770424,-0.14613200646650057,-0.06346681579875585,-0.17397379352010894,-0.09600933581582174,-0.010007654836264979,0.25675761835908717,0.08858667398635488,0.26433207414615084,-0.048664814477923216,0.1088814221733518,-0.019697057952108077
227,4.54,0.13152916602790615,-0.16085245819334462,-0.08445469006053372,-0.13186918613111803,-0.11139060994569605,-0.03205563311344886,0.1910257829794201,0.09701736575478165,0.24103975810338474,-0.10381968295185465,0.10869038033253543,-0.017809202111282257
228,4.56,0.1227029449270037,-0.16730894627806758,-0.08388080030634418,-0.050873985778952246,-0.10540373081326566,-0.03013542561992405,0.1670751419334431,0.09737489840379064,0.19571349381292405,-0.13131932590128953,0.1194504436429417,-0.006933081346580772
229,4.58,0.10740074014043345,-0.1833674290609788,-0.08530303887285137,-0.012848234562444008,-0.10499084527015605,-0.029997777732419212,0.153825465637106,0.09769531276478086,0.1656753548507044,-0.14186478826664645,0.13120860654706024,-0.0018003381002262009
230,4.6,0.10461206716720196,-0.1866616730906483,-0.08559968778953006,-0.010816071205492318,-0.10521157171805247,-0.030708665190225193,0.15316915264840536,0.09836467076965968,0.16284602793472286,-0.14132508333772117,0.13352329500597965,-0.0005094533169827942
231,4.62,0.10469605667218106,-0.13817691048764652,0.03579397259605602,-0.02299240168514355,0.023914248110986663,-0.017456316547904582,0.44308741008656866,0.20645781661789814,0.20724381789043778,-1.0000162915143078,-1.1733154535255652,-0.37818638449675124
232,4.64,0.02728954040288568,-0.3199975621152022,-0.1112417437717465,-0.02919263579481593,0.012248016124672967,-0.02551757569567989,0.36437918484789755,0.30699460145207835,0.3094851179524106,-0.07266789915390448,-0.6509144921033103,-0.042303488292687375
233,4.66,0.04543126971836914,-0.3509667225526831,-0.19884103943656262,0.0033241627327082607,0.057846610374573046,0.009983578532910736,0.14858611477234196,0.31494776717913436,0.31705015197068376,0.0777729307901098,-0.11024636835584534,-0.016623891868658675
234,4.68,0.09454842382742776,-0.31420273703055107,-0.20301366892268147,0.0068474405268350545,0.07264138063988386,-0.007382616275787041,-0.02823232897314107,0.2646775196867516,0.26748655447783365,0.0665202647824637,-0.046759589915524424,-0.010447964196528492
235,4.7,0.12262818451631202,-0.28567736542446415,-0.2066871602922361,-0.0026306978708796926,0.0873699885089315,-0.0074698600936651816,-0.09151220179938925,0.2511626376041609,0.2274605687375415,0.05982740883995627,-0.05098554828450044,-0.006014197875378963
236,4.72,0.06818645759529976,-0.3061903749198446,-0.5668000194929845,0.01679545699966406,0.08861242051675357,-0.0321415047537465,0.17063683088895168,0.09446774087893817,0.2100475153271958,-0.73442478048105,-0.10465315480404641,-0.09660774138547401
237,4.74,0.06519561715510408,-0.22483687206329223,-0.11080223564077862,-0.017511156464645003,0.054261529030120076,-0.04218489703496012,0.18742583949941544,0.29464305375799243,0.2547687336507546,0.016670555725945557,-0.06708531043497222,0.015335772300081457
238,4.76,0.07005831237271859,-0.3290000389978636,-0.19622762385882056,0.001179359201871382,0.08876540486106692,-0.011026742369378034,0.01504697178044026,0.30993462958650536,0.22899164681472603,0.056079831105299516,-0.0684143361069813,0.012655106134294075
239,4.78,0.0892281677273198,-0.30950557783427946,-0.23579482154649847,0.00023506698561735415,0.09302060123300876,-0.01383769414397057,-0.025111178902980716,0.3123362205502586,0.19435375574505093,0.05707157898145905,-0.06551634944687831,0.012125580709119455
240,4.8,0.10592056759697115,-0.2918430277245686,-0.24213144761577016,-0.004531807186012694,0.08796795038478261,-0.012819002699479831,-0.00675279924258175,0.3097574232114254,0.16489175789151236,0.04159371604667608,-0.06557236727019641,0.011003953084567503
241,4.82,0.0597344874585472,-0.2971896499121591,0.019387705156734686,0.01984451217957238,0.05879083239946964,-0.0058793047616022,0.2809535732048337,0.19006502003218184,0.18156768337932572,-0.49732677203897524,1.2081976860665784,1.1461963101865533
242,4.84,0.09111910322387093,-0.3158803144214215,-0.07931019919470586,-0.0057729802905938585,0.08068161326815136,-0.007455887579747189,0.14403933173879735,0.277305916180217,0.24392628043311085,-0.010248122169366103,0.685750541682554,0.6238387820547173
243,4.86,0.14452979137343888,-0.3509991346477481,-0.16188881412663983,-0.004267669867682403,0.0938300140652041,-0.01198361745405302,-0.02459553924071703,0.13761813297952386,0.14991924622359584,-0.187400874181674,0.3674006141652828,0.320508171309588
244,4.88,0.10104749090520375,-0.12077818357843118,-0.02809236631051068,-0.016718849140997787,-0.11190791327864442,-0.06581856022888802,-0.043267030107264175,0.07963129452066486,0.08852605958211404,-0.066839503638274,0.1360979105725001,0.05958336907758266
245,4.9,0.07229658850867185,-0.1248519269170173,-0.04497187496449309,-0.015235758484674292,-0.1060475370113223,-0.1000664519956044,-0.0003050532606985318,0.0778305794595945,0.06945531110125638,-0.09271837499197332,0.15782407761390743,0.06025997805300917
246,4.92,-0.10222183682223579,-0.15679031336136967,0.03358826544352253,0.02075563427584258,-0.13999073818455382,-0.09997101960901014,0.11307387190627194,0.05694775385387782,0.12852026733418118,-0.09340410868090514,0.13353496217778535,0.06479936854078683
247,4.94,-0.05185364343681613,-0.16080306970727679,0.02108483360761343,0.05970296800145576,-0.15643862070032433,-0.08599436523054177,0.10548066926010274,0.09684388959256136,0.12829310368976787,-0.10014030220061172,0.1477665395024852,0.07524950590694393
248,4.96,-0.02737639011339986,-0.13203429941630204,-0.00890426297085356,0.07009675103761412,-0.15313638004862518,-0.05415201855630358,0.06450011922798102,0.0848609125733516,0.11581601497179789,-0.10487646109387552,0.15473988553885965,0.06958610787182448
249,4.98,-0.019545918574560825,-0.17465656080430242,-0.019609180459149805,0.07571087764283117,-0.14965529559476554,-0.04200714179506526,0.03958127592515778,0.09386636214577823,0.11349893259353552,-0.1028552152456744,0.1580333223349617,0.06600725692991533
250,5.0,-0.019686227470074934,-0.17443146787238054,-0.018644326920299548,0.07374574572773288,-0.15136118659881995,-0.034154581726706296,0.04028098011201456,0.08745029462791104,0.11432035955366038,-0.10227034519775044,0.1567697289728204,0.06881580577182006
251,5.02,-0.1957742601539624,-0.3868030271584525,-0.42947239477511134,0.717075178121315,1.515603297106361,1.195217445654417,0.08174708592823074,0.13316892194063562,0.20252294629803114,-0.06413041328145627,-0.028321623341965863,-0.018120134644569047
252,5.04,-0.10669117288864341,-0.35547212179184917,-0.036120596783924375,0.026357758785892138,0.6805372464341581,0.6204491832441228,0.09697919722438855,0.2631248555111559,0.34665314901848654,0.009830559030675722,-0.08441933768919915,0.004956625544110721
253,5.06,0.1276708823899179,-0.38146088168965064,-0.12171119467666427,-0.05484278737005335,0.13238035896510336,0.09771292231077067,0.1217839126300667,0.3426125976623283,0.23219432083271418,-0.014549481615799088,-0.06844939261118899,-0.0023828055269749793
254,5.08,0.20763512223169123,-0.3379718426444205,-0.18536545031268273,-0.07521102418539691,0.07179680956080381,0.01861147562039095,0.11937196939062929,0.36991578042609213,0.10906671660102885,-0.024348758129401394,-0.055561931007067036,-0.004848174733862565
255,5.1,0.19436453626597033,-0.31289802537290967,-0.2499518023850458,-0.058928893520453315,0.08657502114218757,0.007101395391870546,0.10261875677369704,0.3649031921192645,0.041740750944345706,-0.07313954266589417,-0.06189281968798209,-0.0034408790315004767
256,5.12,-0.1373590458695475,-0.3401372106448743,-0.21252056607807665,0.4401865603485473,0.030583044997448044,0.06310081391508626,0.16929331159486083,0.3484479623272567,0.1939387879627662,-0.049019191702052295,-0.04318733363158027,-0.025593013556770183
257,5.14,-0.0609188105332463,-0.2864088826154203,-0.18308156744558737,-0.017969890778932518,0.06923608240038498,0.011484420955157199,0.1293273827830082,0.3261480877318983,0.1510589584586084,0.00225511659639591,-0.07429839513656923,9.893593069720819e-05
258,5.16,0.09165125001553812,-0.28140672527817956,-0.20395003876144596,-0.05633120511887242,0.07811395277674962,0.005746813682323798,0.10824522290940036,0.34704267606438055,0.06518643024652715,-0.003105705382632093,-0.06644971921698226,-0.0036696072549097514
259,5.18,0.16863466826878465,-0.2895094158584379,-0.22965119112923157,-0.051511324648765025,0.07197960914111735,0.0031014337528983416,0.07205087197613745,0.3437162064865187,0.02948356324506396,-0.02261121093146788,-0.026910702434738504,0.0444734833975681
260,5.2,0.1744871358934994,-0.2869690096057151,-0.23154435699709652,-0.03835364669470275,0.07517795594327167,0.001517077689386942,0.04350371289307006,0.33155199809785774,0.030756454553791973,-0.025771978220235296,-0.025026328199732467,0.0405028709521372
261,5.22,-0.21006896378773282,-0.23843739680251208,-0.16152032160791602,0.5738070385422263,-1.2304217792194319,-0.29120496438438903,0.04789443548207051,0.18395372828780637,0.16365210897691873,0.025294805849010824,0.008483413606600307,0.4132595216195585
262,5.24,-0.11485421902819876,-0.26514377573802017,-0.12769475580477246,0.0010934967811330187,-0.6818575574659795,-0.032654750777908026,0.06349357329008343,0.28309112361976374,0.1273995271403611,0.04096969535512762,-0.013176729642512722,-0.03412298365353611
263,5.26,0.09025904725432245,-0.2974598086717015,-0.14239177413262954,-0.05667343989829929,-0.13306269297072748,-0.014809090194798452,0.04241352437719256,0.29657738074372886,0.05235277043066269,0.020995481845045932,-0.01214506602406952,0.05169808468496498
264,5.28,0.010051530615105206,-0.15573235457920453,-0.1264118115286452,0.10641401890877257,-0.17678384444353523,0.062087731951534414,0.05184053779996965,0.24082652908881802,-0.04749486401009226,-0.030519780749861166,0.15493679234361782,0.10019331522604535
265,5.3,-0.019321482145460974,-0.13624797617831147,-0.12041709686633045,0.08062588754475566,-0.16411830252337073,0.06912369144268812,0.05671545112030192,0.19115457584261314,-0.05179948821964031,-0.0463215069088366,0.13614420437717634,0.051926847601840354
266,5.32,-0.20983434972571685,-0.12529990585688544,-0.0664728503560689,0.10596615667130548,-0.18466696569412822,0.04412106470674779,0.044658156310614185,0.21929291740961848,-0.038749990056899275,0.07098489588118803,0.1438770618280208,-0.01927901429516818
267,5.34,-0.1712184638233324,-0.13996520681703015,-0.08565539005479941,0.16897721885454678,-0.1989803310755329,0.05037894063448864,-0.003153765386440927,0.2425970552087791,-0.0699414823083657,0.09431498125404164,0.16368460976845997,-0.015361930586721168
268,5.36,-0.15132134487521395,-0.1443396420434489,-0.0901278429726459,0.18639397360648347,-0.19521723839155863,0.06201990476199934,-0.026608686885883186,0.23705117495610287,-0.08020779770037292,0.059708215191256436,0.16748840901295303,0.01007272393340966
269,5.38,-0.15305886646944944,-0.1425780372901701,-0.08790970649662488,0.18319841190597985,-0.2031576433588415,0.06297670095370508,-0.02855559350219229,0.23729502638660083,-0.07516359842112305,0.06400225356798012,0.16801001610562682,0.011154149615439063
270,5.4,-0.1593561148163059,-0.14220022161941465,-0.08052704634107308,0.17700225127132158,-0.1962762371547503,0.06183284218362661,-0.022046612933490747,0.23658981112392047,-0.07363819911537359,0.07096998524479409,0.16490231882598744,0.005958478488052532
271,5.421,-0.13783881639847168,0.059065052782034985,-0.017895440336037988,0.09034617454447602,-0.23259071191488984,-0.13631479500871133,-0.4014005534436986,-0.9032286138455976,-1.152626647294659,0.30696140499352076,0.29727322163369446,-0.024840568598771123
272,5.44,-0.021347059330279056,0.08371770249643695,-0.014081962884084726,0.0452241802517506,-0.352246477471705,-0.15596693546905646,-0.00875455133440034,-0.64199939863175,-0.6562227425461677,0.08955554838110347,0.36102693471939684,-0.0022561519407287844
273,5.46,0.013942857447902489,0.07068947863730615,-0.004595659143049158,-0.04571081602082695,-0.3922780709517326,-0.124234529474687,0.0655000124586233,-0.10149145924942138,-0.1334883473980376,-0.12764974188188677,0.43307066855970394,-0.009065454685511842
274,5.48,0.04237590641898091,0.06970716458922134,-0.00388132223652371,-0.09128603737077207,-0.42747087395749284,-0.060511118758562465,0.07763373969483447,-0.067408120713774,-0.01777903620389365,-0.18892426166775575,0.4279412871505878,-0.00887349986345437
275,5.5,0.0352752381653615,0.07850645985281741,-0.005803449037875746,-0.09380883062343684,-0.43690032366925785,-0.031976865676275945,0.05507165930012599,-0.07771280621306292,-0.00761737994304626,-0.15778041792954234,0.41758158906372983,0.017265375305838854
276,5.52,0.00042161256411790693,0.1129347793218405,0.00025312670236846135,-0.20658415228851446,-0.4149809175468251,-0.1333858962934543,-0.3206478502462088,-0.024658532795043264,-0.03591833456427873,0.2176024808892204,0.41333996417175906,-0.000654413574496221
277,5.54,0.034259168745083016,0.10028679220237852,-0.0004901050095364456,-0.12755963143247473,-0.3958734252461797,-0.1050872638138022,0.025907153274550176,-0.053524671893778325,-0.011333374541980995,0.11392394139219564,0.38361445776746234,0.0036238004313494665
278,5.56,0.02996765702450502,0.029211090810015952,0.004180331703000334,-0.08599074487670416,-0.37238238471026064,-0.01991425074512923,-0.11146278356020409,0.07302978498589127,0.021466667721385918,0.045806793644303484,0.3245775716287872,0.008794766156755923
279,5.58,0.015276110135502625,0.058946112049408986,0.0022328033809825565,-0.04601785999883164,-0.33702378803834315,-0.0035560878706437093,-0.08459481373210527,0.007219855145627674,-0.03270420644053387,0.10617778716086916,0.2895365290792841,0.023969263398846946
280,5.6,0.0030253646896363576,0.06126738309407141,0.0014197242322406267,-0.03596522088721223,-0.3492630332224309,-0.014326379603218475,-0.08056803695620524,0.0022777570901483524,-0.03261680763008898,0.11826392867128847,0.30234701533794545,0.04780100886076616
281,5.62,0.04507301362429095,-0.0014611932965548635,-0.0003358370316127457,-0.15858690917525337,-0.36391465119200483,-0.10989588816529816,-0.5353486732953717,1.2234325036711664,0.23203650978312051,0.47766370614241377,0.16817299453505863,0.03432767308309784
282,5.64,0.03342324583017152,0.049207778020670445,-0.0028225560796994176,-0.17990223019517024,-0.2258370990359716,-0.1016674289497426,-0.10064428260784997,0.7009930362177899,0.05271100973775095,0.30290138668919653,0.13413766360512103,0.10206103592795107
283,5.66,0.01358122506132129,0.045497535215679535,0.003887926632171773,-0.21990560389693445,-0.23492174652293465,-0.06518173835387439,-0.1714388168875403,0.20200455792149696,-0.18328320308022827,0.23649394162770987,0.11510370232204495,0.10173491574505422
284,5.68,0.09014205767663389,-0.13697520345601472,-0.2667524121255915,-0.10476976040847191,-0.16778741984704407,-0.02596313903360145,-0.11625529952507335,0.1783983714430708,-0.07561884649088807,0.08505218620141825,0.2404657572953109,0.10727492960790774
285,5.7,0.15470507805809303,-0.07766355140795353,-0.247660515101968,-0.048507624417808703,-0.11953672591525394,0.000834386031843104,-0.07705580110594615,0.1332758649831597,0.0011593819021766538,-0.007527382653026007,0.17281615453703422,0.05090156820156608
286,5.72,0.19485878606264756,-0.05234407590338079,-0.22461272949073768,-0.19264411666262626,-0.09400053203175246,-0.018131932626101716,-0.15846948439174324,0.1940182609386776,-0.08568935182434587,0.16694160162394078,0.17949271133618033,0.008645217091794666
287,5.74,0.22367208449511206,-0.06778527784776461,-0.2048485976391298,-0.21154713073341902,-0.1409790026680821,-0.004695915527789779,-0.190611340507209,0.18943024954254717,-0.06200821591440994,0.1593233723260571,0.15864873711095562,0.041116983929678164
288,5.76,0.22563645954098344,-0.07405740920347154,-0.17960840942667247,-0.218267254755189,-0.14800545664935205,0.007665092903054116,-0.17650320981487216,0.1902660895176731,-0.043200218639259685,0.18085462510600914,0.15030972291116962,0.006791055368176396
289,5.78,0.21634827718008284,-0.07536053643070859,-0.16566201000942163,-0.22724996657217839,-0.1555437968092762,0.009803079265163606,-0.17305940874795464,0.19011229299682517,-0.031236361774610227,0.19552523450812176,0.13844917400055767,0.057474985908498005
290,5.8,0.2143875644500611,-0.07420712191155743,-0.16231869799367632,-0.2288432522019223,-0.16012493161493543,0.006303969774565571,-0.16877521476729324,0.18929812977171456,-0.030419244594228623,0.20077657294614384,0.13394561390505605,0.05595283516222968
291,5.82,0.5866234969472433,1.1521214386372192,0.10446814807783933,-0.4443173020791354,-0.27106035056349675,-0.025695839949977678,-0.04892169861957667,0.07329025250999319,0.027570535272976898,5.6134060356701205,0.14517069710627714,0.027666275453075373
292,5.84,0.04668269567579886,0.6297098046369298,0.03251515578552511,-0.32580455660302843,-0.3601873556881358,-0.07435027680885348,-0.13810141732204106,0.06648430550171779,0.0005204389490903738,0.19419149582128364,0.26821579117279104,0.07518097939125828
293,5.86,-0.056306290525388186,0.10828604533207986,0.01529045911923299,-0.09929660179668637,-0.37830442169563117,-0.12925441961136314,-0.07201587883017954,-0.0331956024798528,-0.013519780848003982,0.09881528577274629,0.32572335917142925,0.1596060825069714
294,5.88,-0.053878390580367155,0.035877545664416144,0.009117200462126995,0.08920516284164218,-0.333155590956972,-0.09861172328032172,-0.004638362472892378,-0.09387692979535399,-0.005000708839665774,-0.026213128040679934,0.33178915455180424,0.1700515861936958
295,5.9,-0.0584532561563354,0.037069348167158914,0.03140384539627131,0.14522763679216533,-0.32984280615015454,-0.06549533243703626,0.02710733928008133,-0.10541956864797,-0.000135630091749106,-0.14093411333781225,0.32769791190281944,0.16671697457346352
296,5.92,0.29852971113180704,0.07178636353039312,-0.033054930211687816,-0.05254966901040445,-0.32350729059565075,-0.08887680171908216,0.14205256187358906,-0.026184655481235733,1.16855562905868,5.354760460241022,0.3270682662908188,-0.9077008098726556
297,5.94,-0.045214597810894375,0.058839816665137296,-0.010661890601630836,-0.12259273701349532,-0.3429904557872865,-0.10398004095425165,0.0029811603719324953,-0.08070498680091402,0.0011626987376801012,-0.11622306038523723,0.36544621827802914,0.09353233016712684
298,5.96,-0.054990697871762195,0.048574959670291004,-0.008322100850854136,0.026407620716951005,-0.34011107806425384,-0.0986613724357426,0.006923378249428569,-0.10650925855931596,0.00794806215276933,-0.12334685696677947,0.3522323411064288,0.14419814833694775
299,5.98,0.09447837176007773,-0.1115711412035562,-0.1683364305168381,0.09457570333270823,-0.17609241915302754,-0.01870246071708556,0.030592858971205558,-0.03450217946744975,0.007744842293323728,-0.16361064964472696,0.29254033052377104,0.08120205537751876
300,6.0,0.05489518852297698,-0.06810622425590995,-0.13342034657310367,0.08537826551572428,-0.18661067841545342,-0.04487988207120286,0.04308349387140548,-0.04978583968773649,0.007843403984534036,-0.15123545525913556,0.2824251023646954,0.03064794062511142
301,6.02,0.3629529982033738,-1.2813058024193305,-1.2078639720984086,-0.15805831004345344,-0.0723120653004739,-0.04937857456959052,0.13644866046483384,0.17996994723813556,0.20651011324364113,0.0386431402024941,0.26363993091122534,0.00839835272579828
302,6.04,0.07928316669846391,-0.7588899625911925,-0.6855417694917789,-0.1592655383627885,-0.18794220238743192,-0.1254973800597962,0.0022181529485362506,-0.027985880574237773,0.0009462454300133982,-0.04810641593537272,0.3052801967715374,-0.09595280352196439
303,6.06,0.031893063955914486,-0.2101281795137887,-0.3459201548067927,-0.05052860106751665,-0.26318116439179506,-0.14001851188583503,-0.009712270170200148,-0.07534421210294195,0.0087113473176203,-0.04618439449363543,0.3337020722381676,0.020474473371315832
304,6.08,0.11105599479292064,-0.14254200049252325,-0.03998591477717317,-0.05485210899684188,-0.13725782744212328,0.02748086587369955,0.05004857280097688,0.1338834028181667,0.23562349848608655,0.0301449434960503,0.12085198828256943,-0.004230244458097082
305,6.1,0.15054971643525195,-0.15437245433581392,-0.023775900965247482,-0.08419547204057995,-0.12251443886107799,0.03766376331082738,0.059429584323942596,0.09101525816320927,0.2253270375833612,0.04451003841301959,0.09141223899711959,0.0011158762283449974
306,6.12,0.1455433088196005,-0.1464650574257384,-0.061843473041951036,-0.18774505376646372,-0.10331328607213464,-0.04511009428408119,0.25602735044407393,0.08164657378374446,0.2655095770698669,-0.017949709835679672,0.07961492272384259,-0.02330059330389722
307,6.14,0.1324413076481899,-0.15173574755594832,-0.08654096343403259,-0.13079567950400725,-0.10586177064122723,-0.018810210209057848,0.1856158404203882,0.09986883737848039,0.25492701760506387,-0.09406212695256903,0.10485373674589027,-0.026975017444097388
308,6.16,0.1170262066469567,-0.1679221412730984,-0.08835483289998666,-0.04505403774886865,-0.10361662461112726,-0.026619495891914785,0.16158125683582894,0.09643778865952822,0.1970103106263874,-0.12393126764412446,0.1174449663755289,-0.010624572825552903
309,6.18,0.10180919826997264,-0.1849594639845376,-0.08878209294703648,-0.004810238668274375,-0.10407017787197334,-0.026956467134510775,0.15101811963398698,0.09644775607466202,0.170228165392578,-0.1385724283860747,0.12915589017426687,-0.0055099914790037174
310,6.2,0.1012453065746495,-0.1863016813585025,-0.08869788474937332,-0.001621594400685225,-0.10475138682064072,-0.027607279859699047,0.15123160841430952,0.09665362112308903,0.1657282673747613,-0.13724981671843764,0.13245605990495757,-0.002262035940109819
311,6.22,0.09033960512929531,-0.2665205216441429,0.029515542160929054,-0.03821961645284752,0.04635561551886286,-0.04106664499911472,0.44488016408093034,0.1943107221457596,0.18403496449283108,-0.5438865367371968,-1.0188695799117657,-0.19696776484355905
312,6.24,0.02741807883823244,-0.33653701747951137,-0.1113698187314281,-0.021049091669883044,-0.004492000691732459,-0.05992897010375062,0.353105682604787,0.3016734230610139,0.3033750199825014,0.0006184014835551865,-0.47027906997217506,-0.03096866597264214
313,6.26,0.04090098216737464,-0.34826767317251606,-0.19290350969106937,-0.000700879812604506,0.056337581099954334,0.010901089226199062,0.13720211702019686,0.28726368676369785,0.32326148966088153,0.07531053231058726,-0.06672426519511654,-0.016994135308033037
314,6.28,0.09183433311338396,-0.30570752612259045,-0.1975588139505623,0.007272072578577203,0.06365476722742718,-0.0029076294154077864,-0.03918452972470364,0.25265980618086975,0.27658956797480017,0.06487213628855282,-0.04602978135096397,-0.008683752314638332
315,6.3,0.1229898805936136,-0.2860950402683284,-0.20390725241417657,-0.0016115946090282524,0.0869636490460643,-0.006822848045404367,-0.09192793616394647,0.25747130396213574,0.22850544376541732,0.05814586456248329,-0.05214784992870773,-0.005084094224530794
316,6.32,0.037599154952531466,-0.3096001863986715,-0.056161514801328194,0.003610802952996872,0.1170276568726549,0.049904937537154304,0.24296481986909815,0.25302496869360724,0.2064142583585482,-0.4383455814387418,-0.08870089590811642,0.030006848794440488
317,6.34,0.08484081531103171,-0.31875553502335,-0.1431388304689467,-0.0014346629503900615,0.03767698901755506,-0.059199551667602934,0.1751733515884703,0.3195506785895693,0.25322174581546764,0.025388671760151527,-0.06711522213878089,0.014772881250127268
318,6.36,0.0719057834470928,-0.31957888837227494,-0.2160783941694276,-0.0013693790077985366,0.08241071603457016,0.006153715994026365,0.03860257122372843,0.31263039307626356,0.22917902500430937,0.06007916528597515,-0.07125484874442291,0.013645497435909898
319,6.38,0.08454205244206542,-0.30248757684554456,-0.24352831118724422,-5.9323665909508105e-05,0.0922239006884597,-0.013588690329452563,-0.018034013662063406,0.30616247433616206,0.19642844468278886,0.05425708156562925,-0.06671704822980404,0.011743070994637839
320,6.4,0.10133034089761328,-0.286222388817418,-0.24031324137158222,-0.0056830039101863315,0.08933783418226633,-0.01333930105928352,-0.009090003703009338,0.30459359102729017,0.17325090515547495,0.034729749356123635,-0.06677722508445308,0.010807335558455922
321,6.42,0.0419556460765058,-0.3388825765499347,-0.08007790816516175,0.008310052614357188,0.08769480777707636,0.08649058665996345,0.27777795559785,0.12949713273900798,0.18872516551894813,-0.44304996787394146,1.285403936800369,1.1464022101293188
322,6.44,0.09018786526569693,-0.30882841901266017,-0.0848280908358133,-0.0033540433399794553,0.06839284197024646,-0.0045857637513960214,0.1454579937669096,0.26835481695112573,0.25136484537149806,-0.009234936265146043,0.7629868226445438,0.5717938947694412
323,6.46,0.09585480988794048,-0.3264884059785536,-0.16772527777781243,-0.01042936316825347,0.020800392120537706,-0.004921081797548937,-0.015318585412473981,0.28796447796380675,0.15785575576371488,0.04626270741332243,0.21422370152732295,0.45101621581322926
324,6.48,0.12071945936981798,-0.13441199485704552,-0.04280539378892245,-0.01093982755302712,-0.12825150468009683,-0.05435705303328442,-0.038350892664768724,0.09377873290507568,0.09371087992398425,-0.06625600049040953,0.13839535641180528,0.057503425220233384
325,6.5,0.07922099004370281,-0.12496891990427589,-0.055598707425448146,-0.01120514769276777,-0.10356701883376615,-0.0788310177172313,0.00446000494459085,0.0800140675670065,0.07605049218388785,-0.09061358564412729,0.14835140640616296,0.058212205483722634
326,6.52,-0.10026949631542725,-0.1648164212915621,0.01974079981771462,0.018437874810674135,-0.13562233029894483,-0.09789787762254634,0.17048152565340632,0.03352141352773841,0.06967567775913586,-0.09301881370418164,0.1264471532929271,0.06529377890510499
327,6.54,-0.05336980687649495,-0.15869600919185087,0.013876447442679046,0.06191550788192284,-0.14709974608493398,-0.08712507063622693,0.10191969053243813,0.08439891676450897,0.1260049277195685,-0.09777195334309466,0.1480686521310156,0.07379370597865526
328,6.56,-0.03523575798985935,-0.17269708944749712,-0.012605827567430505,0.07453403256112996,-0.1465843310119599,-0.05226064495501037,0.07690468159328519,0.08634590109913631,0.12024751348879192,-0.10309044438378018,0.1512544687990695,0.06718728862853748
329,6.58,-0.021989773138370305,-0.17618001509474068,-0.02346173966240475,0.07940785228784174,-0.14705342606892527,-0.03332922641182859,0.04974184297762753,0.0884673566639362,0.12028070846318814,-0.10059903505505761,0.15134118279741424,0.06459701795061723
330,6.6,-0.01958079608202884,-0.17638569154910289,-0.023434418593399037,0.07698539492908847,-0.1477915454038281,-0.028952833252455873,0.042637836002190094,0.0888706410909727,0.12319291520248177,-0.100500363897468,0.15136904174577626,0.06578801989630714
331,6.62,-0.280680248727768,-0.3082390588788012,-0.018555718771011975,0.30186385325205034,1.1512875378459861,1.09643760226114,0.12415631371053992,0.04968319138789083,0.18350548040764192,-0.06525326926030123,0.021018842079307404,-4.240997648612694
332,6.64,-0.10964097535005288,-0.3694627251342044,-0.03810397383339395,-0.004645504034712922,0.6027512714026362,0.5477620547574218,0.07158704584883166,0.25281039291159185,0.34590082540954303,0.015539650094240725,-0.08323547774747214,0.006384014214424999
333,6.66,0.1277753208976321,-0.37614905915456426,-0.12146773058306984,-0.06429243522711836,0.10100862539814737,0.03305276180202732,0.11089811553406184,0.33543641940250696,0.2299159060972501,-0.0072923509577830226,-0.07728268810265829,-0.002037763370675072
334,6.68,0.21034716121067115,-0.33136334811471135,-0.19084163983607855,-0.0671981950204472,0.07545443065682944,0.015965627488171624,0.11272217418287181,0.3691845046717873,0.10602212171459113,-0.024501040129704894,-0.05482298774519591,-0.004999859546043095
335,6.7,0.18841505386297963,-0.31008574391312166,-0.2527152372838035,-0.05167691728506894,0.08754706641399695,0.006035741842635806,0.09911271117430298,0.38550445497386604,0.037013792277778346,-0.013549031677451025,-0.05726381625671559,-0.0038640998717513475
336,6.72,-0.14829045941649266,-0.311113851537075,-0.2216527702801013,0.23202248202960485,0.034871318422312225,0.030899286518786373,0.16580133763804977,0.3521801156456858,0.17873880211165047,-0.05880732218106194,-0.026487616361243027,-0.06766412387798584
337,6.74,-0.04142472909008724,-0.2776569395932782,-0.19067684247243558,-0.041600124292908325,0.06991961876678751,0.011031453267495328,0.1368554961637811,0.327513432967751,0.1406630982717748,-2.3722277520801804e-05,-0.0795979779373728,0.0012707872544829857
338,6.76,0.10428436077476877,-0.28608326105515547,-0.2104761323925377,-0.05558320639320549,0.07303121975901906,0.007591421903029638,0.11297856702486644,0.342421775679331,0.06220608240830405,-0.02011527843467849,-0.07003810472692355,-0.003127745089220174
339,6.78,0.17206650602644136,-0.28761243903880956,-0.21811091053317047,-0.048199389730865405,0.07780946383592117,0.001422252038232208,0.06544804496001089,0.3432198298174977,0.030540424345231854,-0.025435131628359666,-0.026643307643101827,0.0521384571167694
340,6.8,0.17196687306627764,-0.2880024396588378,-0.22088331975041803,-0.04113228911020539,0.07649179432631058,0.0011083514137394945,0.03859824979410155,0.342158703605906,0.03403559681872145,-0.020694669919874207,-0.022782196138178,0.036683950802150145
341,6.82,-0.23900373131574867,-0.18005309142565618,-0.14773845217567963,0.2109884874536987,-1.0438433482078158,-0.18650300903381012,0.05473607022982613,0.3180241439084305,0.14467093628226566,0.02521154111036905,0.021311491448346903,-0.08086343629550813
342,6.84,-0.06862782589485983,-0.27264111576691863,-0.12084328246212106,-0.027550428357110746,-0.5213309346594168,-0.029431075151889585,0.05642709391831059,0.28466558684359367,0.12483202892634312,0.03625673878035483,-0.011720445484517936,0.00035113298931449544
343,6.86,0.12240291690719177,-0.2862041497171348,-0.13785584452071764,-0.06472248696293163,0.001390678704077386,-0.0141534478247817,0.044053821653409195,0.3018228521502662,0.04312677242165938,-0.00426213735753795,-0.012914461230809554,0.060620910863848215
344,6.88,-0.0017631167008798528,-0.14842279486469542,-0.12269534898627513,0.0950677650731519,-0.1611852033031429,0.06938550395208518,0.05063814809098097,0.2023368213573482,-0.05429555629567809,-0.04756230592631451,0.16491764324920083,0.08462032063164515
345,6.9,-0.023688870258538556,-0.13740030072727608,-0.11697375352952491,0.07369020008002049,-0.16816493240623745,0.060518173968012096,0.05966752542502339,0.1976019110560931,-0.04872664895003412,-0.04169074078025513,0.1365421499470328,0.0469947425977735
346,6.92,-0.2090006077276836,-0.049354953058021844,-0.06883941971550839,0.06358625916391802,-0.1930298388049157,0.050082591672057336,0.04695173164596264,0.24054020336055038,-0.042589438243605476,4.514729568927133,0.1403814034913253,-0.046903566893976095
347,6.94,-0.17117234575450502,-0.13966317315595492,-0.08501891353996927,0.15434403707570205,-0.19435098368880838,0.043023615225509404,-0.0013731690154537013,0.24372415317289886,-0.07188120119683328,0.09144567265759562,0.16718950737421137,0.0005165905704166973
348,6.96,-0.15194781447862632,-0.1412080981451893,-0.0887381020635793,0.18297844894068704,-0.1946360604785179,0.05580189498413199,-0.023858434263637075,0.2372877311830528,-0.08319304427722346,0.06325263588621302,0.16499792067066849,0.012263661548582577
349,6.98,-0.1553124854532899,-0.1403747626323835,-0.0841277340213207,0.1834902505718013,-0.19567918610751645,0.061759443527341,-0.02571555871366524,0.23735300344754923,-0.07698087622346939,0.0612753152572663,0.1634605563022462,0.012769119102836762
350,7.0,-0.16032336264766994,-0.1409824656692007,-0.08329982946094638,0.17570909974926413,-0.19614059009450532,0.06011281021520065,-0.019357049145864155,0.23712047019134913,-0.0755453007553748,0.06925134460781553,0.1622728807019229,0.008232362714578279
351,7.02,-0.07422451924366535,-0.03430776018397613,-0.016717883849151377,0.0625042975278044,-0.2607556772069816,-0.05668096553842003,-0.32001970455519213,-1.0071531896464443,-1.0761536160729186,0.2938669227644555,0.2872275648333669,-0.006503036950916807
352,7.04,-0.010892617413955474,0.08523255415809895,-0.015279347860968934,0.034617434981213155,-0.3563757472379156,-0.17016700670595095,-0.0020272570168831106,-0.5108133999266278,-0.5535910421650487,0.1012828051991379,0.39942304593580136,-0.0038695533467873744
353,7.06,0.006676166247776658,0.0811973598332451,-0.007769673834848612,-0.052828196678032,-0.411941255327075,-0.11756030170689763,0.07017677896183772,-0.058869009600989675,-0.13539035965878765,-0.12912649899382841,0.4343423738895287,-0.00651405949977471
354,7.08,0.04148701127053854,0.0691458560507989,-0.003734087441842837,-0.09301689159585347,-0.4287677159266692,-0.0566328336234907,0.07736572082939008,-0.07110591090932888,-0.017039119849616147,-0.1905830609455328,0.4282577776959222,-0.00815091695335518
355,7.1,0.038093780562463916,0.07677279372704154,-0.0046467628220981105,-0.09412885796122801,-0.43571775542402447,-0.03705607249091117,0.054146421211561296,-0.07828778913197637,-0.007392797729733003,-0.15275298108834984,0.4214971462528213,0.018152026287509643
356,7.12,-0.12077250562775407,0.17552526335244112,-0.5014992835803291,-0.19828286988837407,-0.43126134572233593,-0.1585278606551886,-0.2691253267919953,-0.04586749491927916,-0.032127016709592504,0.23727087622314888,0.45183303133691305,0.4521005689046016
357,7.14,0.03791080902996076,0.10086989211956242,-0.0029827975177768307,-0.12216477620109037,-0.3855440123416852,-0.09894468354273167,0.023427740590267032,-0.05414461447727234,-0.011558968903011418,0.17838101434099868,0.383488472496346,0.00610690622614618
358,7.16,0.01274243634254123,0.02669806430180821,0.0037899851102526083,-0.0821669077685343,-0.36378863187170074,-0.017481923388594,-0.11633519608884665,0.0766162157376251,0.038004579283438256,0.034117808628213425,0.34399090667216886,0.02092939439624139
359,7.18,0.02360383496589889,0.05194105658709053,0.0037040259031901335,-0.044887851624960506,-0.33656991886096754,-0.004292577189444452,-0.08313336221196863,0.0047463724832236265,-0.023467654627238405,0.0990057971292373,0.2894000108031779,0.02999923871667562
360,7.2,0.007079768101799472,0.059506325231631615,0.001326410123796029,-0.03589080360372536,-0.35111397106587156,-0.01569930566510372,-0.07832809680776334,-0.0006225143845546982,-0.02338441766517696,0.11270631994033495,0.2943026427056025,0.05207703542200598
361,7.22,-0.05803713885122094,-0.1209234923563052,-0.12157424135660275,-0.15413933103940242,-0.2527298050368443,-0.12248595454927966,-0.5869030544871076,1.2211497503362512,0.2195004929573322,5.2232402883139875,0.20576751783670166,-0.2532698490513697
362,7.24,0.03963873905674006,0.048734871448633754,-0.002647607140775332,-0.18314593970616821,-0.21467990330185582,-0.0969223727071768,-0.09794723539526906,0.6464527932012001,0.026514229717098048,0.3830896029612434,0.12910197345544577,0.10536668775177352
363,7.26,0.017128514450071228,0.04178578826310632,0.004075868877725292,-0.22698958502121114,-0.2498574302435078,-0.059874179008455874,-0.17628629019155873,0.1742519027422561,-0.1546507463060989,0.2412572551390873,0.10556005779255029,0.10923671311200114
364,7.28,0.022699141583684374,-0.1574020736013535,-0.25847499942353785,-0.10772666703227846,-0.13924590119188726,-0.019292414326280705,-0.11833642328413332,0.18082936949766915,-0.18119322515715694,0.1632523141624257,0.24368418957706506,0.11779684559964496
365,7.3,0.1448903601589367,-0.07250637501316805,-0.24302863143673759,-0.05555858495900051,-0.09302234272859561,0.015271357315738698,-0.08883373780920348,0.14344574081716094,-0.0047380260707515776,0.009079847449239647,0.16140289282717854,0.059269264441797614
366,7.32,0.17666508096640454,-0.05061430144541461,-0.21661036040328585,-0.2059844344131056,-0.14062898656792305,-0.0129512040814104,-0.16846284145904733,0.18832620559810145,-0.12308230390225242,0.16990215096988565,0.1545962966804935,0.013762884019312999
367,7.34,0.22138653858764354,-0.06530329903069966,-0.1963820896511391,-0.21742749825408178,-0.14742801190539495,0.0009248667574684732,-0.19283033335904734,0.20089119248434267,-0.07949986630838513,0.16196589027650588,0.1635050905538762,0.05268453968935835
368,7.36,0.2299930792872523,-0.07711778429967744,-0.1731185463878862,-0.22349263736535127,-0.15325820353334224,0.011214092184848395,-0.18662033557939844,0.19462982876112256,-0.06127962450240171,0.18212630435061636,0.1497873475440555,0.06738391875108818
369,7.38,0.21867668331209492,-0.07209069914374673,-0.1623946234989293,-0.23211719057032792,-0.16266555357900545,0.008916346444341111,-0.17673414991970238,0.20065323105180433,-0.036852131584170944,0.19430595712643364,0.13915502179036066,0.06588630891875172
370,7.4,0.21390817801471526,-0.07365572705022284,-0.16168883510416027,-0.23446654356594407,-0.16155807616414009,0.005763640757434102,-0.17341025184092346,0.19188788840682158,-0.038053012989894774,0.19949158736612713,0.140149785641697,0.061585117418765545
371,7.42,1.07503688946996,1.1541068956759233,0.24203085441447525,-0.45430612783702795,-0.19224071140535368,0.06694658316876426,-0.04809017820154328,0.014619376190091016,-0.035097219097227794,0.29030700790774805,0.13526909223454037,0.01601702551305434
372,7.44,0.16600950964534866,0.6316969782292059,0.03671679898532609,-0.3494541299072344,-0.35454982953808994,-0.05605161723925173,-0.13979095124596438,0.09000331790206478,-0.008875858398047026,0.17281275863911605,0.2716013238422249,0.06368799424193666
373,7.46,-0.05376461623951606,0.10960936912401553,0.018352382322149058,-0.19192535316621379,-0.38649790258519423,-0.12794185614339285,-0.07670648436249133,0.011528892256040438,-0.03306007187135396,0.07748136400306296,0.32723154075035704,0.15036761897796946
374,7.48,-0.05382423384305379,0.03563153988302464,0.010166447346178609,0.03177577073826063,-0.3378477919436191,-0.10264482147106566,-0.006773645911096804,-0.08039250042998988,-0.0037767080207077586,-0.058985263863656406,0.3354325626556579,0.16886692257370794
375,7.5,-0.05869128101169372,0.03615232148519469,0.007362078543463824,0.1397431601368534,-0.3260340359139433,-0.07022938839841325,0.027449812007441995,-0.10390933782982126,-0.0001549475108178766,-0.1489278462111646,0.32810952822860834,0.16234799383552648
376,7.52,0.7401749573304494,0.07206797116207649,0.7350477571068461,-0.16403690356352357,-0.2876207153196885,-0.08493193559315523,0.024093896588269992,-0.033051326541471235,1.1714094886528812,-0.028050038678587963,0.32634538825947024,0.06579230636951794
377,7.54,-0.027548279693798694,0.06086539172025719,-0.011279790485651253,-0.1287939359473311,-0.3421257368405233,-0.10212383195376312,0.0026980662484136636,-0.0857443430878121,0.0011715197519864828,-0.11810681849071519,0.3612529444418087,0.10124385677606007
378,7.56,-0.04732083543295931,0.04887455194842612,0.01212789428470279,0.01990696274343816,-0.32781873596907635,-0.10234869610797584,0.006074426486991316,-0.0995905779585692,0.008333819886928356,-0.11524059400332923,0.3571948861028325,0.14961770489302106
379,7.58,0.1257772707930651,-0.1066579153516452,-0.1937463537824312,0.08602930949333391,-0.18379304580378764,-0.024720690982952598,0.0381779121923453,-0.038106902496837305,0.00797345073617134,-0.16328997375183907,0.29430189023671316,0.04453532553416151
380,7.6,0.06258231722378553,-0.06757858182813747,-0.1381131659032906,0.08351379404137552,-0.18209217502101804,-0.039216117065632855,0.038779471371926125,-0.051148812158663695,0.008068451490334305,-0.1529609552337457,0.2875308849843462,0.03004094206497715
381,7.62,0.5874026140172494,-1.255097348113204,-1.5541904742060728,-0.1634945345757741,-0.014686718649578212,-0.04335705971473863,0.035157476208560745,0.1453822401705105,0.25362175286027916,0.01782558606489204,0.2663546401885892,-0.10952655755500462
382,7.64,0.10253530681707296,-0.7587964241037668,-0.8378688459189325,-0.13977981778409415,-0.17795973502220114,-0.11809724026661417,-0.002044407601801676,-0.03179233874529824,0.0013560671675583447,-0.04698395850259837,0.30115511475500606,-0.06508301767803418
383,7.66,0.021425760984155606,-0.2100336378035934,-0.31539398865392465,-0.0371845940510826,-0.25603723103809856,-0.1408748707010049,-0.010973111025276028,-0.07589950963807662,0.007892898127261322,-0.04763298591169439,0.3427233853171904,0.041890966820153114
384,7.68,0.1201921347353761,-0.14111451689329052,-0.026862691318281118,-0.05623542586138844,-0.1551990854715715,0.005853369609685133,0.05639341516424535,0.1258609008839336,0.22458795169517431,0.033827439729102814,0.09831151181657827,-0.0028526640001586834
385,7.7,0.15166892055144757,-0.1456196989139037,-0.026417273050876183,-0.08327691787525213,-0.12210318825034139,0.03708714289078477,0.05606180475698147,0.08937315148008326,0.2245922654937697,0.0429556752254822,0.09791443201727218,-7.308793866236951e-05
386,7.72,0.14529297855123163,-0.14999622438308763,-0.06050625511593635,-0.18575004656477334,-0.09905702373370567,0.000580772072472896,0.22112427215433772,0.07198189598898579,0.27086393065160896,-0.019658720699676745,0.07106674311207548,-0.006815748494774759
387,7.74,0.12910862975604387,-0.15234130907465993,-0.0870530001314731,-0.13034704603352798,-0.11255684724305746,-0.02782948107803898,0.17926797125631408,0.10262602046619312,0.24603842670570508,-0.09066747379074674,0.11016686801273678,-0.020820641878863066
388,7.76,0.11324951416913065,-0.17011028110434157,-0.08801113620848411,-0.04658295902378477,-0.10530313401502414,-0.025629094571305355,0.15834141523236767,0.0968348248846505,0.19094711730208516,-0.12239754077441585,0.12301781948203272,-0.010078475324288655
389,7.78,0.1018331710007229,-0.18288475713872193,-0.08848196098507402,-0.005428750667936549,-0.10503025728645934,-0.026101645723865613,0.15063287722153731,0.09714240431348313,0.16684965940998103,-0.13693012736568982,0.13127380588181653,-0.0026829633936157615
390,7.8,0.10038508508775879,-0.18623676482109225,-0.08909621970533443,-0.0023142944402203616,-0.1012285832806784,-0.02691358075017672,0.1481447727908135,0.09872309171611618,0.166238738117515,-0.1369975082801756,0.13965631547337337,0.0025872667308595443
391,7.82,0.02326019224109109,-0.14883338573866767,0.05800064866875829,-0.024304437413462665,0.025880953047626554,-0.008982298416489398,0.4067175888343027,0.1691362752299323,0.2012302905852276,-0.6177598680513059,-0.9880551371102397,-0.16735056120707315
392,7.84,0.020306843072964036,-0.3269748757025463,-0.08009969184365764,-0.030725313781281446,0.007484650983327484,-0.009562793091660166,0.30265310663432204,0.30982030585788056,0.30302028783589285,0.002822188901883793,-0.4655817357337818,-0.030713806083047468
393,7.86,0.0555581909955283,-0.3596825599149916,-0.18639150249697278,0.0024884384093832104,0.05280008313384134,0.024948576673977818,0.08594347021230017,0.3084248942534203,0.300388799109439,0.07456645634207185,-0.17813219355051568,-0.017960418621042196
394,7.88,0.10015173040228108,-0.3219917578357093,-0.19084420276778544,0.006546611027574657,0.07234085163158101,0.004136044804187694,-0.009520302287233745,0.26652523598132005,0.2578166916259489,0.06209497829183621,-0.04785890006949409,-0.008191119042100958
395,7.9,0.12357126483849251,-0.2974108447231653,-0.1979204509003486,-0.0034457798884257734,0.08817101031916574,-0.004893330113233452,-0.09017752395109871,0.26763629122389804,0.21420174551715654,0.05721339372928878,-0.053945266631500524,-0.00479763934173022
396,7.92,0.07867779589348298,-0.3445074617976807,-0.042962718205267425,0.011485984005555588,0.09480408048203491,0.36012282537070694,0.1481868297067945,0.24616037642397964,0.2009824347381831,-0.5977837592192146,-0.08696990040126777,0.026481534856219735
397,7.94,0.08345102095360662,-0.33202382102454076,-0.12424253987252143,-0.01474062225712941,0.06416155091656034,-0.031049011279209393,0.18930554922706527,0.29882793952835657,0.24801245602915534,0.01690434056733109,-0.07366719490267197,0.014543048632792988
398,7.96,0.08208011088082337,-0.3300366586636597,0.11545062896250133,-0.002823613126508674,0.08619673107186902,-0.012362820220970794,0.04705549314024704,0.31076517816044147,0.2322639065412504,0.05748632408716585,-0.0708858731317425,0.022013935657899775
399,7.98,0.09011111635231502,-0.3150796104057503,-0.22409033918775384,0.0007833632131140286,0.09380607730114629,-0.013965291632403176,-0.01878308745841857,0.31062142251307523,0.19633396943395479,0.053080404888434164,-0.0660858279138126,0.01218475154837681
