Time_Step,Time_s,FR_hip_torque,FR_hip_angle_deg,FR_knee_torque,FR_knee_angle_deg,FR_foot_torque,FR_foot_angle_deg,BR_hip_torque,BR_hip_angle_deg,BR_knee_torque,BR_knee_angle_deg,BR_foot_torque,BR_foot_angle_deg,BL_hip_torque,BL_hip_angle_deg,BL_knee_torque,BL_knee_angle_deg,BL_foot_torque,BL_foot_angle_deg,FL_hip_torque,FL_hip_angle_deg,FL_knee_torque,FL_knee_angle_deg,FL_foot_torque,FL_foot_angle_deg
0,0.0,0.261638572804335,-16.5504001525675,0.6723070188158371,38.398689145641136,0.8132989991715306,38.248148080297945,0.14651891014125543,8.498162245655815,0.7158960368914044,37.424314144421444,0.8051747338085964,36.88034592894926,0.23142041704656682,-14.28316982205001,0.6639478585049363,-38.06414926988015,0.815539374445399,-37.73190787114255,0.1552378461515005,8.323670332747463,0.7320434792761571,-37.594181511152925,0.816413777322568,-36.05206765787876
1,0.02,0.2617276854915166,-16.550400152559988,0.6723636629992586,38.398689145641136,0.813412443556875,38.248148080240334,0.14662987498368218,8.498162245655815,0.715965537956742,37.42047064869071,0.8051778980930361,36.88091943964246,0.23144446325431112,-14.284303089426661,0.6639436493605254,-38.06343364629246,0.8155352743005966,-37.72915491398569,0.15511634570781369,8.32367033275265,0.7321096265786304,-37.591856384885325,0.816413083558394,-36.05206765787876
2,0.04,0.2618165011416217,-16.55040015255469,0.6724207914992484,38.39384008122664,0.8135265472189304,38.248148080169756,0.14674068881043023,8.496394490530857,0.7160353666020269,37.41882684503854,0.8051810872676294,36.88103727814066,0.23146867061578646,-14.284813956834016,0.663939479430803,-38.05856806336652,0.8155311491941528,-37.727320898207694,0.15499422464165652,8.32367033275747,0.7321762137399146,-37.588956064922705,0.8164123797103492,-36.04805498992421
3,0.06,0.2619051257292291,-16.550400152550328,0.6724782049532642,38.39040225331859,0.8136411195102424,38.248148080169756,0.14685141689064068,8.495716371306425,0.7161054020723522,37.41576321393344,0.8051842829789216,36.881557851249006,0.2314929709206829,-14.285579208831235,0.6639353018651382,-38.05770963258242,0.8155270250602805,-37.7245717412926,0.15487163280384614,8.32367033276181,0.7322430988596054,-37.58664006715066,0.8164116896531114,-36.043932618423874
4,0.08,0.2619937278897461,-16.550400152542533,0.6725356558051752,38.38782717724651,0.8137559091510844,38.248148080169756,0.1469621404656985,8.495208033764778,0.716175514023182,37.41335895416387,0.8051874755229184,36.8816417245127,0.231517279259073,-14.286198179130626,0.6639310402396592,-38.052988749400065,0.8155229103453223,-37.72197658075487,0.15474877859819758,8.32367033276181,0.7323100942820807,-37.58664006715066,0.8164110191181768,-36.04187422504569
5,0.1,0.2620824141065817,-16.550400152540664,0.6725930042924105,38.38568164563928,0.8138707543177011,38.24814807996026,0.14707290550401056,8.494530260223499,0.7162456275666692,37.41117456888379,0.8051906636197004,36.882246176923,0.23154154759021042,-14.28707185226198,0.6639266523032874,-38.049841367972554,0.8155188015997118,-37.71754997528016,0.15462580641889684,8.3236703327716,0.7323770824155458,-37.582245228264306,0.8164103623164772,-36.04187422504569
6,0.12,0.26217108970033626,-16.55040015253069,0.6726502444955003,38.384501695602,0.8139856884479938,38.24814807996026,0.14718371393529622,8.494530260223499,0.7163157322255369,37.40942785191883,0.8051938506306061,36.88256571650218,0.23156577323087063,-14.287545105400875,0.6639221166057934,-38.0469796076273,0.8155146936019508,-37.71342719551607,0.15450249059344237,8.323670332777098,0.7324440320554688,-37.57970261311349,0.8164097105103533,-36.036669846738114
7,0.14,0.2622598988865066,-16.550400152524144,0.6727074495711579,38.381391125195364,0.8141007097165703,38.24814807975893,0.14729454169902992,8.493445732185597,0.7163858566955439,37.40670001703614,0.8051970397591011,36.8827003740154,0.23158998051812646,-14.288491604689199,0.6639174518411053,-38.04411788515412,0.8155105814372375,-37.711594233366725,0.1543791846840726,8.3236703327849,0.7325109955265577,-37.57866286626457,0.8164090583970035,-36.035096861455735
8,0.16,0.2623489778151696,-16.550400152518222,0.672764554250486,38.380425784774985,0.8142156038648662,38.2481480796505,0.147405410903218,8.492327105859369,0.7164560070271491,37.40670001703614,0.8052002283242266,36.88320620432143,0.23161414812729558,-14.288491604689199,0.663912768236546,-38.04340252766924,0.8155064660199439,-37.70777468209516,0.15425624912624228,8.323670332790341,0.7325779952212189,-37.57554506694941,0.8164084091012349,-36.03170953158593
9,0.18,0.2624380715828772,-16.550400152511692,0.6728216347413388,38.37710151428918,0.8143305494418216,38.24814807956195,0.14751629634133223,8.491649221234741,0.7165261951982863,37.40430109750012,0.8052034205012504,36.883307482865774,0.2316383019276424,-14.288491604689199,0.6639080340796927,-38.04011227381548,0.8155023442625058,-37.70441307455011,0.1541331865045918,8.323670332798217,0.7326450072682835,-37.57312156723396,0.8164077593619756,-36.02965358826957
10,0.2,0.2625271453168083,-16.550400152511692,0.6728787321522294,38.37710151428918,0.8144455909872789,38.248148079471164,0.14762718430018124,8.49097413763519,0.7165964081393582,37.400374278181545,0.80520661599364,36.883628257665016,0.23166245591330425,-14.290849250448524,0.6639032414462924,-38.03710867337643,0.8154982169314577,-37.70303788681497,0.1540099687713729,8.323672019817344,0.7327120469907507,-37.57312156723396,0.8164071093031061,-36.02723753523889
11,0.22,0.2626645178705783,-16.530479110024956,0.6729292242837244,39.17622311870004,0.8145211188225191,38.588004237295806,0.14773673219626746,8.49097413763519,0.7166641582970251,37.400374278181545,0.8052102643703449,38.38523287360434,0.23169358329472353,-12.650467440578353,0.6639049351949734,-38.35842766477668,0.8154941140332372,-38.2455620990706,0.1539911273460229,8.571971383032807,0.7327771530849116,-36.44870178846897,0.8164061432828065,-38.41958710122003
12,0.242,0.32138314938481116,-16.530479110024956,0.919024888929351,39.17622311870004,0.813189693931524,38.241249370649506,0.43687825234605443,13.630525993790274,0.2914057262517587,47.47547688730636,0.7900721268570985,43.8600077758115,0.3418989010775367,-12.650467440578353,0.8447866957663538,-38.35842766477668,0.810534318304752,-40.162965308196654,0.1751592961024819,9.450753430340091,0.35479081106682175,-35.192056266871454,0.37621337844084113,-44.41272564558685
13,0.26,0.32138314938481116,-17.708193202480967,0.919024888929351,40.7519927890279,0.813189693931524,38.76057669259197,0.43687825234605443,13.437300334068198,0.2914057262517587,52.54232575325136,0.7900721268570985,43.8600077758115,0.3418989010775367,-12.650467440578353,0.8447866957663538,-39.73371029249753,0.810534318304752,-40.24858909820213,0.1751592961024819,10.096346623466133,0.35479081106682175,-34.50809065964741,0.37621337844084113,-48.607922627366584
14,0.28,0.4373435283278148,-17.312135765211014,0.819635641266842,40.2787406951317,0.8081838633668885,39.00487380072991,0.4357073451441647,13.690963598079374,0.535711632143177,55.69451085348612,0.7860681390400851,48.352497844753756,0.18350388901951012,-12.64182824254942,0.9013853018055256,-39.858999249739334,0.8260303214558135,-39.859585458497605,0.1552453183785049,10.096346623466133,0.4572663110758316,-34.86147965670842,0.4960094065594182,-54.350319898090746
15,0.3,0.60533495091341,-16.555544644382344,0.7300545723738671,39.35383660422861,0.803250423279254,39.00487380072991,0.37034510580013213,13.910797087941685,0.522530626379539,56.6443260414351,0.785911755622391,55.006043893712615,0.05999992199535997,-13.485668389397167,0.8277213004317028,-39.72962922537554,0.829061690070908,-38.74741754752858,0.1945385078079105,10.096346623466133,0.3308461763136008,-34.776418933458565,0.8500645818757534,-52.81509078526174
16,0.32,0.6825125573190594,-14.597418715124977,0.6962940266877541,39.39952842433284,0.8038949334219071,41.140266237928486,0.2815554459934826,17.960081333853058,0.5140025596691903,56.6443260414351,0.6013600379489326,60.22026960051279,0.0015278229124285375,-13.123261462269497,0.782914154624696,-39.72962922537554,0.827834699988183,-38.3324973466576,0.17970043874571548,10.344079525475108,0.6339218622061816,-36.0323471680869,0.8377576935759572,-52.81509078526174
17,0.34,0.8535984746092984,-15.445236537902833,0.7296265384903186,39.22519587035348,0.8062407981954699,41.32295139381311,0.2882770910217976,22.37154816920293,0.5262079933302449,58.013517711588854,0.6250939724504027,67.11237892065274,0.015936421611355833,-12.563220942555926,0.7704456980337065,-38.28397505814674,0.8230781925749904,-37.60556493505959,0.2313310494755979,11.291259806730562,0.6377042000397902,-36.93001694003903,0.8109619193776155,-53.782087931979554
18,0.36,0.6274499571536334,-17.42186208398532,0.6125484469523961,39.22519587035348,0.8204919046366425,40.91027428350746,0.3018462328722823,22.37154816920293,0.6045168452083041,58.02848720944913,0.10335127573863295,66.95855633237846,0.10217154849925876,-11.893871418449615,0.6298247815537699,-37.68493395054736,0.8244339712206822,-36.38487689339207,0.21163283287973347,12.119722804195181,0.7354756501749757,-37.524627713900834,0.8015182883456127,-54.901912281621755
19,0.38,0.4874855536243028,-18.478615030642008,0.6740830524356366,38.70268654059398,0.8196362138058847,40.91027428350746,0.6454831030662966,21.688671178673538,0.42684068768227923,58.025601993542054,0.849428365376235,64.4637532614815,0.2562403756327529,-10.113449044379362,0.6097879323922654,-37.07562284935145,0.8162500460258041,-36.260234928985135,0.11806458927829974,12.572980630438995,0.5875085937117096,-37.1366076105776,0.685947153702352,-58.755910973317945
20,0.4,0.4857658134657549,-18.731347120966916,0.7009154646898945,38.901097843049754,0.819758427900293,40.77196354713392,0.632931000242497,21.475902561867628,0.48960949714298085,58.14873578302209,0.8394914150634846,64.4637532614815,0.2918875927172785,-9.747763018917468,0.6948100817118606,-37.45431462074608,0.8032653937997645,-36.260234928985135,0.09235687432595938,13.111151504386028,0.5947660852708431,-37.081136155068315,0.6564760805467471,-58.755910973317945
21,0.42,0.5390889149527794,-17.92894328372436,0.715551961682191,38.738337267680464,0.8202172383008483,40.95780408331432,0.5876587171884018,22.658751042988193,0.5135512706318159,56.42307681204339,0.8210470351395434,62.11657048325987,0.23602326261233228,-9.747763018917468,0.7186756862824492,-37.568794254060855,0.8030816475109369,-36.900406501117246,0.14174642487024522,13.111151504386028,0.6318635665006638,-37.75883230407883,0.6991314887713389,-59.6805339971253
22,0.44,0.9493005532227988,-17.92894328372436,0.6003088434253294,38.738337267680464,0.805527668153205,41.329616253421136,0.9144393331688204,22.658751042988193,0.892763525428972,50.21988911992965,0.858150524444629,60.38192834029869,0.25865986591191237,-7.567564327909564,0.6541157098435515,-36.97267458635217,0.7975352855964017,-37.750775714756436,0.151607230042267,14.675792298157484,0.907419912592673,-40.01531142940947,0.7831341506657401,-59.87419323036015
23,0.46,0.883535769673883,-17.52947224036249,0.5068586184809586,37.421697375179264,0.8012866533635353,42.629510226064724,0.9122960315720726,25.37193340099295,0.8854635569806931,47.01065425601702,0.8638288654297944,58.69106021850519,0.3171372367161106,-7.324478549753038,0.48373733962597765,-35.45072020817458,0.791918166756478,-38.036806638668786,0.15498746274244446,14.834194728405693,0.9488527557352312,-40.62323948972269,0.8212462810359401,-59.75340440159999
24,0.48,0.697873493863886,-19.194844298426112,0.5870651383943077,37.53091204492751,0.7921127691252648,45.47174736778902,0.911550317118397,27.74196512733036,0.7160477559784654,40.81752337310918,0.8569422392094943,58.69106021850519,0.17413555452585494,-8.241330927026251,0.5394702461658919,-35.31679675327422,0.5391467238291958,-45.86017512077455,0.19736147696308937,14.949954878930074,0.8219993523822379,-39.68201966938161,0.847685407291891,-59.431348579622075
25,0.5,0.5959788573090169,-19.829909585945515,0.6701573537472894,38.18562644312302,0.793979293342099,47.43368539221039,0.8079959977822353,29.393847907688492,0.5515244971698694,39.04314925149077,0.8422575558884877,52.43872234938239,0.06352346053552227,-8.88109677701361,0.5503998157008364,-35.364004335653576,0.5580741332261749,-45.86017512077455,0.1400294981036343,15.1492385728737,0.6539920934657928,-39.68201966938161,0.8494121655721165,-56.43279376138485
26,0.52,0.7729163374171921,-19.29859791047166,0.6083141767827588,38.02498524572004,0.813092195544513,47.82627577963704,0.7923673961677825,29.393847907688492,0.5784792120735557,38.57030873513025,0.8274838220707691,51.81992335552148,0.09411309606428764,-8.959983048210951,0.43690657120689486,-35.842126772060524,0.8298055902412962,-45.86017512077455,0.13718704139161425,15.606291344276627,0.6213517959907949,-38.26262020172759,0.842933819989316,-56.163635653786855
27,0.54,0.9290105328844139,-19.333122666911944,0.6312732433231184,38.02498524572004,0.8093332678011811,48.46385998042241,0.8588610184666706,29.561519312642687,0.732345788672191,39.02542823339843,0.8147139588954224,52.40942888974164,0.12617262283400446,-8.789699563870487,0.700055854111672,-36.60711981813069,0.8212249932074842,-45.86017512077455,0.2898405051582056,15.872351825166689,0.7212677461717986,-38.46231608363236,0.8351931278627428,-56.32415463814019
28,0.56,0.9265876748444051,-19.44749976530531,0.6751374341738036,38.62002869996319,0.8127556014526549,48.46385998042241,0.9153123948194528,29.186782152241303,0.7874904956888937,39.7859639214858,0.8188850734587262,52.59617576459776,0.14867273658533198,-8.628583039282601,0.7364993992004063,-37.05603237323645,0.8341199586852798,-52.041010937076045,0.2643875573046604,16.174215181981182,0.7715032104457836,-39.172224511742165,0.822316807829121,-56.58777331908649
29,0.58,0.8837698984757418,-20.1829991272169,0.6837310903860115,38.703907006828935,0.8161311979497897,49.30424983700249,0.9435770562002849,29.186782152241303,0.7791722704417319,39.79131395861627,0.8326401982836602,52.625185782326966,0.17790346278715258,-8.30287086643718,0.7172763143149726,-37.241296189706325,0.8342120494919029,-51.94959803538065,0.24665000838744688,16.41437490448814,0.7840417944306647,-39.3730449051518,0.8223263795720684,-57.233153106878554
30,0.6,0.8528544018169828,-20.354217057827647,0.6748348161066918,38.703907006828935,0.8286466502090801,49.1808653539272,0.942388829802258,28.491579076721724,0.7521251239206457,39.77758293972424,0.834336863658657,52.15475133995157,0.2085713078470693,-8.111010196663358,0.6869759873133188,-37.13417783768744,0.8325370258443541,-51.77426696147895,0.23769122274648172,16.522438814094247,0.7760297331224993,-39.41570841222745,0.8229027818927441,-57.233153106878554
31,0.62,0.8358390733928475,-22.98885616400897,0.6672205167579977,37.825996324255534,0.8293678427417966,50.668173544211584,0.9411227387752401,26.84856174026451,0.751373950505681,40.26200354676021,0.8334641839793198,54.22926724886928,0.21749846684801372,-11.784441223035971,0.6801928197507496,-41.81637489306202,0.8211349092864609,-56.852062248904716,0.24547305929543778,16.446598198210197,0.7741511867925988,-39.812419907584356,0.8243925978338753,-58.53023702335557
32,0.64,0.505487490383909,-22.98885616400897,0.38727087338925703,37.825996324255534,0.39687742267623805,53.96439974391223,0.956972395240602,25.095186836274245,0.807295069948679,40.335492540386284,0.811517680469768,55.55760216613762,0.24844794285149557,-13.014974887181852,0.3927944730708605,-45.711914942982055,0.7840658334058181,-59.54039142523096,0.32367292203510195,17.942167627795055,0.9598099714520664,-41.29599764380833,0.8324358530609693,-58.53023702335557
33,0.66,0.2365987995496196,-28.876977546569204,0.2924343241330777,35.31630758059894,0.32342186410438867,60.85650907096804,0.9271540517030963,25.38422306544244,0.849769158116195,40.47593010791685,0.8172248802817759,56.16558638873752,0.4699974842509506,-14.086188620797913,0.30613871752897637,-49.46563130906125,0.7709149328598621,-64.09956716046395,0.22801587925227057,17.942167627795055,0.9480566204614476,-41.3677425160562,0.8523220351549639,-56.39856949960068
34,0.68,0.33169794853333495,-28.851535474846745,0.44686859662928086,35.653409113039075,0.4919040289877269,66.77158755203978,0.6365564234082324,27.87278459540982,0.8354395883051042,40.5058997883462,0.8361098709089468,55.92711626109891,0.1866033778114127,-14.086188620797913,0.5421402610557983,-55.74151145475586,0.6219840459778258,-68.29476413826009,0.24876168970344562,18.859591556772862,0.8040183241723265,-40.279375870187,0.8561539808547992,-55.327619387784324
35,0.7,0.5388910901343968,-27.250704519146403,0.5030479199844528,35.653409113039075,0.8184461802173849,67.26600273634504,0.39337964878182297,30.893659570763763,0.7810651023154208,40.46424147899525,0.8356404626998237,55.89350061228086,0.24587927800135348,-14.086188620797913,0.40922141837130455,-56.26824239072549,0.8143569552748425,-71.33460046073944,0.28688966397950194,18.859591556772862,0.7376815870297602,-39.875619567665446,0.8510481635641757,-52.42990266963327
36,0.72,0.6963097048724876,-27.756617793345626,0.5316186999081093,36.47137568973908,0.8259190525544702,67.26902469154169,0.36252716396762025,30.55495172189211,0.8635369035118098,41.01606475552646,0.8215962814691559,57.948390518461736,0.167972103132633,-16.655713050189643,0.49691250965221345,-57.52778268944868,0.8229608297300197,-71.33460046073944,0.34725673108830546,17.255627974997466,0.7967502429649361,-39.875619567665446,0.8410203562352644,-52.35652492596575
37,0.74,0.6432769437422023,-28.604886892882654,0.43884306958976577,36.29446913196376,0.8252970374442794,67.31907405226707,0.4149976242478463,29.06291619421971,0.9536131226529072,41.93468818056454,0.8085907005567707,57.948390518461736,0.6707097825983914,-16.655713050189643,0.43728029212980724,-57.621269933176876,0.8505634514071279,-72.16950836528711,0.7869010545832258,16.592159397591345,0.9116140201726881,-41.01523933685968,0.8378640399528889,-51.955891885795005
38,0.76,0.6256423423999893,-28.980176344572808,0.43223949442227233,36.064413356012665,0.7998440987660301,68.66209675752623,0.4876142060732052,28.594892559074633,0.9493910064082,42.33276701713524,0.8138200195499707,60.89038341991318,0.6432837252400556,-16.655713050189643,0.4067855262650232,-57.621269933176876,0.8515031854109945,-69.54622849150839,0.7367179634130685,16.54079198017085,0.9183727500396994,-41.01523933685968,0.8442181794643373,-51.148399262245334
39,0.78,0.6286455855503806,-29.265885858154796,0.41616359349797777,35.82107937368484,0.6761838074814441,69.60415599699164,0.5215415671005934,27.833125902194812,0.9451278709798118,42.29906952383207,0.8188137797395166,60.89038341991318,0.5708343663996166,-20.897419308027434,0.36766693887546,-57.399140059333845,0.7896868806439407,-68.34672056800089,0.6617930422455383,17.0321273691235,0.8916832162740639,-41.23571784928415,0.8454406053852147,-49.64384605453159
40,0.8,0.5850532218938425,-29.265885858154796,0.3434669988382289,35.33086009427665,0.6011578990943405,70.87358867899492,0.5333860368980933,27.55144309500666,0.9163354018805657,41.838424324778536,0.8255613677015159,64.6840866194188,0.6428426385439313,-21.02441037173817,0.36415956534195654,-57.20451678531528,0.8428641390609233,-67.14932192618951,0.6193753924475381,17.357262955519666,0.8907668549362482,-41.15365766292762,0.8420776807157236,-49.328429547973
41,0.82,0.584745503482611,-31.23222613984252,0.34480801805634015,35.35182432345222,0.5826279043472117,71.77876208354661,0.5018050827934871,26.269796117515792,0.9078916505589204,41.6006255150556,0.8288308663371265,64.93899164765642,0.6294508259797859,-21.577890895112407,0.35647690705043533,-57.20451678531528,0.8367569917580228,-64.3681213725698,0.6244759222909994,17.295644442252467,0.8762972744131776,-40.99339374662129,0.8380822987233092,-48.4786900655132
42,0.84,0.5769645328741032,-31.676729181412384,0.6124776508917144,37.14678943624954,0.5997495230608687,71.89300008156299,0.5286232362352701,24.824411989634115,0.7637573404715479,39.742287932082995,0.8246783747833497,65.43557092598836,0.9119424968958016,-24.13900945138301,0.6952634537484905,-57.20451678531528,0.8717062738061041,-61.25972210615885,0.9548603658414136,15.02556362727477,0.6745515711129297,-39.709101933379216,0.830703170917537,-48.01724456803193
43,0.86,0.5176084475677077,-33.09870817654069,0.6895193532051754,38.454109276420546,0.590112492670913,72.13203269362101,0.6151376211500286,24.064149180848688,0.5428544852782179,37.922586070888826,0.8260066159432348,65.56992266239604,0.9138253617382209,-25.518705972235878,0.7864900013156709,-43.55920561536209,0.870548446938302,-59.13744613083646,0.9524748443146731,14.376881351616793,0.582749845665157,-38.449894810343245,0.8307899750943216,-47.94812811820843
44,0.88,0.5299022338729589,-33.20699376607813,0.6668098690065173,38.536627697155076,0.5658541603447139,72.49200227437466,0.6299597257101145,23.576835667464675,0.46430472363373904,37.24492256903798,0.8242794956249683,65.97395672363763,0.9205974173367136,-26.01379109382277,0.6458043180002188,-43.55920561536209,0.8540822471449667,-54.732890034818816,0.9284089037725631,14.376881351616793,0.568777729822988,-37.74789848596406,0.8149609105447755,-48.01074445243327
45,0.9,0.5734388072740063,-33.00528832188565,0.6324565425224294,38.50295953911976,0.5338006358789813,72.76740193222335,0.6166915292846621,23.549275922355964,0.5497384089634803,37.24492256903798,0.8036152797053142,65.97395672363763,0.9256158871420237,-26.01379109382277,0.7309448880504837,-40.13073207068101,0.840981614176004,-54.17685141916636,0.9223966334893697,15.623153575964928,0.5827473331024032,-37.74789848596406,0.8130568863183288,-48.45060519276236
46,0.92,0.6022369064259914,-33.2304768728438,0.6269588504247822,38.35673014978332,0.5295333692393978,72.62479060950952,0.5839422754566971,23.342467536066614,0.5979731438039931,37.38430317299493,0.765315165684687,66.87283053017876,0.9273436375011483,-26.670504510086396,0.7854681414951543,-40.13073207068101,0.8351899102879743,-53.702618040264696,0.9123719805908457,16.277843470314572,0.61598580905559,-37.860871088054935,0.8116261535069118,-50.29429177481234
47,0.94,0.5020667191027359,-33.721948524484546,0.6189905718708077,38.33634794003369,0.5789602970640247,72.62479060950952,0.42437590960050964,22.887895173514302,0.6284219803274151,37.97879055656522,0.7127993515208337,66.92815277618158,0.9290355338351283,-26.789344801679498,0.7409127874636713,-39.610942510008535,0.8349209582579171,-53.37351553984004,0.9119215341447018,16.277843470314572,0.6918778454362399,-38.44978360949016,0.8015184340355039,-50.29429177481234
48,0.96,0.47560912709343595,-33.874581235370606,0.6084696282530242,38.33634794003369,0.6394411141020732,72.04476016766225,0.4358399450973395,22.79801144287164,0.6539624727162422,38.261941324394336,0.7164379724274977,67.05276210954473,0.9269587404488638,-27.18093139465325,0.6986255709291322,-39.367965640410276,0.8321718693362379,-53.38814930933028,0.7654316645644723,16.277843470314572,0.7014333714062313,-38.690826084813686,0.8062230973114471,-54.1712438545867
49,0.98,0.5075331678512371,-33.87198779514989,0.6087889681136059,38.33634794003369,0.6850138232918879,71.3544216056265,0.39665605754102273,22.905848844370155,0.6455391247596591,38.2716150833987,0.732586493072489,66.95896601748694,0.9268281786758215,-27.3841093428359,0.7205330599468238,-39.38189914793115,0.8194389299548543,-53.77196579558383,0.9440308849305359,19.82286317003013,0.6687165481431397,-38.77108318938663,0.8215092252022819,-54.245409349367904
50,1.0,0.4976070200331334,-33.87198779514989,0.6223422770510293,38.305453125966515,0.6752450285573629,71.41135441309399,0.38539484277738717,23.047585241393907,0.6503570979031102,38.378806481548544,0.7522021509105559,66.79236245441763,0.9290092537691804,-27.394206598354693,0.7413226720624656,-39.45567568683237,0.819911640480816,-53.97533291994824,0.9416931273184299,19.82286317003013,0.6794990667744097,-38.77108318938623,0.8215147853456789,-54.647890099682954
51,1.02,0.4973727257523367,-31.327295168106573,0.6387193198596808,38.305453125966515,0.6625801631640644,77.09130530511656,0.38216653319954397,23.047585241393907,0.6554738414981566,39.12275284228275,0.7647854749116714,66.00750635837812,0.9405937089758344,-27.094007559740525,0.7423994031973429,-38.22259200031183,0.8216268122603307,-54.54127507454986,0.9237834523352505,19.771730331331717,0.6897654856152544,-38.851335815905564,0.8225032938713165,-54.78419445393379
52,1.04,0.049600449348134755,-29.82883337307106,0.038608548004716844,49.39975937239596,0.010846958584541584,81.67347580384272,0.14400154902602288,25.611830689176145,0.8825231569988233,40.265074910881694,0.8148373770552384,65.0545678604189,0.7414512903043452,-28.66702187746982,0.46174848983720074,-38.22259200031183,0.8024291849615877,-59.783015983750104,0.9446062280710242,18.9729027718689,0.7843181168566888,-39.526290610363844,0.8133922019764583,-57.15150310892981
53,1.06,0.045276797072467206,-29.82883337307106,0.30594519307066054,51.774934625796256,0.4843796712106799,83.63167750701989,0.19686151170302035,25.915601971034974,0.9523371353755821,41.13742411731458,0.8566726842122011,63.22626944774621,0.4110143718676574,-30.54079663082305,0.4247154907170465,-36.69488846713297,0.48953080739054206,-63.37889910900429,0.9275846937752938,19.336771723611964,0.8907673900735567,-40.72330639629487,0.8117404767063873,-59.126009821643535
54,1.08,0.059092857762230465,-29.747690376217598,0.33882077629807156,54.95496619697373,0.36233156525726345,85.17515199517611,0.20412336443187085,26.744678202029057,0.8672960935095863,41.13742411731458,0.8572252320924587,62.91745231698416,0.47388807225324864,-30.54079663082305,0.4988183267471195,-36.701463973157374,0.6396559032147316,-68.15802285753833,0.8957890183053714,21.72921579581604,0.881174716474461,-40.88630103377667,0.8245813517246993,-59.64275598206246
55,1.1,0.1541075075829778,-29.747690376217598,0.2764311906201602,54.95496619697373,0.2839655509370084,86.25095799632955,0.13852595679358817,26.744678202029057,0.8200097477513624,40.454308154889326,0.8538660361525459,59.5207435867876,0.6740227943200247,-29.35285964746254,0.5297483821946939,-36.92826290937169,0.7477121630247479,-68.88787556585818,0.6289302438165754,21.72921579581604,0.8526640475603321,-40.82484376724566,0.8245946574415679,-60.427099950083715
56,1.12,0.22399763763030445,-27.272784650703283,0.27529596662435074,54.81141044145084,0.2993184038932182,86.25095799632955,0.09488617443183538,26.34681348603624,0.7958190380147742,39.9322569674242,0.8464351610925824,57.92266690262179,0.6843893161649641,-29.08499929792585,0.49349043979091745,-37.04522585446395,0.7504723206450254,-69.46486715717504,0.6008531366193827,26.126755574758196,0.8614194612830195,-40.82484376724566,0.8246781818969328,-60.62310288513011
57,1.14,0.36480989449241785,-25.174047167281778,0.20010201922844517,54.372602008653324,0.19245812584235905,83.81426127732867,0.37963824649209016,26.34681348603624,0.748009449783097,39.527283228579115,0.843111386169063,57.0374281827888,0.6161560263741193,-27.105949709457434,0.5096818791363849,-37.04450025550709,0.6669401056092837,-69.46486715717504,0.7887949553652982,26.84556939393597,0.7570386375931311,-40.17149789872064,0.8253621922550853,-60.64800271181616
58,1.16,0.40539125997502423,-24.385149894244428,0.21813476630473902,54.21902685915172,0.21234646722892023,83.44532559593863,0.3463694352328388,26.337065829711197,0.7771187081236806,39.53392741419509,0.8375583489565587,57.0374281827888,0.5798970827917916,-26.981709775460985,0.52137931889836,-37.04450025550709,0.6761707441206499,-69.85208898695682,0.8287468581907056,26.846324940820367,0.8005157728889566,-40.18582976936011,0.824982425866644,-61.17834657244601
59,1.18,0.45833782684089336,-24.276110002247446,0.23226552030673075,54.17994330976066,0.17830109050116302,83.24729193963189,0.3830849119964621,26.36413621104696,0.7741266307979632,39.52182452216762,0.8362475961474283,57.11859321562472,0.5725804613399327,-27.05118859249048,0.5224724082164495,-37.097628844248376,0.6631193221928499,-69.97088883721125,0.8441374377427527,26.82305370838721,0.7980677651040237,-40.20098788451793,0.8275915730056024,-61.101162123843416
60,1.2,0.433559150688715,-23.912420900225797,0.22397078242169322,54.11385669523001,0.17567312709407115,83.216541556915,0.40856167741072,26.693570306346697,0.7820247249525011,39.60468976192286,0.8246338416843297,57.219807332073245,0.5389332899230498,-27.10830729343336,0.5333934970908041,-37.097628844248376,0.6556826654972433,-70.09841169438438,0.85989254344942,26.687059365154713,0.7886644114590462,-40.12175105721934,0.8390981232123356,-60.929137627051865
61,1.22,0.4125330862677074,-23.55802279490666,0.2148988392293791,50.89563171900276,0.16263589997821573,83.21120228735313,0.41961710833449983,26.69938441848291,0.7903378130936715,39.04991983706786,0.824272203964364,56.238895218898065,0.521377698083896,-27.04179264312105,0.5403640796280812,-38.28520707922007,0.6596239967245221,-70.6374432957144,0.8694427824668294,26.73916250425497,0.7819930047988835,-39.642327536701906,0.8392516355290676,-60.300806339218404
62,1.24,0.5461904176405228,-23.55802279490666,0.3129527198494016,43.104551618727335,0.10441080805643928,72.42740258108826,0.5585829102557017,25.79955095570689,0.5579429057310933,37.61264552979073,0.8380203600232164,56.33296616517284,0.2921215776222483,-27.130484964849387,0.7449695542685913,-38.82461023631917,0.4987147566034487,-71.03988161411141,0.9471449063038343,26.92332976973328,0.4788815567814848,-39.642327536701906,0.8310420574406895,-60.477822167647155
63,1.26,0.463901567616797,-16.749316190979112,0.3816336868706093,37.85057366346234,0.006661176320191853,66.3787014638454,0.2968904016509859,24.179420754340235,0.5374880307626235,37.61264552979073,0.4840848667546737,59.55829895938858,0.3259073641331937,-26.442244756564403,0.7307869540941019,-38.91713564047078,0.5041791260814377,-71.63088496304941,0.8333167916737763,29.08825011289182,0.5305329322361113,-37.363902044645336,0.8086417520609288,-61.50941707963829
64,1.28,0.5119111888618608,-16.648762248421406,0.33964481967364113,35.235709918729455,0.23272951597584,65.15689509070307,0.19093100806391458,24.179420754340235,0.22012259197215508,33.940651218804945,0.26138619324525103,66.53483573097519,0.46408359645190295,-25.647549338207707,0.4978926283532571,-37.03020505564525,0.41902189593309097,-72.65030264358913,0.5691494337334254,31.03315256022755,0.533892397082847,-37.30602700669027,0.8087431680181507,-61.50941707963829
65,1.3,0.52884258185506,-16.619075925852588,0.4108735508740307,34.72571300330255,0.3571418418066281,61.299419401954054,0.28115562837179753,22.821479238716464,0.20880000893204867,33.419426886679005,0.23757348720312801,68.39750052369952,0.5387426521129886,-25.236865992213392,0.32654054286212647,-35.78670567503561,0.22160991035777775,-74.26032754696865,0.528642315983885,32.38018473027811,0.545935011920753,-37.13650612254205,0.6455806405182732,-67.48576367724407
66,1.32,0.5418914470524872,-16.62030871971988,0.4786420977297455,34.6248347887004,0.40423526182603764,60.797319939681316,0.2987954947083333,21.902732904045294,0.21066332069422117,33.01778970552997,0.22074960015014072,68.39750052369952,0.4191647978348781,-24.844942430845467,0.30328510233751943,-34.71420453903257,0.03631212751662479,-76.0288341609951,0.5419539723526396,32.38018473027811,0.549857081481629,-37.34358142280081,0.7253142255277615,-69.31956731717251
67,1.34,0.6055594660686177,-16.900287901151277,0.49363985478610384,34.78313962215741,0.37554254321646435,60.38034768454414,0.2931666889280308,21.34968986193234,0.1625076868211997,32.659808266002486,0.12653225389072836,68.84392955411273,0.4004272805994153,-23.996247431712806,0.24010674920095132,-34.172770292289115,0.031178383928318665,-76.98569428844466,0.3726428925352563,35.03344910338432,0.5692704151795732,-37.441847472853716,0.6450347486844368,-70.33094724301581
68,1.36,0.6415754343755466,-17.505980145986324,0.49851882979548573,34.80237716772188,0.3440699298193385,60.38034768454414,0.26201990801855496,20.478483579512886,0.13213601609373535,31.978192726797918,0.10911257708283237,68.84392955411273,0.36407178245225125,-23.770843201437458,0.20645782644348207,-33.9903550391669,0.06392546982513574,-77.39785400053131,0.2893703080751267,35.76253673645066,0.5664475185471597,-37.45872601773227,0.6240657684712182,-70.8652759697627
69,1.38,0.6461411108118236,-17.564120413091363,0.5015673206300807,34.83660779892067,0.31670175357387226,60.782341818027604,0.22941626805699833,20.133103825336935,0.10973283196315592,31.703740529696553,0.09521631194677758,69.36270863988457,0.3249349019490577,-23.770843201437458,0.19383156873503946,-33.490905129466015,0.07212135558638179,-77.39785400053131,0.23960802571836912,36.33797123149758,0.5657770624331021,-37.46207507889983,0.6335032492065954,-70.97711120954838
70,1.4,0.6393584694067911,-17.5805529277242,0.4916238813595896,34.83706948049895,0.29695991687219303,60.93329562688163,0.22352422798191116,19.857185530348723,0.10075900821809664,31.655878616212192,0.08527788436307764,69.43928137370722,0.3102866980248909,-23.770843201437458,0.19481528186664146,-33.4705851896321,0.0626146754821577,-77.64482908730245,0.24539207908724192,36.4943919495414,0.5660975429739402,-37.484492703400534,0.6542929587226998,-70.91233734598201
71,1.42,0.6187773112836534,-17.32192087963231,0.48550663944723826,35.360963054602216,0.2961840735232171,61.514494751773704,0.2355716220645246,18.10639181696379,0.12199669841699147,31.655878616212192,0.07302813205830035,69.32512668855288,0.29747824057972405,-25.024357364147225,0.21884886508267173,-33.78865305439694,0.039299656243034026,-77.20352558818286,0.2855380393475585,33.24496084768314,0.5683741599485476,-41.265533127354445,0.6675382825456878,-74.50242149705888
72,1.44,0.29274537890767216,-15.710852383180722,0.5919036772485746,36.136035380870595,0.2452611454522943,64.1227856419733,0.043648125212315196,16.113184465958756,0.12217064174868687,29.917471414530574,0.005734245186319136,69.02191975760154,0.09467887367465967,-25.024357364147225,0.4058763788053924,-35.21707919226755,0.09533673397512184,-77.08284032068426,0.0015150080416254153,31.771913097567303,0.07795301397833049,-44.561759323103324,0.010492299475979912,-79.89624618761935
73,1.46,0.03785001708571671,-13.6721245371469,0.5932636176659237,36.136035380870595,0.07438312915286324,65.35887679216421,0.029059031507753255,14.845568376954489,0.09910601429332122,29.917471414530574,0.004895672584184164,68.95015195362086,0.026442428683674076,-24.890266658582927,0.4681972496115704,-35.75182843578466,0.08190025447691676,-76.73965174403375,0.08411866040738944,29.741595134656496,0.02329543885583791,-50.423124097612124,0.0006523159190983085,-84.35507548299033
74,1.48,0.10762396121256443,-12.425818171753598,0.493523549330526,35.88190660373305,0.01883390499937553,65.98457409386629,0.0629854151090203,14.845568376954489,0.08485367425475383,29.134078536151712,0.0053494071187607925,68.91217272183404,0.07435400612407261,-24.60436101727963,0.45446552728181505,-35.97560827298785,0.016803269688512323,-76.05584362569452,0.07900361118011723,28.235330833289918,0.06114635077749753,-51.13014533025415,0.01773103437520815,-88.3079518971032
75,1.5,0.13434059308805116,-11.75235890524242,0.4240606858410793,34.88031328968434,0.015822667472973017,66.5813630230531,0.0595929467119782,14.242494827108672,0.06612405130996475,29.19565623004017,0.0034584364260596087,68.89504349748559,0.06504973418182601,-24.32810854620504,0.42813817619543876,-35.96307601171981,0.04217378671944031,-76.05584362569452,0.057562154371757934,28.174329649985875,0.06346433188417654,-51.70327950303234,0.013970021021740114,-89.38201491336643
76,1.52,0.07054608974636287,-11.567000650373732,0.4074410156169032,34.95067834495617,0.02707748553758891,66.5813630230531,0.026726436894002198,13.715110156018739,0.059673220901297494,29.03337482347351,0.0022657106916409643,67.96651479003263,0.03264244043155434,-24.855819067793306,0.43041761479738,-35.63258393952922,0.06697820744058182,-74.72094157549954,0.030407790977633842,25.069048841682115,0.06469403978756037,-50.865431281345614,0.009976712248977114,-87.65727010857363
77,1.54,0.030878988745702808,-13.548202438582477,0.4719563320982187,35.4995362321379,0.16034693286523585,67.54577924885409,0.03528697207106362,12.661091929235184,0.055284742763865094,29.03337482347351,0.007023494909052694,67.42058565941818,0.219156106757872,-23.99737988973924,0.4354970723656628,-35.63258393952922,0.012107937636706742,-74.62292203512837,0.009383644349152726,22.897720399187815,0.09668122469780481,-50.74958113877791,0.0045734005267432975,-87.65727010857363
78,1.56,0.03742490010959781,-13.548202438582477,0.49274865433334075,35.73017359551645,0.02987393614551091,67.99992821381949,0.0018064647733826036,12.518471171465315,0.09080417003803325,29.03337482347351,0.0036585335220544572,67.42058565941818,0.0017822339246443045,-22.81882024700236,0.46253651762097164,-35.975608912132046,0.02373364639144568,-74.6453199598018,0.07285441419805322,19.52795492068336,0.08464244440106851,-50.521774775311734,0.0019447671794442605,-87.65727010857363
79,1.58,0.10713051169699815,-15.557852123467852,0.49274865433334075,35.675828226728996,0.02987393614551091,67.99992821381949,0.003795604132265552,12.513583837907253,0.10900874442674217,28.506250339354903,0.010200377911195718,67.42058565941818,0.1332354120896745,-22.81882024700236,0.46167405775528814,-36.04401425614901,0.0052086878365296225,-74.44774344848021,0.06779135173597953,18.830011292904057,0.0685155867789577,-50.521774775311734,0.0023936622792601393,-85.17183587486035
80,1.6,0.1463482157846139,-16.094433025851433,0.45992235405563925,35.54672963534402,0.019683523643236348,68.78416152890038,0.016258001083004254,12.513583837907253,0.10959115479768122,28.48311450358226,0.011773040384250751,66.87767634144838,0.1710365390042967,-20.76384192603085,0.4450759758430352,-36.03172047376644,0.03317284576690054,-74.16753546127286,0.05650296867671114,18.404278460903132,0.059473788123447884,-50.58328972720672,0.0016982694828493873,-85.01932831530857
81,1.62,0.1440693672883477,-16.991948309274566,0.4470324184803988,35.560624876037075,0.021892638529180247,68.76751157214979,0.02060013714573886,11.779242727565835,0.10243760168689976,28.856376219164265,0.010450469655610445,66.87767634144838,0.14317491687472875,-20.769840437198145,0.444355298170498,-34.34613001290243,0.05056348044809109,-73.8456009036214,0.03988691972425342,17.424549451675386,0.05739313647726005,-48.55282188706371,0.00199306914569381,-80.49476472111863
82,1.64,0.11651566739946391,-17.822612015906458,0.3478118274950624,35.03774899862059,0.27757830547192275,68.36776552423834,0.012037878489122711,10.874008437863115,0.004904537651699129,28.856376219164265,0.004156397922875413,64.90535035489445,0.06939793039530014,-20.35871988186913,0.2115092535076355,-33.89165378546077,0.08019907573159618,-72.54979366636502,0.15236800961218153,13.163663522283807,0.02943452807243945,-43.45865412844242,0.1781070137674638,-78.39716623044788
83,1.66,0.08739054530404795,-17.400737642808185,0.3992196490613781,34.30395815550409,0.179455401091342,68.42898185813796,0.005944497232377677,10.85038046439128,0.03343206014075235,31.0533667038861,0.012635888034594573,65.25016519090954,0.06472252245976677,-19.309114784948605,0.2890674389152097,-33.74905144844014,0.023116848291433782,-72.54979366636502,0.037711810195791416,12.233040112809435,0.09061863790506831,-35.80987675041327,0.05002025103941713,-70.37912439225347
84,1.68,0.045933504673702046,-17.163162232948793,0.1726032855076421,34.30395815550409,0.2345952293148452,68.34024740397552,0.041819492455507444,10.740676057642954,0.22125406409477566,31.282012543266664,0.14398279998122648,66.03918106765683,0.07955236537041638,-19.309114784948605,0.12979502408553353,-32.56119034972371,0.1798452523430968,-70.92784675966449,0.1348878156970723,12.18965078621235,0.19487722391848855,-33.237430534554164,0.02071798808804699,-66.97274062105924
85,1.7,0.0740160247139154,-16.786689626437575,0.18173716149534738,34.30395815550409,0.2073770362638234,68.40760441235187,0.016740182697513522,10.63690796636783,0.20259315648356055,31.282012543266664,0.13317170370806397,66.07496458015355,0.03217530317527202,-19.18591091541168,0.13109226805164104,-32.454629910635326,0.19693575352016512,-70.67450803716261,0.17684550707981386,12.22408796090185,0.2253379967304531,-32.41727132151565,0.030379079938803743,-65.84814349409727
86,1.72,0.07650791060796597,-16.81574189161863,0.20323829594939302,33.06798379259653,0.22037223916683968,69.02207676752539,0.03324115126537225,10.329867051479187,0.22206936852385337,31.71128651355367,0.14101611779353102,66.07496458015355,0.006538113859455471,-18.886868249092043,0.14734014371927923,-32.008377223011074,0.17825926203216574,-70.24047538230704,0.1557342876394346,12.140682065985478,0.24763229279099677,-32.00853528671842,0.05497371784426111,-65.47059801839872
87,1.74,0.1682359592310667,-17.21618440276276,0.23419349115046534,33.238164393419424,0.2608914394254773,69.41476875653669,0.03247071936962257,10.005381683232526,0.24811929584675327,31.820091165866145,0.09073634062517855,65.65196697188347,0.09283117890298795,-18.491287763725165,0.12629823966247866,-31.96471024938543,0.09698129408366352,-70.03909022543175,0.15776938722902922,12.132656097952465,0.21127762237635558,-31.817569161771196,0.06659875767069504,-65.4384331192678
88,1.76,0.11534860217598808,-18.098640354739622,0.2544586675570647,33.35553830480501,0.21833795328569322,69.9953289419017,0.06970809124551078,9.606916878760822,0.24570892241584674,31.917153731704612,0.033561270197202744,65.65196697188347,0.012100105188273686,-18.491287763725165,0.14780313480499185,-32.032209259902295,0.10407034303234568,-69.9751076377867,0.14724958365941637,12.05174490387761,0.23264712818282463,-31.817569161771196,0.06183468888943539,-65.38744034013921
89,1.78,0.08324645418211633,-18.348137231640674,0.25908180610317527,33.501297876011634,0.19266856657744283,70.26746167342627,0.08701591939582799,9.396960270215391,0.2466405279335755,31.93931149197294,0.0004178748843436455,64.6730414721885,0.03311804065996558,-17.298317932557012,0.1563151448953822,-32.07727962256042,0.10538511085739213,-69.88329950880559,0.13428930016122304,12.008366717474638,0.23827246109055347,-31.842643432239548,0.05384998972173329,-65.26289195437116
90,1.8,0.07956655245761944,-18.48780545319125,0.2632499077894876,33.555547773484406,0.18881571681422726,70.33160903707358,0.08762768764929908,9.396960270215391,0.24694081068030935,31.949063280703278,0.006984748882307379,64.55743700702355,0.042324816408610855,-16.907436626845957,0.1594963310536702,-32.07727962256042,0.10342141328798872,-69.86847385237803,0.13074565600810015,11.900992763902844,0.2420581264492307,-31.856206183547094,0.05271463320096621,-65.23097786981839
91,1.82,0.09077312171408447,-18.518086987194174,0.26035039424777906,34.65248652543825,0.19572301264671202,71.02769170082088,0.07137809904230853,13.19419350920326,0.23890585797470898,31.949063280703278,0.014001234395591023,67.82196845812044,0.01667372355195979,-16.907436626845957,0.15354221560147718,-32.367811189964726,0.09213417812712332,-70.32316627310911,0.132311474980262,12.492914806237895,0.23523546978609644,-31.856206183547094,0.053646643705612555,-65.58014909945148
92,1.84,0.19779672354965475,-18.518086987194174,0.452403119349102,34.65248652543825,0.17223364841412875,71.76649423869492,0.02785935051163642,13.421959079089415,0.06463642461466232,42.878978771597204,0.00417124231941527,74.41442085905646,0.0019838023545621637,-15.441355600809812,0.346885514522569,-33.8322407330648,0.16056974119014744,-70.54247318431842,0.02256153040400582,12.582930409022444,0.03169236630769048,-30.418005216418937,0.012282965627942061,-66.2501430218101
93,1.86,0.05897336583211858,-21.397536189833062,0.5168385521375757,36.21270545121006,0.08047119199787171,73.0886394152301,0.07287618992794877,18.41805406716566,0.10441742587725904,47.24241191213267,0.007001873406237847,79.86056007748006,0.06728361364130837,-15.540888106326392,0.4525594644400234,-34.20836658197162,0.04726198516606661,-69.73015687724116,0.0003146572385556304,12.582930409022444,0.09034352836199121,-29.43535982867913,0.007007836771030357,-66.50342240694509
94,1.88,0.1700904110466218,-22.917641765282376,0.4813959853317773,36.220325057576254,0.0011678196062832149,73.98565797311336,0.09085240888057346,18.41805406716566,0.04685597503699886,48.5975611439754,0.011900905158828745,83.35734436541394,0.0867503535536179,-15.540888106326392,0.49939250378135636,-35.23669247281133,0.07253473014227446,-68.87917314366246,0.050144186605376444,12.975516318338764,0.03144969452161171,-29.2142667353217,0.0005601558062429599,-66.52161411004984
95,1.9,0.19645260355905134,-23.909899683645953,0.4450451222657838,36.064004161499525,0.04082760970156761,74.31500426712073,0.07521373210579811,19.224217335800827,0.06544450640629208,49.99045522141631,0.0077651289155584525,83.75258352780992,0.07346830528239649,-15.630178547875497,0.49163753519263964,-35.487790300370094,0.14388015184133804,-67.85139878017317,0.0942057233666752,13.254803439202972,0.01157997832359115,-29.3141593821516,0.02052409924886605,-66.48673552486514
96,1.921,0.1515213967789121,-23.435085872001736,0.4187782659853833,36.144606497589244,0.006229463656676591,75.42602726184313,0.03667204013476216,19.224217335800827,0.062333331610793484,51.26935687564757,0.011870087467172323,86.24424020918167,0.11136072666822744,-15.017217551007667,0.4418197213496101,-35.40547274395628,0.001580672015996947,-67.48330363837114,0.03777766779679368,14.390137631722194,0.09382899354428989,-29.317386903176924,0.015689290192982885,-67.38690055262121
97,1.94,0.1515213967789121,-23.853950229716016,0.4187782659853833,35.917184454576876,0.006229463656676591,75.55552913474378,0.03667204013476216,19.224217335800827,0.062333331610793484,51.63718384581651,0.011870087467172323,88.91507380734375,0.11136072666822744,-14.157668435883018,0.4418197213496101,-34.93730374972644,0.001580672015996947,-66.97199655467396,0.03777766779679368,14.68255702538627,0.09382899354428989,-29.184417011242918,0.015689290192982885,-67.38690055262121
98,1.96,0.0014216238190073588,-24.763807896121858,0.3884486716152098,35.674068703405126,0.005968586028226158,75.7134284272775,0.0750603176346934,28.12267436641966,0.06828061604608174,51.783886096737334,0.007500842992381521,88.91507380734375,0.09450665369734673,-13.97342928060389,0.44630964950629837,-34.950314838022074,0.08197249010111639,-66.5080568112196,0.00886089710140378,14.68255702538627,0.0710591769315677,-29.18282748856027,0.006737518665040221,-68.44784250910429
99,1.98,0.07427028456147798,-25.11799239623481,0.39845969911932977,35.66193886061676,0.04390587624396668,76.00004637267759,0.05370479400542703,28.64213693099944,0.07900153074592987,51.78708455798121,0.0052621547046678655,89.94009080270781,0.051889782355389255,-13.254714118027868,0.4715232389574463,-34.99343218329001,0.12410812481633103,-66.5080568112196,0.00823383217875837,14.79654736778516,0.06450080118369636,-29.18282748857907,0.004247848308532403,-68.69663555679547
100,2.0,0.0878530420564502,-25.576803476367093,0.42119743799140497,35.59878508297215,0.07136760796472513,76.44478674290563,0.033062039055058313,28.74719563649474,0.06855693859668448,51.880958135154856,0.011946830445258629,89.94009080270781,0.01783094314696985,-13.072541486723347,0.4641558493502989,-35.04955565752947,0.1380023125354807,-65.66573360474248,0.046535984874529965,14.920757105872031,0.013985681578931918,-29.544148534961725,0.06044023681221563,-68.69663555679547
101,2.02,0.08058267547950097,-25.00118042123761,0.39044618422114263,35.368952330042255,0.03832271918776005,76.80662666609223,0.026694865322090047,32.494934149545074,0.06525570640063297,46.895161166370684,0.004874196857908824,86.89105517219367,0.0019482362973947793,-13.072541486723347,0.4489830458356273,-35.04955565752947,0.1306436532990067,-65.31533277469697,0.02679701956254081,15.925837346678753,0.017031394274841394,-30.060162078533022,0.03217085935454426,-69.59252625252674
102,2.04,0.21236256661820152,-26.015408302019228,0.3547933366932032,35.22882122954312,0.02946388994701604,76.80662666609223,0.0003919084239576759,36.06469304121747,0.040925995308187024,46.895161166370684,0.010316635861483807,81.80879558144466,0.025086929138406315,-11.230026510116602,0.3514274046548179,-33.81519894626131,0.011331276691907682,-64.97909792812042,0.019012885917432443,16.524181861795608,0.0020068631984549337,-30.09783471736941,0.03524964789790188,-70.31157520842707
103,2.06,0.003449532805082336,-26.500123166145123,0.35303846569437075,34.267867663169625,0.01785576047084291,76.57555380771842,0.08621707134465913,36.06469304121747,0.06347874328359578,46.895161166370684,0.00391178136555793,80.07827291699164,0.02479765044431634,-11.013763445342413,0.3662758627674911,-33.37839789896991,0.10387496322110153,-63.82116790175965,0.003982032976083165,17.045099043340436,0.022071039717133246,-31.127866345537026,0.017115883683259232,-71.03273767375765
104,2.08,0.14249494972619206,-26.1954451495759,0.17291432419760977,33.60195035141934,0.05253495377851618,76.51609421432761,0.1582725416500342,37.6707267172988,0.2211449885556117,35.29740630590406,0.12441774922318014,78.58261171917378,0.026160398926071048,-10.840370644520007,0.22773696389819933,-33.37839789896991,0.21319856968531875,-63.02906395837809,0.0640507254894403,17.165397998574637,0.21489132922660611,-31.972214483233845,0.08075356440036668,-71.35542447762568
105,2.1,0.16719087264624177,-25.933515465565627,0.16758604951962974,33.24130318737949,0.05580466285155271,76.38355365788065,0.13492737401991436,37.85598348626933,0.23429562486544017,35.29740630590406,0.11625327949638005,78.25539490021751,0.035801856605937855,-10.859350987905506,0.23095326008956873,-33.37839789896991,0.20395770950671233,-62.494486075321205,0.05581087339028807,17.516174898744808,0.1918341538801899,-32.27367175088583,0.03862775333890336,-71.24900108045321
106,2.12,0.18181386414379327,-26.731956945802516,0.17422640323620514,33.10966369502633,0.05584182876095555,76.38355365788065,0.11839764721357186,37.86781297749393,0.26168550883907127,34.274497503200585,0.09525876871731317,78.25539490021751,0.062204742136401495,-10.671370739435988,0.2601811231482456,-32.34439192064942,0.16870131093015756,-62.48827102599111,0.026525739797988335,17.93497980321832,0.18959525773062746,-32.566898393920916,0.02750916584207396,-71.54896527653315
107,2.14,0.1977485692598953,-27.567585390480307,0.18207598932498928,33.10966369502633,0.01753323079802569,77.39385984459618,0.1658890775746562,37.73926023945302,0.271422591779019,34.26114425517685,0.10697440045309017,78.06474017004736,0.018059292917742078,-10.389998130727438,0.30018268231072964,-32.4866147880368,0.18467117887741072,-62.476476531045186,0.08577172602008115,18.38989879473028,0.2114706230685707,-32.566898393920916,0.034677700323620816,-71.54896527653315
108,2.16,0.2072556944453316,-27.832660507846956,0.17490902580296122,33.078183616585136,0.02090234140683289,77.48684183549284,0.1762981955173129,37.55909401428176,0.2711544202346815,34.25684105093842,0.1153069353972405,77.92582437651176,0.03640157922542975,-10.225885963191157,0.30041893746368803,-32.50499867663442,0.18891911614566562,-62.41811180006673,0.06763643322311416,18.55542784684156,0.2133932213934459,-32.566898393920916,0.025645882311014903,-72.0202917349898
109,2.18,0.2143901709457249,-27.88929593127805,0.17575132915601685,33.06131370469816,0.02908448792891112,77.500556659536,0.18697396142487138,37.477938556174614,0.2693725880024632,34.23529789724493,0.1157544889608288,77.89610081994084,0.03312254761424873,-10.089855857798412,0.2934515255718771,-32.51143917753759,0.1939681647549326,-62.38517944948751,0.07271012177903509,18.613756603439573,0.21465781345553575,-32.94946503054286,0.01818619479441557,-72.0202917349898
110,2.2,0.19518726941515024,-27.88929593127805,0.13890714545547023,33.046689557461455,0.01747841089413524,77.51018920245187,0.18537418666595046,37.46619065397179,0.2754754118949522,34.23406816065058,0.11680232671161482,77.89130988842406,0.028464354195176,-10.081909871218631,0.28552354654654427,-32.50990645539722,0.19338800989981028,-62.374354146434506,0.07753099425364735,18.615754261435246,0.21951686790869557,-32.95522552153219,0.014858395796789913,-72.13249746267017
111,2.22,0.22434197177121934,-30.461899589874637,0.16928311389799378,33.046689557461455,0.03258028649305237,78.20782284834526,0.18088837330573446,36.3492359718531,0.27004193707253027,34.24827692487229,0.1042872387546209,78.05784277913803,0.028584288422285064,-10.88101265265642,0.28696961093283846,-37.47893491722835,0.18524992989963313,-66.86920805905838,0.0843821333555504,18.79322570280004,0.2140418670252275,-33.47252262550118,0.01972657979310019,-72.78339080856519
112,2.24,0.007591894289765412,-32.305876819125295,0.10823089492272435,30.80621348950376,0.013610403567647825,78.52247485720399,0.11336755842136957,35.92749411565386,0.3493605687782741,34.5276722721953,0.09589447414975485,79.46835780931372,0.018345594120687238,-16.80668894840075,0.07069710912583568,-39.87619033263389,0.007507919771935722,-68.66714962412068,0.19144276148385483,20.590729147293747,0.3896179079332087,-34.74236927255955,0.03436252247073409,-73.13348813416921
113,2.26,0.020953845040448803,-33.17720462100934,0.09332360937828074,30.405973780351587,0.002826637191053203,78.60490295005305,0.0002596432818761315,36.37983962827619,0.4229244243662994,35.70562583959156,0.0554227843325881,79.3789974396417,0.0726043831207451,-18.424446605089834,0.05402769488981014,-44.36462084858443,0.00444337916107598,-68.66714962412068,0.0792254364367117,22.492711275557966,0.45990679108917626,-35.375897196062624,0.05354797504489642,-73.20062635374141
114,2.28,0.05090688495872669,-33.691537539055545,0.07094950392866868,30.27972489575207,0.00176361081029965,78.60490295005305,0.06470298597946339,36.88803403927345,0.45671288872217575,36.12119233628864,0.00829158308293219,79.22555306260186,0.09331855633096678,-19.01683321281264,0.036970916847345,-48.899291372434014,0.01704573056696757,-68.66714962412068,0.1772123953632612,23.204067878296676,0.4604968461324352,-35.83991304879768,0.058449363196254246,-73.20173360538797
115,2.3,0.02037117071815389,-33.80983797640792,0.09075438784308834,30.157750380067128,0.0014092590618606142,78.63190542498144,0.06488482274031772,37.08947128376336,0.4688947225092496,36.237104639245416,0.0301754408721373,78.71235770182868,0.03640750173728025,-19.264917950238754,0.06865129829614479,-49.800078777227135,0.006719195579882855,-84.04748462501523,0.0907744968571086,23.596378385008986,0.43784510104823804,-35.88093081316456,0.014293411715486431,-73.36821314992702
116,2.32,0.02037117071815389,-35.000452888709916,0.09075438784308834,29.91006455371692,0.0014092590618606142,79.02158267388465,0.06488482274031772,36.17656872101858,0.4688947225092496,36.237104639245416,0.0301754408721373,78.71235770182868,0.03640750173728025,-21.834405817531767,0.06865129829614479,-51.30577917936797,0.006719195579882855,-84.04748462501523,0.0907744968571086,23.08311251713855,0.43784510104823804,-35.88093081316456,0.014293411715486431,-73.91042497297636
117,2.34,0.0605068030696429,-35.87506444716469,0.11707871093900724,30.104894153290566,0.012250701961363396,79.18875821443756,0.11135219370085452,35.66452794958003,0.42777873675465083,36.06391780072026,0.08383191605599043,78.74563816427198,0.010695460334100824,-25.65246687418893,0.0406797713208416,-51.45962621738448,0.011952178263598668,-88.72001372085457,0.24636777279329736,22.652504617066004,0.4175846931940879,-35.61256205458292,0.04284500161951948,-73.91042497297636
118,2.36,0.0442808086810896,-36.626261965579594,0.049273100129772006,30.239628365470686,0.0029697875839189243,79.2522278161642,0.09280576820474078,34.79643641267153,0.3710145777492478,36.06391780072026,0.019856626398226218,78.14340365758557,0.08410666877668416,-26.546065377259286,0.07776128561275067,-51.45962621738448,0.021267700036868887,-89.78677842027969,0.17279879314480104,22.759039823340814,0.33466408488504473,-35.27518914109509,0.05503984810133725,-74.64914611609318
119,2.38,0.02535164106422858,-36.678284832468734,0.049935828079337496,30.33651839230177,0.0030496720957563206,79.2522278161642,0.06403222489856981,34.3067174767667,0.36116348169070545,35.426067763069184,0.05705879438123676,77.8483813476905,0.0964831093910162,-27.16955572607457,0.05441310210599254,-53.16089297820045,0.01277587372154442,-89.99448088127407,0.16184039291392882,22.845917620715333,0.30589177970228204,-34.89860241157884,0.03160099650349692,-74.7319267707011
120,2.4,0.008701380825756309,-36.67139522944635,0.06367261507052138,30.33421156933501,0.005069369556961818,79.2935869952343,0.03366643260181961,34.3067174767667,0.3729828684338228,35.496922502141906,0.053716554320543806,77.8483813476905,0.08975213105956023,-27.405387712231743,0.007905226753825201,-53.03885420741994,0.04977751578185024,-89.9944808812361,0.16506997091731518,22.915344716388173,0.31142488188699863,-34.64365279854089,0.008048455189214493,-75.08459967147256
121,2.42,0.0019061275288098844,-38.255259735210416,0.07308209121669049,30.60948441927272,0.004708284799112218,79.61425187874083,0.027719564775190504,33.91956952193031,0.4025757982655189,34.99696019597378,0.035594470186127464,77.78445123958457,0.07571369917594037,-29.990259647510623,0.002630187950279065,-48.248022279452066,0.003360207256518395,-89.99448088123603,0.13541224245981948,22.695171598832122,0.3443217063385999,-34.25982984635543,0.00269074437441796,-75.86539313175288
122,2.44,0.06031646139828504,-39.05891249891261,0.051957057114581214,30.564360682947246,0.011700900958815876,79.68188657830545,0.12398171719821593,32.48791724532081,0.2546663595781092,34.464855658751155,0.05725335398235465,77.80054023959171,0.1221314392947963,-34.896568726150186,0.089303894066264,-42.55454066755729,0.04866147646069097,-81.8540133861704,0.38057937562176714,23.416670851000745,0.1756068254125806,-34.25982984635543,0.05909320010718132,-76.79502161767027
123,2.46,0.02197588725754366,-39.465594322072356,0.03392124729732073,31.07188454152696,0.003032066221261099,79.69179369676753,0.1779506560536567,32.49821261939377,0.2556681241610102,34.27352881334082,0.003952357139709418,77.58671434920359,0.11014734569447532,-36.374749372495536,0.2048457276165971,-37.64331700287368,0.1776830337753553,-79.42805081710281,0.2153133152946102,24.10377987416761,0.1370308464295241,-32.99837155886119,0.058632893858198365,-77.02260400007532
124,2.48,0.020663267051824266,-39.465594322072356,0.289439828781,31.87553855523904,0.29756027173014377,81.25292995821957,0.14733665452496172,32.304976030008966,0.2026369721010701,33.40006211471186,0.03292884212152293,77.2386690492431,0.13502794845312222,-37.77208853134093,0.12464313084949082,-37.64331700287368,0.1396708632625645,-78.42607726494407,0.16132227715079878,25.90267836971157,0.26476067613256477,-33.247847742035226,0.06219681350914173,-77.04689809771429
125,2.5,0.14718604344737313,-40.604114973451615,0.10044481709317846,31.994053462616478,0.21727978587173202,82.02471137969148,0.02760034350989234,32.304976030008966,0.13430013875055832,32.97994776008956,0.06380119243318452,76.95844435379595,0.10515267257814832,-37.85031450111397,0.180291243564944,-33.82196637765209,0.20251656406143945,-78.42607726494407,0.03008732438038941,26.729813665023087,0.1823536084669262,-33.09139492308689,0.0015424291057257108,-76.81665406915894
126,2.52,0.14315877762988263,-40.90832873517071,0.09827317428410869,31.95604574367584,0.19805758325751122,82.02806696617776,0.040289524820155076,30.82829274232105,0.15529533905510967,32.842104255277796,0.07683679005559867,76.43520662741972,0.10795947354750131,-38.12295700108463,0.19547423349483944,-33.65804771246743,0.13997210990731915,-78.29306603755741,0.02097424283923664,26.729813665023087,0.1690212631838058,-33.00875151478047,0.010575298618294694,-77.068700142739
127,2.54,0.21250191612648303,-41.44063561749349,0.06891641933869178,31.96128138239826,0.15704028721020485,81.88035489752482,0.21059620788307282,30.253110740117666,0.17931956266860669,32.890310714818675,0.0463564857323781,76.00318715228858,0.21038951121617264,-37.496894254807735,0.21806740081724216,-33.65804771246743,0.08883174053783024,-78.29306603755741,0.19577087969339585,27.908170757552703,0.15571367712576262,-32.90802321137993,0.0011050166627690756,-77.30205199836335
128,2.56,0.22868713200890484,-41.9981642864049,0.08952509708879076,31.96128138239826,0.13956857503048697,81.71032844384698,0.19907383125258915,30.08505419884893,0.16868875345248271,32.92335760862313,0.056117943544885855,75.90809250835576,0.19247688949310937,-37.388450513129925,0.16619615203926158,-33.55463868525658,0.00540485381255144,-78.61710237731123,0.21276781045594195,27.952571168462185,0.15902031558415994,-32.83952096647686,0.014744335931613797,-77.51347513741798
129,2.58,0.21803463387335928,-42.01687743518802,0.09210631583713969,32.062916882209585,0.13167413069194914,81.57418900780762,0.21097098163032083,30.08039184563423,0.18190026061175218,32.92335760862313,0.060595114186691466,75.84057296625257,0.20265824066921326,-37.388450513129925,0.21356012650106082,-33.539976080657844,0.0582837233548404,-78.61710237731123,0.23349497107368755,27.952571168462185,0.15196447847278885,-32.771039909747245,0.02453033212586288,-77.60110613267587
130,2.6,0.20296479397352996,-42.00214819916225,0.08532024780376875,32.06386805324662,0.12958359270863687,81.55877199485664,0.22427751877377577,30.08039184563423,0.18551212930085567,32.950736983547166,0.053087107308369345,75.85569218325425,0.1887107106455086,-37.41597112609925,0.22002224131903728,-33.52920997280211,0.052593093544876915,-78.94102246777214,0.23588880084044062,27.8917755799814,0.1442197918632385,-32.771039909747245,0.018502567732492217,-77.60110613267587
131,2.62,0.20141692909561376,-37.039831087592084,0.07989399670231405,37.02543417954345,0.1314418279076345,81.55877199485664,0.22433675791705998,30.08592912475133,0.18074263334134086,33.83738360149684,0.04109492202044071,75.85598946568759,0.18551504904880547,-37.41597112609925,0.2128998661673265,-32.81144645821741,0.05319084801487065,-78.94978791632624,0.23661645728387612,28.06141541606672,0.14642907029262545,-32.90292808776972,0.017438520383946148,-78.0442734376967
132,2.64,0.0734063268705145,-33.109653850786245,0.08113002134486505,41.2206311567627,0.006130429206087024,88.79385937684509,0.3516741313796393,29.626242024413433,0.3819022246541389,34.21357036978918,0.01498300118332103,75.85598946568759,0.12914738665711972,-37.41597112609925,0.09286423809455555,-32.81144645821741,0.026228411597743834,-78.94978791632624,0.2108530974459861,30.835516598771765,0.25090633912317584,-33.77006049144288,0.013433343571905043,-78.49293514195507
133,2.66,0.08535029046293985,-30.036471996446846,0.08087282295258894,46.00392727596391,0.0007946225538242022,89.69054317104522,0.20791302185856803,27.661025330419758,0.4062644133743765,34.21357036978918,0.08331579459259794,76.05839609400756,0.12932680392457008,-35.494536437433894,0.024313291134033386,-31.930839202696454,0.07579344866462837,-78.7018953815531,0.1206408172531279,31.34083719399237,0.32988734517937324,-34.45999823454128,0.0960802890851203,-79.33700898981775
134,2.68,0.07082832529251304,-28.76047627985609,0.0002169429583270071,50.16142178423895,0.001598087436816019,89.69054317104522,0.03274866681803188,25.121133649496674,0.347138630774252,34.93911102865602,0.05521718036254432,75.99861431970271,0.03531434605801817,-36.120816475063144,0.07401203151514742,-31.13510905250654,0.012147980376006697,-79.07330696869121,0.009750730745682243,32.89315460703443,0.34703413634473906,-34.56319351460524,0.13613041509921783,-79.7048606783344
135,2.7,0.07008540844254478,-28.351694065425786,0.019887678465740178,51.5344292223092,0.0013094482659550379,89.99448088123565,0.15708668515563198,23.781593678909942,0.3323833882714634,34.86846842197685,0.027386485620763967,75.94294866161758,0.02197927498963908,-36.62044094039459,0.10993460879905378,-30.14608709063243,0.007452736085871073,-79.14794650922529,0.13108820791918638,32.89315460703443,0.3395533587032142,-34.79487294393309,0.13110294996812105,-79.79857165072931
136,2.72,0.06008480831556811,-27.392914420337842,0.02960726018361303,51.226567446367305,0.0010524480903939444,87.23359790706509,0.1573482046604557,23.781593678909942,0.34228329158764664,34.73034843656307,0.00826559833054034,74.97920634693952,0.041104179593037915,-35.41617925242205,0.11138419338216261,-30.10472405118419,0.006222789347531349,-78.89516236915514,0.18139165081848882,35.44161972264932,0.3381320228833894,-34.95671815207792,0.12473735890214344,-79.79857165072931
137,2.74,0.05894091677986158,-20.225309107895292,0.07296883355832211,50.912723347012815,0.008334294943799569,87.0614938719982,0.13432473262839223,23.733617129059464,0.35937877006340563,34.83057161412874,0.043751595126003275,74.93617867035282,0.012451065416240355,-35.41617925242205,0.08776592899434646,-30.075170940586005,0.00563813510169299,-78.74353016932461,0.1265110796027882,37.225635701911195,0.3688627425579634,-35.180897526172366,0.03365141378546296,-79.72487101238015
138,2.76,0.07581205315370101,-19.814004875239686,0.05233020808180196,52.01896004477181,0.001769683623179425,85.77189311640011,0.02847702590667471,22.61368612974725,0.3802953410807402,34.525678135868105,0.07396363434401985,74.54471476268797,1.9429779438609212e-05,-35.41617925242205,0.11229564367535307,-29.958332714529835,0.006107637786207765,-78.72532032609952,0.1227736510385573,37.548018621554554,0.3650756428934968,-35.32892584939099,0.09403540322638743,-79.8756421113109
139,2.78,0.15095127100592418,-19.799803250277197,0.16614116076941512,52.34075934123328,0.2079993460168452,86.80666806192814,0.108763340587002,21.856633997945742,0.17966453037799515,33.47765459317108,0.016320645203713652,74.12226171565207,0.03136972035552956,-33.935016257752906,0.014935532539336773,-30.37870829067703,0.004393156161872312,-78.71539343967578,0.15352337086245418,38.03397896060391,0.36188629984324777,-34.970507830167115,0.04955541842016234,-79.42256892220138
140,2.8,0.0558850309932886,-19.55816159966377,0.0693310167949571,52.2483680657596,0.11992886517750188,86.85627859365553,0.10457257513010755,21.193153152304923,0.18635438284102485,33.27753614581766,0.0015731450897694566,74.11217443254029,0.04880614738754625,-33.97119847716376,0.04441638857717848,-30.408840817557188,0.005185908969498552,-78.71539343960508,0.14581870458064727,37.97148435026217,0.2833227487490515,-34.67413910792879,0.01155247000854441,-79.06002495854436
141,2.82,0.03803747008652638,-18.53274149253789,0.03730406218843263,46.79467885968474,0.09620631477254873,83.10203848875885,0.06403583315999571,21.363406484831835,0.22784503141786752,33.27753614581766,0.0384325898094702,73.40967039179834,0.028501608852884806,-33.97119847716376,0.06026828627270554,-30.899343635895228,0.0053386744935634625,-78.26745829789326,0.10296665193535495,38.6154780953494,0.3193374334860972,-34.88176724124342,0.0032058344884384076,-79.034613541872
142,2.84,0.12513444690964892,-14.223598041311295,0.021241094152336333,40.80154032030436,0.18605234003576557,76.50958608981533,0.1772538112233138,21.363406484831835,0.16370175087397426,33.27753614581766,0.05287145911097464,73.42386737153794,0.011998115512228708,-31.308604628880275,0.020897400182306018,-30.612810219938016,0.0035234178004218074,-77.99354426033739,0.03775205783674872,39.39978154004931,0.2749276460110255,-34.54478010516641,0.12595760457858984,-78.4352776975586
143,2.86,0.013528364598276046,-11.782712114515721,0.03532706637533507,39.003598758795384,0.11462921052895486,74.41198760069,0.04903775372425823,20.43329833007974,0.25158272580973573,33.21947446663277,0.09949490223510599,73.30809228440128,0.019670095090421166,-30.82707253086682,0.07249738776725531,-31.203891777085374,0.0024467443478828244,-79.18233792110827,0.0350112783046869,39.72380842520079,0.3435977020651655,-34.641512742427544,0.013711068037522055,-78.87029236957122
144,2.88,0.08678518414530302,-11.66687450539786,0.13399168586912136,32.91804769948691,0.014742258095583318,66.99847228580963,0.029246647386615657,20.18319608238856,0.19617755219242336,32.84712759394706,0.009611896628577442,72.39567081839978,0.041012199948746546,-30.90965390565984,0.18227905573032055,-32.085804299306055,0.22960109843741253,-79.70378889076814,0.03942471053734088,39.600918252952404,0.126913600581203,-33.526909972224864,0.015261453952560573,-78.9591947851378
145,2.9,0.1542671430026268,-11.66687450539786,0.12510331571925554,31.65588869168138,0.003308099748014368,66.73415685100834,0.07144905810153585,20.295278719567282,0.1217660072363474,32.57684891408435,0.07427528704010562,71.93600285808513,0.06458440573478064,-31.159225968747197,0.0972581731104152,-32.09331588086881,0.20568573532604034,-80.24765096787301,0.0693445571111293,39.15912868463142,0.08523290977110672,-32.48784014296992,0.014142114707675082,-78.98579893065867
146,2.92,0.13322813453512458,-11.916245738900122,0.15545601147995544,31.28425782565501,0.038009740391094116,65.78471467878859,0.08326036400362137,19.58886531136005,0.12710155159968844,31.90450661833855,0.05973259328662861,71.93600285808513,0.06141284479820237,-31.086760151015827,0.10581771758472744,-32.087159562288214,0.20412562405060403,-80.19824695429719,0.06120579383590535,39.39420703079857,0.10782513223379205,-32.30024338735786,0.02917308786566738,-78.98440109585502
147,2.94,0.13248941597052855,-11.911458049417877,0.13757798761886147,31.061521241061012,0.07800874225855917,65.7695716140809,0.13327282941905613,18.642497741156486,0.1123006597262062,31.720617672461977,0.006417242195063317,70.80029055677736,0.184111020065921,-30.182280754475528,0.1079214542900355,-32.10158643591624,0.21813754316804623,-79.78159739314627,0.06976575823911733,39.39420703079857,0.10310215189338671,-32.30024338735786,0.05169601218347717,-78.8142113759137
148,2.96,0.11694875044006073,-11.791605718993063,0.1698649155393823,31.10189145962042,0.07919238417277907,65.7794516797203,0.04645448869814387,17.81246342077765,0.10695396467328674,31.643112789847397,0.004585552241175313,70.7331072617058,0.15422610812955626,-29.723042202210895,0.10284815145458492,-32.122627339042,0.16629243287479595,-79.27452340863177,0.10922337809771913,40.304850145462254,0.1278684281630256,-32.32449580017031,0.02933925849242383,-78.84184617913033
149,2.98,0.101525731318702,-11.584586701646174,0.18642167967375156,31.23775061180452,0.07993576647669227,65.78583262423737,0.004178131941539902,17.479009433600446,0.105159711639661,31.643112789847397,0.004119412252763792,70.68466997643097,0.14132184578771753,-29.52736255724259,0.10394613175476551,-32.13318958913942,0.13955148945422177,-78.88327644546453,0.12782317431989557,40.80648026841184,0.14154050806333596,-32.448518643212864,0.019493792334002318,-78.84184617913033
150,3.0,0.09786396545239252,-11.5404174304529,0.18967277249945713,31.289222707453845,0.08080348121161737,65.79375922567762,0.012466008944725993,17.137375906379965,0.10249176870192987,31.5992627736443,0.00393847117927619,70.68466997643097,0.14143867386709927,-29.46424162814825,0.10878713465964528,-32.14770557835936,0.1370937953018477,-78.852896387879,0.1286815250410771,40.91153767621374,0.14933744772393753,-32.538331201183986,0.014610248730806293,-78.95249704212198
151,3.02,0.10190941144941044,-12.15875858475738,0.18653591072581946,31.953764370460686,0.07029357957691709,66.53090579042973,0.016343520935954738,16.963668208337324,0.106609342727638,30.531346891205246,0.0016274499321648887,69.82104264841563,0.1577443383336,-29.546939672793155,0.10558729981219493,-32.31543182774922,0.15573484808850513,-78.852896387879,0.11036515903136973,37.836822701993896,0.13499876218088108,-37.81850479553141,0.029380245547341567,-80.75018188574118
152,3.04,0.03722004453640322,-12.377957302232229,0.3130670916962066,32.35171829446849,0.030915341877709588,66.71526673651236,0.0024814532747811984,15.45509629719058,0.011699548680297244,30.37664024985701,0.04507014814722203,69.2441097870564,0.3681089830862923,-29.378049343647813,0.283174785805171,-33.054838925541276,0.24986478844016374,-78.94875414037634,0.06770254419325725,31.224050830547903,0.10051851321759064,-44.111300260683,0.007567372065210567,-87.59803928335275
153,3.06,0.04035749578817847,-12.847913422214946,0.35265949769893906,33.3179649338208,0.1628101277819775,66.71526673651236,0.00017660221287908032,15.050358350683737,0.05300576718630813,30.37664024985701,0.035458322833303864,68.77642849240499,0.18069848816282758,-27.154058104287063,0.3153351137620571,-34.02790707781696,0.28461313621962603,-79.07868224972866,0.1047739083935923,29.143677891626787,0.10044215095425757,-44.111300260683,0.0042096649952500925,-89.06750444881453
154,3.08,0.0914999161485919,-13.34927744531519,0.30818070339902387,33.3179649338208,0.18089457032409476,69.08987605601143,0.01782613512003245,14.702978285824852,0.0666471067878074,29.394695625084964,0.009838352937745104,68.71768536022137,0.020317825052769967,-25.19101831655184,0.25499623112684855,-33.96275302720216,0.23587267110545695,-78.61916974636847,0.08340785964732923,28.430526633492985,0.015689643887767377,-50.93985842426025,0.001503837479954803,-89.06750444881453
155,3.1,0.12163027710020288,-13.612533479002153,0.2759146052582375,33.005707299276494,0.18454476338210365,69.28092931177551,0.006874680053975382,14.664691280943208,0.09038585032991132,29.108912211723208,0.009908940585532138,68.72917979435333,0.10166163990255543,-24.41358417949363,0.24524038210336752,-33.89742353527082,0.19068359343299043,-78.61916974636847,0.07030997421669971,28.216799810778,0.03480148375616743,-50.93985842426025,0.0033237883960117055,-89.89644802993705
156,3.12,0.13320089076267885,-13.612533479002153,0.2715556979688702,33.23332983099014,0.1930348700206661,69.58021042451614,0.006748461865151482,13.530711873938458,0.09300726922089737,28.892813617018117,0.009488823501985528,67.75299526897558,0.07781004634092135,-24.767972878941194,0.2656978706580436,-33.65606562919454,0.16278881843544,-77.54600337604373,0.05620684001067863,24.935284393257454,0.049455720913794354,-50.98947143639102,0.004024563505937767,-87.07544651986473
157,3.14,0.09768627165567625,-15.22387920207852,0.3157383240068565,33.23332983099014,0.07847073071025151,69.88439741160109,0.009389249499923483,12.768715533638204,0.03660825156097209,28.892813617018117,0.03337879217793076,67.18319927849669,0.21522343489753062,-24.140984142529586,0.2839138852734968,-33.903480534237595,0.21215491324769922,-77.54600337604373,0.03561445492323805,20.619743846424242,0.07826229384475185,-50.68352611295434,0.006682243792376536,-85.96701287893137
158,3.16,0.08370161160086968,-15.22387920207852,0.3208339805208593,33.6049422854535,0.1661480353986768,71.14252487497127,0.004023405557134795,12.62749010668955,0.08616313284823057,28.892813617018117,0.003218534312770671,66.9350214286061,0.05737209916148962,-23.257887107616433,0.29704309231520265,-33.97890644307147,0.20606378363061892,-76.95826773073897,0.08061062563992316,19.080098438931746,0.07740225411864099,-50.55757741597798,0.0020181899024599836,-85.50593489787333
159,3.18,0.0955758412907841,-15.709080012420538,0.29840663293204117,33.572745599305726,0.2095723911521921,71.14252487497127,0.007270022356556751,12.466081119293955,0.09855084081438291,28.604667949107792,0.00792107601112456,66.80466558982573,0.02270914517388037,-23.257887107616433,0.3050265109395345,-34.201625278478886,0.17589473363940034,-76.84437669305487,0.0702436834714491,18.456234271730757,0.07214200153121844,-50.551261271477784,0.004957123997959581,-85.0536116476515
160,3.2,0.11068100235784675,-15.769689642091345,0.2801261437626462,33.42034446286238,0.21600508342870375,71.76264873704079,0.0015107262519172045,12.443514918013761,0.09632443677714012,28.56069746926714,0.008385740751100034,66.80466558982573,0.027185907786062433,-22.23517176846952,0.3012208432362108,-34.20947187524213,0.15212171960145376,-76.45747264738799,0.05144800874795953,18.436731200218258,0.06628548085831952,-50.551261271473415,0.005074380070705589,-85.0536116476515
161,3.22,0.11718542761724092,-17.071134923992236,0.2719514084471503,33.631378396065394,0.20561444733640277,71.83983266208209,0.011047309562374664,12.336192226489462,0.0890376727631398,28.434028208283095,0.0069185529628683,65.32028339947571,0.0184693697296927,-22.48957960774607,0.3010130680196582,-33.7058897468622,0.14060196286791354,-75.75180992732373,0.025414121412903223,18.436731200218258,0.06631782072398958,-46.21078957873063,0.005417370851877925,-83.45109325146781
162,3.24,0.10096121391218787,-17.605133740825742,0.30120575139427247,33.81430923881838,0.06019757344045666,72.13144079752155,0.016534402427367395,10.57432629918326,0.06057806010090498,28.395017652668997,0.0042298776587692535,64.82011057145705,0.222137406018215,-22.460317354604513,0.25624282400982606,-33.68440388996928,0.19956906038068886,-75.63958396908023,0.00011125570659043509,12.223952578217713,0.07340482319213228,-42.614906454902844,0.0021477886192791357,-76.2593269945818
163,3.26,0.10098349309199856,-17.605133740825742,0.24316429316743862,33.70093960055667,0.09066326074095916,72.13144079752155,0.004250544832721284,10.403046463416318,0.08978261004669841,28.426060148084563,0.006967906434095844,64.69441163915727,0.05814589577041772,-20.325015894774147,0.2658953521021712,-33.46854127786538,0.21162062396375328,-75.15913164361972,0.06300008386583386,11.676860296333391,0.07027226627070095,-34.973138180578985,0.007612216412332919,-76.2593269945818
164,3.28,0.1351805285543589,-18.30124521011686,0.12946627295635602,33.000728605734515,0.01987062023859691,71.88524772404571,0.0006312765108965733,10.403046463416318,0.15562911712230124,29.897883523455352,0.0660701433239797,65.00858774847417,0.05500545711070563,-19.611259784675596,0.07099668239624579,-31.974782190518276,0.0918470443022919,-74.81350909190272,0.06407143458139183,11.676860296333391,0.11728090454446696,-33.17527896658854,0.07910990150063309,-66.80051192273199
165,3.3,0.07429013017599044,-18.092008537505965,0.10039136598429503,33.000728605734515,0.031285128596667995,71.68712195671272,0.020281452963164012,10.37802281492337,0.10669546731682418,30.231064077495333,0.07801241452743203,65.2706025934929,0.028975604069497278,-19.57579885430765,0.058288345259838246,-31.618049615107026,0.05851782256327642,-74.81350909190272,0.09251514205902461,11.676860296333391,0.12385390830756278,-31.9044231487442,0.026576106588746554,-66.80051192273199
166,3.32,0.05319759056542682,-18.372107941063618,0.1155791455866593,32.181821221378314,0.03971383123478036,72.18396570995871,0.022431589954475833,10.212713482379485,0.11435851114813607,30.478806351155264,0.0968762894452487,65.2706025934929,0.02889289863673414,-19.195742736299735,0.07426877805294337,-31.415518706815398,0.06069691932048979,-73.13731657028335,0.08989601429247812,11.41374675826189,0.14977043477754504,-31.164147971460004,0.04018627299723515,-66.80051192273199
167,3.34,0.05477708334326957,-18.719019536656006,0.15757827077271203,32.34843264572194,0.01754764449735881,72.4022264345405,0.05290781693284475,9.761743055936634,0.15191174722493267,30.712725854054785,0.07832891769217157,65.36543421068656,0.09282281508777239,-19.195742736299735,0.06737017922894639,-31.215977865075224,0.09881286241629832,-72.87075417555639,0.10664175117158059,11.47783498135308,0.1344864963936794,-30.856567709274103,0.059445605484810586,-65.2170935503523
168,3.36,0.030552615492174633,-18.719019536656006,0.16795492185177827,32.39176919754651,0.010919756706580021,72.73693379349288,0.07600440947858172,9.495573297036687,0.14819283680580425,30.74136787654272,0.052110707094220124,65.1659298534137,0.07717352394192897,-18.22035471605801,0.0804502546087283,-31.22092919112303,0.09999951357934093,-72.87075417555639,0.11426714658201793,11.47783498135308,0.14332441103347532,-30.827835480434125,0.05528153517660991,-65.1732188008461
169,3.38,0.014577138784858808,-19.19145106912076,0.17275194592218712,32.39176919754651,0.022766526185607844,72.95596490917526,0.08391304801477703,9.405811071224175,0.14703515603224027,30.755995842372286,0.030893551102238927,64.94997115031151,0.0459517870925687,-17.916395717053813,0.08325182624644635,-31.250021113402152,0.09814673207453717,-72.87075417555639,0.10656517698122148,11.50956317062024,0.1542477537981195,-30.82783548044028,0.04861774048637213,-65.09006041170281
170,3.4,0.010604170213382759,-19.25358926560204,0.17389332309279518,32.51454699608862,0.023336611186823678,72.98094052399347,0.08287032702991133,9.373888661606781,0.14784334038228739,30.772520772327788,0.0232673235212913,64.79501913986509,0.035350291773982044,-17.756592718506436,0.084551834235183,-31.253645670971796,0.10138506055517872,-72.43528911135225,0.10005572150004188,11.503592552166806,0.15453931689312744,-30.83122769030172,0.04980199151777298,-65.06808489869364
171,3.42,0.014801852227172849,-19.40659578236942,0.1737752777251326,32.51454699608862,0.019389182972239107,73.69917357409685,0.07929524314510233,12.339362200150928,0.14859291940705546,30.772520772327788,0.027469165789294137,69.55013531252476,0.04176283258740199,-17.358722472113165,0.07817581710609024,-31.253645670972706,0.11315226807574623,-72.44521039342378,0.09912743940820463,11.806178556680075,0.1543635142958346,-30.152190576421226,0.05259546516606489,-65.99281148066343
172,3.44,0.14205205068565835,-19.40659578236942,0.3413872025455576,33.94519193668634,0.025102624347431816,74.5241325711868,0.016505453423866098,16.75511624136727,0.08497873898031955,42.0168525584098,0.004696520048441614,74.04498922148898,0.07944090044945631,-16.250845781104836,0.2422275077095918,-32.525402451879195,0.28274435407307447,-72.54490143083014,0.011900344984089622,12.343770869514335,0.09968464405289308,-29.617679854887495,0.014475067146389926,-66.22968142785855
173,3.46,0.1009782649209015,-22.52657862392539,0.36194504887467965,34.75279510799413,0.08802757751123404,75.47613566109138,0.08188425285393053,18.309088569186322,0.08950981994491283,45.20672805087523,0.005592290022044557,74.04498922148898,0.0996822432391771,-16.10579877948816,0.3637921690646944,-32.525402451879195,0.22013096848482017,-72.54490143083014,0.0008269464706949601,12.420041523073866,0.07624202843061961,-29.617679854887495,0.0058216673530862234,-66.22968142785855
174,3.48,0.21547603049362096,-23.91459627155379,0.3357882777354325,34.639037672228696,0.15439106745365105,76.08602830412197,0.08601274105932036,18.309088569186322,0.03933624313057907,45.20672805087523,0.010814299766254686,82.98756599911951,0.11214548469216624,-16.04969498943519,0.3704940150827287,-33.64052186407856,0.09782944804042831,-71.22569915778502,0.029106291337007727,12.420041523073866,0.057797246258835304,-28.90856677123761,0.001789666693658777,-66.51665270586372
175,3.5,0.21059307072043473,-23.96327758500106,0.3056017860517208,34.639037672228696,0.20775640768906434,76.66234748726983,0.07050580138660636,18.309088569186322,0.06808756892927059,49.88051076510432,0.00818212075293854,84.08917136158507,0.09796393630184874,-15.944660055637616,0.38520620069810285,-34.0857126591459,0.030734767236139708,-71.22569915778502,0.0248198765107595,12.64718982704807,0.06362874972499298,-28.957618081808956,0.0028064425501058785,-66.52857365025598
176,3.52,0.1474086139021132,-23.869184172234146,0.30224302048326734,34.56497697695229,0.25551484238542055,77.64482597103847,0.033480397513491286,18.309088569186322,0.06531872195905554,51.08186050285042,0.008480498944059429,87.22884399130832,0.07961286210285826,-15.17386889981438,0.3582583093088088,-33.9158412840192,0.000250679688019123,-71.22569915778502,0.07620391217721081,14.056894127430942,0.04584103444414176,-29.268619392163437,0.02671393551659188,-67.7305755780535
177,3.54,0.09324991351964546,-24.39821534675968,0.27401099880095225,34.56497697695229,0.17720577035901217,77.74597732654324,0.03531476631606483,18.309088569186322,0.056504633592962726,51.44820760841387,0.011222570857364162,88.57937760792298,0.1133827823548261,-15.17386889981438,0.31882627595803065,-33.637602942862976,0.12513860118706585,-68.77450423180707,0.020813891827094453,14.390227021363277,0.0891498004833937,-29.14546280483185,0.015479339330782906,-68.34106375957127
178,3.56,0.0851313203011775,-24.844033563497565,0.26310522158334554,34.16887225020534,0.1839826520325599,77.98689694668028,0.07802159017780091,28.239761406519623,0.06301807419768682,51.7769297271924,0.006130558476147832,89.17040869598884,0.1051452636697575,-13.798113796587298,0.3199848565418322,-33.52921419220506,0.04053754949785929,-68.02405097251606,0.01337575956946656,14.390227021363277,0.050438219191925315,-29.293106680185577,0.026733941332638095,-68.74619112220671
179,3.58,0.17662180276277947,-25.96822587903857,0.2684472008804883,34.10370466136264,0.19815285099491134,78.03242000389618,0.06872517048268058,28.808600186712606,0.06535521610555699,51.85304126255577,0.004954149470729545,89.85737266900196,0.06633165139573552,-13.731119118906047,0.33628687646028,-33.527925568020564,0.007030033771066833,-67.45216981487708,0.026137670994487917,14.390227021363277,0.029398289120949644,-29.463589451129174,0.04841397635268366,-69.01574082915197
180,3.6,0.18341630983542226,-26.583700587452086,0.28081600763615866,34.10407910656417,0.20560028386839851,78.22892135914715,0.05200488783330491,28.86860290379387,0.0793003758952715,51.85304126255577,0.00660273134465314,89.94125401371474,0.03204681062368823,-13.193174836656747,0.3426372360151372,-33.527925568020564,0.008004362661619763,-67.37915057112079,0.014451721762951389,14.841353990083164,0.03564086367905707,-29.586974826844486,0.0061301021758863065,-69.04418172485707
181,3.62,0.13690596907105607,-26.01065258072624,0.2978480746510437,33.942219025701355,0.20054928647759926,78.480341800567,0.023847925273379127,30.51406989151473,0.06673653247644294,51.0968106297352,0.006150968885487595,85.15996791929484,0.01887913937098975,-11.90948647578281,0.320533782022928,-33.07824202127479,0.03459286018324485,-66.85670863322756,0.020961698888679537,15.594489337695249,0.01643913451571763,-30.0419167604886,0.03904218770908587,-69.49447055731987
182,3.64,0.15643490335212104,-25.9642019749548,0.2512955662283446,33.963438674110975,0.11025157546861994,78.44303434425346,0.0055938256015844,37.49094767122321,0.039272762996949866,40.60881818584568,0.013046483935129548,81.36091481450265,0.05975595659434884,-11.35639212999186,0.26894701941509785,-32.60293033421796,0.09989214259156573,-66.29421099716353,0.027589863865409313,15.594489337695249,0.0015507741638613101,-30.055411616583562,0.030007170012346204,-70.24551081053285
183,3.66,0.062320769665919276,-27.88752522603883,0.2722993495166031,33.96429805492596,0.1094907366891022,78.44303434425346,0.07652595706869172,38.33795743522009,0.060900594427640856,36.669781923944264,0.004085218532701524,81.36091481450265,0.0412468675315425,-11.123418029303036,0.281847708634186,-32.60293033421796,0.05416410482621176,-66.03427533826951,0.017700415299372076,16.737092375275722,0.021099556180246365,-30.053036217447758,0.05166008512771274,-70.63300841292376
184,3.68,0.045909848592229754,-27.88752522603883,0.15438040407991382,33.96429805492596,0.10412581938170544,78.28565911818251,0.14250886275860322,38.33795743522009,0.19976395865311394,34.19866524893182,0.03702411728679312,79.17537685144347,0.059515478240945045,-11.027165949951401,0.24048973601187798,-31.8094760975297,0.035218622385809965,-64.8635598825219,0.033159189842312926,16.737092375275722,0.17975944970170302,-31.35596371160165,0.11460488033420109,-71.36126155490602
185,3.7,0.02565536089920823,-27.59395877150469,0.12022847128747097,33.96429805492596,0.1025823082765579,78.24983625489948,0.0794075572434127,38.48782763604254,0.1366269876927539,33.48034975110847,0.08095028882016624,79.17537685144347,0.05115836471838306,-11.05040580576252,0.1842833360642244,-31.637759345442554,0.061959799383090444,-64.27981922367611,0.05326964284920818,17.365924035013236,0.15265769272005253,-31.508842349692262,0.0481274436959279,-71.2578630958792
186,3.72,0.04192763396433995,-27.86425006555318,0.1236093930319837,32.66418946325232,0.09938717386254259,78.57322305156711,0.06255098544021058,38.38082119058451,0.16514219036513159,33.2730990297707,0.05967228135045326,78.65101413069814,0.07617818487449429,-11.05040580576252,0.20028718317629352,-31.758440670178345,0.04268700927069372,-64.25554951815167,0.029157740060088436,17.75905456796834,0.1350334378345697,-31.918432130354947,0.028570967508003076,-71.55657484334043
187,3.74,0.18319443737644073,-27.9318993745611,0.12504328143716392,32.547192423581514,0.0804598915126503,78.71869998199821,0.1567872190127036,37.80269030296339,0.19664387154945992,33.27237471565959,0.05068371244990727,78.62531891293425,0.009572882455204632,-10.65397661280452,0.2489889685780199,-31.82700472651113,0.06251198318076076,-63.99291341380145,0.09615427296115296,18.07720462859661,0.15529701854447314,-32.13156969716476,0.013585677091464377,-72.05663584203774
188,3.76,0.14781992412588615,-28.531613099095768,0.13833537310451194,32.55905194428258,0.08955426885520917,78.71869998199821,0.19129671173144125,37.55453459018096,0.18798111781083515,33.27292593596181,0.06282525401868008,78.49038044916325,0.02369168899603533,-10.260887422125828,0.24223926871898094,-31.821430818181515,0.07901376046470988,-63.919427502392296,0.06119920224763282,18.07720462859661,0.16321914634800708,-32.264106567121985,0.010876456269388988,-72.28522655588031
189,3.78,0.1478488680025114,-28.611786945775496,0.14397632296412924,32.579113465692785,0.08594567752150274,78.78560793238172,0.1899112652498981,37.46683781776937,0.18928233552813226,33.27292593596181,0.06734828047040477,78.44718126666895,0.032704973257974224,-10.144982690599495,0.23687759233753836,-31.821430818186933,0.08030498895235949,-63.919427502392296,0.05329310594159471,18.737140841458054,0.16922519482423637,-32.34552175201942,0.01640658609818622,-72.34306987147262
190,3.8,0.15383747331463496,-28.669704841291793,0.14109015619780643,32.579113465692785,0.06953636697699399,78.7269719922188,0.18307137762643771,37.46413801936832,0.1914818958489999,33.274925136938045,0.06622870562080396,78.4428583071091,0.024590111456493438,-10.132897445794782,0.22934291444050195,-31.81553196518225,0.06517703854621304,-63.782959153086736,0.06394972939252513,18.75538565501812,0.16346498485513833,-32.35637490745087,0.010880904330882736,-72.34306987147262
191,3.82,0.16557693885349326,-29.03578673008515,0.14008219825271762,32.579113465692785,0.06883999696037482,78.88776499376459,0.17119012814662146,36.32580669715198,0.1895719238116957,33.370059375866816,0.05758427435520496,78.4428583071091,0.012214020349512723,-11.330419925988021,0.23483556281589005,-35.8994125129496,0.0652196474429941,-65.28132366321562,0.07567939621047529,18.813217148107874,0.16156482926498353,-33.4592005598192,0.0008789555624394025,-73.04418077933514
192,3.84,0.013340463256815378,-31.754970463831878,0.1013099388050245,30.51912296843637,0.011060451414854858,78.81023612650742,0.09208553030285205,36.08439083459304,0.3123379564075244,34.57722043588479,0.15231187243099434,80.02128671175954,0.01790204085744018,-15.993530227281374,0.06984810677115497,-42.1922079782836,0.006943488754054987,-71.87377606705878,0.17423933321607943,20.55797428789132,0.3580189713424997,-34.49468119783724,0.0049243309017777915,-73.6252197663505
193,3.86,0.012126624988686802,-33.14948128683921,0.09523647716817887,30.322201581368848,0.0018329556584777426,78.71316555466066,0.022763449794728444,36.71680185631836,0.3955358524896481,35.19527766118904,0.11296597909184818,79.9541284224206,0.07248266086195512,-18.638439644276062,0.08723005569619384,-46.11036017270076,0.0070222808152433985,-77.86691460885628,0.09462848502367649,20.55797428789132,0.4358829110652881,-34.49468119783724,0.004692097905233238,-73.6686796620149
194,3.88,0.046596758538625264,-33.45048037148746,0.0730957533195903,30.23629867294716,0.002260249480868894,78.64940633511347,0.08684331401200533,37.180778787823655,0.42898924645948555,35.59205409096375,0.046676175943189555,79.75176715760409,0.0936675082639683,-18.638439644276062,0.03469320230094149,-49.312268461932106,0.013635805374454017,-81.59602461256806,0.1959587338739585,23.481298711673432,0.43077669521521506,-35.451086774111936,0.01191777669654107,-73.69065846524872
195,3.9,0.04626736295545243,-33.780384008224644,0.08104519901671617,30.23629867294716,0.0011585658231538143,78.64940633511347,0.10174341050999465,37.180778787823655,0.435805240135992,35.771020222428874,0.017763442292827156,79.34086937071002,0.0717031509649031,-19.313601804901808,0.06329367761796685,-50.03061649930353,0.009140951356334501,-84.16995137932412,0.18272466968900467,23.722868770922993,0.4229900484024182,-35.420941863447084,0.007760017580160439,-73.95520883241095
196,3.92,0.028329930640498352,-35.491361128454635,0.09121360633981287,29.954383077596308,0.0017338488423323751,78.64940633511347,0.09030484289468453,36.771128960392055,0.42326672461387177,35.855241957367205,0.009020941615653894,79.41134654764441,0.03611524946299637,-23.425138372697667,0.0611812784621532,-50.14189145553527,0.006833993663266644,-85.87156292001629,0.10086070125746371,23.69106690585416,0.42287488198713846,-35.52018206513984,0.038778028736113974,-74.64351020704508
197,3.94,0.059824548678674136,-35.91811780082088,0.1120678390523008,29.876150538399894,0.011622615248337116,79.13090140505642,0.13381304322175644,35.61466668407798,0.3872859134595869,35.855241957367205,0.11405180536642602,79.41134654764441,0.022918487856883645,-25.13296192661553,0.04142641945059142,-52.050451677979964,0.011129008538734388,-89.12018342077354,0.1955922366038307,23.69106690585416,0.37960764917759654,-35.28899424599618,0.001250884566807964,-75.04787158975964
198,3.96,0.03009485779986496,-35.91811780082088,0.029483734590439566,30.321678275439428,0.002015889199777648,79.1309014050907,0.09947845503646639,34.75122001025319,0.36221844269484565,35.855241957367205,0.01717380897146531,78.93395661359285,0.10331708692025618,-26.649328938823032,0.13872613288107633,-52.7238566716634,0.05996868503538058,-89.99448088127792,0.02612435020053262,23.72439369337225,0.34542591646774956,-34.72597291832975,0.004497136087870315,-75.04787158975964
199,3.98,0.031419674411036005,-36.687999052761775,0.045319091097070156,30.338526719766623,0.0026044358539268485,79.14163750908308,0.04871888184491864,34.24725106687057,0.32189938935476137,35.008922573697404,0.008116658550773186,78.38247492694364,0.08221879873359088,-27.16424924676469,0.01822999886163445,-52.82864333301011,0.05704600635897557,-89.99448088126142,0.10764954016963182,23.649255026308754,0.27836528444534087,-34.48045073245065,0.01299396266986613,-75.37885377056573
200,4.0,0.002069318212765078,-36.61174509803176,0.062046969752188895,30.328379690833142,0.00485282509453179,79.15603111835054,0.02546813894408281,33.99801318602126,0.33311638639388647,34.98827042114461,0.0001718438561444322,78.33873687807382,0.0740156275730619,-27.58272278166565,0.0038856785536730233,-52.755527848297255,0.04446719424730764,-89.99448088126142,0.12538285004380093,23.545734827472184,0.28439503274749767,-34.33656503669961,0.03388693631005883,-75.37885377056573
201,4.02,0.0062355621382179215,-37.63369082855557,0.07112647032509808,30.61652882819111,0.004446689296292772,79.15603111835054,0.03245825572372348,32.911242208275446,0.36074660606735665,34.5318744021672,0.01686491923073669,78.12935712295604,0.0699382078060708,-28.252819792919798,0.015181842055086683,-49.233384048581605,0.02489927028025357,-89.99448088126142,0.10606667227321338,23.068150816135724,0.3138925227946683,-33.68499062151673,0.043211893437042806,-76.24433411422417
202,4.04,0.06454368753712043,-37.63369082855557,0.04987715805798183,30.602366882249225,0.011444198951145677,79.55007321328911,0.13758734431430888,32.615803720434656,0.21322103011657662,33.92064892045849,0.10793799009915314,78.38632732854121,0.13572581519572866,-35.52830981911675,0.09929233556782076,-44.73853014413262,0.04707150732693796,-83.65795032814479,0.38609282508627696,23.068150816135724,0.1428038120639854,-32.774472283669155,0.0934080772087883,-76.68634138093174
203,4.06,0.0254757553149712,-39.60293428982617,0.033091147826901986,30.562496001970956,0.0036998461527109577,79.56166563315261,0.19837317906317772,32.720259870983696,0.21853427695995478,33.84747430876288,0.051826474570393424,78.31474212470522,0.10355405597704653,-36.76325086894133,0.2036564166507918,-40.24367624073241,0.14968856513792556,-80.30492094275151,0.22673889304156533,24.36375952228993,0.0999679812109584,-32.60953405498511,0.09222356492868833,-77.3712024143636
204,4.08,0.017282145326701966,-39.83755503876215,0.07525902273178064,31.772640682540338,0.005984908779194694,81.2305700467046,0.18508180002065133,32.394041938659285,0.22394111854941914,33.75245359149393,0.049720265263921634,78.31474212470522,0.12626565235265028,-37.42457626434251,0.006694760556580217,-35.37184752270018,0.049999432708395346,-80.30492094275151,0.19983762701137486,25.846070904350245,0.1854804784244488,-33.03124783192821,0.10839797751391048,-77.46860591502423
205,4.1,0.14986019591750277,-40.88527120890335,0.09059815675365519,31.84359994359172,0.229456942868824,81.93453570678079,0.046223446862891246,31.768062487145222,0.11540053451275507,33.75245359149393,0.015634419835050806,77.38401677721144,0.08825089955163669,-38.2082218045644,0.1489179197941555,-33.40064005101909,0.18304630627155677,-78.51075022758602,0.002166471722188707,25.846070904350245,0.1749836746295105,-32.90448317106858,0.04378008152138675,-77.13086973305907
206,4.12,0.15896457104720663,-41.439360868533754,0.0814721917617892,31.749552576785597,0.2172895706809525,82.0929484449369,0.044146180487744095,30.876121997904985,0.13044122621397178,32.509347440168675,0.022233365212030915,76.82099948646916,0.06307556605198185,-38.12436819451088,0.1252836062838595,-33.40064005101909,0.01055437727491034,-78.58402761453263,0.024839485709480434,27.118137142418824,0.1523005190792144,-32.90448317106858,0.03865309973290665,-77.30205137608223
207,4.14,0.22602781099221533,-41.924696223978756,0.06585205046110028,31.75705550525967,0.18005012590870798,82.0929484449369,0.199941591919373,30.275628787948005,0.14558080124409914,32.535685964862516,0.003276826896686124,76.6569348590744,0.18438043078163976,-37.70299155222219,0.19460568843963724,-33.40064005101909,0.05916117836836697,-78.72396360759102,0.1477691502197333,28.207339321937898,0.15561396802661373,-32.791927936399915,0.029156341724270243,-77.30205137608223
208,4.16,0.23524787263128535,-42.06526488536361,0.07720636841565896,31.860751800619195,0.15504249184794133,81.72848084913335,0.2061941975030622,30.132450085059762,0.15119818359506715,32.56674184131326,0.015198675912538397,76.393858759306,0.19023260688248683,-37.65086953779867,0.1775528999228062,-33.169502635110184,0.04543473132508868,-78.96075316703605,0.169952108239583,28.424317803515166,0.1470065830877955,-32.71691890642987,0.05135162686451578,-77.7033514308298
209,4.18,0.224874899093121,-42.07595048800601,0.07737081872891897,31.869167868120815,0.13881044473782847,81.5679424182818,0.22898629814921195,30.146819628571425,0.15997678658366427,32.638427353555855,0.01931511405215582,76.26020887829226,0.16677280912354453,-37.656110115935846,0.18526737982909652,-33.169502635110184,0.028014168447724475,-79.11781837024179,0.19780964897619263,28.331329381984673,0.1360837237943016,-32.71691890642987,0.053673477122009275,-77.86098020696633
210,4.2,0.21112526481284105,-42.06792225694011,0.07625734395364316,31.86855797821689,0.13318344850103508,81.5679424182818,0.23234554322063294,30.16712525640768,0.1638088795004233,32.71144796288507,0.017239291291125492,76.24282127636026,0.1603725223410376,-37.656110115935846,0.19168563093399496,-33.178443288692335,0.02241581741569756,-79.1619335455009,0.2051413527932494,28.313710640544613,0.12953969191914522,-32.54782784999396,0.0502326430127689,-77.89542196271395
211,4.22,0.20882633263282083,-41.73616702516964,0.06975713842116973,36.530876447608804,0.13652749770701395,85.83121372995413,0.23383606225856085,30.14034356610366,0.16268835121685468,32.71144796288507,0.00908741027081392,75.8642217444645,0.15906652526098036,-36.682275251192756,0.18960196312567232,-32.42414244462927,0.02474060629817391,-79.13656079633289,0.20448119829107136,29.945911893627862,0.13014088147470484,-32.770881037222765,0.043480397633242115,-78.25345121644536
212,4.24,0.07224610562429924,-32.91191799554615,0.07875310598658683,36.530876447608804,0.00570575054444279,88.14963381617576,0.3369970460204158,28.793718657017514,0.35863028583854595,34.42248879470906,0.029155720507076478,75.93145755604267,0.11214314466966258,-36.05714244819961,0.06971765393816375,-32.28550957393183,0.004609275922793951,-79.16853490765486,0.18174618755534702,30.50661311606142,0.2398815583066449,-33.695341090371286,0.03392246768073374,-78.25345121644536
213,4.26,0.08721682603843328,-29.571736424539427,0.08126106380506626,48.64632687803852,0.00048802968437270105,89.43873325773951,0.2064889252337249,27.795373310037316,0.38472712907143247,34.83355626143242,0.11285325971749295,76.31144803403113,0.11640610343699273,-35.666092045134384,0.009550552742588076,-31.341295617545324,0.07092219719523453,-78.83794678911165,0.09200489274512053,32.1345967749006,0.3205079240947223,-34.385783159130064,0.1129296381758092,-79.30007622696405
214,4.28,0.07353535690397608,-28.51422565341613,0.00016278046706738616,50.730237558581486,0.0009520940649834048,89.43873325773951,0.032257271594530026,25.66945200151086,0.33150837513423,34.736865399797615,0.09221501208986453,76.2222759931999,0.028479906854812047,-35.81272327830131,0.08407768056698126,-30.666391083622575,0.002324449156650322,-79.00820587450762,0.03161926284909333,33.55436802002921,0.34239889999653417,-34.51361012414894,0.15216398239243356,-79.68754569563747
215,4.3,0.07068575813604702,-28.51422565341613,0.018799703599005367,51.016865845230434,0.0010220146887706504,89.99448088122742,0.14946097527409208,23.91233128324516,0.3160101439128516,34.736865399797615,0.05422007734271721,75.98676727740947,0.021238706369643427,-36.60572505649592,0.11076987524682114,-30.221126989041935,0.00735897788387281,-79.06278062654654,0.14454448561158245,34.688435839584706,0.32960660570856515,-34.66926517654501,0.1481206467478287,-79.90367158534941
216,4.32,0.05909379205734861,-27.604222811032972,0.02982953923894384,51.49956699474963,0.0010709891653276325,88.6359687807247,0.14386051944697495,23.95679510762955,0.3227959902794542,34.48972876507791,0.03342529844768478,75.98676727740947,0.038807496370187586,-35.20347259602513,0.11018603843435933,-30.056847438246965,0.0060203246601525035,-78.72702225373968,0.18713110898509447,36.41014761715697,0.3237780419161108,-34.734835777343946,0.1425255616731471,-79.89493573313268
217,4.34,0.04838781161626087,-21.538280540814267,0.07401181025926522,50.835061659505335,0.008904831230355025,86.03326882333536,0.1545066824759399,23.502066440891127,0.33711954985550846,34.57852276568682,0.06964137339971,75.22020285141144,0.01623188369243119,-34.325236491018934,0.08744113423544435,-29.985480698321435,0.00538182861035935,-78.64740574191006,0.1345266866261734,37.06836284924556,0.3510422216932892,-34.969653905565984,0.04752668946121692,-79.89493573313268
218,4.36,0.07728349410830021,-19.840069211860325,0.05868219699546885,51.32493802364567,0.0013754968388292761,86.36490118827233,0.008938562180844807,22.604315783369945,0.34200411074027137,34.20675624381523,0.08434321974872752,74.75547298489394,0.003424786039147173,-34.09556916236337,0.10841049901301165,-30.096265068259004,0.0018068680948306467,-78.60353531494911,0.1300609167504756,37.681971614361764,0.35998460070484417,-35.104371382467185,0.11572734203771814,-79.89493573313268
219,4.38,0.1461445283510119,-19.855971947167326,0.17200102164485712,51.32493802364567,0.18037457413582994,86.36490118827233,0.0969488443683588,21.51925866062602,0.17276735628143502,33.251006658726126,0.015323571622864957,74.75547298489394,0.03054068460024125,-33.90306767395638,0.018343202233267335,-30.349348920593112,0.0015622478602174076,-78.601077223735,0.1618811804739327,37.983939124492245,0.33842333603523217,-34.758936613416964,0.06915557554748451,-79.95345202987546
220,4.4,0.05151699528063891,-19.501523975952978,0.0736369871319644,52.25309696682732,0.11138329434317769,86.61555814702041,0.09990601421966143,21.246036363263,0.1698885545381752,33.10850099521804,0.024363247037023143,74.42907219444996,0.04682337324167681,-33.939060722212275,0.044936930098236065,-30.376812498680913,0.00513533287749943,-78.60107722372375,0.16011505588282385,38.136917644112025,0.2699980706792451,-34.4426854703696,0.012796321479693042,-79.33810477596933
221,4.42,0.03318984730342295,-18.61253776456875,0.04136203867806901,47.70412882929255,0.09024520464999833,83.72572665040137,0.06235465004428553,21.343354661924753,0.2099167215273653,32.31041895074902,0.06251411782836533,73.80308408626713,0.027980077612558354,-32.351524884647155,0.06058467208809644,-30.8570160205007,0.005286915611040263,-78.02375995165836,0.12089020488659634,38.68050520355463,0.3045091071952654,-34.4426854703696,0.026635725519232576,-79.33810477596933
222,4.44,0.10648478858144543,-14.444219753311401,0.00956435034744075,40.81201950894552,0.31753807309099946,75.93464654242827,0.17008696738271917,21.19762204694902,0.15399096033191,32.53982878496121,0.07559807196364668,73.63447800990595,0.01338813502144659,-31.274057305771294,0.027660334697858148,-30.8570160205007,0.0052968244867263176,-77.89329304888088,0.06515604790864735,39.58718843410955,0.2530937654552858,-34.383804296265964,0.10262675318637228,-78.52445298025243
223,4.46,0.01242980233256401,-11.914310221214507,0.02812245767439893,40.21270565509411,0.11536504439964632,70.00997873175918,0.0466477488272424,20.278848638204906,0.22873886046076888,32.97336693907177,0.12296975740002958,73.65459799014297,0.015437796245543573,-30.94915428462393,0.0709470754714748,-30.997032084528183,0.005181462452725907,-78.48398035058021,0.05908493083040179,39.95375263376034,0.3291602806180324,-34.383804296265964,0.009668292987834642,-79.10405901430131
224,4.48,0.07649249177402212,-11.56726606809257,0.14112150820148595,34.5925803539753,0.013049548247558437,70.00997873175918,0.02963029805340437,20.16503316930205,0.19083591946231104,32.514331885849586,0.026698529822321165,72.64762479591109,0.038433632251103564,-30.84647200118235,0.18510380716104252,-31.771720239320082,0.22988847699048354,-79.7272172225367,0.010833870878826405,39.645710920559914,0.12963192415466115,-33.13287976690581,0.01252153608818615,-79.18180431723212
225,4.5,0.15522534894553244,-11.814013529202189,0.12528194199046913,31.522207503687948,0.005373191349901053,66.19624045206234,0.07690072677667864,20.31301393570185,0.10913582039927762,32.1394202878191,0.04201156602195084,72.64762479591109,0.06460406259426968,-31.142964047510922,0.08690368343049952,-31.99460711637711,0.20233141384121886,-79.9046735556625,0.043973626136429585,39.330925623416235,0.07514180225938229,-32.45505589524354,0.007674995712842253,-79.19982701949648
226,4.52,0.1275387717751984,-11.856064888137226,0.15167252273072007,31.101016292320708,0.024710083068400425,65.52635167829091,0.09310195530286754,19.59298858547287,0.12094805403146915,31.87419222005459,0.027689029424831643,71.55403446712342,0.05979506398287698,-31.142964047510922,0.10199880962226496,-31.979911455520046,0.1983700129494988,-79.84929724589941,0.03696237989238079,39.62230343903453,0.09992037853871037,-32.21692301654974,0.004313987099887966,-79.19982701949648
227,4.54,0.12990333515269145,-11.831353086349324,0.1387012190407418,31.003833784578315,0.0727934728836747,65.56376766243041,0.12266981522414261,19.08029485631737,0.10312872694416071,31.617124587049425,0.004706211082252398,71.04514388937115,0.1849959041810307,-30.1110581139493,0.09961103764919725,-32.012220864408604,0.21449657494393917,-79.84929724589941,0.09191154314945633,40.432803533495075,0.09653031872675985,-32.2089709720563,0.028201685247588548,-78.98815134891808
228,4.56,0.11833009681747665,-11.714773413385874,0.16611500739239665,31.003833784578315,0.07576410073441943,65.58008956823677,0.06053846579691103,18.285379173594194,0.09757826908455926,31.55519194939806,0.019021446574469903,70.91938438083324,0.15951381455764918,-29.752697071340748,0.09685436410142767,-32.035744396854255,0.1663019035070935,-79.33554872979852,0.12674092423215708,40.82254224766364,0.1208495729838363,-32.26834402798814,0.008127656115129162,-79.03584193334065
229,4.58,0.10271148750666662,-11.714773413385874,0.1815970706844319,31.16579528729054,0.07636429336197634,65.59394449897853,0.010198695068821019,17.435468249348727,0.09655547178493698,31.480009193689686,0.019734518755651746,70.91938438083324,0.1475251780423072,-29.595907644118068,0.09954988832854117,-32.043733067978884,0.14067832203874275,-78.76746512694224,0.14390436506634216,40.82254224766364,0.1331885918189482,-32.26834402798814,0.000887164951404909,-79.08329400522584
230,4.6,0.09814347697803917,-11.714773413385874,0.1866516511851965,31.206087203310137,0.0771062140446373,65.60545772833052,0.0004224831048507546,17.246347340510088,0.09588944050007943,31.462575246606725,0.020041501106378447,70.89332808747687,0.14579628592412525,-29.540038105325237,0.09988652800021781,-32.052402439923746,0.13527460167724617,-78.5565095732668,0.14648552302682533,41.12759927631716,0.13724595472435933,-32.42759121814286,0.0036470901629390134,-79.11213473519844
231,4.62,0.10430493519122798,-12.33225284814136,0.1690458230148561,31.37226016251199,0.06917802595641091,66.32428265646695,0.020604645547568735,17.246347340510088,0.08975270480532377,30.47637113857949,0.020838937857773816,70.71372701180789,0.14090317184526274,-29.62209182221187,0.060057177838578814,-32.665365826873966,0.059743577964530684,-78.39955730550857,0.13703732882842892,37.73389775315144,0.1455750501470694,-36.210601573871294,0.00620229065271449,-82.41406690335883
232,4.64,0.03815036703052836,-12.567791897785197,0.31454768733860494,32.778482796020846,0.035136400409948615,66.70547574868026,0.0021978241330726555,15.261880399070375,0.008939309348955836,30.245501112654775,0.052464015256360956,69.2609051336383,0.3702298323500212,-29.169941682266753,0.2868452782034391,-33.06822240375983,0.25253176508492886,-78.88679915196293,0.07886998565561311,33.182935849443616,0.10020850763472378,-42.80305396640515,0.006960174615307211,-86.56007450885001
233,4.66,0.041541894955605126,-12.567791897785197,0.3530714100376477,33.292932073457926,0.16324164414489653,68.51635769086216,0.0046179858317548644,14.86352850146752,0.054839484693091196,29.544005747042096,0.03296267109773619,68.73576529545853,0.18243107856564236,-29.169941682266753,0.3167857829214381,-33.90127537749062,0.28739466060222735,-78.95744912856334,0.10699677041359767,29.542401362374267,0.10148663741014076,-47.96721163627833,0.003941855760049503,-89.08885952578592
234,4.68,0.0939988808726809,-13.37770813562009,0.3086855856653425,33.18365881964602,0.17939749825094925,68.61220742485064,0.017150163221323404,14.697498919420791,0.06968368168878507,29.426656098263877,0.006326771023496886,68.70470093891566,0.02073299068672729,-25.60629896995618,0.25548834664672454,-33.855137179865,0.239268201874739,-78.82096955487788,0.08552044380645539,28.373398406352944,0.015242793492473426,-50.63020489403845,0.0012639040278743703,-89.46470748787883
235,4.7,0.12652889802761538,-13.37770813562009,0.274440375624169,33.00292058588328,0.18322914796494083,69.18003805900464,0.007983222055062276,14.644278645254353,0.09247392154197749,29.05832249647568,0.010275073347227937,68.7047009389257,0.10201870965994972,-25.60629896995618,0.23714284342661426,-33.80616666856159,0.197443420727506,-78.62214620693827,0.07064368816830542,28.101650293065667,0.03401217733196971,-51.55291652742046,0.0029969733670264904,-89.46470748787883
236,4.72,0.13454828011067638,-14.633135088069716,0.2688215788120029,33.251697494463436,0.18957057338262015,69.58641547854398,0.006433669149351479,14.084388723178233,0.09200302695570516,28.83046555781161,0.009418641266607687,67.871998542101,0.07858788169217787,-24.767562477929854,0.2596503033961962,-33.516002974687666,0.16676528416494904,-77.7222546914134,0.05596591113919051,28.101650293065667,0.04820413122679131,-50.90893657540459,0.003799862434475054,-89.56541452173339
237,4.74,0.10378964211511468,-15.188992799015312,0.3254717424841903,33.251697494463436,0.08616664029102357,69.70559849509172,0.019441490410411717,12.788139108111356,0.0711032483751903,28.83046555781161,0.0037389450872335507,67.06599396082794,0.21143851232487385,-24.18921223693131,0.2848489646322111,-33.8062907332677,0.21115572438717278,-77.7222546914134,0.0382455452051201,21.010923653578548,0.0911743940425082,-50.60054576933587,0.006763810946453496,-86.09037662887215
238,4.76,0.07215710719789115,-15.41594266661318,0.34829528209451777,33.661249108384375,0.17199442094792683,70.9703772953386,0.003994127419548569,12.521312694755304,0.07365053977185189,28.755543607351747,0.008172794643597601,67.06599396082794,0.04862406335933932,-23.007487519788597,0.2939876621664426,-34.08564671362236,0.19471601329578178,-76.97663145037932,0.07401738946881384,19.174442561414164,0.07440425591728939,-50.535352104630185,0.008113961910364634,-85.16614984330567
239,4.78,0.08840304190885638,-15.54419288988271,0.30308957737642744,33.661249108384375,0.2086548682162112,70.9703772953386,0.010811177711545739,12.401209326574335,0.09974687120442137,28.566416129441194,0.008055640013155332,66.72814915965701,0.025371697236350826,-22.357455504816855,0.31093999905789954,-34.20721756561013,0.1707054841725857,-76.54652840041432,0.07185248396653912,18.488190353655384,0.07324421816138318,-50.52672089603113,0.005160452474031842,-84.93049141739223
240,4.8,0.10666551600514033,-15.54419288988271,0.2820287558440305,33.44415564789568,0.2157979117255536,71.6383553790728,0.0022281617171602025,12.401155610985626,0.0958679141646635,28.54492646142005,0.008268802586941602,66.67856839187013,0.028807656523076004,-22.201899729750146,0.30758694797510044,-34.25040245368247,0.14279947631279405,-76.22934858288946,0.05285690682855069,18.364454315227626,0.06654475438753134,-50.526720896028365,0.005304179661091655,-84.89750053919165
241,4.82,0.11642902120281524,-16.6884713817339,0.2731515895567353,33.44415564789568,0.2054505910607618,71.82226721404993,0.010841254289474654,11.062031547149983,0.0886009892103533,28.401901755908664,0.006801808959427974,65.70694062603796,0.0164844944448787,-22.271234677074187,0.3075140759429177,-33.610674429173436,0.12997175038061473,-75.67561029884713,0.02614863404427643,15.71236216295322,0.06647456498806159,-46.18331481916718,0.005493525185707834,-80.347965804147
242,4.84,0.09802859457783962,-17.694475415037118,0.3004783449830977,33.44415564789568,0.05844879825888608,71.9234113554383,0.015234905667269136,10.696633824345543,0.05989295499504029,28.32779840646859,0.004281575302695176,64.88643991591094,0.22114257386864825,-22.144081025832755,0.25984825623670554,-33.70450996897371,0.19121602353812128,-75.42892844650876,0.0003516231292499068,13.569432437536712,0.07349840140544663,-40.78949013364156,0.001967400778845297,-80.347965804147
243,4.86,0.10730057115467696,-18.232215616812173,0.32624225935332185,33.84389842942582,0.1368103016076523,72.16496321986024,0.004413705541415648,10.696633824345543,0.0954242180280315,29.49114626897795,0.005700346502338585,64.8177750173142,0.05443011159154416,-20.604672485822853,0.28508639390528984,-33.70450996897371,0.20514051894664972,-74.93451684382444,0.05794738597490855,11.640860858234117,0.07344136358241704,-35.77363902784843,7.135331344303286e-05,-80.347965804147
244,4.88,0.13533368887465436,-18.20890134773995,0.1352488399087765,32.52687171372193,0.01800324870618669,71.58153910969817,0.001282851676522704,10.696633824345543,0.15652563640858036,29.81143761897992,0.06475787758429886,64.82533774216049,0.05882849398823441,-19.852346040859366,0.0767795280247909,-32.16985614809233,0.0890511861383579,-74.6016734973478,0.06185872986670142,11.430533335739502,0.12013988746126744,-33.41605979956191,0.07845502653500924,-66.60087806964003
245,4.9,0.07583825141375998,-18.024346892384745,0.10451143181633211,31.99157724949451,0.02855055366513803,71.52466896347826,0.02073555357341618,10.371280884862433,0.10705882709641533,30.191856886743306,0.07595355547717435,65.03611614818536,0.03292827692940174,-19.852346040859366,0.06331852185778693,-31.666198351884244,0.054491301104163295,-74.6016734973478,0.0928451927596668,11.37077999124919,0.12467761053529096,-31.741350950940678,0.026328914018170467,-66.51612198104534
246,4.92,0.05370302628456522,-18.251871639501992,0.11921159269221535,32.22936981815319,0.036593334508986074,72.04218273967949,0.021650663762636458,10.226118904837776,0.11404555731710662,30.48974720145457,0.09588833364567403,65.26475456638946,0.02467100708807251,-19.117133193660706,0.07803072632143108,-31.25720188884572,0.05638987421983111,-73.08201079897266,0.0884189878522549,11.363645912120582,0.15034131862364125,-30.952764289313887,0.03960111874428311,-65.33987719174642
247,4.94,0.05561677284973349,-18.727643675582428,0.15889444544484338,32.31868738356232,0.01978264309987922,72.33277647504816,0.05322498071240756,10.029144915576737,0.1509486759035636,30.698278127622363,0.07710917604081706,65.25803700272324,0.09319343764676959,-18.50361098062777,0.07008702164112773,-31.24812099502139,0.09739604593272538,-72.49749820749561,0.10400847950785871,11.405746773274263,0.1322189066295187,-30.803607158653254,0.058527263753796986,-65.13623148301768
248,4.96,0.03283619646420122,-18.952283062031327,0.17758260566526138,32.398023534051276,0.01193889075782095,72.62357147463432,0.07093801190649307,9.702061336930235,0.1543178178795321,30.748722523274303,0.05090081118889479,65.02388084499164,0.07236056058277572,-18.104833667585336,0.07229972547612215,-31.25137303039632,0.09569071580725023,-72.34695497530167,0.11161365288758186,11.464787882937213,0.14360640576979777,-30.800438542787578,0.05698228615039337,-65.1076826472062
249,4.98,0.015578770349644935,-19.163795519836775,0.1759157589225129,32.492751703173894,0.020753192024549057,72.74094707393083,0.08132855000799612,9.4013550266376,0.15068776482321045,30.77143189530036,0.028801552718108418,65.02388084499164,0.04133874737958547,-17.77157586249458,0.08804894907391558,-31.261776090152384,0.09355321656884498,-72.21780467815371,0.10397252529553735,11.465645101163584,0.15677021305007435,-30.821203804717758,0.04879494140469865,-65.1076826472062
250,5.0,0.012243918834079116,-19.26335620371293,0.17573922204098077,32.492751703173894,0.01971531543189046,72.8169639494795,0.0792212368146978,9.4013550266376,0.15231578065997203,30.785400184218037,0.021478300304449652,64.65792181815576,0.03053333542281281,-17.652783951637723,0.09058007287980219,-31.292914337475224,0.09329150337887371,-72.21141214296829,0.09662435417272158,11.4585231703519,0.157689584581917,-30.82296400709831,0.05076675473241752,-64.98092219524172
251,5.02,0.016982397291333953,-19.227509436080798,0.17383649708223628,33.25118484771446,0.005139853777004302,73.70579183165808,0.07121749404664146,10.864019948326959,0.15119082724313082,36.313345356258885,0.026243483216136308,69.44579156867914,0.03962557566757113,-16.514635086764482,0.08087791568968694,-31.45089041308811,0.10440877742527654,-72.21141214296829,0.09571040385409682,11.984376517201165,0.1535532113859506,-30.286127965228065,0.05799035274624703,-65.72751184936506
252,5.04,0.14228980001442612,-19.8701328919219,0.34797202112237846,34.257624096983875,0.024410611103159445,74.48156748151075,0.022830228475314778,15.447054878690494,0.08829683184867104,42.30648389453178,0.005544856261680046,73.94064547767135,0.07032682365477594,-16.153978820239676,0.23685814724307072,-32.073143073449444,0.3090020398827906,-72.57823869489991,0.010753504534062706,12.360314536751309,0.10049311679689547,-29.06631171445381,0.014262596169004906,-66.30138144472082
253,5.06,0.1054091961452821,-22.745952872056765,0.3829748961820476,34.70069206421939,0.09544716947406848,74.48156748151075,0.06990818933742768,17.060005365934952,0.10127288998720559,44.66698862769976,0.00612269335826069,80.86522462645237,0.11000423653416719,-16.153978820239676,0.32239817178483277,-33.46223717703076,0.21018806467129525,-71.47747429449947,0.00025520742817769574,12.402044951082027,0.08767786817481678,-29.06631171445381,0.0064654306970397995,-66.38952338279228
254,5.08,0.2156694185583746,-23.110680860448785,0.32982270784739676,34.64669593247231,0.1569805651762905,75.94700575518854,0.09053235193372851,18.639958686691546,0.0343405728002886,49.231724572066675,0.010202175841193949,82.73126243114976,0.11409496186942122,-16.06802125977967,0.3688654639494909,-33.52880365563394,0.09732509246625287,-70.55840626754278,0.030491523294381293,12.559816945226954,0.05667156587307085,-28.88068431484703,0.0018343764210621543,-66.42644924424906
255,5.1,0.2112324951438318,-23.110680860448785,0.3115196803691105,34.44319406657608,0.21665834460817693,76.5034757477547,0.07176221796426359,19.14171027698916,0.06759807658273426,49.231724572066675,0.008068226659128859,84.05395445241523,0.0992143642237678,-15.92466867854181,0.37280907403669167,-34.09848490292612,0.026512771245790243,-69.80273002658151,0.029082997780656525,12.931500586746743,0.060971599279453316,-29.13399421440426,0.0026827566130711114,-66.48471375624523
256,5.12,0.17743005449593569,-23.670751641702886,0.29746237838911094,34.45746332430068,0.229651424524368,76.88682447488851,0.038128612998660855,19.14171027698916,0.05358869448347853,51.25617061971927,0.00551099434344312,86.40876789414327,0.07949803715009503,-14.818146115797465,0.3384160071527009,-33.72112434647431,0.002737264975284887,-69.37056445111084,0.09135148484837351,14.223712946168023,0.02107419132094642,-29.420367873671225,0.007114541277108676,-67.11507345610669
257,5.14,0.07869700609594289,-23.808158941615545,0.27482767081524456,34.21329354066738,0.1645456948275185,77.58911511658692,0.04107898473083929,26.840473404020155,0.057355992841838545,51.400816603155434,0.011284613339698315,88.56379903244803,0.11659915288491196,-14.433736625395651,0.3110690769404235,-33.49174565332244,0.1322114515093787,-69.37056445111084,0.022827018615156673,14.518329683234768,0.08912662879318925,-29.15508168880559,0.015193322445955875,-68.13722544784224
258,5.16,0.08926169692142268,-25.525084908415803,0.26686637045600714,34.16105109318916,0.17827250998026017,77.75107013587726,0.07880883829529013,27.425145514333153,0.06859932178424644,51.68795015135674,0.006587625651664159,89.57997497615668,0.10712271112161224,-13.98604014073028,0.3222775179881571,-33.46761614459763,0.05357670299217698,-67.91791972989618,0.005162122862156482,14.650977609295305,0.06585183860418774,-29.155081688809656,0.006693788198066188,-68.37026032521337
259,5.18,0.17225661332454445,-26.348063018747368,0.2924091933475771,34.16105109318916,0.20663144447708645,78.04072431643156,0.06223407456535386,28.74151163768668,0.06773592016428533,51.81303824968166,0.005562029000963003,89.7972009204816,0.072002907980656,-13.481038145555642,0.3423919906158259,-33.46761614459763,0.01556336015771312,-67.50343519182533,0.03622913463799042,14.828792232810793,0.010326310691860493,-29.155081688809656,0.06193609831050923,-68.73976087005981
260,5.2,0.18401757087860576,-26.548950005814117,0.27331799226743264,34.138617736299686,0.20634403721195935,77.93718218498805,0.04986271153782985,28.74151163768668,0.07020594597905985,51.84116227386632,0.006039841466640794,89.93231969014724,0.0395216734974371,-13.125478306012232,0.33498818967295824,-33.490202470658346,0.012651073164238231,-67.50343519182533,0.023671880982727784,14.919368304192597,0.03328221654307345,-29.155081688809656,0.009002539481063762,-68.9514889219738
261,5.22,0.142993353404659,-25.8212590182023,0.28655939130188857,34.1308900155087,0.1939483990303402,78.33232350214948,0.021797694805504326,33.39615788976019,0.06984483943083093,46.292178368473195,0.006035443397863252,89.04352256320338,0.02829653780313068,-12.400833146061526,0.32873137117809126,-32.934980046514355,0.04059839733946136,-66.7636551192532,0.02572609856192485,15.790813194841618,0.0144805486849836,-30.05656042421948,0.026593836562585765,-69.37792595551122
262,5.24,0.15164535982656915,-25.8212590182023,0.24489948238442902,33.93274459280229,0.10758916675145809,78.24139430133835,0.007268431447795595,36.45375816684244,0.03671351165918195,46.292178368473195,0.014409419665591843,82.99713001841083,0.06116456846870513,-11.34348191401007,0.26558732473120883,-32.580355995461346,0.09798500461188416,-66.55504383980414,0.026260556580637556,16.42331664554082,0.0027099518162574357,-30.06767326762648,0.034803191809303816,-70.11684930953926
263,5.26,0.06700484801867149,-27.80593982766445,0.2730091098211898,33.964191851171705,0.10650197218301866,78.17739443395429,0.07787563854781317,38.33020674011165,0.059828291131119274,37.60212748765949,0.004604883327136205,80.20513569053706,0.041316625532012034,-11.113363077007154,0.2803691596395357,-32.580355995461346,0.054658970131718214,-65.7470684703522,0.018802869322908315,16.73496338239365,0.017096986058724783,-30.07621820974827,0.05162019745078629,-70.6178269213292
264,5.28,0.049618860406418684,-27.73360830432552,0.1484029464176973,33.14906813790645,0.10095522819597999,78.17396415784083,0.14353595672195146,38.31810044610816,0.18768794364115868,34.70232280615842,0.03581343805008778,79.05804833788834,0.06238296333129759,-11.113363077007154,0.24917584933912376,-32.202300961391174,0.03130126689146921,-64.7677771645774,0.032929270250917006,16.858144980261102,0.19809546374381734,-31.14868997364518,0.11528578005042729,-71.18636643890486
265,5.3,0.020518860292261045,-27.73360830432552,0.12390371289565297,33.14906813790645,0.09987632615855595,77.94020727863612,0.07902683579124854,38.49664742318621,0.14246568483729954,34.70232280615842,0.07784561720499956,78.91867688991998,0.04577675295933502,-10.985483398412327,0.17763200067674303,-31.48506506702158,0.06150907478455926,-64.25208282023823,0.05432741134917311,17.429022059141147,0.14514920538505174,-31.55458337713069,0.04130592091158373,-71.08401619874157
266,5.32,0.04217414403208258,-27.880789564287575,0.12934935793099572,32.63024873005843,0.10142216600467634,78.26339975872804,0.058621867293355244,38.49664742318621,0.16699954182064866,33.26839204854758,0.05567713940661621,78.6175248006872,0.07219515231666343,-10.986713636858449,0.1967998994879736,-31.68266580621638,0.04009574806704218,-64.25208282023823,0.03954565537793472,17.950275140317668,0.14475916883232268,-31.55458337713069,0.027740840570533193,-71.45463106117937
267,5.34,0.17827784186813558,-27.972557325064763,0.128713584840606,32.55660151138014,0.07447377825763249,78.50050343243521,0.15950052251156815,37.924402532874005,0.19523637191444662,33.258175779024974,0.04718315061784779,78.5893929999552,0.0029853425763830157,-10.741041377383631,0.24572001054890782,-31.78668006427012,0.06278143826593108,-63.97039402375611,0.09142762932202529,17.950275140317668,0.16051496790806916,-32.19596292120113,0.014868970101910042,-71.9223467290111
268,5.36,0.14657370453273097,-28.595144817148284,0.14171262634119308,32.57556901454687,0.08226535563832303,78.61253278629286,0.19020224128721827,37.75947851133179,0.18785463338900327,33.22333121095193,0.06102454708770474,78.52652386402336,0.029013849883763793,-10.258444775438875,0.239510710096508,-31.791033159541495,0.07994135486602212,-63.72028304370301,0.05866011947579957,18.660247685379332,0.1680667793879591,-32.29816837352791,0.008294972423481926,-72.06042332183449
269,5.38,0.14267411073300132,-28.671828048598055,0.1433752363008594,32.57556901454687,0.07928702008491449,78.57516894151016,0.191120039275198,37.46361931898468,0.18655231611399947,33.2262929307674,0.06575546009012509,78.40635370419251,0.03576566209004859,-10.128903232845603,0.23333667270967018,-31.783420792305034,0.0775880038029859,-63.72028304370301,0.056110463140122996,18.690348132599087,0.16733014540959995,-32.33822430586197,0.014044923798401032,-72.2734401582862
270,5.4,0.15209140815433364,-28.670650727632452,0.14419806839603788,32.58235158778005,0.06375817585223377,78.5747615765643,0.17785230997095525,37.464677586123535,0.19108319424395115,33.226356330657225,0.06366150501476998,78.39391974935015,0.028251700109834202,-10.067814429104978,0.2274742136530024,-31.782880713117798,0.06284956589796971,-63.69885809762487,0.06493645923132282,18.741142952468127,0.16731312977221874,-32.33822430586197,0.009627787142305274,-72.29068293467937
271,5.421,0.014228519455774778,-30.595163535837372,0.0995745562921879,31.250955055684166,0.010932337220528365,78.74092568737338,0.08654137108477884,37.464677586123535,0.3031627330520073,33.412189709029775,0.15467037925799465,79.07186881634811,0.018745090453838823,-10.067814429104978,0.06951698259531505,-36.16496360134885,0.006572634860700753,-69.39233972007605,0.1738213042096562,19.026575540651265,0.3552851180950394,-33.39376512350017,0.002662109316990218,-73.08065247249127
272,5.44,0.014228519455774778,-30.595163535837372,0.0995745562921879,30.643566153359224,0.010932337220528365,78.65666363135752,0.08654137108477884,36.103629075327355,0.3031627330520073,33.412189709029775,0.15467037925799465,80.04373070026932,0.018745090453838823,-16.384491750578874,0.06951698259531505,-42.457759066593994,0.006572634860700753,-71.78959513894176,0.1738213042096562,20.77103493389791,0.3552851180950394,-34.24521181935363,0.002662109316990218,-73.51697918802556
273,5.46,0.013512350182866794,-32.868079009308154,0.09355059990278031,30.282978907396977,0.0017551397145961914,78.5821452270634,0.026872140814005362,36.684442735566044,0.38992813272214727,35.26897068985107,0.11563406445941284,80.01938657695815,0.07320081341450237,-18.044629594703558,0.08686665126345737,-47.24439475283502,0.007058433991251034,-78.08239060759688,0.09534616246267588,21.09966928680519,0.43273630393297585,-34.81955100192044,0.005093212395370701,-73.51697918802556
274,5.48,0.047437665547447355,-32.868079009308154,0.07236940967569785,30.237102577266903,0.0022411033926709413,78.51720563475747,0.0903552647046838,37.200509300753744,0.42613610197286084,35.67500406074549,0.04869192175783348,79.57836269048559,0.09406089792933048,-19.142774491494364,0.03487837779268285,-48.71360364596577,0.013566463070446065,-82.78090164078607,0.1970101819241488,23.617646774478413,0.4284914336818399,-35.35193555465218,0.009175250846243073,-73.59704697416709
275,5.5,0.04673975711487481,-33.759622964059304,0.08157598897282815,30.237102577266903,0.001069639881310098,78.50467362317985,0.10352851086114909,37.33677150884563,0.4346759614055405,35.67500406074549,0.019069975752322846,79.32600715781705,0.07239522901899803,-19.291570720456534,0.0630042300054147,-49.69430347778089,0.008972279158232673,-83.92810781700977,0.18423692174536052,23.726593106068158,0.41962301016672493,-35.40854466230172,0.012362797168857265,-73.89398602956818
276,5.52,0.020756005609128332,-33.986110500228875,0.08851407250878782,29.91218657352025,0.0013621178561857234,78.50467362317985,0.08997944388129832,36.570056754031924,0.432241782705894,35.67500406074549,0.013300219165972925,79.36598820906873,0.03661102485290902,-22.909094343249148,0.06758622167321734,-50.61722403626912,0.006057608662531075,-86.6932041914953,0.10405710045289641,23.726593106068158,0.39782574309941227,-35.40243123285456,0.0397980407126133,-74.6980598801516
277,5.54,0.05920768760566019,-36.31884629105451,0.11221726456041324,29.851885025930322,0.011717688633184535,78.98768814503028,0.13459130216263118,35.654526954037316,0.3867536420556586,35.696042442566466,0.11436509000055546,79.17085986125433,0.0233870547159768,-26.610891133497358,0.04149649039670937,-51.71037057459962,0.011170726260534747,-88.42141014072101,0.192733631432997,23.084755015968355,0.3761153697999085,-35.26139451217659,0.007060856643320318,-75.03452368057216
278,5.56,0.01828638095540232,-36.5383381690118,0.06563885732693994,30.18396537414209,0.007765924256832859,78.98768814503028,0.1012986055691782,34.80173951240626,0.3475305292295855,35.34587269780863,0.010817212561697286,78.87414352412446,0.09709398853015387,-26.871685165661322,0.19020499932116733,-51.71037057459962,0.08611177657483496,-89.88530572230349,0.0058346571655629184,23.90675081577749,0.37835823334558805,-34.77138540837306,0.02008782400798587,-75.16627586707615
279,5.58,0.031943618420862734,-36.64865337957578,0.04257316836389398,30.315117237161516,0.002051123069708891,79.00309771489214,0.05037090593895683,34.38282968566107,0.32522946728982044,35.34587269780863,0.008881103139503254,78.40184736643043,0.08402380340591648,-27.32911762173185,0.02196820010205544,-52.7890302099963,0.06014045484613807,-89.99448088125648,0.09545109323182029,23.722788189583927,0.27739515855090674,-34.77138540837306,0.019695323778315035,-75.37563632762567
280,5.6,0.0021791752274958913,-36.55506361133477,0.06283947165816815,30.31486034149058,0.004908272546656658,79.02350534981893,0.02756478150813647,33.98724020530452,0.3325483877703763,35.006485918569986,0.0008486220799871965,78.25248131856416,0.07287195295532463,-27.60071381543465,0.003576573402983461,-52.76609711338865,0.033641505021416766,-89.99448088125648,0.12265483367250618,23.578949149255664,0.28059883163797966,-34.77138540837306,0.03969206836025322,-75.4939453427748
281,5.62,0.006594776123524631,-37.0566604480352,0.07123376587994111,30.597339024809926,0.0048072881859339564,79.02350534981893,0.036096895557520624,33.05962814572858,0.3597717891107847,34.6320315031495,0.016577888062272107,78.15796952990381,0.07310551216976018,-27.60071381543465,0.0119170362124626,-48.315820399462716,0.023813529794726816,-85.33807029104277,0.1169167344087696,23.578949149255664,0.3092269084670207,-33.65350315571121,0.04838285497885926,-76.4919631520552
282,5.64,0.06586479118973614,-39.39820413246842,0.053661045701935986,30.597339024809926,0.011430512965768523,79.41709560024779,0.14289527584377712,32.67284008764157,0.2173743771338314,34.03582126563813,0.10932518702662568,78.29603262508621,0.1370510828048036,-35.37028795509206,0.11501006170837774,-46.218221910670934,0.034108611059409814,-83.60902461649061,0.389627816426116,23.698708103642215,0.13525841081074047,-33.411253021736336,0.09547123955017081,-76.95811985494579
283,5.66,0.02959891407684107,-39.599579804752324,0.03176539994677777,30.52262108275641,0.002907059231268952,79.43039944565025,0.20399512146720222,32.67143238761835,0.21321254264092,33.76187609880646,0.0569391347660975,78.19456701605269,0.10466047532399012,-36.43873501892587,0.20510478654018252,-37.955018959403105,0.14812345541028718,-79.47365163195965,0.23027383379187483,24.457760847527712,0.09626585096830426,-32.493171917515305,0.09385368800202183,-77.23463264857513
284,5.68,0.020289219361540323,-40.150465768969624,0.08335135059602466,31.47573942877434,0.004916395029190577,80.84044075339828,0.20002238248479284,32.78545708933734,0.28653347294024956,33.66017894566373,0.053975181759599866,77.93572693449674,0.12615158244535005,-37.80189223596298,0.016923142930679435,-34.33010253217283,0.08193341843744241,-78.97508333942348,0.20415467326133846,25.931612870043622,0.18618082389779372,-32.96205235381931,0.1059799124350882,-77.2909136635326
285,5.7,0.1499213637436903,-40.77222198072885,0.09206224637027867,31.842096963370118,0.2311099951873731,81.42708393828947,0.046522259627082264,31.427714181464776,0.07318873744943581,32.79202284347885,0.029546286250399158,77.4111622773411,0.09246692200859112,-38.18547998208988,0.14572636217215795,-34.33010253217283,0.06668419930131511,-78.97508333942348,0.0025681211275679545,26.57285001197444,0.17025850170086534,-32.8783771154337,0.04208052491868573,-77.14828901726025
286,5.72,0.16165498653911892,-40.98727212679142,0.07806545371574229,31.728931680319594,0.2187040846366042,81.94485052128881,0.042084328848507914,30.512695794885317,0.11676542346467961,32.40918307947643,0.018096217472132557,76.86207065255972,0.08432111129167072,-38.1880182369588,0.15310603200549602,-34.33010253217283,0.11783974261330878,-78.42066050267357,0.018304817207572894,27.744227053001914,0.1577630222054302,-32.74171627776514,0.04059524220696714,-77.29690023202775
287,5.74,0.22048081894774207,-41.87942505046631,0.056555186880613846,31.728931680319594,0.18470364628536431,81.87985424264077,0.2000479250850869,30.232892491706924,0.14330809808514783,32.47033914517959,0.0009447991915289135,76.72878373095858,0.18570252910064328,-37.66021190547681,0.19435303753750602,-33.192133485467686,0.060340752957799705,-78.57614312027857,0.13252257784669452,28.37880545882522,0.11624616810015259,-32.72906430996006,0.018011170610405015,-77.29690023202775
288,5.76,0.23315409403979365,-42.01185166113603,0.07600088805541542,31.825644117148386,0.1570502578531225,81.64066765210613,0.20456509550106106,30.086376689214763,0.14820914334170368,32.483606618359225,0.012321550724317782,76.34810428312012,0.19322050809723312,-37.60800561649141,0.17745122291761972,-33.165338205925444,0.04399696135796442,-78.67323523612099,0.17050169636932236,28.38279369211071,0.14302029419837906,-32.63266254426772,0.054397810695760634,-77.76362258789302
289,5.78,0.2228300643437855,-42.026595642112774,0.08048539669030928,31.84932717001507,0.141963321100094,81.45870132731415,0.22676810931038036,30.113013525046853,0.15833743579177192,32.483606618359225,0.015051405835890463,76.22454261213288,0.1687801345503561,-37.62889216859262,0.19048301862939962,-33.14944087687901,0.02683324135026575,-78.96527542247127,0.1991724782996226,28.350055389859527,0.13146672751373692,-32.5109516860684,0.05724343073249477,-77.84774060094179
290,5.8,0.20848285684050594,-42.01351053273884,0.07046571074761115,31.84932717001415,0.13609379507006253,81.37252901771835,0.23156247218342102,30.134221341767795,0.16244775625059135,32.66865309566975,0.013965473513756006,76.20126064125931,0.1639427450068043,-37.659451301354025,0.19043320266870728,-33.15178123055804,0.022103697897642362,-79.0708503510549,0.20446632956269506,28.350055389859527,0.12471439263872487,-32.471875949768204,0.05447454902843311,-77.86375569958032
291,5.82,0.21295034987365347,-38.52440842313447,0.0660336758349096,35.01806397664896,0.13851842648462184,84.83291497735897,0.23268327887510953,30.134221341767795,0.16043997921813785,33.52165208857712,0.001973850442428429,75.86718661409178,0.16112846833742245,-36.762525282421386,0.1795083471481859,-32.98177888776281,0.02529656155532669,-79.05342034312605,0.20627237412815622,29.54384939636249,0.12644283390731767,-32.62306137918987,0.04271829329429469,-78.26854742265179
292,5.84,0.07238513325238849,-31.807507360843843,0.07667563104865907,40.711545588911605,0.00569282875637399,87.47698755087465,0.33875468782670004,30.134221341767795,0.3518501807514487,34.35622812273657,0.02809843550563749,75.9233158216521,0.11914357845205098,-35.6741885661126,0.07098928604649614,-31.987422955637484,0.0041845773458480335,-78.93525773792499,0.1873867552605803,30.393655517810146,0.23581714885689212,-32.860110034916445,0.03822506224912736,-78.3404872283782
293,5.86,0.08452710217043279,-29.79824872922166,0.07769217368933404,48.63018014699667,0.0005777393858091565,89.53719144681854,0.21243161527278528,30.134221341767795,0.3776834134505377,34.53715715963743,0.11495484606432377,75.9233158216521,0.12061684914165267,-35.62121118226259,0.01983446745515675,-31.57471384488645,0.07820337734149946,-78.72139198395239,0.09801214572286585,31.274304781041966,0.3245147129801103,-34.30404189898348,0.1170638880095155,-79.3203625975955
294,5.88,0.0706587360419673,-29.79824872922166,3.524523375035737e-05,48.63018014699667,0.0009043170698654703,89.99448088120204,0.024228706818794174,26.801039678823322,0.32712434414340047,34.64618878388482,0.08812354085844203,75.9233158216521,0.03173141449436732,-36.08648250877952,0.08055501057995881,-30.36074873213825,0.00042561504560422093,-78.90458846941803,0.030408331827244554,33.455919946573744,0.3371793364881867,-34.48260831237322,0.15622672084906128,-79.64911591027003
295,5.9,0.06886536466413949,-29.79824872922166,0.020830017919422576,51.57591823464916,0.001292713545157372,89.99448088120204,0.14835511807872376,24.602747978713417,0.31768343527391474,34.59917628446199,0.057802762744809236,75.97338039404137,0.02345367876572494,-36.08648250877952,0.10920449792006826,-30.218734729395354,0.007483730847361438,-78.97760097917174,0.14473934557307055,34.728743886535,0.3263374879646442,-34.61834508690207,0.15108689277827947,-79.87074031396419
296,5.92,0.059915603691811155,-24.575742625855472,0.03047385686021504,50.98910421572735,0.0010729087564628943,86.90328613501177,0.14403112321024986,23.93548361199602,0.32710710378853713,34.460995420863405,0.03479029071550752,75.23012373146433,0.03928159898661469,-35.64338619532768,0.11106027011131547,-30.218734729395354,0.00608165107555824,-78.81224794108246,0.19097294878739882,34.728743886535,0.32485153854810245,-34.74783347318184,0.1470228719442283,-79.81014973917829
297,5.94,0.0594147857216946,-21.494024641775844,0.07328520371604108,50.790175747305724,0.008587844094842598,85.92762292897072,0.14113562548398648,23.18196740951012,0.3392787049651097,34.512810480071686,0.07235047086793078,75.06071012365037,0.01724815153943547,-34.206705238708125,0.0881326882212605,-29.9414183254377,0.005456048711065611,-78.53774429035313,0.13544435483195358,37.03545922326973,0.35131269492266987,-34.858722416514844,0.05954555773046251,-79.81014973917829
298,5.96,0.07877355438710729,-19.794929263777608,0.058001627104167966,51.84894568628405,0.0012081465744577117,85.5554550690849,0.01905168150538307,22.66776542126768,0.34313746012613017,34.224267299080935,0.0836890287010833,74.93095400193361,0.003566677122954262,-33.81992208230144,0.11044219406243193,-29.915204538781552,0.0022292196793694797,-78.510755543782,0.13306543592181558,37.70608048678377,0.3592659581949553,-35.06499555167441,0.12360090569701121,-80.13421213625881
299,5.98,0.1562485608312471,-19.775492541486507,0.19894460675903777,51.84894568628405,0.22486265768012592,86.68898338096669,0.10516316536475608,21.38452055153743,0.18381639423455454,33.58930679958548,0.015041800552758052,74.36280512177471,0.018887266573094506,-33.86014661300555,0.019480691489628218,-30.334735345814057,0.005525715785400951,-78.49759725696445,0.16587583902195302,38.12385158027707,0.3366182924531374,-34.64224484967738,0.08578932073670266,-79.64433979325271
300,6.0,0.062072688220430446,-19.464177209997484,0.07436091730931704,52.27633649333369,0.12466842125216746,86.62941826214755,0.09663648709360165,21.251270822184004,0.16305901002212989,33.00228451522606,0.015785897122920015,74.24549033691707,0.049966343398646494,-33.93728397286459,0.04091825204838041,-30.365054093927103,0.0049414060192605105,-78.49759725691305,0.163091460278745,38.17057657159126,0.26006311768962387,-34.342652708906414,0.016695961429846175,-79.32351620566577
301,6.02,0.041747181231954936,-17.47510857086172,0.04102489546823837,47.0801251607701,0.09771152785430419,82.85825265343784,0.055149594596089,21.319356862925428,0.2041774544600136,32.07674458888228,0.05925439044253211,73.45355279666154,0.030171057980819153,-32.52878955379462,0.058290134465314614,-30.865957801250875,0.00523148233359313,-78.20107856238928,0.12122230130313212,39.03384631641853,0.2966660366787701,-34.582992372642146,0.02673802540570564,-79.19581637768594
302,6.04,0.12645844517584964,-13.36982544569582,0.022475771915925986,42.285614329091,0.18903025609261848,82.85825265343784,0.1588627613911463,21.114122573772043,0.1413856342329393,32.064122480068676,0.0654914351593608,73.48971920640766,0.009435170350132391,-31.220704366163364,0.018370899485534064,-30.609253719526404,0.003109943471337676,-77.75646154624684,0.057913794526770444,39.725648763992986,0.2548445137452494,-34.582992372642146,0.10891469424226492,-78.37150022199566
303,6.06,0.018376254958702133,-11.786172986131314,0.0350065132444143,36.163701852161864,0.1163976267148494,74.46785869234942,0.06071634893598368,21.114122573772043,0.23072535543692876,32.97475501721409,0.12660828986995656,73.52409964367992,0.017765087965012465,-31.220704366163364,0.07261276374416026,-30.60337258012052,0.002511876312773532,-78.8889273128483,0.05195722976304219,39.88749828378731,0.33087727383066184,-34.49783170643112,0.0023387801121423028,-78.9259055847672
304,6.08,0.07877674475942986,-11.697596846936559,0.13174575163352428,36.163701852161864,0.01693012199659407,67.0569465996777,0.04283913861594136,20.273818317139153,0.19216326822556423,32.97475501721409,0.02852401395057386,72.55865555799666,0.041187811980346906,-31.220704366163364,0.1897229176106924,-31.973581153459055,0.2348830956298296,-79.54341954464327,0.01950032175718032,39.50241932126812,0.12518535011062054,-33.267092642237806,0.005047271823242547,-79.00987898720697
305,6.1,0.1535053334444702,-11.837098019162863,0.12144069868078923,31.49683854626378,0.006196174679947497,65.66678484482061,0.08308328611199882,20.273818317139153,0.11119049640375274,32.218084616265315,0.042963196961946615,72.55865555799666,0.06797774784570308,-31.161916498969656,0.08656739107356451,-31.99671426838096,0.20357339271411368,-79.89152341051896,0.05405422621784647,39.50241932126812,0.07522575059485784,-32.55543399829965,0.004378146695473166,-79.03550208756769
306,6.12,0.14439245668844067,-11.861403659826836,0.15037168218398222,31.49683854626378,0.03353150475586201,65.45270057492634,0.09465067857369086,19.452371327228366,0.11379836453563848,31.676885465175765,0.033247444253933514,71.33285376387423,0.061372327364188434,-30.902318314018128,0.09789005203168781,-31.99671426838096,0.2025668909117108,-79.96175156844284,0.04392979082629442,39.50241932126812,0.09956176775624638,-32.15898447305692,0.010048846763039977,-79.00367501858881
307,6.14,0.12823998766023637,-11.749978544607032,0.1387470682715124,30.982250586311622,0.077146816647503,65.47748451323652,0.11938886691601297,19.322415249440795,0.10228141130667935,31.547138737993933,0.002381452882415088,70.93758175509082,0.18444008662804678,-30.31934823139597,0.10023612297679689,-32.003777655167404,0.2201450364716231,-79.62662080296403,0.08706870287183403,39.50241932126812,0.09500259242398527,-32.15898447305692,0.031980088620216,-78.85266868195275
308,6.16,0.11330889841319232,-11.598610348320488,0.16653620028439306,31.02660636274357,0.08010074534275322,65.50524193233589,0.05232753874732211,18.20966150953816,0.09605511594395183,31.469759022573875,0.016433856287360892,70.84557264996837,0.15750646617167802,-29.793654280141805,0.09753094109003208,-32.004478527488,0.169383019685394,-79.1069120732148,0.1230239770610243,40.38578855592585,0.11876199382175594,-32.15898447305692,0.010404000816865863,-78.86457168196988
309,6.18,0.09838102746243536,-11.500251381717838,0.18048114771273535,31.07884472862698,0.07897368886397159,65.51147548052957,0.001038848480683228,17.38604469906355,0.09511429024320063,31.469759022573875,0.017000468651272135,70.79440404391106,0.1447242944433016,-29.555507728283743,0.0970807715401496,-32.00466296113881,0.1422652860895737,-78.71347282953668,0.141763625595137,40.977242464233534,0.13095955209262292,-32.34013986636636,0.0018759580078819582,-78.94908615711448
310,6.2,0.09492793278458349,-11.441984457489063,0.18606088650316044,31.173830367367717,0.07914341987295344,65.51286469403179,0.007809205170935212,17.150612461870033,0.09643561666389078,31.428595586594206,0.017745196015559985,70.78449420075322,0.14358529455324892,-29.555507728283743,0.09768080469778141,-32.00489859985964,0.1381065363254616,-78.62264068843793,0.1441295611724821,40.977242464233534,0.1350511522657033,-32.38294497884605,0.001657718612112558,-78.99026218771577
311,6.22,0.09815088318787092,-12.16803796467797,0.18490809500260177,32.029831998073064,0.08066314700619462,65.88220675310305,0.020189234955800228,15.678482995416491,0.09865603297803921,30.592748838822477,0.018126839545651623,70.77943405342045,0.15624948190833987,-29.59815175775293,0.09734308882989609,-32.444376986178874,0.15801474678185817,-78.3421810217872,0.12478700324677763,37.07618537460973,0.13373657494381078,-35.26009301217715,0.0018033705203985588,-83.49145378956801
312,6.24,0.03829593173232837,-12.54406729186966,0.3131698700642177,32.746831126635236,0.034580019417751184,66.57164567162418,0.0007560331006794863,15.21895880162461,0.005660425345826237,29.94060087161356,0.0596569152300031,69.36170827405346,0.3716534298049825,-29.444115394771387,0.2830220756342206,-33.307595138572005,0.2581336917949068,-78.51639262469736,0.080043547438691,31.839225675822252,0.09790570923297937,-42.751516185676564,0.006919086963098213,-86.13563848069798
313,6.26,0.04067210136292475,-12.54406729186966,0.35052507275002637,33.19086112589772,0.16419355500045726,68.28007251636112,0.0007738053622809334,15.21895880162461,0.055243358710463236,29.66971562745861,0.03323120075211278,68.74159082014663,0.18292486444015277,-26.84402329294581,0.3119141966721754,-33.934384778610834,0.2901628984038821,-78.90419521636466,0.10575122805081724,30.257818899730896,0.10056582259254336,-47.92714319640948,0.003965157053338617,-88.86225365313196
314,6.28,0.09531006828835557,-12.54406729186966,0.30905448386414053,33.15044722385505,0.17409522474716607,68.28007251636112,0.016654583393400542,14.69141816565339,0.06843707161258356,29.227515755128913,0.008557514190672359,68.61670937230093,0.0207645941371112,-26.74620857396102,0.25278728051967264,-33.81398683425264,0.2409685615065512,-78.5554399524639,0.08425099937416548,28.57251079630906,0.014103472949326236,-50.3690172087045,0.0010728742372259667,-89.45553993256445
315,6.3,0.12760416604485464,-13.63035805366277,0.2770058284177183,32.9708051677547,0.1782314181958532,68.9164226883362,0.007361256867317124,14.62609513993616,0.09237046198951923,29.084336199330558,0.010330982189886716,68.61670937234027,0.10198508333094411,-24.612854806938067,0.2375214273408538,-33.776687393161296,0.19701272555875332,-78.5554399524639,0.06970078847686678,28.126729007526833,0.03357778982343712,-51.549230094210266,0.0028955092635857835,-89.66705460129148
316,6.32,0.13597516754849265,-14.808939740880911,0.27306018002532184,33.27845748855258,0.18441838346768893,69.31786046304768,0.006756106320087813,13.352928736882873,0.09246909581720958,28.781359304031707,0.009488649715643782,68.04666769859578,0.07945809899295944,-24.72988724727488,0.261897464594411,-33.776687393161296,0.16378757431312746,-77.51667520622829,0.05548105480759213,24.92937628981294,0.048075681162844844,-50.7784625478908,0.0037425913522648813,-89.66705460129148
317,6.34,0.10630895731807742,-15.142847647278812,0.3270507589067077,33.55266441601229,0.08553651352913838,70.1382973529512,0.02136502044805111,12.76255389732046,0.07164907289168441,28.844662699098006,0.004338428944686242,66.97107109824181,0.2234334825444302,-24.24242776497994,0.2886701454740049,-33.96970592770296,0.20841943956692344,-76.94531532743706,0.028977262035889146,20.991123537751005,0.09311303838424002,-50.55923326635084,0.007225093767927642,-85.88548127403831
318,6.36,0.07737245025840248,-15.427732475608476,0.32397897396831843,33.60604793405956,0.16966673474773958,70.84914003006185,0.005487221975598261,12.51070426321211,0.08190055828232065,28.844662699098006,0.0030553747353976313,66.78662519532323,0.06260648840185733,-23.138008217424982,0.3098894447940993,-33.96970592770296,0.19920686904076468,-76.81463011779661,0.08227456988794624,19.150436126216434,0.0786513783162022,-50.50369122279433,0.001968141869852348,-85.3493446240443
319,6.38,0.08967683819149433,-15.445415122909361,0.29855832788713854,33.60604793405956,0.2116622092342934,71.39155759067651,0.008358212455668985,12.405748369991628,0.09795743321563757,28.553901290533137,0.007693746543678047,66.63288834222851,0.017696426452404795,-22.43911903597822,0.30581842581924434,-34.174518220209265,0.17255163154278158,-76.4742878278026,0.07152352680990813,18.573540545114124,0.0723578412032498,-50.50369122279433,0.00511037415364132,-84.93868760291573
320,6.4,0.10696491686473045,-15.781423015679614,0.2774608976568464,33.33862817942858,0.21678325199595697,71.54568448834826,0.0015997947831099019,12.39853837832101,0.09490011292013101,28.52599224699613,0.008200329320791764,66.61264051413951,0.026285797246565053,-22.220261746667493,0.3000494865469333,-34.17584207512836,0.14847875453764672,-76.23741436231361,0.05219290816848646,18.367280969653105,0.06611044452661505,-50.50369122279433,0.00522031762246268,-84.79885649513002
321,6.42,0.11666546890670572,-16.851749266010586,0.2703700174295906,33.498648583472,0.20643587552056783,71.7569563649913,0.010173665017041386,11.518385690209636,0.08854208782389432,28.383224693087037,0.006919438056081436,66.61264051413951,0.016788905171569595,-22.220261746667493,0.3017773663666657,-33.54632489658438,0.13808560141684256,-75.4222798898535,0.025718653054130437,15.265243444652057,0.0663080013224432,-45.54533386002228,0.005487655187042003,-80.55572884550408
322,6.44,0.09885271747500204,-17.51321628217124,0.298347927829982,33.498648583472,0.05865183516679657,71.75251992261397,0.017245399771657073,10.54049850021477,0.059051222817303815,28.264589507969767,0.0042475209756275825,64.77822955987078,0.22162417299461812,-22.342759780250702,0.25554969472212913,-33.5354168995641,0.1985706619863551,-75.40904858821523,0.0022233420411032325,15.265243444652057,0.07331738608878414,-41.649793809336295,0.0020899204931620575,-73.36396259181728
323,6.46,0.10698811707190009,-18.177024725838734,0.3245178910371852,33.80111807981303,0.1382991609570557,72.09179652811274,0.005379428196868178,10.349938346864144,0.08565785653845814,29.315585146497416,0.005766176923185813,64.51158184977596,0.056636654647966266,-21.095456910336857,0.2814956798407682,-32.843246141887654,0.21460259966859013,-75.24333338463461,0.0573432896604561,11.549854102248187,0.0727744637736999,-41.649793809336295,0.0005937159031665517,-70.4152019226482
324,6.48,0.13864005744494431,-18.202277808762638,0.15146993768799236,32.563638420835645,0.03553050301404265,71.57714190722108,0.006566040220187532,10.304213385217961,0.15498707488769944,29.909266543050343,0.05580540596709949,64.51158184977596,0.04989165448005836,-19.628254904152428,0.08200160504992432,-32.843246141887654,0.09393319167589281,-75.24333338463461,0.0665721678633297,11.295573874940134,0.13175411008494736,-41.649793809336295,0.0936498119750402,-67.12263063263264
325,6.5,0.07764285102039989,-17.959053351122897,0.10599812935782513,32.091971294484395,0.036509329573424315,71.56864895792336,0.009517794728148312,10.304213385217961,0.10729847113662846,30.149196465209457,0.06556174338083613,64.9834052077321,0.028481901959321213,-19.628254904152428,0.06709320884133828,-31.685874370961077,0.06028465538101911,-73.65054929613952,0.09234123234889995,11.295573874940134,0.11825828814189132,-31.325359402888125,0.023344743393502676,-65.87003823888448
326,6.52,0.052971538756203494,-17.959053351122897,0.12138153432139921,32.22703657517476,0.042320984942428586,71.90206983821437,0.019678149140134632,10.053151285248129,0.11224790170910885,30.43258268973215,0.09328412163527572,64.9834052077321,0.028244090700547272,-19.628254904152428,0.07863872884221505,-31.45468796322812,0.061191456669268486,-72.89857510859899,0.08681332200073567,11.33786831566229,0.14708932905258107,-31.325359402888125,0.0384264634907691,-65.11865388615918
327,6.54,0.057393992982777454,-18.582677338977454,0.1596841192615499,32.33709838723054,0.01489597078036444,72.16554341151183,0.05687682736026181,9.700435522644284,0.1474923851947176,30.590640849890033,0.07445035351287446,65.09335997907506,0.09064755534860332,-18.805645292672434,0.07215986542097241,-31.246740274122587,0.1001821576714938,-72.47021347729364,0.10079408338026087,11.386736013168855,0.1303800780571485,-30.832995043336172,0.05608799777283352,-65.00105452546201
328,6.56,0.033050854883882,-18.988207652158103,0.17231021004269217,32.43311008461856,0.01241034519204235,72.40512245552475,0.0760854910831043,9.618520080450658,0.1494728445614804,30.69352147831064,0.044327144629232436,65.09335997907506,0.0752403678599481,-18.37384676080637,0.08771886910810346,-31.256712977401047,0.10054600942611401,-72.29154094186373,0.10895106521358894,11.431623610882827,0.1398585273758965,-30.735782525673056,0.05509577638879518,-64.95694002828024
329,6.58,0.016863855225792014,-18.988207652158103,0.17640952976675392,32.43311008461856,0.023506569950063966,72.70288691075466,0.08445051396537048,9.342682543860438,0.14776460359093158,30.71055546906864,0.023424601203415343,64.66956646700453,0.04536742567279871,-17.901349964443007,0.08974920292363009,-31.269954030954956,0.09789034109127709,-72.2315505286184,0.10029648593896362,11.431801576743354,0.1505791477491186,-30.735782525687423,0.048335237032277614,-64.872427727976
330,6.6,0.012815003738392927,-19.22738269311155,0.177295491777957,32.51342873495193,0.024105600469547652,72.70288691075466,0.08418345433171291,9.315360463347053,0.14869238235708312,30.723610114557864,0.016821847492359446,64.52837841862252,0.03608224852864609,-17.783500429103043,0.09029082780865422,-31.2722466137957,0.09993753495062875,-72.20614773038223,0.09487278300844951,11.429448193891819,0.15142754679647363,-30.740339434360834,0.049386576057416795,-64.872427727976
331,6.62,0.01924207504489231,-19.388398112507172,0.17175099596730825,33.19236891244116,0.00913906353387887,73.04552933492634,0.06887573662292974,9.315360463347053,0.15322163750706913,35.983661284745324,0.032810595917084316,68.70119796627075,0.0399156111935143,-17.303390147398858,0.09791538530903718,-31.381264463427808,0.11263575022876783,-72.05503853700566,0.09442182498359923,12.228989149770722,0.15468322737722384,-29.825033363111906,0.056180180105711006,-65.67013067314181
332,6.64,0.14570321527377667,-20.059250668724008,0.3491050325940756,34.36210116793502,0.026499838202779253,74.12267354041049,0.021778476368207966,13.917384422391345,0.08863006500187981,40.47851518867099,0.005714375650857354,73.49570880307562,0.06244803002400686,-16.02492910419836,0.24244003533031153,-31.381264463427808,0.29885974512444985,-72.2947670796584,0.005781081495947174,12.260390467080192,0.0996730906530929,-28.987494561752104,0.014544662542263257,-66.14303710472244
333,6.66,0.10510433823103063,-22.862705857401618,0.38549326482613017,34.68409937197239,0.09569523505879196,74.73477253309274,0.06815590420662568,18.26493025335406,0.10240560557484688,46.70367208789815,0.006504191600555463,79.78087128619248,0.10068161658599958,-16.02492910419836,0.3257835166034327,-33.480346806002416,0.20852691659914277,-72.2947670796584,0.005026963715607682,12.37120536330554,0.08789750700083844,-28.863696597474583,0.006521801912892409,-66.24540639641945
334,6.68,0.21565445670095099,-23.851748297257625,0.3327028783979063,34.68409937197239,0.1561972097121288,75.86810233930004,0.08974512887264349,19.0313867916429,0.03555352158101568,47.37776271603014,0.010292879825166338,81.52226732846837,0.11851030368013642,-16.02492910419836,0.37029645981486614,-33.480346806002416,0.09397325580584455,-70.51283317702594,0.029975744528096416,12.37120536330554,0.0570783229020108,-28.863696597468515,0.0018154892515607017,-66.32484733409285
335,6.7,0.208523482230842,-24.04144210167929,0.3403653990619708,34.45642753401762,0.22080254749986805,76.54390969402378,0.0729685905790662,19.136486194144343,0.05733582651127588,49.794985007061214,0.009056472403591915,83.22176522867478,0.09430656798146154,-15.886563821573544,0.364551274802205,-34.01791782261194,0.018807583552505485,-69.8985010689727,0.03225259980042706,12.60404574207433,0.06284844476994549,-29.010259407271334,0.0011640493581962488,-66.34195505333612
336,6.72,0.15634483134226268,-23.72275217315549,0.30016651155517665,34.493207905224125,0.24955207879213842,77.43517783711806,0.033849612842049244,21.120290103206905,0.056008086611865154,51.05599949000458,0.005965186636466915,86.01138054396654,0.08011208837206207,-14.854545444792931,0.35530316970314385,-33.84275760710401,0.0044464590117116376,-69.8985010689727,0.07892149801543431,14.079063393938915,0.03477725416527577,-29.236440205467982,0.021135763124978696,-66.98970227754555
337,6.74,0.0962167406262747,-23.72275217315549,0.2721877601806774,34.27684024454152,0.17336519328554112,77.54215519185259,0.029077890262162065,26.568299603240636,0.055567331364582785,51.549005465948724,0.011129600834948359,86.01138054396654,0.12306993773008534,-14.41817973708762,0.3159876469606099,-33.512568157200405,0.13241421048759172,-69.07426976529779,0.02852013203590252,14.450805450039827,0.09108504593352124,-29.07933860717852,0.01549204067672976,-68.18310660676455
338,6.76,0.07854655543310338,-25.295315615664695,0.2625307091848565,34.05556512222769,0.17748761660641965,77.54215519185259,0.07938728975063403,27.894674911734093,0.06607733185082143,51.647854241052585,0.006289659587777879,89.49942352645012,0.11583206800070547,-14.050443252521454,0.3189578319927789,-33.512568157200405,0.053055622855452685,-68.27326212884523,0.006817465918002665,14.712409846521021,0.06655482537780794,-29.10172760684288,0.00710319466245624,-68.57532966322876
339,6.78,0.16575191619117682,-26.272603233323984,0.29183701133760737,34.05556512222769,0.19484143007501176,77.7459085250109,0.06882778767088601,28.700618011385554,0.06717128485131615,51.78686460516586,0.006269689462118469,89.71842234827938,0.07170333763699822,-14.050443252521454,0.3376937643368479,-33.46355792442599,0.017486410237761006,-67.68671156513913,0.03042470778686964,14.844286999700678,0.03895173573000624,-29.435455395069045,0.008500592755991515,-68.78619404093033
340,6.8,0.18575086551297448,-26.323388158840103,0.28633215198245643,34.0997839937891,0.19709000649552788,77.86336635067536,0.04881277757981981,28.811578874921544,0.07089259859980178,51.807726324419214,0.005920657706714317,89.85756503905972,0.038574444639409344,-13.292218945817709,0.3408590318671387,-33.4644714018627,0.01354369980482089,-67.25607288685697,0.026106222652820102,14.887851555673405,0.017120469028759935,-29.56785256612404,0.04512547620020768,-68.82878405442005
341,6.82,0.14647627737144117,-25.789656248904745,0.2827359476444246,33.95386802476989,0.19274606587803186,78.08926864363228,0.023323486250498578,32.83006850309517,0.0699949528093226,48.62332347389498,0.005938643730767192,85.37273759015288,0.02576915539222021,-13.292218945817709,0.3274251415799633,-32.87788631372805,0.04105165703622965,-67.25607288685697,0.021487804942930643,15.84842347795827,0.016788911250869194,-30.047623240967607,0.02976052604673255,-69.4067872621254
342,6.84,0.15025411934792,-26.427136417675843,0.25675458038147386,33.95386802476989,0.1033224082697,78.01623637935718,0.007417585141206915,36.76524105042504,0.03814946630725307,48.62332347389498,0.013789187527104275,82.43698268202675,0.057103059331506174,-11.463926236741337,0.2645900380773697,-32.64749377822263,0.09520288026614432,-66.1389099315172,0.020557406715444274,16.459665026737746,0.005563753260049904,-30.062164569459526,0.028017484306609112,-69.80171914000749
343,6.86,0.06719872885367104,-27.8993678173985,0.27561083645058654,34.014442989304456,0.10256851011474788,77.95830274369004,0.07814525585396619,38.389386805086744,0.06013529666243671,48.62332347389498,0.00442446141874758,82.43698268202675,0.0399837915777394,-11.088298308504884,0.2797388025595672,-32.48233684539512,0.05344573977882002,-65.83387453595864,0.014390090977872121,16.83589623190563,0.017932298723446014,-30.200093411276633,0.05361317366581796,-70.84778532307435
344,6.88,0.04782348966265832,-27.822261166128783,0.10254678802001094,34.014442989304456,0.05080625383759458,77.95602528630216,0.14191662474356714,38.333447143030234,0.2022766937065464,35.85314971887056,0.029944808681620718,79.43914747281767,0.06140224477172917,-11.089860585656924,0.23708833719210268,-31.766399183340962,0.03429938658993727,-64.46119054065922,0.029380375746887236,17.197027132525186,0.17542571264950166,-31.38490024234015,0.1133115248034323,-71.12271513548536
345,6.9,0.02199908848495505,-27.431711246863493,0.12657874837891453,32.8025032599731,0.09756972757477485,77.8413666248501,0.07666745250102124,38.51133263700125,0.14204002314124992,34.00303498937495,0.07407218449521089,78.60139441644374,0.04722739341618686,-10.99507395825099,0.17841805990818912,-31.50225299854434,0.062468723770164714,-64.06823688366826,0.05555072930575174,17.397143411166894,0.14636572285690344,-31.536718612772233,0.04383529598196554,-71.01941772840175
346,6.92,0.041534873979144384,-27.82852408617387,0.12866603078496644,32.54274836145511,0.09102459222274173,77.8413666248501,0.05756751770364684,38.51133263700125,0.16479523162987322,33.21819924278031,0.054161377213501546,78.56030270712768,0.07344870788439449,-10.82991413947664,0.19767799047799067,-31.61894899022978,0.04229549556712884,-64.05504809854808,0.039885425932384304,17.782978147538756,0.14004129657295145,-31.887611989456296,0.028236717079827847,-71.47049370079974
347,6.94,0.18480675464294077,-28.161112087365865,0.14751547616141297,32.515686758271,0.07640749800678819,78.34360043262467,0.1498147584429736,37.99573721522053,0.20528325487880492,33.21154669159295,0.042678800396267876,78.54831667701787,0.004864868271725876,-10.702510743231619,0.24029369820659355,-31.61894899022978,0.06460105519965063,-63.83807989278891,0.0927044077962423,18.35993076156053,0.1541006622927074,-32.066014281101516,0.01455838542640306,-71.85519599697153
348,6.96,0.14784159674324976,-28.38890797347768,0.14220097378656546,32.5313188604574,0.08240286562823658,78.47837379668763,0.18720762195847618,37.562309821948205,0.18663931395715508,33.19758516823493,0.05561759638015095,78.4857951026995,0.025319386141178818,-10.254889226001518,0.24057018358871557,-31.61894899022978,0.08095790860173167,-63.605882831990534,0.05788092787398432,18.620631386572473,0.1677211469073407,-32.26739054557487,0.01159412632143151,-71.85519599697153
349,6.98,0.14387193068259146,-28.61123207640968,0.14127739222379462,32.5313188604574,0.07936602666582551,78.4870906927619,0.18954687151325547,37.49945610685202,0.18627370509303345,33.19705248026316,0.062329996296628616,78.38126237638237,0.03302282090716492,-10.122685170582116,0.23396893046735687,-31.76558986402262,0.08056338983564255,-63.56511450920362,0.053393425771099276,18.73848877392222,0.16561154364989114,-32.30063200034084,0.01566742311518241,-72.21878805003495
350,7.0,0.15272870742953643,-28.630907861965888,0.14265776118170234,32.53929332082022,0.06635438079470482,78.48516142263381,0.18003867524378867,37.47224123320036,0.18987688139876582,33.17836960448228,0.06180596808637892,78.36765590156679,0.026144628280675146,-10.08160972181419,0.22763404497403916,-31.76129704825297,0.06477410719015606,-63.56914592180093,0.06291092652037927,18.7522447112598,0.16466188018724265,-32.30063200034084,0.012306505321067855,-72.22748655731053
351,7.02,0.16435383548770524,-28.630907861965888,0.13229863224402452,31.146263575884547,0.0663373045326696,78.58711460570056,0.16819827567738677,36.58851732696925,0.19551901966673052,33.31764198591071,0.052877246439366546,78.36765590156679,0.01587329323806261,-12.65513144288447,0.22743517455763515,-37.34285304210673,0.06680503647986225,-66.26794493740542,0.07432671615812649,18.825349525175458,0.16355230069772386,-32.30063200034084,0.009638354140937782,-73.07822512266067
352,7.04,0.007242447469780666,-31.177655333200345,0.10230218806273222,30.42843228954796,0.011019825974073472,78.5382385781786,0.07583718890983646,36.27793574957055,0.30949023690764027,34.36719645497867,0.15853076523139567,80.01724944402429,0.018737903996119007,-14.771926360213454,0.06980690089355371,-38.54148074984913,0.006687827848837315,-73.45971119457316,0.16996674913541385,20.356076821839924,0.35755771016128024,-34.48950442218264,0.004497779393930874,-73.4498837583554
353,7.06,0.015666918652931038,-32.95880587900824,0.09561399112788538,30.253680604796173,0.0018569071213279428,78.44747604379384,0.03540252706457076,36.31332665948214,0.3920125233212722,35.207299590982515,0.12010794134484441,79.92593909525245,0.07388112211439637,-18.55591748905254,0.08667295729729914,-38.54148074984913,0.0069530199188882515,-80.0646603272804,0.09695250460888648,22.70284874316142,0.4346567628829537,-35.071762238085924,0.0049989045559057435,-73.46349044179509
354,7.08,0.04804577138051102,-33.47426293333773,0.07317756131095633,30.227442007412954,0.0022459057055893967,78.3861977007249,0.09435667733646778,37.03203336389877,0.42510671587277515,35.48740002613055,0.0538124291931029,79.92593909525245,0.09389764198257441,-18.90848100482138,0.0346972229522983,-49.42281540840629,0.013592044416847072,-82.8610088924559,0.19822329644385273,23.616388066448046,0.4289582614591107,-35.30633304879485,0.010008019501138934,-73.6136701948828
355,7.1,0.046669285192577736,-33.73084285066112,0.08032424941861697,30.09225474360864,0.001283708507993744,78.37724667608404,0.10349576575005799,37.368356756199994,0.4316517607184855,35.76435987022445,0.02491783264368914,79.16880367223354,0.07151676678562861,-19.2785828705564,0.06364954024121589,-49.42281540840629,0.009147266511945962,-83.48224367842347,0.18479626341958486,23.69053058358027,0.42222009819570855,-35.37705901014149,0.013587568108559323,-73.80382538607275
356,7.12,0.020404245454430064,-34.399606611220534,0.08879281711292152,29.844723135637572,0.0017103997842096582,78.77056992179665,0.07950014386476005,37.368356756199994,0.4292480320346771,35.7717667427878,0.018640348998460593,79.3645711274588,0.03634943546162664,-20.987275216933348,0.06800727318408782,-50.258569571223525,0.006283463987789056,-86.60114771572498,0.10658262035325364,23.464268332787764,0.39689370264578494,-35.4435846254351,0.0402628323160994,-74.69377976873004
357,7.14,0.05692948329929712,-35.68768526027215,0.1120582068520476,29.844723135637572,0.011738077677280637,78.86794545608448,0.13217479725641346,35.538022357631185,0.3827404211916999,35.59736266790983,0.11963715806393246,79.29087934393503,0.02380045467020202,-26.819399617748534,0.04179630769879571,-51.715065161549425,0.01127358908854249,-89.13478963452268,0.19174201263239002,23.464268332787764,0.3741602982674579,-35.29383657116707,0.008898005720339249,-74.93938373695362
358,7.16,0.02999063030323202,-36.53597255406239,0.08331855611471069,29.844723135637572,0.0043265074903107124,78.8778004005421,0.07761773078582368,35.538022357631185,0.36964364854758686,35.59736266790983,0.04135440455498437,78.57783419823257,0.05970537443107618,-27.21756119142678,0.05404008743017139,-51.715065161549425,0.0070347773977025635,-89.89975059361575,0.007322258662559845,24.092445527679693,0.3606201150993495,-34.860869039069634,0.013353031140998102,-75.12779062615122
359,7.18,0.03284456932469003,-36.608244764985784,0.03809280566915625,30.29828487322004,0.0012652419123479958,78.8778004005665,0.04956278288695217,34.282360564434036,0.32824318941015956,35.038127532590096,0.007817910681631304,78.23446131544279,0.08644873239611763,-27.39039693150686,0.027025501495158605,-52.751208929357865,0.06407087590492228,-89.99448088124987,0.07586815534910155,23.888505486838532,0.2793172964484735,-34.62633814237576,0.02417471685204231,-75.3360742665278
360,7.2,0.00281247124039731,-36.533443728682705,0.06213105919389886,30.29486017755003,0.004911886296369336,78.89211310820741,0.028064563889574023,33.944569507744106,0.33137384511895945,34.95358762100803,0.0012384914945935198,78.18489582264455,0.07048149535126208,-27.39039693150686,0.0057153870190635525,-52.751208929357865,0.04495046674710049,-89.99448088124987,0.1169493825236749,23.639370196061396,0.27752427155552783,-34.280116245589596,0.04436613619736962,-75.4956718510878
361,7.22,0.00646232406562867,-38.13038371975398,0.07106795447639679,30.616770255042987,0.00498735284285496,79.2010957460859,0.03672975064237733,33.944569507744106,0.3574768282188155,34.93719171529233,0.017670288654522946,78.25792566716414,0.07263496035413569,-29.54686805659934,0.012213891020880887,-51.558997122394466,0.02563272143383418,-85.36022184730881,0.11823511119426296,23.39756043864481,0.3056382980149451,-33.66963161053691,0.05320370971879617,-76.11345249149466
362,7.24,0.0633852241584593,-39.28043886630655,0.053642286389851974,30.502823955625196,0.012463544996285525,79.2010957460859,0.1472451716015733,32.667933917050796,0.21113856385373525,33.8153656457869,0.11129132154399682,78.25792566716414,0.13813761563165974,-34.72122882770212,0.10947767957981264,-51.558997122394466,0.043334592876676584,-81.79571323823795,0.39473147138223424,23.36928786728931,0.13090968120727212,-32.95277542115735,0.09768202280228964,-76.71163490473398
363,7.26,0.028836324651758574,-39.42140920522999,0.033584962981711895,30.502823955625196,0.003925773690506483,79.29840242099739,0.20762337333162323,32.826942578158494,0.21466513390634323,33.70172023605259,0.05827587625249603,78.03856338655201,0.10696131181107311,-36.8856746530285,0.2080778215119729,-37.1621783505097,0.14604845597573018,-79.25682740781102,0.22938211149763335,23.82728837349889,0.08740456791327121,-32.40650501675239,0.09976365077930215,-77.17964692537856
364,7.28,0.02025471984321753,-39.79311298267933,0.08038708499126214,31.52031415684956,0.003412236834650713,81.17287695207361,0.2072533636814978,32.77988251801612,0.29431258958868994,33.17796475333841,0.06484826636335103,77.68630221807997,0.12954210249471976,-37.604850193376976,0.01848852137806136,-35.0095320190113,0.03546790172685472,-78.35098444662586,0.2086792578279904,25.665551131622575,0.17480097936635808,-32.48384087527685,0.11065410393442737,-77.17964692537856
365,7.3,0.1454157766630437,-40.71135641095656,0.0894311781004757,31.764043027734058,0.22640977624791042,81.5977364626662,0.058492076637316426,32.77988251801612,0.11987562447853758,32.64758095093133,0.006136254452904791,77.28170892367514,0.09035976144597296,-38.20770419551602,0.16260316791131427,-33.801327002430455,0.08403909378908621,-78.25500309994513,0.00207031028562891,26.986013587749945,0.1653649998891827,-32.81799089477662,0.05160157408239307,-77.00823498018129
366,7.32,0.15954574022642776,-41.39563379416735,0.08014426303231646,31.764043027734058,0.21345930993144405,81.79285910819594,0.05064588151799393,30.685885523496662,0.12386444489809298,32.48797381520072,0.02042111088054634,76.6896969002184,0.08899900528635364,-37.899820248442445,0.16330837836654769,-33.2588779016426,0.12724142537122393,-78.25500309994513,0.016136220071767217,27.798259196658783,0.1536692230151244,-32.7190789256794,0.05169954676325162,-77.00823498018129
367,7.34,0.2238322512305204,-41.579426317834574,0.06332859686012425,31.764043027734058,0.17846288120610918,81.70812855448898,0.20317278504030428,30.220573112169212,0.14915971530105854,32.50309794980031,0.004336363385506406,76.42264849892985,0.1896599145363913,-37.72981564619533,0.19117660836426686,-33.24094932932228,0.06874370169819576,-78.42392979920952,0.14900758768320327,28.34053506415968,0.14587867152057124,-32.61348795827047,0.029882347674396643,-77.00823498018129
368,7.36,0.23238145280580344,-42.018376735969326,0.08045753865017698,31.797251363941974,0.1591241920379531,81.44205649540636,0.2124270761135344,30.173165126966932,0.14723837151741126,32.56897484496028,0.015530805031254268,76.22998422119491,0.19959263597812565,-37.53265382323285,0.19222918969353592,-33.20521417463877,0.053827894482171214,-78.54407090591926,0.1531167976540518,28.38250060637119,0.10775539315243819,-32.59353757296271,0.03213035934029689,-77.75313838891708
369,7.38,0.2266988907093208,-42.030227151731275,0.0642790027512741,31.797251363941974,0.13811731218946077,81.29896305517553,0.22083182347543506,30.166535780198075,0.16226125215164952,32.60051009275869,0.01674240631274414,76.1585692202601,0.15850247422712127,-37.57450520617053,0.1412546876315721,-33.20521417463877,0.014958181738467328,-78.76606660992502,0.1978070913517645,28.30660959864392,0.12904857589901125,-32.51684591106362,0.06259928380496597,-77.75313838891708
370,7.4,0.19954836014618205,-41.99396295701379,0.08896403114952058,31.80751514759602,0.13748465065544815,81.16129882419003,0.23981346922839028,30.187238074529276,0.1740523181991801,32.67362335638459,0.0004006577208652418,76.11635333900618,0.16612922442113223,-37.59904412148073,0.17650304255302177,-33.15697994388254,0.03261034066245288,-78.85829263478708,0.20571232391463304,28.256884244197984,0.12641117081765577,-32.51684591106362,0.059201903307953684,-77.8277215358884
371,7.42,0.20682653370955859,-38.82141033981704,0.07498419902118951,37.36614376075359,0.14406225715942345,86.11369251657504,0.23715027310944195,30.187238074529276,0.15173960036470835,33.374154400158304,0.006362555603536293,75.61985302350818,0.16553206842095125,-37.59904412148073,0.18252438871734036,-32.420861670520964,0.044981132955757855,-78.90890853922319,0.19394979491139083,29.70642840419355,0.13069783895009013,-32.43403208467152,0.04625318927448989,-78.12237024968951
372,7.44,0.07227927543245337,-33.06973692779277,0.07717576427445041,43.05962537236942,0.005691222575061765,86.45651150603318,0.34121111336268206,30.187238074529276,0.3574255292343603,33.697762463627,0.02895256983390494,75.63010987062043,0.12101523591137249,-35.60995434345405,0.07752780973916804,-31.97172205410576,0.003488768596800952,-78.6051892982561,0.18689747100735718,30.823846773855756,0.23998358255556498,-33.16273977486989,0.03954953271366038,-78.37946825801936
373,7.46,0.08858904757616623,-33.06973692779277,0.08180705933095142,48.5910277230052,0.0003435486154492022,89.4345060011094,0.2088353405682926,28.287348216734895,0.3905679997342692,34.774488723242875,0.11548636522874631,75.63010987062043,0.12185793669587192,-35.593809995495214,0.01878906787847741,-31.52718647448417,0.06960041746310859,-78.55225382931765,0.09680944304392823,31.866922274253664,0.3182539706285614,-34.052970511803906,0.11521665041956286,-79.19030618767417
374,7.48,0.07182517391763392,-28.43676095700649,3.489990173865723e-05,48.5910277230052,0.0010583972064985574,89.79196005633885,0.02656178157746118,25.131916788935794,0.3287361421411616,34.68450616296479,0.0946577470518072,76.1795748142997,0.03067488552477221,-36.16531503705959,0.08248680385996415,-30.609586856358867,0.0013638905479320066,-78.55225382931765,0.028948317169341424,33.375521211719665,0.339504435386764,-34.052970511803906,0.1523620211361466,-79.63921982290006
375,7.5,0.06947411073430354,-28.143632874265627,0.01879414601250353,51.145997518516225,0.0017207086507910235,89.9944808812118,0.14601347754007832,24.049809481975515,0.31290793524642607,34.567741727656674,0.05726770505866836,75.90279660215428,0.022084233330211926,-36.39686969386349,0.1106060639933722,-30.609586856358867,0.0075071339285369115,-78.86869543820251,0.14594398698508645,34.721196784245414,0.3281804712034749,-34.57150789981735,0.14737620512470068,-79.73936808669386
376,7.52,0.05843389329492538,-25.980134018806606,0.029827082270745153,51.1688702759247,0.0009712308487953336,87.56888162565377,0.14258752372717864,23.922054081576654,0.32215696761881835,34.39862848219688,0.036724402424188674,75.6607510533992,0.04018963637661051,-35.270484948217856,0.11073204476801664,-30.609586856358867,0.0062046835540909805,-78.65165639894673,0.19068364163645404,36.35997025515632,0.32351584010373635,-34.73548697482911,0.1423912259194659,-79.67071266242507
377,7.54,0.049865022399643126,-20.376587649696447,0.07429607015008041,50.76380215901898,0.008995177558591727,85.86849168399732,0.15494116659626606,23.3749851543836,0.3374175574138347,34.49281445768329,0.07273208145893778,75.00415223642132,0.018216421296006542,-34.28739388666592,0.0871024288644241,-29.947439943878475,0.005409778513823586,-78.46379352912112,0.13200435360226948,36.98373402386775,0.350058520501875,-34.73548697482911,0.05258371633755998,-79.62130081231841
378,7.56,0.0782591998679273,-19.570902600722707,0.058920653313647084,50.75726021326809,0.0014140751151645035,86.08536525444251,0.008245262331956878,22.17355238473852,0.3413606030449332,34.07747976107718,0.08575116414234646,74.96967047900526,0.004923176976247372,-33.82170268194433,0.10840352339331082,-29.997512769415337,0.0017998989005522268,-78.46379352912112,0.1305972771295046,37.719746691009924,0.3581267630789957,-35.06029476727247,0.11933736951620508,-79.88306050661937
379,7.58,0.1567760457362522,-19.804267241709937,0.18427089383362494,50.75726021326809,0.2095503082255754,86.56483697340785,0.09581885941676727,21.484231558020255,0.1761276353349615,33.74751241485197,0.014704725973449339,74.3018782136157,0.016036177728190732,-33.86700264598223,0.024370638471646437,-30.264852354518855,0.005562824067813807,-78.39558393836651,0.16572465024801297,38.05880942618365,0.3347975147212402,-34.80518503099043,0.07382283808095985,-79.3931372073855
380,7.6,0.060855602546419814,-19.478325926586486,0.07321715572649837,52.194676557289924,0.1205518892991715,86.41222255479056,0.0930790534488951,21.484231558020255,0.1653051486709218,32.969476600047415,0.019837683055907135,74.21494711818909,0.049387989867132116,-33.917611772904294,0.04250631208874742,-30.331650176186198,0.004969720632318157,-78.39558393835253,0.16319286343862244,38.16916857750604,0.26448817551275666,-34.35705744548237,0.013064460486026056,-79.22036934493293
381,7.62,0.03978784684378781,-18.09418206898415,0.04105691715672835,50.94829357237582,0.093930592451621,82.08088136687198,0.05482685784999253,21.265846785723358,0.20672236613943623,32.03940006945875,0.06100498132695491,74.21494711818909,0.0296595965990741,-32.903379353177705,0.059422531732846694,-30.830952260819487,0.005198777482670778,-78.12718794609398,0.12258978882062634,38.93550046733717,0.3007602395001444,-34.5585885474597,0.026217506057808697,-78.42260030211116
382,7.64,0.12857667092512723,-14.035555434442662,0.02631055273161332,42.557899616842235,0.1839765198896928,78.7846551667839,0.17405545746446582,21.127684257762965,0.14878178617002544,32.41764837303625,0.07212223263136634,73.48690116218393,0.010505518383729,-31.407799098094838,0.017723688886203244,-30.574678453816343,0.002943504836854083,-77.66841181798269,0.057957023953381696,39.623620577355005,0.2552320325784089,-34.355348262753296,0.10706547553359669,-78.31409847965372
383,7.66,0.017241684139757102,-11.675593170941399,0.034254824941033726,35.258444603103264,0.11399396010568989,70.07300083758581,0.05839529029226713,20.395130234401208,0.23243394923414856,32.96033601764846,0.1257343359906869,73.53009478872806,0.017119966779469985,-31.07479973492233,0.07330293656337537,-30.778128435627398,0.00258381184845797,-77.62929318557848,0.052607674522302514,39.88808315337709,0.3319343601295751,-34.31911729448022,0.003913623719585563,-78.78474635590858
384,7.68,0.07756679800758641,-11.675593170941399,0.1323210571589558,33.539572704509816,0.014921887222124753,67.0114421393711,0.039431390129615135,20.229126194148822,0.19292643785710137,32.492223667962534,0.028235160694751352,73.0320547236744,0.04036861912200172,-31.00815176775423,0.18846594212950835,-31.911998431431524,0.2327207802444659,-79.4455449765723,0.018784624778860216,39.70905737856364,0.12681743045337493,-33.09561249216516,0.005900759750249815,-78.92661068146005
385,7.7,0.15249419805730458,-11.685517622437697,0.12191339901424073,31.503955006357963,0.006440500881953983,65.65385180745042,0.081750960152903,20.349793720265883,0.108376447009196,32.23995823022397,0.044557552409471624,72.16999908945547,0.06608623399479212,-31.129931675018902,0.09050570803876416,-31.947715358320146,0.20167720277007933,-79.4455449765723,0.0459614976516491,39.337115474385605,0.05030046199696201,-32.31330121100378,0.011015628026901637,-78.94976412531541
386,7.72,0.13263579381255414,-11.81658976172499,0.15108886280673856,31.21738607716737,0.03197795137343938,65.36740863698925,0.0933107956181069,19.386814436484084,0.11294680382914034,31.938712189855586,0.0332721432553615,71.12481578320022,0.06095877763148543,-30.77520893568447,0.09894836994422095,-31.89739245270728,0.20206427619875045,-79.8649117743542,0.04314726035804409,39.638412595066924,0.10276633078950358,-32.16616288872622,0.008741243673939155,-78.80744517953966
387,7.74,0.12721121967371643,-11.732463968888593,0.1388826258971346,30.954526458964107,0.07690789939550326,65.35219899657655,0.12081431148761819,18.624450803979233,0.10276057702919848,31.543834996596033,0.0015036240301983391,70.8349824372928,0.184484032565532,-30.028896958338624,0.10138623763146855,-31.94039336920764,0.21968772685692875,-79.46442096536535,0.08728969105775891,40.0466686008525,0.09573791393118634,-32.13466082539335,0.03111493572040525,-78.80744517953966
388,7.76,0.11316608278419224,-11.732463968888593,0.16755358368362003,30.96877920059472,0.08042737908068787,65.37126565394202,0.053957629035242254,17.931305938914672,0.09685375573622466,31.456173004225835,0.015406616188401086,70.7320860604177,0.15852686045641212,-29.7509861910833,0.09848462686549783,-31.985697623588447,0.16946701501477124,-79.15753446177544,0.12244371759688967,40.0466686008525,0.12088177948874429,-32.18795360410258,0.009050432192323443,-78.78906037662885
389,7.78,0.09749738470305613,-11.480863410417603,0.18130034289232894,31.058214585875266,0.07915657419173422,65.38018146770601,0.0021315124135466864,17.378369895889087,0.0958769485242893,31.435382780333722,0.015897696969066125,70.702513498229,0.14540275694763508,-29.49707452356749,0.0980754617189456,-31.98606485809762,0.14178223242376345,-78.61208597569322,0.1409200190395915,40.0466686008525,0.13143823316838663,-32.18795360410258,0.0006811109877313436,-78.86005178243728
390,7.8,0.09390922785317886,-11.397495134116449,0.1860438456319258,31.058214585875266,0.07865253906282973,65.38063898433039,0.008110263339205323,17.241438594988864,0.09760293676224674,31.423859282519903,0.016800678286516546,70.69216097281323,0.14374094508745483,-29.43829672910314,0.09841558558780385,-32.01365832752982,0.13696874168250064,-78.30667741579649,0.14391368692908682,41.07459356393007,0.1347042163728422,-32.37835085814634,0.0024118884855111465,-78.94760920431709
391,7.82,0.09727493207150374,-12.123047602149047,0.18342375165925712,31.931324365982526,0.0688655071856749,65.99805546176202,0.023266552811335977,15.73401143110192,0.11073315016799148,31.33749935544818,0.01690315878474632,70.19210891072787,0.14637681433204444,-29.36593954420237,0.1033438784729282,-32.79126605885285,0.1472496445515822,-78.0972767268412,0.12800186870892857,41.039181516103994,0.13761172528360008,-36.787571683261305,0.005563268672841977,-82.24713318544856
392,7.84,0.03305513718107285,-12.39480494564295,0.30763324053518276,32.92529938165033,0.026501602419509978,66.50127467056404,0.005854750342951745,15.537876019539977,0.004218851054456922,30.306853930140104,0.05771898641990674,69.11268340026102,0.3456696999611901,-28.805665452840568,0.30216736286115287,-33.79214407714712,0.2435632304874524,-78.4964810281942,0.0713926120583861,32.23123461694068,0.10223570174265462,-38.285856318076135,0.007809562606491592,-85.89795207637931
393,7.86,0.039097467990812554,-12.865436175379296,0.3599262991059904,33.30181952953329,0.1554350419652047,68.15583421653389,0.006371175270835363,14.818225387813053,0.05254853716566098,30.306853930140104,0.03566909003379526,68.55222220050243,0.1844642306592685,-27.30743433621447,0.3252011222107759,-34.04024001422584,0.27852244981740015,-78.6144613518339,0.10670612579268991,29.60763181128132,0.10175210045925424,-47.29437768284711,0.004029406250514101,-85.89795207637931
394,7.88,0.09277620664381726,-13.13544572441057,0.32879590436897366,33.17203944738059,0.16878551045200818,68.48110411568575,0.017017773808573826,14.642198529470773,0.06703325449228595,29.380523542463834,0.010655574067752572,68.52549420442365,0.015442631529957762,-27.30743433621447,0.264894952131857,-33.9096477243513,0.23241380535304573,-78.2162124003761,0.08308742164298524,28.812320837919938,0.0159346959114102,-50.34722571296596,0.0012185147366915669,-89.34672303382285
395,7.9,0.12267410986579841,-13.59752937255474,0.28457617900260807,33.089229905946844,0.17056843763309548,68.719597024627,0.004149935277184191,14.629493586171458,0.08962909289708883,29.050916769765372,0.010014378490323642,68.51670652849369,0.10219893381669153,-24.40101336777776,0.25413574098967595,-33.9096477243513,0.1894331521703353,-77.90478914764478,0.06745949911634919,28.101112440267247,0.03581177250422126,-51.42063265406176,0.0033625561004482604,-89.61930130481285
396,7.92,0.13646499155583852,-14.554365465146109,0.28267005899976966,33.43753771278258,0.17916883225363728,69.13458940723406,0.006721212411064605,13.848476819868592,0.0937876383498092,28.77407501367641,0.009646479195587634,67.95069140180918,0.08100359498393088,-24.490954523314738,0.27121313545493847,-33.89302100237589,0.16024621848643342,-77.69007686547252,0.0557231825642474,26.029469395712066,0.049423331140446884,-50.78413321476199,0.0038259626345325207,-87.39725700285138
397,7.94,0.10778388102857818,-15.282749917820885,0.3281091954664788,33.62533487802344,0.06764884836724512,69.81510086698968,0.015029080016175353,12.932995384235353,0.04984122717884045,28.782868873833255,0.00432679652669429,67.35087074432964,0.22103486922878415,-24.41724898308537,0.2922796110389363,-33.964450241916516,0.20645581988013714,-76.95683453741685,0.025163119425466098,21.283833441407197,0.0839314143208246,-50.78413321476199,0.008774173547862146,-85.85603866510948
398,7.96,0.08841888094005748,-15.464538265229548,0.3318000165923067,33.62533487802344,0.15562574683421432,70.55364379833892,1.2333134301230712e-05,12.57122721109546,0.08908832611935096,28.782868873833255,0.003373153042457718,66.64598995567913,0.0623323561486258,-23.153506019656618,0.305720217653064,-34.034427891370726,0.20170373511751935,-76.66811548347567,0.08108126375255952,19.226115762114006,0.07900180518475336,-50.52121865613605,0.001693762763207789,-84.98076342414727
399,7.98,0.09540035645053929,-15.603024777300709,0.309010442817495,33.600806431602685,0.19928407861547492,70.55364379833892,0.008197849771507658,12.427175220983527,0.0995728421620002,28.512598911586903,0.008180420885371412,66.62149377666492,0.023342656324262863,-22.309243294593557,0.30818375617905003,-34.17036551810918,0.17259941536892331,-76.40184076192018,0.06774667332607602,18.57028400228188,0.0699560270558618,-50.46979924458199,0.004681461461871821,-84.81302851342735
