Time_Step,Time_s,FR_hip_torque,FR_knee_torque,FR_foot_torque,BR_hip_torque,BR_knee_torque,BR_foot_torque,BL_hip_torque,BL_knee_torque,BL_foot_torque,FL_hip_torque,FL_knee_torque,FL_foot_torque
0,0.0,0.014090118556858162,0.14221488981875707,0.04013651492677585,0.05775834254233043,0.157103059943231,0.034775582787602025,0.06375941767996067,0.06616310062322898,0.12429537362777539,0.08421699385212764,0.1569776346085762,0.04934910060582155
1,0.02,0.014105089108424075,0.14216150095243404,0.04017806348070735,0.05777759108990046,0.15710607079660632,0.034801692329750514,0.06377930879808433,0.06609983992508027,0.1243486759738711,0.08423138708697328,0.1569633414453028,0.04939646582892541
2,0.04,0.01412006028327164,0.14210811383708197,0.04021961176977986,0.05779683898435952,0.15710908163246462,0.03482779975840718,0.06379919984360836,0.06603658267146026,0.1244019759000332,0.08424577879243264,0.15694904731216672,0.04944383025675358
3,0.06,0.014135032418845192,0.14205472944612288,0.04026115986432687,0.05781608605107347,0.15711209214050814,0.034853903980070836,0.06381909097529291,0.06597333078884902,0.12445527244624834,0.08426016826041521,0.15693475128756806,0.049491193615163756
4,0.08,0.014150004865841741,0.14200134595730254,0.04030270762829645,0.057835332625264343,0.1571151029187814,0.034880007036648154,0.06383898188811299,0.06591008063335778,0.12450856741404455,0.08427455683773001,0.15692045510731187,0.04953855643205826
5,0.1,0.014164977962281385,0.14194800473880306,0.040344255131237544,0.05785457853229547,0.15711811365480777,0.03490605058914851,0.063858872743466,0.0658468962353755,0.1245618258820167,0.08428891924166332,0.15690611934136092,0.04958591843433824
6,0.12,0.01417995205086355,0.14189458547251324,0.0403858024448017,0.057873823595711096,0.15712112403186798,0.03493220542904849,0.06387876370252174,0.06578359307088606,0.12461514888378174,0.08430332853231633,0.15689185866909763,0.04963327934331645
7,0.14,0.014194926460690531,0.14184120775028,0.04042734942835835,0.05789306816094214,0.15712413466966949,0.03495830153919528,0.06389865445018839,0.06572035415338523,0.12466843615715306,0.0843177122196522,0.1568775591354114,0.049680639704548446
8,0.16,0.014209902394548184,0.14178784426364305,0.04046889632481657,0.057912311609601266,0.15712714443892906,0.03498438016090645,0.06391854556354482,0.06565713089025726,0.12472171343538697,0.08433208551645213,0.156863249420936,0.049727998565402276
9,0.18,0.014224877605449613,0.14173445855826663,0.040510442686841105,0.05793155509561871,0.157130155466249,0.03501048638896467,0.06393843595813821,0.06559388865520117,0.12477500237696378,0.08434647427569948,0.156848956167625,0.049775357682048826
10,0.2,0.014239854039884136,0.14168108621404668,0.04055198889835076,0.05795079761972587,0.1571331659022765,0.035036576113279344,0.06395832657790908,0.06553066033932932,0.12482828218447183,0.08436085327679096,0.15683465356817058,0.04982271554305786
11,0.22,0.014254831986291105,0.14162772772296006,0.0405935350200294,0.05797003903361463,0.1571361754808442,0.03506264880401646,0.06397821755951758,0.06546744787746826,0.12488155211415951,0.08437522223930963,0.15682034100027606,0.049870071912231084
12,0.24,0.14809945637508523,0.32157252490582244,0.04904879814420207,0.014147349514458247,0.07395668076535115,0.00258009231742522,0.09701270699408526,0.2656288585020692,0.20684225263578512,0.013660834420385766,0.08773543691415185,0.014671200974641582
13,0.26,0.10062709207190274,0.40191258332347307,0.11722562307325118,0.06936829511413764,0.11020070517568444,0.008373442126950214,0.09848038578470321,0.37235723036578855,0.20418989025102036,0.007010489426437618,0.09717942352907291,0.008268041104451325
14,0.28,0.22112095147106914,0.36322957836250946,0.15825484247246466,0.07769699752141897,0.04636544338372869,0.010885849793818774,0.1215250626337557,0.39388092843443817,0.10414759127002486,0.025653799667736666,0.06106052508883074,0.001781876397502647
15,0.3,0.2230725510581947,0.31606604401794497,0.19999375724443544,0.06677486305776542,0.07281917739039626,0.008501448022960533,0.10745803461422422,0.38885660428671864,0.03716571192130759,0.02474773353285601,0.06436786953828015,0.002585185645612258
16,0.32,0.16872634646604445,0.2981922910749786,0.224104158258407,0.034593073285655765,0.0567079555946331,0.005688027587739927,0.09057965349327415,0.35481232036607485,0.011087713554237986,0.06778354073802494,0.009829640726633565,0.014362311380137448
17,0.34,0.09370035311869275,0.2889047360493462,0.15221530676002598,0.04350030664110252,0.05428486275659287,0.01170827678988401,0.1319789078087241,0.3315123872001905,0.11467598308972654,0.02956749252118947,0.08869870527942918,0.015064441009647538
18,0.36,0.08042254890370971,0.2859359303136155,0.15868108451828086,0.07530661965185131,0.06921886118513615,0.006907304912628012,0.1215652440096893,0.33552282212604717,0.05085783860536899,0.006576661346721055,0.06785983724433957,0.006958290613337584
19,0.38,0.1732137690704442,0.3027234018076322,0.17535896430749112,0.06154159977743789,0.07015730219865436,0.00388945715471343,0.0804298346577041,0.3588773717961437,0.014270804977517221,0.031654397416581374,0.020027295463252087,0.0690637680659729
20,0.4,0.185091043698639,0.291891578922973,0.17231871287789943,0.047958415720226744,0.073478987121184,0.00610465917960052,0.04005018865756518,0.34583373944358475,0.009269314531038552,0.0073107937265268425,0.025678110379713834,0.03606699513401282
21,0.42,0.13881628145681282,0.3264229938269644,0.178944063640066,0.022774326599586836,0.06522699699085373,0.006271661476009093,0.02121873603880999,0.33161150577232007,0.029026297756969268,0.026545634650110526,0.013214530312641722,0.027056014928237556
22,0.44,0.1628039174627002,0.28090216871999774,0.08804209699687036,0.011612047219856493,0.03789062433337835,0.013839507729424359,0.05968858616512244,0.2843804857162122,0.06804495070251136,0.01342142445081885,0.0081799009314927,0.03200201028604855
23,0.46,0.0613334697744571,0.29801145676183644,0.09446462978639937,0.0785185183075674,0.06325537986524082,0.0036054741821424084,0.045762008120143596,0.30441202873681533,0.030250060968363714,0.010018991044183191,0.020953908651095976,0.050174019147378485
24,0.48,0.056329061884211766,0.1205722490210051,0.05929672851052416,0.13433301182080862,0.21240389733717469,0.11572197078193529,0.05235759312228458,0.18199901686589856,0.08298230211405386,0.04990631915420569,0.19806981546442984,0.09263825176236522
25,0.5,0.08464953648143025,0.10771354937092309,0.05719846408371732,0.11070558884999547,0.21188445932768138,0.11675352314387125,0.06389810169430721,0.17103412707584686,0.08965563570608535,0.05059056799687212,0.1673321370939079,0.043343435807830503
26,0.52,0.10139041101468435,0.1155563828619158,0.05921275272624788,0.0952062234877274,0.23750281463956457,0.09348002568506722,0.08701297197257889,0.20196517607709533,0.057435664805146946,0.02383502670347756,0.1677454616531027,0.02949782105849811
27,0.54,0.19693061806136689,0.11908221648198362,0.06326118159137206,0.15308230883462223,0.21398154360955798,0.019084103428633852,0.011438467740305424,0.24841114053187985,0.0827963481880031,0.08803333603626709,0.18650493419731926,0.019330714638755693
28,0.56,0.18739763367294196,0.12789829236767336,0.0637240867998971,0.20093495620865795,0.2536196978510237,0.10147360479535782,0.01411428015244531,0.23785058916380458,0.10391275976412571,0.0635635892396194,0.19543839874743174,0.008054506269030313
29,0.58,0.17897281474374316,0.12626148896357603,0.057587361808979366,0.2059001246453465,0.25340520148182194,0.10352975390377578,0.022428693325103874,0.23242948391787815,0.10543481317719233,0.05821998935614197,0.19374668489179292,0.014644290503630622
30,0.6,0.18584886163880376,0.12662627287419506,0.044376257249021465,0.19875208782444415,0.2557282921062037,0.10270877874441775,0.01590357042477057,0.22576630024284974,0.09076572831334771,0.06666996674474365,0.1923802857502862,0.011299963695484893
31,0.62,0.19800642394557452,0.11608030655476467,0.047344513465416724,0.1873426025639063,0.2606018057808583,0.09396473063374938,0.004447241622486062,0.22578262425771625,0.09254876752577,0.07737289156572613,0.19178230702208326,0.0066263177587591315
32,0.64,0.013576495349329278,0.10402757932056167,0.011966027522009308,0.10684137842109079,0.3553000745241193,0.10903771588289335,0.010543619061541935,0.06866015394574501,0.007631082855165733,0.1728356735320791,0.3742859561556587,0.003791028459280624
33,0.66,0.01683244230552185,0.09350392147783343,0.004536575588381355,0.019567888198311092,0.4144418923421894,0.067902176885233,0.07392161921566166,0.0880932542402877,0.007946868167750322,0.09994477275858264,0.4612708027370846,0.019014528209403893
34,0.68,0.05210040548096815,0.07149602397414657,0.002098832382359414,0.0875319761006726,0.4546892434904286,0.012665772652214838,0.09350502751004938,0.03539220288964419,0.013270614058347468,0.19849023652776962,0.45561700519595477,0.04161131109761903
35,0.7,0.04849354305838756,0.08335636496501082,0.0006124731688871625,0.10489670712623052,0.4653075091048261,0.008978646420733908,0.0709239540748146,0.06446576315931474,0.009160958762513336,0.18185002285721416,0.4484788452329082,0.016008298066058853
36,0.72,0.02307189195820094,0.09203438665720227,0.002040432653456551,0.09295754332717104,0.4608820862039195,0.010179704640726435,0.035707914043468104,0.06812481416411599,0.0065445153300465195,0.0978413142539433,0.4264423049852402,0.007227905127112893
37,0.74,0.05744914073916702,0.11585355501707902,0.012683656382529815,0.13070224538854155,0.4139648115163113,0.09087819446883508,0.02231682511709328,0.04231097503545173,0.011764609973812616,0.206437574454236,0.4064024777398908,0.023746872529134957
38,0.76,0.04617576472402939,0.03814998685376134,0.0012604919214744097,0.09870886526228519,0.36242601003982905,0.007407970115339295,0.08734132293139908,0.08282034232889038,0.007758338729793016,0.12499265717741728,0.3241809096116114,0.03460493606612277
39,0.781,0.002399678178055864,0.06481573122173032,0.005203580079745496,0.045006841668532964,0.37555291810807184,0.04026074609075372,0.09332759173356253,0.024709505090368507,0.001143597313557121,0.14999653729705073,0.30561494354779173,0.014983427040429015
40,0.8,0.002399678178055864,0.06481573122173032,0.005203580079745496,0.045006841668532964,0.37555291810807184,0.04026074609075372,0.09332759173356253,0.024709505090368507,0.001143597313557121,0.14999653729705073,0.30561494354779173,0.014983427040429015
41,0.82,0.002783803918504478,0.07345272406292155,0.005249868418715772,0.04824573294863299,0.39989933760136587,0.02714265307972837,0.08102839610097479,0.0035949526212718593,0.0009296014196769751,0.129391022626662,0.3311652920368277,0.02697017064913716
42,0.84,0.05970074686957437,0.05503311161821839,0.014422509065672095,0.14870529129789395,0.26033651881136594,0.06799333045354536,0.12935084349026071,0.09430377948352327,0.04102230182344353,0.41255748231267986,0.15948807949768817,0.07696067317662499
43,0.86,0.027323165379085863,0.030556247748964482,0.002481985116677976,0.21001278575093324,0.2485432049197857,0.005932106460110694,0.17253311632464116,0.22861064471947223,0.20313264647270668,0.24060107220874802,0.12144170026211043,0.07648998876949054
44,0.88,0.022208079315644048,0.08682122474583544,0.005844010737000594,0.2157025427967795,0.32107722516624615,0.029150280909557312,0.19789831256348442,0.016643306406982472,0.2905561479488859,0.2513091033808268,0.22221692200168291,0.09483116778549044
45,0.9,0.1370177190570407,0.07586229972603463,0.21979945008998417,0.06605755136325618,0.16619113218912837,0.03237097503986011,0.13522564535038084,0.15838038750645453,0.03891002334156534,0.05855511256806642,0.19328317646520723,0.031730258136123866
46,0.92,0.14211607269791768,0.062317849591945675,0.19969913660944755,0.06900289803314258,0.17989430787048125,0.05056135152403469,0.1542242875970927,0.19837686233695337,0.18513783852502752,0.04351774573003168,0.18179525644354008,0.038337138159844714
47,0.94,0.20979407306704423,0.0347821897632427,0.1609336675463433,0.2418465296293199,0.20219442366225096,0.029888732654188184,0.25380310318948734,0.2371354878174369,0.13690845004948882,0.21935501548066022,0.17202402591773605,0.033571223638623
48,0.96,0.22609318869170422,0.05788373164242542,0.14198379437633085,0.2328132502593312,0.20580281801317896,0.04524165763678383,0.2486488694740704,0.21789716853569435,0.11943511052250771,0.2325648583041346,0.16743649818807949,0.05537297744769707
49,0.98,0.2097325581395101,0.07255568272016404,0.12848738957347358,0.25688256062447967,0.21843149116432997,0.04420561147849681,0.24752536681011303,0.2133889329240259,0.11122157584631734,0.2516495901316127,0.1653117619629002,0.058301908253057845
50,1.0,0.1980782009956762,0.052388324487282874,0.12250755785872659,0.2576793488808003,0.21513041488619788,0.03214425486895719,0.23121335084345215,0.227595332803832,0.1125843852291771,0.2567053732955861,0.16086573579433797,0.04339861549875555
51,1.02,0.1958644015285998,0.061144630520460576,0.11799925270505449,0.2577370435329206,0.2142718507120316,0.02796802096194742,0.2285943820559966,0.23048258053183004,0.11677942014377324,0.2563985892228775,0.1733632600668681,0.043566151329472606
52,1.04,0.07586401974697507,0.08560597518141791,0.007037078554662732,0.39144684534882535,0.40696901860752344,0.00942215592925604,0.1769947742559799,0.11870933426798906,0.08351068697814887,0.2312845350747559,0.2584404763050734,0.033131456094425284
53,1.06,0.09050881143222664,0.08259640791767037,0.0010178227360975812,0.24480311504695165,0.4288339993774795,0.07411779408813482,0.16748164398973148,0.06283784405079752,0.1105767601038734,0.1437785898899639,0.3312193940353105,0.11610002320643292
54,1.08,0.06519511801686564,0.0012884801270725173,0.0010863816456301559,0.0055905124088397925,0.3611685363710774,0.041568399383617456,0.0658013231056233,0.03533363069011668,0.025318805693010128,0.021286190749563554,0.3313986508316554,0.14868903963947
55,1.1,0.06291289710566612,0.02336977728856283,0.0030659353124727943,0.13349907881565076,0.3343974337774454,0.017854218212820273,0.017367910674574726,0.10521975270040866,0.009127650530486212,0.11054917956761626,0.32454159018716355,0.13610269791645774
56,1.12,0.05824474376160452,0.031151766178122636,0.0014336030224217867,0.15368325636474864,0.3422594718773362,0.00786771895517189,0.04304356347893377,0.11223860832868242,0.008268004951310307,0.18410519502062106,0.34215129518886034,0.11654620467888371
57,1.14,0.0624317410645086,0.07263755120178067,0.008837013515333801,0.13660718260375826,0.36672538340276034,0.04693658945552779,0.00879569251253008,0.08962774985715298,0.004217537704876557,0.14446785977509846,0.38174789268030496,0.027707827558752555
58,1.16,0.07871156240321289,0.05818848036550669,0.0011001092870584382,0.02370346747652442,0.3696218175352992,0.06235256007828758,0.00022557709194922596,0.1154560784007969,0.004162932796452611,0.1425196098436129,0.39531925428099995,0.09163779382882033
59,1.18,0.06298727913541909,0.04661544768642631,0.0011088950873617766,0.09134632460679315,0.35089000512388385,0.048643852063742554,0.0012267487129365715,0.11078084285559323,0.006597605860195306,0.13162063414492428,0.361006446657518,0.10653005926181627
60,1.2,0.0990673651965544,0.16323578851893752,0.1409144316665228,0.13225294128833914,0.18398439059505278,0.024677811837288302,0.037301863974958126,0.022820559386554376,0.00512420305433696,0.1615053103502489,0.30891719692538244,0.02162365413762765
61,1.22,0.0474242732900067,0.08709143129138061,0.08922466606426628,0.09107913371849666,0.19192923768932574,0.010089886038534704,0.044961740111991236,0.039761025044875546,0.005308818561646447,0.13497527963522124,0.28224726307078485,0.02286523317964037
62,1.24,0.15672561103636423,0.014771202641213677,0.19349954151838678,0.15546882452519542,0.11893194463040035,0.03673855889195824,0.00026581799565409726,0.009362326044251145,0.0026806878591006493,0.0727887070936004,0.2647495913634216,0.1631103478218105
63,1.26,0.03342513437700863,0.01605200516910267,0.11762309561769511,0.0419062644702643,0.22883566260321692,0.10600692596377495,0.01027608746516868,0.068487446750681,0.004070917652159702,0.05853085587824182,0.3547005338438187,0.050795126389097216
64,1.28,0.08839422713431308,0.14767222824264312,0.056408275520981564,0.03428308312605961,0.2684691088051166,0.05027662395990142,0.028985076256416848,0.23089333535793874,0.25626560273442084,0.005119016419581284,0.2161784493021281,0.02418036403876775
65,1.3,0.16207172625319738,0.1478474015678491,0.07021705708020191,0.09981317306009968,0.15261208405975885,0.035414743815602695,0.0581329630129288,0.08111747547444156,0.1920071873401261,0.033806405633561534,0.15050401428261803,0.05719992894463321
66,1.32,0.138558671828417,0.17797177413193688,0.04082463164278964,0.1021110791253505,0.15927467227411143,0.023724974202600262,0.05305402922237135,0.09251797676629114,0.16753259887843788,0.025233820714817418,0.17743091484439663,0.056320780697934385
67,1.34,0.19035079382856418,0.15748189852506714,0.02460642349552957,0.1627393530445048,0.14637691575838255,0.013595740255693494,0.168788295057002,0.10064318268185564,0.17028056150550414,0.09858284774807408,0.17173413527442305,0.07640811682442941
68,1.36,0.16459386154450048,0.17831599379765026,0.03512176153470908,0.09695709624646781,0.13220632687026546,0.016709964059600894,0.14378550608640275,0.09645891822284691,0.1207240696762007,0.13316141066773954,0.1982586242615547,0.06568912578377414
69,1.38,0.14742083129288985,0.1858507441244126,0.03297262324724115,0.0490006655563762,0.13169223954078044,0.018072359772567593,0.13283183804103027,0.09706006504425438,0.09309289008803354,0.15025672758081582,0.204580499233035,0.04939159570662618
70,1.4,0.14329700478325566,0.19117172377415884,0.0323813763494574,0.039112170986272475,0.13330744998012078,0.018749783593034506,0.1315807518510568,0.09780190374589715,0.08829952267903234,0.15216797195314574,0.20836157617069775,0.04511005706936675
71,1.42,0.1473173793273461,0.18963171076581992,0.021699890941983498,0.06469671165396823,0.13533684904130075,0.01890407425111477,0.1444413835844229,0.09765782002179804,0.10692452729923319,0.1348745576200623,0.19910505558420147,0.04616376352047097
72,1.44,0.06402599167707371,0.33163218168743275,0.0004116357980943245,0.0032006623703225746,0.03829523768186821,0.020830928642212563,0.29277097986282224,0.3000516739713405,0.1813561931733343,0.05159751822755393,0.10411541191645879,0.010370635961405111
73,1.46,0.04403024011347826,0.38990024240501686,0.13980303801589702,0.021055826455324424,0.060651223167811165,0.02047862626047453,0.1913344955784347,0.37728091982584766,0.24364907209045364,0.11258297397176327,0.10122484971750241,0.006700219476917172
74,1.48,0.08960465148772817,0.3651107628939527,0.1432120500422045,0.017758383617676798,0.06683999156288417,0.014516310229711974,3.809789459519304e-05,0.3212529387926381,0.1908085038679819,0.07862936166572018,0.02835548744711184,0.002278852274453798
75,1.5,0.11261289803005156,0.3192114815170567,0.14137910702169598,0.011746729320605057,0.09277653851896593,0.010092167161087873,0.08589107430836394,0.2951284881907178,0.14852639861163155,0.061213559065098795,0.04362626299436273,0.003883969974372038
76,1.52,0.12433732937541533,0.31232168585957565,0.14451380805284564,0.004580242102328246,0.09209388164083564,0.009523125488618356,0.07841583826373949,0.31258020153684984,0.11513189640139224,0.05124118488125154,0.05409706724849591,0.0044647133375099075
77,1.54,0.09479242287524973,0.362243707226767,0.044695404909520446,0.024503165893235025,0.06097423452849769,0.0062033596681651025,0.2158688230499888,0.33468011193797836,0.15307829307807508,0.0312072538083548,0.0942824748078726,0.006489716385323427
78,1.56,0.07021108850377679,0.35775240292779,0.13129791956007886,0.007376275661065058,0.07796645209495456,0.0082604833814652,0.05514954193355853,0.34842291327529507,0.14889000235488914,0.08605116950732469,0.08011590425572732,0.0024507799951713444
79,1.58,0.08808835037460802,0.3298064189570059,0.16637585046024397,0.00850829670438042,0.09797678176867279,0.008329742331495091,0.033138942908482606,0.34551142710037097,0.12132508054769443,0.07057006773774611,0.07169340902255769,0.005317636811343556
80,1.6,0.10619299998909208,0.31789557449516503,0.17273178919550242,0.0010986351761277965,0.0964932480997603,0.008997867650033393,0.049780656092830826,0.3467800082021424,0.09581668438979117,0.05315770591553132,0.06747749149731455,0.005484040503423616
81,1.62,0.11663770920917182,0.31154886556898165,0.16534386537222498,0.010041969121125125,0.09083611559510829,0.007677448183028705,0.005766478841931585,0.3481683971473882,0.08696010600552492,0.028879992522088754,0.06785851188509781,0.005743520330459313
82,1.64,0.09894413613035784,0.33972852983893786,0.00170492498271301,0.017035198506809224,0.059253878249365344,0.00376435431177098,0.21856806208186305,0.30054877171039684,0.1412381495405129,0.006902826441928944,0.07338180561002274,0.002115063475288138
83,1.66,0.11581031674841537,0.4213479836914762,0.09390732178701522,0.026850720497805514,0.1362725744457022,0.05230379691397848,0.020583287451161208,0.1772975356229819,0.10569830983793034,0.1982336302703259,0.590318894437139,0.303947909659926
84,1.68,0.08855753985274628,0.10678630229746076,0.057743017869607845,0.044836223746772125,0.17728208391810732,0.04460497567315274,0.06506156601099983,0.06687067374401401,0.010977648126519501,0.08230927514691941,0.1317788479545705,0.002580977158065701
85,1.7,0.06400926843677637,0.11826458707489639,0.03692991535210264,0.02976869843597702,0.15445170718299497,0.08091479613567466,0.02648708750591284,0.06878762226772793,0.012390698148541362,0.12773023139453457,0.17995685302011832,0.024648662281835498
86,1.72,0.038607010834794855,0.13643182115573838,0.0316838744007172,0.024165981225250835,0.16448026329206775,0.09655019520237765,0.0184516872992127,0.08433737826924002,0.0003373681589877386,0.11383551747901773,0.20460610523759826,0.03239199574595999
87,1.74,0.06739777646179014,0.1703254116626883,0.09145524685360776,0.03422081405962754,0.2014817939314056,0.07556633738827366,0.08210124806789282,0.07577544862220437,0.03707611034175759,0.12564786753482912,0.18607225768460992,0.056277918523854296
88,1.76,0.038456448022228154,0.18117758801011372,0.06012156004605577,0.05408185533621673,0.19924516132399636,0.04257473723623141,0.06691943443862047,0.08989727028851524,0.03887089859434936,0.1293838229067562,0.1918351003045164,0.050724463907160754
89,1.78,0.020955060818716884,0.18527080503267118,0.045304728987362854,0.06252450216029565,0.2002244730012724,0.02034924465517612,0.03510672562212753,0.09451870482032101,0.035682952272561436,0.12303395497493048,0.2032925734067951,0.044280438334110224
90,1.8,0.016930672506398063,0.18600951552746262,0.04342469476341332,0.06340446963579688,0.20009112421688277,0.013453606399678394,0.02673425157702249,0.09592710087271031,0.03677665611920335,0.11890452852774464,0.20381958184675134,0.04372890256083129
91,1.82,0.022042857671448902,0.1861012120002911,0.0460082550407818,0.060184166788172504,0.1998839094831028,0.027423978930832555,0.035401648322898695,0.09294628450889221,0.044140526948421716,0.11975804127596743,0.20342419798198697,0.04512483088039899
92,1.84,0.14323207811761168,0.378865829808437,0.02833435040642149,0.007224527443410936,0.07302038722272924,0.0033616583413368798,0.07028688459127441,0.2914830435431443,0.17791683024105087,0.01703210962609904,0.06373306248583199,0.00013516729233496207
93,1.86,0.10181973004892715,0.4509191224151821,0.052517337390419826,0.06650174577870524,0.11106898357875494,0.008739424782608063,0.08014800112308221,0.4043159949566762,0.1507922995156851,0.012240622544311438,0.09691465680054763,0.007813761429127219
94,1.88,0.20698917055344182,0.4044912867677702,0.1064810569419737,0.0797327938527108,0.052126405336041785,0.011333825575104652,0.10681765787396265,0.4380667223209496,0.041479024140148944,0.026004826475760974,0.06384947288722327,0.0023614117548449638
95,1.9,0.20521547488761147,0.3716746325259668,0.15174610641922714,0.06624804904929252,0.06878464911790678,0.009453961532626157,0.0883525445540422,0.4246100727388093,0.032063064936646526,0.06098934910356355,0.003310131525144156,0.009310119569401115
96,1.92,0.17275261062390812,0.3410722975386215,0.14852673433690874,0.03819155063668106,0.06389158094736654,0.005962583101483906,0.08494697014647719,0.39729321112582106,0.04697837802695021,0.08664872531915056,0.0024988599374376214,0.015870926295051654
97,1.94,0.10248443060463747,0.3304631819712504,0.08924491909201177,0.0482006539191894,0.05716237497533289,0.009771734259324419,0.12917062929959314,0.38168250615275656,0.09050566547953584,0.030934695241817023,0.09142834504759807,0.01642174891812241
98,1.96,0.05787759633260103,0.3299539443974087,0.10229149062941938,0.07706266186188816,0.07011311646356082,0.006705786564724033,0.12073415886718009,0.3736745379171774,0.005316004848917233,0.01046974678686112,0.0690358696234769,0.007272557210991701
99,1.98,0.1361735018551445,0.3460508101346597,0.1315569727667015,0.056162385589096746,0.0856595022225249,0.006273564775497069,0.08222104862856083,0.4102168012105812,0.026943054299316465,0.01256802256877495,0.06519903702120045,0.003923753438888202
100,2.0,0.15300951307207963,0.33533500154614315,0.13975462590868795,0.042237911213168694,0.06745820898379346,0.005433518194684829,0.043688607544619534,0.39274031380529245,0.03843516813903001,0.028243516119039053,0.016114057728275358,0.04012865203452196
101,2.02,0.12063930109196336,0.33258859230901483,0.12292353066612267,0.01985566766215349,0.06979219855548166,0.006281629331291594,0.023548082809240284,0.38155652333620654,0.015910818689443267,0.021939522670985874,0.017967600033930324,0.026787530568763547
102,2.04,0.1804653757983703,0.299447443293295,0.05028939096315397,0.006914270466276776,0.03584085534577558,0.01278646599656572,0.05175057731998369,0.3098440688099855,0.0581422872489724,0.01311398069817761,0.0040284095966287795,0.026971361916248267
103,2.06,0.04356711009371247,0.31636544864572475,0.045161593502918984,0.08056159469835246,0.05835255251889144,0.003998892342170374,0.04458719160551686,0.31897883285496514,0.010254766745799278,0.002599868699346947,0.01672044302925699,0.05260360596040715
104,2.08,0.09685064419873948,0.13183808418698462,0.018648914375573686,0.1475670390735726,0.22179533338296517,0.13351747464079428,0.04571933303364915,0.18092578375582608,0.12526917264718615,0.060943213452105995,0.20160545961738519,0.09146669815525607
105,2.1,0.12284345164361371,0.12250252490151402,0.0156462906350773,0.12555107118028683,0.23525226410108802,0.12291452872432257,0.06644502879838493,0.18384910829464077,0.12355375298984023,0.057749295830727444,0.17900677747051183,0.047459466209290396
106,2.12,0.14146696580604332,0.13030497310868833,0.01684341618401298,0.10790015584368512,0.2616961879226566,0.09777804311586179,0.0861078532484063,0.21615989003767141,0.09308374628000819,0.03002530030892558,0.17807694361815038,0.03323469620817956
107,2.14,0.19103619663712346,0.1272005107568109,0.03669417997510646,0.164478131333965,0.27852273707485475,0.09792421860914705,0.007913539020171667,0.25570620477442657,0.11198306358817042,0.08171430524392401,0.198836831035551,0.020349348254597575
108,2.16,0.20508047658248746,0.13139447942903987,0.03314104635956413,0.18648445077774295,0.27621015473311866,0.10720649080836982,0.014227925063004198,0.2518633288597053,0.12478472580348386,0.05935968526753333,0.20349341648524336,0.0027414444226385856
109,2.18,0.1924997354591564,0.13577272005925548,0.028700184275385947,0.1987895189290693,0.26890493099790863,0.11035635572764212,0.016447549847574953,0.24601602016261753,0.12981184271498036,0.0600772655021276,0.20225608963823574,0.006280832514537652
110,2.2,0.1981769202748859,0.14018690806208617,0.017245212807956174,0.19153046821400127,0.2725864809449027,0.10788505670926009,0.01531927999830899,0.2360223464107364,0.11599585738020796,0.06425529583066916,0.20133378074338093,0.00551191808938309
111,2.22,0.20689895574505315,0.12687576650940027,0.01978118803683345,0.1806236055777707,0.2719981108198614,0.09534354927494756,0.010050164467139085,0.23779224379385527,0.11924691008951674,0.07632233939066471,0.20242830758965927,0.0036373492582795547
112,2.24,0.013100697159890613,0.10518017741758083,0.01305870928852608,0.10911553613857375,0.3474995152299926,0.0990296021480192,0.022570635835176215,0.07066783142677405,0.007601955879113008,0.1830140562185574,0.37889640307194133,0.007156281733564525
113,2.26,0.016463585451690303,0.09294270562019138,0.002723133976910293,0.01181440540727104,0.4192886047209201,0.06135137410335181,0.07401341529604065,0.08634418479730427,0.007950778502941217,0.08925883282772629,0.4564092391406401,0.025390516407891115
114,2.28,0.05089480264379126,0.0709764048798644,0.0017985971446474625,0.08164843664411535,0.4575531444947444,0.004428168335714449,0.09427743682967407,0.03364976361298599,0.014130046736422328,0.19357928143667294,0.45664944774564914,0.046279306347061774
115,2.3,0.04821400080312014,0.08322666068210756,0.00044486908536238754,0.09956202293193187,0.4695929409088367,0.016194801126957117,0.07191820460315623,0.06419918401987952,0.00959602800203366,0.1811526315282125,0.4520505548121315,0.021018880009434346
116,2.32,0.02262921890088232,0.09218428690708057,0.0020370549479688956,0.08863436881905089,0.46607919339631715,0.016489536555703545,0.036492556382876774,0.06836267045267073,0.006740607899776463,0.09925583897300093,0.4312224981955522,0.0014368437492908498
117,2.34,0.05935188195835683,0.11589950088333426,0.012699044352783202,0.13360265331919272,0.41984913019131154,0.08468763145165702,0.023857574217594952,0.04252529591556966,0.011771584572492125,0.20576993610388972,0.4130853282337591,0.030774492787891253
118,2.36,0.047433753924349994,0.03481809235829754,0.00037558582289104876,0.09893032828975673,0.3738299889595118,0.012475129768049889,0.087735912099224,0.0883491385192672,0.010092111637286877,0.11074420262299493,0.33480037936006984,0.03991104665147462
119,2.38,0.02409508107592035,0.048821495502548225,0.003229896080955753,0.06068881714346181,0.3528949966699693,0.044946483850863916,0.09188963350124915,0.047865213258719126,0.000991472905920573,0.14195632203791908,0.3000576309750583,0.02006785219693687
120,2.4,0.0022570871996347537,0.06528418866683758,0.005210531113237845,0.042024150287257166,0.3811168578321155,0.04657961900570367,0.0928137738596632,0.0245199590730938,0.000883026104007414,0.15061509655048255,0.30925296724197043,0.00976274946548983
121,2.42,0.0032382470050588263,0.07288655181275502,0.00520341733362817,0.045132728159121636,0.4040104264315181,0.038407920880983076,0.08294769187984342,0.005142411531088859,0.0030411032954398578,0.13226307573159482,0.3343829321955396,0.022017621192663178
122,2.44,0.059044591682944854,0.056118219292797124,0.013927220433267341,0.14461348126670096,0.2630869652955541,0.06257928372207965,0.12767146965233123,0.11174616748163219,0.03245266548674519,0.4182367486978699,0.16076792205841553,0.07618800363716811
123,2.46,0.02582528043774039,0.03044696432451129,0.0023076724106729,0.20956551132258905,0.2493971801709744,0.00011814071158929543,0.19144012124634774,0.23195159449894093,0.21392968836882936,0.24707374741931085,0.12383660984593936,0.0768660893237938
124,2.48,0.01781504403534864,0.08339543322559313,0.0046153701426319945,0.2217490523164672,0.3230885733684642,0.02389841981674458,0.21364060624867542,0.04090792980599466,0.10123888107057159,0.2628415780555178,0.22623280108253396,0.09276444065569713
125,2.5,0.13697714581337106,0.07238975379169595,0.2204018429262296,0.06303538900907868,0.16315127628224452,0.03172776928783343,0.1635428821391226,0.188982144828257,0.20483693558426944,0.0742809560493006,0.20247412267758308,0.029506905988495803
126,2.52,0.13800184491737785,0.062023975004728844,0.19812409650325677,0.07217964879077612,0.1840632690623221,0.05266850286288675,0.1686858130973022,0.20638794342846736,0.1946812607010732,0.057060056668714824,0.1834946351840636,0.035456740820434623
127,2.54,0.20772595095742985,0.03822722065834594,0.1582374975616242,0.24465811922625638,0.2128868560490007,0.030785207458831523,0.266934028155043,0.24110955230871695,0.14656232101933395,0.23208359831699504,0.16515405486304988,0.029681197422957998
128,2.56,0.22167089437403353,0.059042941435119047,0.13788544500084793,0.23777189710443253,0.21013898939437484,0.05081664934239957,0.26449419388376705,0.2282290189090967,0.1320243626253236,0.24595530842697486,0.17039045511578638,0.05719546385514529
129,2.58,0.21011226459239138,0.0638081055283717,0.12446288863574118,0.25962510549521606,0.21826100701935397,0.05324507604530539,0.2596303008539095,0.2322741455397712,0.12157767736825686,0.26516372922248194,0.164985975265476,0.059437335774956794
130,2.6,0.19597810198252263,0.049914792412075214,0.12175266128236664,0.2618743625541889,0.22098867454725488,0.03799185718344091,0.2454248227127768,0.23527894132550203,0.12236851726380481,0.2709830159022136,0.15692987668065977,0.0491847959760977
131,2.62,0.19415479144154768,0.04986384097057996,0.12848229232951192,0.26268416821401347,0.21817761361289145,0.03501750356722591,0.24400176540905694,0.23730571409814485,0.13059732572468147,0.27127355611717097,0.1638571232872267,0.04155017161397377
132,2.64,0.07729089877472992,0.08673449163937999,0.006835246025634269,0.4009019842396159,0.4105356555578387,0.013034876835723687,0.19225082306672084,0.128435973415963,0.09645549611133518,0.24340978453877893,0.25509238948674595,0.037559863399695796
133,2.66,0.08980279575917793,0.08159356055029626,0.0009672105749551553,0.24789206244256123,0.42961577549386715,0.07266576015931306,0.18069722495884236,0.07290287255471117,0.11858299450322417,0.15752911886320367,0.3287208829666999,0.1182975854832626
134,2.68,0.0667471179747671,0.0005172219160202711,0.0007401907756702497,0.006219263225952294,0.3642930904770492,0.04995374803808498,0.07456875449649233,0.023701560590410703,0.01246082293392663,0.03391139130161965,0.32848963468505366,0.14946984817418785
135,2.7,0.06337010746874726,0.02386778143343432,0.0033132378578120828,0.13253088132520913,0.3352256538032446,0.01585184469469786,0.014457478881458258,0.10433053839226501,0.009140129435620583,0.10106170412567088,0.3232390964173308,0.13538403857122316
136,2.72,0.05741261958151504,0.031212791463916194,0.0015482538444560844,0.1524289035081741,0.3424945946552932,0.00548804158363499,0.04388527866354735,0.11210487942743412,0.008383304476018105,0.18174950010292,0.34239223916879724,0.11411025609553534
137,2.74,0.053488193510356656,0.072710714831884,0.009483139656041285,0.14283562252588655,0.3644153733467806,0.04543144576182379,0.00845014446082172,0.08920174646912458,0.004282868987921235,0.15038664829635867,0.3812401177758349,0.02094862279534381
138,2.76,0.08015764223017285,0.05834457282677025,0.0013882998753108027,0.020370304086835146,0.36939950997476045,0.06290739868069385,0.003884165132388357,0.1157278674283371,0.004026466138502322,0.1481371630531932,0.39795197844612,0.08715599414307475
139,2.78,0.07078930761656313,0.05567945755338011,0.010237826655248198,0.08899605848536064,0.34546134212116386,0.04898298300951655,0.00040734937214759675,0.09754999290325342,0.006160442402368848,0.12807412275212268,0.2863041798588026,0.08234355537532344
140,2.8,0.10366674456570944,0.1701430946337929,0.12953388133795998,0.13188543926750668,0.18705025875059866,0.02197313471468207,0.03744439426128694,0.022278150733902158,0.005035479671403902,0.1660905102573654,0.3097838967773503,0.019453795587447743
141,2.82,0.049592906312956035,0.09033735438354368,0.08443019359458277,0.09105710148766216,0.1876978539248682,0.01002126519730841,0.04492532267306209,0.04019210969841349,0.00525356389333396,0.13965333179402573,0.28704663992529644,0.025304757350886393
142,2.84,0.1676647130433918,0.019786887059493163,0.18852266918408267,0.15899393739108916,0.11670577853507128,0.037369112991993504,0.0005467206198613375,0.009146131530599054,0.0026227904760726525,0.07712140299660557,0.26821226961772876,0.16821120411536303
143,2.86,0.03828291238772128,0.010441582401312889,0.12044916312846109,0.04935623078299726,0.22249698243673252,0.10741191109754951,0.009797795938668854,0.06532927806470762,0.0038333625924656866,0.06040759362324244,0.363462513269292,0.052331926159573376
144,2.88,0.09445309204047145,0.150691893919169,0.062329914581152064,0.041736462895833035,0.26831807247601974,0.05518389212941087,0.027882577492304578,0.22686971359301192,0.25383701905801664,0.008910773458854647,0.2163095814901555,0.03232967533893907
145,2.9,0.16652049795817514,0.15155930838165882,0.07701378465796199,0.1059080104076497,0.15029039389186427,0.03000142396827089,0.058065964326938904,0.07496209888943073,0.1891670376813718,0.02995290666595713,0.15482076993556998,0.06160426000104534
146,2.92,0.1462674009941673,0.18177435938068903,0.04517104280313219,0.10239088328321803,0.15039181023429946,0.019118586029724223,0.05624056291755563,0.08684681045362809,0.16738592083564466,0.023158094411731507,0.18074419952080392,0.06260679900506134
147,2.94,0.1958432019854742,0.1599550707167099,0.022492224621761873,0.15734167836363996,0.13558597638909953,0.012328428086969354,0.17006293070466602,0.09880033523698427,0.1719102316310758,0.10229322815471174,0.1797538065241056,0.08279563529755302
148,2.96,0.1691770376905954,0.1810041183494372,0.03439770652027752,0.09569358201995255,0.12837302572733952,0.02099388913944085,0.14605313470015893,0.09463360393117823,0.12345233570303195,0.13588784858068625,0.2013425638174558,0.07459531393555295
149,2.98,0.15249162383321424,0.18951718740075124,0.030234195078828276,0.048399054011333445,0.1280728276666655,0.020984110626870837,0.13468913399554033,0.09530676238420177,0.09800628464614664,0.15225946585933733,0.2082491816055566,0.058099239908049126
150,3.0,0.14921401420197652,0.1952276104957667,0.02917990965881568,0.039326846683559624,0.12995593592502513,0.02060775959057434,0.13345544966107134,0.09572075214843523,0.09450653114002991,0.15400475651864654,0.2118112685116355,0.05262117510194509
151,3.02,0.15321965371967847,0.19419986794838534,0.01868463265315822,0.06534155584226241,0.13445754078483052,0.020487396320680282,0.14071323702519337,0.09337788451327664,0.11328234989868836,0.1370044716243373,0.20763942218314052,0.05349693686598196
152,3.04,0.06545259397395638,0.3400746632861774,0.0005008203045118179,0.0015918628854503388,0.03795428771667179,0.02105605637052899,0.30504855111341034,0.30425193161922587,0.1958846458671697,0.053388269217000406,0.10665025314891485,0.009772802958477635
153,3.06,0.04545708878102897,0.38929565288157586,0.1379479023082246,0.021934635921048787,0.06306557445250123,0.026577039243640917,0.19118104004713868,0.37517953988663216,0.25011587738716734,0.10929934367941746,0.07531397555311121,0.005441166294107104
154,3.08,0.08966487638211312,0.3627037660983244,0.13805498043132453,0.018620976490657044,0.06264504611854041,0.020011132389764204,0.0017545847690095956,0.3143256319142456,0.192038059018053,0.07691035163572893,0.029301498427454258,0.002265403683936175
155,3.1,0.10737859792443595,0.32115915079670476,0.13638162888535976,0.012421298362385676,0.08919772462034856,0.009703135916152792,0.08713167819119058,0.2997541261097394,0.142812105806335,0.06189542589008668,0.04361913183963734,0.003952502917866368
156,3.12,0.11796150459031542,0.31850138860950705,0.13980033862399815,0.003781092234195038,0.09280178940928575,0.009618452199720852,0.07973405506943104,0.31714402604905767,0.10923236340075063,0.05175442980763659,0.05503877892022027,0.004729431376888271
157,3.14,0.0782831300777371,0.35402397489386966,0.03964867689737613,0.013191225665403244,0.04560479733521937,0.0021769795252367698,0.21195095131406733,0.3347946292596334,0.1431742264270693,0.03853178919896439,0.08192607969268899,0.004458707061104787
158,3.16,0.06750945095304368,0.3592262707386837,0.13068829819834055,0.007179927202511212,0.07911888174141651,0.00785421929222452,0.047530654764657135,0.3528207837134776,0.14056804279323518,0.08529792650072208,0.08057156681849809,0.0030409256398487897
159,3.18,0.08947253606925308,0.333189996553563,0.16326842589890259,0.008306042387677686,0.09810429008804815,0.008440594425473359,0.03945111068597763,0.3495044226665057,0.11438999610175472,0.06982704455058739,0.07124804871727605,0.005232862152916002
160,3.2,0.10988604225264864,0.3185731211960762,0.16877307659230867,0.0032714157936834885,0.09652658322211521,0.009039020235084181,0.051895283620338066,0.34673439083418933,0.09175754010973279,0.05195715018813981,0.06671441399546124,0.005327514432086663
161,3.22,0.11965402604063564,0.31261571601366406,0.16091578876556525,0.010625225145705939,0.09069259344931294,0.007646529148514766,0.00691089981363414,0.3489255317202478,0.08348383536249124,0.02837640272232686,0.06743445197305908,0.0055617642144251064
162,3.24,0.09946411608657926,0.3424154935813185,0.00529256348298533,0.015868710764964,0.05947377141722885,0.004089880660024537,0.21722179139258435,0.3045931685368501,0.1382366691418649,0.007620517120646548,0.07366245335526446,0.0021127068584733356
163,3.26,0.13589284092596438,0.4293074443542303,0.07784770462782131,0.01683332867778797,0.06811845019622226,0.003285811099905757,0.0013934382476724137,0.15863317422377046,0.09660690802450073,0.17213486814063791,0.5318952044163471,0.45437087821906796
164,3.28,0.08805044760602587,0.10970025569423027,0.06472258128897544,0.04758212842831029,0.17644707656118827,0.048568275774934264,0.0668726901184155,0.07070750296164394,0.005142562832106892,0.08625104562058522,0.13459669538105973,0.0014754520754995434
165,3.3,0.06434859508405544,0.12194914562584752,0.045300027763957564,0.0321868609224002,0.15407399776202044,0.08490369276487235,0.026430540091207735,0.07139786688822591,0.017948530336467112,0.12873808884537005,0.1824348090814163,0.026034965363564238
166,3.32,0.03741846772054557,0.14124490504056877,0.036032635782098595,0.024641390316810265,0.16512765187589462,0.09572950287349008,0.01651367354835001,0.08770977082455457,0.004465532425938215,0.1144187221257708,0.2063260668787526,0.031649213727038314
167,3.34,0.06779952520592328,0.17470070674724913,0.09705328422257856,0.03436529668091574,0.19992739049314306,0.07572775636776129,0.08288654960695661,0.07676443830426041,0.035335211770156826,0.12657828857099798,0.18662425222626522,0.053295190530287494
168,3.36,0.037726546703370695,0.18762039866419725,0.06376993751908278,0.05600407511623828,0.19943923283328105,0.04331137274399499,0.06590258481019842,0.08138527100176818,0.03486228264559219,0.131906678685187,0.2039880456488686,0.0470234631091827
169,3.38,0.01956474022825965,0.19134148861126143,0.05221204641833245,0.06537832471004217,0.19996596640112668,0.02055902902344486,0.033875248855245114,0.09592893195764125,0.03137318376389113,0.13159325828825127,0.20585669382193045,0.041593428315376164
170,3.4,0.015928993857756465,0.19228149912758355,0.05183609431568102,0.06531190791115007,0.20016973791004677,0.014285272367924394,0.027062406819516903,0.09694891906937915,0.03341328541983269,0.12557885278545705,0.20655038514472787,0.04238765656338441
171,3.42,0.03242617895706781,0.1851840497742049,0.06587609329668884,0.05605512341561975,0.19979007041623292,0.030428362746186835,0.03601341182694161,0.08586538711824455,0.041940329698470585,0.12136474389788436,0.2040860392932483,0.05003739046735768
172,3.44,0.14522206832287501,0.3797164231758223,0.04068064905643272,0.004051790302594632,0.06626794367499751,0.0038502680093839637,0.05935682191004177,0.3056303674444889,0.19884054931981054,0.024761660291002047,0.0564823869752129,0.0054643575432593286
173,3.46,0.10271105365436022,0.45657470417712664,0.04172674025675069,0.06674906236448779,0.11111835902781987,0.00869184337954052,0.08255585701923497,0.403758793861331,0.14988427805469645,0.009527188210873042,0.09601615104967183,0.007694264710094536
174,3.48,0.20607532797300354,0.4079749491192158,0.0989915118738675,0.08028340088186567,0.05237675249832469,0.011333080077763525,0.10783140191382103,0.4399392763768516,0.0389625926264548,0.027973720137039665,0.06366576433599556,0.0022929739613589163
175,3.5,0.2018104114873971,0.38024506908934,0.15704610386621173,0.06530202306997578,0.06899226838674287,0.009456145116288617,0.08774309626988055,0.42912249174065187,0.03760185362106247,0.0657066180006726,0.007481329842837766,0.00446592758085698
176,3.52,0.18064875165127764,0.34264271633295035,0.1449621542069568,0.039067563880142354,0.0639372574445101,0.005779783491865851,0.08807655002672407,0.40054376373146894,0.05257911238437407,0.08851994035555168,0.002889121551969753,0.018017346461442922
177,3.54,0.1004974257457791,0.34094609511117424,0.08983872008184189,0.04427447250156641,0.060032912540916326,0.01148381866321681,0.1344450418936629,0.3687884637353956,0.08453335847946378,0.03172047380686844,0.09387335734845953,0.015720629055693772
178,3.56,0.05875619778227303,0.32553897574580515,0.1000373465151969,0.0757364811632039,0.07127240463885415,0.008401521605905645,0.11166005136198226,0.3010166512700639,0.08058701120364832,0.011997896917914636,0.06168255393391021,0.007339284019381751
179,3.58,0.13497688647419293,0.34578116105021556,0.13115513590788322,0.05629507088546682,0.08544507042334494,0.006262806480222674,0.0807522423088206,0.4102983451561055,0.02893471559957853,0.011778935026910912,0.06506254227743904,0.003962450235542256
180,3.6,0.1519892223294254,0.3365046966039525,0.1406967951002198,0.04125692124984617,0.0670127205560784,0.005473990683012601,0.042202565831932146,0.3936446487783688,0.040306889536044804,0.029452866491062078,0.013463201500610377,0.04081898515329512
181,3.62,0.13093775440964628,0.3335405434815793,0.12255157347349238,0.019536243379147705,0.06946207891289352,0.006306569238090598,0.022253959435591084,0.38186261533877697,0.017697276233178613,0.022209981736191285,0.01706688742070476,0.027079875638708884
182,3.64,0.1858180092384055,0.29846349616955686,0.04892045962602859,0.0037697548472845864,0.034423381795241126,0.013882759586804693,0.04839727084302797,0.3107476606855012,0.05931893403970703,0.011048027222682492,0.0067909525717607675,0.030638126276898766
183,3.66,0.03818716173821963,0.31651089194634086,0.04345805630260369,0.08303577058151793,0.05770214745355865,0.004499725533167685,0.04496618855139292,0.31614698202617914,0.009960363161478136,0.007227050678952962,0.017045823374151618,0.05395653016331548
184,3.68,0.09311755679425464,0.1336240159197353,0.017885404610746065,0.14722836952114648,0.22402044473669835,0.12855100033631384,0.04614856360342275,0.18605751787372343,0.12461245147795975,0.05929414328452171,0.20591993151355611,0.09314768230949472
185,3.7,0.12053953009450646,0.12224208448822234,0.014595064288679469,0.12401673420144359,0.23240690391204488,0.1229672806066862,0.0652315249922543,0.18334905409509086,0.1258460233854749,0.05729871856692401,0.17903075859876785,0.046380300360047956
186,3.72,0.13830135782927475,0.12906494853249462,0.014265337296056564,0.10618380061075176,0.2571968136489543,0.09502704152497488,0.08288756495465217,0.21388850392569142,0.09305670455828353,0.029679446694892166,0.17702123735497366,0.033890716908178416
187,3.74,0.18979510628279242,0.12907100039101962,0.034415163655469795,0.1653992615882131,0.27644750841793975,0.10003540755560848,0.006963688914397034,0.2583527520816057,0.11318160798170522,0.08220156229335752,0.20333011486589322,0.019027685171815606
188,3.76,0.20505480379795352,0.14013896846828405,0.031655665653659196,0.1853920834690258,0.2738440581237893,0.10332358027768263,0.01776515625712268,0.2498222305488096,0.1263647456335223,0.06002301789249466,0.20100183108857192,0.0031309639938613522
189,3.78,0.1920943279710536,0.13540624068941448,0.025649135454299723,0.19651141732314065,0.26860135452847184,0.10693706356116299,0.020173302437953164,0.2438902567755603,0.1297605765965618,0.060094919436425705,0.20363372985690747,0.0074622877621709355
190,3.8,0.1982188754814063,0.14649399395260712,0.0268606966709174,0.1890648431370825,0.2809786227263403,0.10525740314966746,0.01817473666205857,0.2346165820241552,0.12072872724559719,0.06466434398514448,0.20245730243086452,0.005413724851564317
191,3.82,0.20885586332378384,0.13803294215333167,0.021017466669412132,0.1770413371778232,0.2666375667530394,0.09110453736458157,0.004683041459667909,0.239745345934588,0.1162240643914748,0.06899936618620374,0.20544639229132736,0.004558763990470112
192,3.84,0.011425106081904479,0.10533660409991903,0.012828574023727491,0.09997514827432723,0.34846271065585593,0.10481192114911736,0.013405780973804375,0.0716495667183801,0.007767230722529231,0.1715124781859325,0.3834950180159645,0.009991197282274985
193,3.86,0.019270509394159505,0.09268340866044382,0.0024689762948261265,0.01810675160742206,0.42047634350022545,0.06474065805657996,0.07493877906569064,0.0765839494156223,0.006824633681103344,0.09793928812560145,0.4557297879692882,0.027620661047287654
194,3.88,0.05231249337431007,0.07150094037249222,0.0017829662175752568,0.08424418244419554,0.45549178742943525,0.006410949472459551,0.09328753688106109,0.03597715953745886,0.013869641432258654,0.1951976351516302,0.4557251140175887,0.04535119251876788
195,3.9,0.04736693458461093,0.08339348495769132,0.0003732606999474891,0.10001342687202486,0.4674390463399662,0.014064160552002256,0.07064629744982313,0.06495072753670467,0.009424676030872397,0.17972115873998892,0.4501252497916934,0.018533914563666716
196,3.92,0.022231987354426386,0.09214507641141409,0.0021681210621256873,0.08783332634622643,0.46391579073433453,0.014671483601971617,0.035600039684940875,0.06849124826400711,0.006692135274793994,0.09696893718487216,0.4288451968993788,0.004954137111848946
197,3.94,0.05847150949131337,0.11600585445884436,0.012828913521177345,0.13237763034192354,0.417300899270105,0.0867069381862158,0.02320763433034077,0.042354542291784446,0.011750099717403758,0.20746437078812188,0.40980511675626596,0.02796951561383265
198,3.96,0.046535009843033354,0.03855781812453064,0.00111378091886318,0.10129032079977224,0.36764183877898315,0.012122662471602964,0.08837006938553474,0.08556342765430722,0.0008382367407041159,0.12481383617880193,0.32813234749006115,0.03759459026698252
199,3.98,0.02338944744887633,0.0493134686560066,0.0034397667733267055,0.06572246383728889,0.3521039346669628,0.04439299962516153,0.09622997644438587,0.0518404206489814,0.0062962531808645455,0.14990028812409345,0.2963879909507143,0.016358787638086392
200,4.0,0.0028936021888874737,0.06524391707975695,0.005281926604420981,0.04784345153621474,0.3806310594822283,0.046676075929340935,0.09724232581240846,0.0281954177381255,0.005708990387205831,0.15533320234304634,0.30704204745152214,0.013744070367741473
201,4.02,0.0025531651665163966,0.07341136862261934,0.005274797107247766,0.05059864518432183,0.40433248148383405,0.03903061763378838,0.0860072570340357,0.00826136026465119,0.008444395796708084,0.13548659936124607,0.33190387591903603,0.025679611085722764
202,4.04,0.062021301934360486,0.057293636398997205,0.013337060558328168,0.15014200958841978,0.2614050023736795,0.06300832626124726,0.12882069688568848,0.13337445687097285,0.022627591205262865,0.42202922675516275,0.157321554699873,0.07525491106556462
203,4.06,0.025710456776418148,0.02811512504759333,0.001911215654559079,0.213417857646417,0.25073045723157444,0.0011503574796037914,0.20333704103587769,0.2395434053094554,0.22267299168227658,0.2515878169398058,0.12171171177291762,0.07681565961801715
204,4.08,0.016130455970849375,0.08568545589739424,0.0047222952758007326,0.22328223841380546,0.3240156965886642,0.025800986146459703,0.22119921931487785,0.03948670732342321,0.10781575143885379,0.26805754659749925,0.22148145581693782,0.09326094556991783
205,4.1,0.1400989774765722,0.07560293118376242,0.22125944359146485,0.06255044513197892,0.15960478659683236,0.03105479116284826,0.16777693835993143,0.18917512186863963,0.19889978868687852,0.08113543810216692,0.20307064507744962,0.02945771186383803
206,4.12,0.14140940151341608,0.06343912073595627,0.19977154452757268,0.07172535564597066,0.17962947316420594,0.05047537622104941,0.17079566790122946,0.2061928891501363,0.1946327551983939,0.06071671253965067,0.182764076134151,0.03336963984344316
207,4.14,0.21061483183163257,0.036230901850540224,0.16226793006397164,0.24325544471781538,0.20624360450203688,0.028453090422256185,0.2652049609540323,0.23832670418794197,0.14081814132278747,0.23244029375403777,0.1653516502143906,0.02529928266621735
208,4.16,0.20833896132955165,0.023481963745379888,0.06896633680693856,0.23371352148725022,0.21613927380132808,0.044577470508397374,0.25612852589511254,0.2215056981131833,0.12515789916119602,0.24728557224237951,0.1604929005586809,0.0525893841333048
209,4.18,0.21545923040644124,0.06098992783867264,0.12959195874452353,0.2454594556460421,0.2107948913118002,0.0498877783040152,0.2529550591443477,0.22403684336023377,0.11256330120318303,0.26224736013807165,0.1645626806611665,0.05448129343609215
210,4.2,0.19858695861522543,0.06295681031253629,0.12412696406412214,0.26012708836002163,0.2145417974611092,0.03620774350317204,0.24004094967941153,0.2328024661109882,0.11307761179650454,0.2675639416869198,0.16311115980349336,0.048502121361078544
211,4.22,0.1984738169492997,0.05111291021199381,0.13171761528619594,0.25945072368861627,0.21242321471865747,0.032446237350510714,0.23926154336992794,0.2332550981843393,0.12159684268813101,0.2673314650462043,0.16460997094654656,0.035753786699031086
212,4.24,0.07830392453074961,0.08621929319426816,0.0067909301742489995,0.3984952165261266,0.40759146956850506,0.011998251275919247,0.18815170374077628,0.12415991175837938,0.08614728807331248,0.2442446147818662,0.25624964425229846,0.030127308864510087
213,4.26,0.08978235592044734,0.08192047156185495,0.0009763327172866494,0.2441064930178721,0.4281430612297282,0.07525141243344628,0.17866478445457432,0.0668424953463685,0.11191249149542566,0.1561314687801099,0.33195738423058624,0.11257143763171668
214,4.28,0.06508458667747369,0.001565815930368595,0.00279780884121845,0.002239048147259094,0.3592035729845907,0.043069292274089836,0.0723917879874207,0.03668592217690449,0.08143299576572009,0.030582301177152063,0.33379785997418593,0.14470697784467623
215,4.3,0.06366201983085938,0.02313762108072401,0.003035745198842918,0.13590644438164914,0.3343064280929618,0.017779511269434396,0.01683112272977524,0.10528399197288646,0.009216548717484854,0.10762746865505775,0.3266646265897938,0.13141987956043294
216,4.32,0.05641052315146357,0.03019280370354309,0.0015561252822630985,0.1569607144644161,0.35666830959858276,0.0068925239778867085,0.04624137646805303,0.11093300140787518,0.005988754756585159,0.18579187643370929,0.3412314260263728,0.11222792276581679
217,4.34,0.06410508200896535,0.07165497487947432,0.009090087117555042,0.12874335482408356,0.3664262222216482,0.04478414362364072,0.007696252047045765,0.09053957579756257,0.004067462227294105,0.1492200604090433,0.38320253047425223,0.026738309986479167
218,4.36,0.08124942873064235,0.057641523457126226,0.0012066666200445946,0.03132634604836559,0.3722880912245422,0.059680513794382176,0.0023699744324273456,0.11568379578024303,0.004201553084897258,0.14721907357902597,0.3958114371135973,0.09245712793221868
219,4.38,0.06046536749672449,0.042441500285522654,0.0015964645277052048,0.0980141426796856,0.34727948231233435,0.04185571062703987,0.003960916108012979,0.11459273549727589,0.006828841755748793,0.13068649702055576,0.37081617527252775,0.11972534005286412
220,4.4,0.10005283757818043,0.15747972641056082,0.12315065106818152,0.12981281398184502,0.18298473071493115,0.027938480175105748,0.03923327919331727,0.0253015077876695,0.005024640958966326,0.1692250253088008,0.30486607958604406,0.011608753665610792
221,4.42,0.0458640993928644,0.08855922296020335,0.08096167421296639,0.08830726856362385,0.19532656931226372,0.01345526495880452,0.04541500832900282,0.040724088044477545,0.005149332067463434,0.13896417063762687,0.28941002376240044,0.027520682248798847
222,4.44,0.04520348243308895,0.01538052223321258,0.11580913068395828,0.1677473660350696,0.2309577984606941,0.10799384811787344,0.0018253837172595446,0.008648140810816536,0.002071220846925335,0.05648099786973172,0.3674176131608863,0.05803367278847352
223,4.46,0.04520348243308895,0.01538052223321258,0.11580913068395828,0.06036060574132441,0.2309577984606941,0.10799384811787344,0.013179066328272555,0.06831178856199806,0.003634883861643262,0.05648099786973172,0.3674176131608863,0.05803367278847352
224,4.48,0.0990384146811209,0.14850333760568785,0.0669449403271577,0.04646999011804568,0.2758294114070007,0.0551217492560861,0.02631543969279324,0.22992087081944154,0.2554125923273961,0.004852421302152945,0.21985505255024065,0.03643272464308709
225,4.5,0.17704621888439967,0.15102855624176695,0.07743349556910427,0.10335841168829751,0.14614929891637618,0.0323130621719849,0.06064647992752383,0.0704649396470722,0.19030258176650297,0.03600019701520178,0.16094112263474075,0.06938029095393418
226,4.52,0.15475779817475943,0.18191349888304584,0.03800158124906925,0.09616304712382791,0.14433514366077668,0.018223704100874698,0.0574517473270308,0.08393595874386829,0.16865102473709867,0.025196884272298506,0.186205457499959,0.07734736738610865
227,4.54,0.1889279844531259,0.15778940276913722,0.02721913359411944,0.14940718588967095,0.12976475954726102,0.016327512212038084,0.17208350588491914,0.09878038471887314,0.1730216215220656,0.09890221958245521,0.17980966299401027,0.09777303505608131
228,4.56,0.16460754580544756,0.18146078777798855,0.03919838173393035,0.08850365271862731,0.12316085900769567,0.024229432151680014,0.144488778141368,0.09344845647248284,0.12663269142109165,0.13417882140198456,0.2026655584928391,0.08378317245208722
229,4.58,0.14961556091486647,0.19090288552774037,0.03262083480445483,0.040016432665972324,0.12501041758062525,0.021865476807489844,0.13279859186924006,0.08513067965803349,0.10344114255961866,0.1502441883894568,0.20888430375784428,0.06261681859769064
230,4.6,0.14849036802339474,0.19767194307315425,0.028665507449959094,0.031483577676736124,0.1293277392420348,0.018270164876606477,0.13193702704635057,0.09248038932505832,0.10178614921739193,0.15083898785554858,0.21272965146836958,0.0546902896090322
231,4.62,0.15203975070836534,0.19656317156509845,0.020765318231002083,0.05883696365435936,0.13450163484713026,0.018144027242643714,0.1369203355714353,0.0893534314469912,0.12092132004743968,0.1339683968853959,0.21068278520317793,0.05619547492655487
232,4.64,0.06588811827687237,0.33467142871804645,0.005597529764572477,0.00048001205532261133,0.023654604830175004,0.020107599368750614,0.3140814181359504,0.29358766676950737,0.20285215887824842,0.07245566393045332,0.09902290621876053,0.009848731978293227
233,4.66,0.045144179490081315,0.38732876309906417,0.13463883286707262,0.016432790781697588,0.06914734126539167,0.004290561826599911,0.2034306456335466,0.3670894240284843,0.255618015746883,0.1091507606923959,0.09765712676386971,0.006749887451380885
234,4.68,0.08501236045280684,0.35136569639538406,0.1343743639810076,0.00918744683629209,0.05344441964516834,0.011065509965610251,0.0033751600644555133,0.3365879785555266,0.20198693937706844,0.07554754097245289,0.02171065483817356,0.0013039283301226818
235,4.7,0.10766150843786992,0.32215191817315625,0.13409390420982625,0.01368281508102831,0.08777206714192552,0.009258010868522954,0.08505448113867402,0.2974670972504416,0.14572321964833876,0.06248849807835291,0.042134954126115766,0.0037466651410175784
236,4.72,0.1180366700390711,0.31937973906129935,0.13702022938092687,0.003725442901093196,0.09301658640605998,0.0097301379935786,0.08159325379291094,0.31595393219677814,0.10901731133176301,0.051880523310281826,0.054398946097814725,0.004678919983312725
237,4.74,0.08598313066506356,0.3497279397621803,0.04476974215874835,0.01620644226728925,0.03612287715806104,0.05181181804416004,0.21537911703588203,0.3383585535541572,0.13527106458409913,0.03111249540447573,0.08528874088847609,0.008737021042916408
238,4.76,0.07083255219925685,0.3571696513464652,0.1350517100797846,0.0052264245966536175,0.0785263780855292,0.007819326559714115,0.049413755641988626,0.355281194047392,0.13614056492884366,0.08820959234709547,0.08095290145761778,0.002686434894978622
239,4.78,0.0906031836392128,0.33345710720020516,0.16187212648793892,0.006401356381841365,0.09799981763146035,0.008380808466597733,0.04042840006661716,0.3502628271675084,0.11195080776591809,0.0713547890671303,0.07113385164152958,0.005127802949221567
240,4.8,0.10873167808659999,0.32057443975489425,0.166269756278014,0.0006946894195009918,0.09678162644590056,0.009096324189895035,0.054296798773828155,0.347661135703241,0.09067632162858691,0.05288698528024496,0.06671902596687052,0.005289439942358503
241,4.82,0.11681337382711728,0.314695577363979,0.16024345088611947,0.01056602642692455,0.09090505843950379,0.007716637315062376,0.009109921477695718,0.35041228790074086,0.08307471619670892,0.02923185886725933,0.06755938787018692,0.0056892228122198095
242,4.84,0.09686346499187679,0.34396192599677894,0.006073536218401015,0.016855668083794753,0.060053851661001335,0.004049734400496126,0.21626523271207956,0.3007272836004641,0.13817187154987062,0.008454241230680774,0.07290834206903764,0.0021119563033291885
243,4.86,0.1331107750709109,0.41974967638185234,0.07303307016292059,0.020205129227123562,0.07102174358700317,0.004107763269732387,0.0020811489921390334,0.16909247580551928,0.10081283200597328,0.17218978296460916,0.5323208632137558,0.45106675282896963
244,4.88,0.08786612926033141,0.11187780986922564,0.06552071567284931,0.04579687025972146,0.17682999321270054,0.04792567578678646,0.06810241015785633,0.07091280308559181,0.004602173277831006,0.09012869509107953,0.13615077669294814,0.0017156582773168087
245,4.9,0.06433191784495801,0.12345173272316183,0.04788336084005618,0.030728239392805744,0.15461166170644247,0.0845426143454598,0.02626021530009047,0.07133580295851406,0.017987781187000312,0.1294332012782517,0.18301797218293978,0.02638821159069873
246,4.92,0.03650699997420062,0.14306086347956248,0.03855097289153831,0.023986335415380245,0.165811770030993,0.09455264142978007,0.016244374533875887,0.08761552268537309,0.004261887678417301,0.11502963667452805,0.20664857134788212,0.031403908688442485
247,4.94,0.06869331196185177,0.17645008931002926,0.09903325073551775,0.035599846646477855,0.19962669191159807,0.07509744409191428,0.08330122664909957,0.07634168480934658,0.03663027846997777,0.1262352643687783,0.18706878360400522,0.051321876191769464
248,4.96,0.038823797039960015,0.18929800597663346,0.06827815718665764,0.058057084546911684,0.19863888378703937,0.04286704646493265,0.06601363745563708,0.09192153829143075,0.03507801091806519,0.13717607780161736,0.19520789120812074,0.04736716754939523
249,4.98,0.02035424043238491,0.19295449163881592,0.05437372413600321,0.06738398827253855,0.19996506550902632,0.02110663271653757,0.03575598093996837,0.09568178262156202,0.03152042986723714,0.13434362537122016,0.20626056270402113,0.040296154852225256
250,5.0,0.01691228762313931,0.1941822047789701,0.05406287845377153,0.06676765098006388,0.20010120501018266,0.014322185927183387,0.028391721449405296,0.09672786053986232,0.034090134173950334,0.1272486679515057,0.20701337148358073,0.041325150717980805
251,5.02,0.02300880025449112,0.18961032853371074,0.06347414244600616,0.05510877760643629,0.19935517896914262,0.01999065179195403,0.036781065396819176,0.08891089933103802,0.045131812894537486,0.12362595245416311,0.20373276660058626,0.04566274736358898
252,5.04,0.15779196412587035,0.38015319984332924,0.04378115993593885,0.019290373278117688,0.07051726254214169,0.002908706686972892,0.06800319784184493,0.28620361468364397,0.17368170772104682,0.02626296388739362,0.05677533988331483,0.01206579776425221
253,5.06,0.0909016741737389,0.45828467688409713,0.03671645862398493,0.06596693486158797,0.11103720528495926,0.008796988378116063,0.07942019355488161,0.40286637405216297,0.1532671222556813,0.012235753465952163,0.09758526450172801,0.008201002427521486
254,5.08,0.20278327451460623,0.413617189426606,0.09451201443628739,0.07993839453826729,0.050943830906218845,0.011573087471184202,0.1064064527171985,0.4423214701290115,0.04249539326024678,0.026321109676291282,0.06404499389243558,0.0023650010559811197
255,5.1,0.20422383502891664,0.3784228388425131,0.15350292649536984,0.06706847778488398,0.06891234603470653,0.009478495801946053,0.0876446512847927,0.42972733276283676,0.036862690526458505,0.06358521481394533,0.0016603273983079433,0.003715769940751337
256,5.12,0.1785987061068276,0.3506857971098483,0.14374452903428586,0.03842238816012959,0.06401694606076679,0.005991677014393407,0.08493032296399093,0.399641532556884,0.055402917084456556,0.09181008377970751,0.0008439542709597469,0.015597021225289087
257,5.14,0.10686320653499014,0.34356995397856865,0.09147763372446718,0.03488106495720833,0.06026661379543282,0.01205276474463414,0.1283268989925706,0.37430133412739824,0.0864190936581446,0.03494312174593004,0.09466876138274512,0.016213664237528052
258,5.16,0.05221394604586134,0.3188103228173394,0.09685786090452515,0.08329961042343116,0.07026317402113523,0.0013485233350869767,0.11710615289601525,0.396072587642697,0.005699608654866685,0.00814600792706242,0.06573561912373872,0.0064382011809725834
259,5.18,0.13342255588576796,0.3443916039060589,0.13204011202224653,0.05824477647175007,0.08507808139119277,0.006217840804317547,0.07898778011443226,0.41074380849568326,0.033734741173192674,0.009877617701610622,0.06478646025082437,0.004014872651608954
260,5.2,0.15241762398995587,0.33619386572790155,0.1399706283316897,0.043246142775277725,0.06800691252912631,0.005304366631338006,0.04064381733462391,0.39525490380442324,0.04471846762038375,0.026799419774341176,0.015718574885178693,0.03807790672030891
261,5.22,0.13148529823524768,0.3345988018582103,0.12231821290440233,0.020225837881814698,0.06960123436839233,0.0062937369361574114,0.021061798455336726,0.3845658891993328,0.02113647312112789,0.021298265202279044,0.017213290634947982,0.0275303341667863
262,5.24,0.17864110229098296,0.29994930682707716,0.04749834670600307,0.006180934600941659,0.03522213820678538,0.012814055100011705,0.0443226694654802,0.3115310316494561,0.05843039713659652,0.01629431840682415,0.006058690182358526,0.027733755873122903
263,5.26,0.04407413783058135,0.31828819522519,0.04349244534382901,0.082205203007913,0.058635984064277315,0.004207614064443639,0.04065453576669846,0.3197162564879696,0.015127379443972742,0.007386577255020915,0.016243990504706467,0.054297797380978494
264,5.28,0.0977141066552545,0.1321652052466916,0.016823371572082343,0.14632324250464454,0.2217631229791208,0.1319661876444154,0.04216591268851336,0.18361472424010444,0.12902780678101716,0.05725105062319158,0.20307293939626928,0.08949863526412703
265,5.3,0.12344872709021412,0.11922042012176085,0.012647579315594596,0.1121338712507706,0.18981075652543433,0.002656135979135677,0.05381230054803095,0.1886739373376122,0.12606069111077023,0.05355934509830716,0.1798621777907239,0.045032781329536184
266,5.32,0.1413368763529124,0.1310442571245674,0.014269384210198858,0.10613927175423601,0.258915528594026,0.09437596777295607,0.08038676145647387,0.2170019995469049,0.09528226835133335,0.02607772209976327,0.1785506349677015,0.03331143569876021
267,5.34,0.18956364917686427,0.13002476061854576,0.031039830397169094,0.16676524325585193,0.2763973802745513,0.10083665374488758,0.004077292903662089,0.25914346052922094,0.11608254430853714,0.0844714780370184,0.20452192761815935,0.021481261468570843
268,5.36,0.20292834520601916,0.1325322105214666,0.031234012335168006,0.1881025021062889,0.27773562198133644,0.10938438067219654,0.016965155337150994,0.2541378918719528,0.1293311169412845,0.06325225946074867,0.20576839818178136,0.006629295835799935
269,5.38,0.19372030201202195,0.13689789584378345,0.025607089588180244,0.19692426325865592,0.269672878777938,0.10935181136893404,0.021377634861040534,0.24712530275387096,0.13276859158671692,0.062079532727916366,0.2057838947298207,0.0025576724369279517
270,5.4,0.17816923874863874,0.10421556199037375,0.019857469750200248,0.1904583228792818,0.273137721925494,0.10826335867046433,0.017531548580986538,0.23799746293478324,0.1292470819170235,0.06946190343137952,0.2096867355734409,0.006315808289419462
271,5.42,0.20933485663925586,0.13104625438478898,0.012231549446297472,0.1796384485895804,0.273360588247508,0.09489918127574522,0.014839216134896263,0.24207264407308324,0.126853594010307,0.07873372570671128,0.20600801444719316,0.000992020510814471
272,5.44,0.0071377538349430775,0.10844019197510382,0.013115691421585304,0.09522943415291787,0.3574703665613741,0.1027302686576356,0.013650169348832718,0.0712135044433724,0.00772732917762893,0.17178747293988156,0.388775790024132,0.013543344808438516
273,5.46,0.020954225565118303,0.09376116727163405,0.0024397025819946384,0.024222173561769363,0.4250531820956912,0.06320014720688191,0.07532173828279305,0.07332415542547986,0.006304196531147494,0.09883188949347878,0.45730032143272537,0.03507530063342125
274,5.48,0.05394668899126934,0.07112417284396544,0.0018249939911746576,0.08678171845037448,0.4564692467620417,0.0030421216516308275,0.09416805843457836,0.03597201418797295,0.013821542914239057,0.19472018984427644,0.4578237632360772,0.05076125882243683
275,5.5,0.04774703060889538,0.08322148097944032,0.0003579681886622003,0.09843600492640019,0.4687278461066046,0.01706723612387081,0.07090833814308324,0.06481893564089423,0.009430096030148995,0.1792455323427625,0.4517156563692347,0.02222163981370016
276,5.52,0.022195862765210347,0.0917896492377074,0.0023918064085663828,0.07353354154155071,0.4653190081944228,0.017357936673635034,0.03557614343317874,0.06868979475920532,0.006797844106728656,0.09673971415096316,0.4308324352666091,0.0027778645091297103
277,5.54,0.055230201975781525,0.1162867880710625,0.012948745452878194,0.12655687957657097,0.4204793774534488,0.08353198611035169,0.023382636468350412,0.0428036771511823,0.011822786682609958,0.208326907328404,0.4118182337194772,0.02762539483920145
278,5.56,0.044400495222714484,0.030618513072807333,0.0004316784459366696,0.09270959318056833,0.3806793749359106,0.014388714823149197,0.08824427035458753,0.09580320551164286,0.013182519909352892,0.09415148138988384,0.33908824624650225,0.03600032756237718
279,5.58,0.024848401206376877,0.04766581933416113,0.0030489010351044447,0.056334162508348704,0.3551790539611088,0.04900736956887081,0.08869350052755802,0.04689478058481265,0.00047443410225919556,0.13251567503002418,0.3004567412599913,0.01780716297435021
280,5.6,0.0023054176825968364,0.06489943688431861,0.005245430450850646,0.040330689345191385,0.38255756404078395,0.04964921191275259,0.0906610950471802,0.022532324018157666,0.0009916544674648693,0.14810446118145823,0.3100499955625987,0.012566703128909689
281,5.62,0.0034623353980086794,0.07362179142351141,0.005136538603781263,0.04599173764213891,0.40557654380887004,0.03177130550574662,0.0836211107808581,0.005231667978301523,0.003009459959023694,0.13088586941543615,0.3344721024000342,0.02300880738449507
282,5.64,0.0617753058489377,0.05630290703854576,0.013679520652895162,0.14809856867135712,0.2610864722966161,0.059717106353326464,0.12698561406252998,0.12322830793858092,0.02963830431162516,0.42328628149612935,0.15711675439294448,0.06756611653399212
283,5.66,0.0263336651423068,0.03082006514859541,0.002054879201241786,0.21313098138225658,0.2486998459408666,0.0028042341688271208,0.20857952227439114,0.23450035076391712,0.2248739416062641,0.2544932709089281,0.13160496124438245,0.07368067420073207
284,5.68,0.018009421821757143,0.08464775602244733,0.004945808673393042,0.2222137463664607,0.3245077050610798,0.024719581260460456,0.22278193646970748,0.03737119249832813,0.10569162371733384,0.2778324116329859,0.2298396870348846,0.09002878270698432
285,5.7,0.14223864055140198,0.07083655400533796,0.2232904924295334,0.059404424396519585,0.1562180448093211,0.028755281989019714,0.1660315055621662,0.17504923461609687,0.2263651859724218,0.08899508584302804,0.20449454726682464,0.020393208896681895
286,5.72,0.14597598207701482,0.05683262651923362,0.21142921743666626,0.06366929600655916,0.17316099161312565,0.04500357605848368,0.15970606533630413,0.1921589731072861,0.18568214873670735,0.06315514692374284,0.18823704019135723,0.02003161769192529
287,5.74,0.21594473941829695,0.03214799710567353,0.17359088912528095,0.23878301163443472,0.20272299943779384,0.027336391603950586,0.25839210838920657,0.23069287877520728,0.1337072411553301,0.22955803509668762,0.17219889284589066,0.013875139541398534
288,5.76,0.2319161826098831,0.054947330635711895,0.1537911420410328,0.2304321919059418,0.20312366801641502,0.046724869655256386,0.2500113079576065,0.21568314408530956,0.11060128707641716,0.23832145505967853,0.1718245993853898,0.041265400751929165
289,5.78,0.22367798012390921,0.056808049562378345,0.1416079577228995,0.24085895597778162,0.20596658543759847,0.05323658647313659,0.2475762487139794,0.21275261085113806,0.09414286358882433,0.2629574730099498,0.16538646835230503,0.04617890439028503
290,5.8,0.20874406723026098,0.050345418071630885,0.13775370534237577,0.25508895680941707,0.2112824431709727,0.047746163575596585,0.23065245629548747,0.22357899681623344,0.09301466050456199,0.2716706513971024,0.1566141105151555,0.03982331679493183
291,5.82,0.20611671022376618,0.050849215654760506,0.14065201260841934,0.2564710889900524,0.20494672178622114,0.036097719660286166,0.22772150149535508,0.2251113277854532,0.09490936341569821,0.27341587775094556,0.16074664957031531,0.02890124766701055
292,5.84,0.07898109379162328,0.08653438087409795,0.006602573678774855,0.3994098701219773,0.4077345973899076,0.0022493734233472217,0.17690140793754763,0.1194217912431368,0.06955996502409198,0.24293979538321459,0.2545305152744642,0.0267629188138856
293,5.86,0.09055645551555876,0.08206594726763033,0.000768141136698293,0.24077957587883544,0.42616388262529825,0.07680701342420572,0.175363107231556,0.06052656637480084,0.10371558422482516,0.1545655070582986,0.33403749125119425,0.10882278884013713
294,5.88,0.06919277605668576,0.0010140555821061888,0.0001826234361881382,0.0006686756999212346,0.3579621786770502,0.05542184123143094,0.06935047676854747,0.03790563522633397,0.01728210004642219,0.026836986656381703,0.3383607019804661,0.14068401183312365
295,5.9,0.06498525795420802,0.02231782461179309,0.002792811600718359,0.14107239515083447,0.33342197364072956,0.02095367413122315,0.01693629088347517,0.1061790448123164,0.009236191891326757,0.11105872738633266,0.331178802871685,0.12664064080977877
296,5.922,0.06222112658823155,0.07182452075086586,0.009182670395066346,0.1341503463999637,0.3682868769378737,0.04389028403395011,0.007118549512025519,0.09018462741042206,0.004303142056524029,0.14823656864334075,0.38704157086827123,0.021435659060631773
297,5.94,0.06222112658823155,0.07182452075086586,0.009182670395066346,0.1341503463999637,0.3682868769378737,0.04389028403395011,0.007118549512025519,0.09018462741042206,0.004303142056524029,0.14823656864334075,0.38704157086827123,0.021435659060631773
298,5.96,0.07847404641634428,0.057872514324791104,0.0011559005111932627,0.025530780889783625,0.3740131944371192,0.059205632345305216,0.0021242192697873558,0.11534940740187642,0.004045021622109415,0.14439933212171835,0.39905035137649986,0.08687072653092727
299,5.98,0.06271967719545889,0.04763549893964239,0.0011559005111932627,0.0935364549803836,0.35583356441965963,0.04351287284485161,0.0013150817029723095,0.11575515037973731,0.006734326821509066,0.13003450864510724,0.36722273304735586,0.11284161905934931
300,6.0,0.1014538238081185,0.14610826059155302,0.11550847712142519,0.12243878099943807,0.18223489238020601,0.026825975931902526,0.0410790247854716,0.028151610316766596,0.005106228118673615,0.17004337484001045,0.30358886820036207,0.002634581336259573
301,6.02,0.05055872382040284,0.0850433328199264,0.07890368265259695,0.08207699356145795,0.1980342757020258,0.01721234692744989,0.044213436017061965,0.0422513672485971,0.00520701314118265,0.13708170006292433,0.2983614766779735,0.033231312885198705
302,6.04,0.18422917268098193,0.008680027499243011,0.18673361108868294,0.1755332809868505,0.13553509845408637,0.040306828276278586,0.003519323912220953,0.010629034680531722,0.0024347759583242465,0.0695312247045926,0.285223017647559,0.18002241671578417
303,6.06,0.05087618471041632,0.01830045126753556,0.11560751783707159,0.06936428957496427,0.2350916651041323,0.1086006866187281,0.013432499896148364,0.06923494205080045,0.003442054928655336,0.054850803257605364,0.3739510705198149,0.06341647615222991
304,6.08,0.10812102809212348,0.15819593154245004,0.06439743376568961,0.05395544836296136,0.2598604930539961,0.04334680667443141,0.034206018524771814,0.21214772321282985,0.24503570563836483,0.004973707595345591,0.21220121774015288,0.04633834468317962
305,6.1,0.1868297075004136,0.1544671618844834,0.07724198172393433,0.10635166403880025,0.1422985868569774,0.03872106222553077,0.060456552806318786,0.07303434159400304,0.1919082976356805,0.03753020891891966,0.15980964204775983,0.07646526791781329
306,6.12,0.16082800662915242,0.18628592332152125,0.04165548450160194,0.10829630893955004,0.15364054217637282,0.02286350911729402,0.05107655756153752,0.09587052618314491,0.16855675291321742,0.02369808417256461,0.18932869284526752,0.07820630043432142
307,6.14,0.2019123227193533,0.16382095875943317,0.021694537586446468,0.16295687069887818,0.13590661419136935,0.010482383292874889,0.17016166300393806,0.10662568611242229,0.16647493011323075,0.09745747781878016,0.18559666284217285,0.10088684184475673
308,6.16,0.17618201920061163,0.18649550995267392,0.03244274476743396,0.09654479417528392,0.13022005710850854,0.015285933140709975,0.1444724170982923,0.10085766687596662,0.12001253653226124,0.1307737041039934,0.20668681559984692,0.08123897723914908
309,6.18,0.15497999159336787,0.19231183354597586,0.026707585312997932,0.051112239185724787,0.1379073046800231,0.01438981399711356,0.12865404806981381,0.10928593294433445,0.09657698178464781,0.14987991982837223,0.21668948045951633,0.06675166461484357
310,6.2,0.15386552266617423,0.20034054338941326,0.02794868254885354,0.044155293153145335,0.1304954146410088,0.010575718598163033,0.1286683201974386,0.104535383401062,0.09100626443452506,0.14880494769905683,0.21791773348147217,0.055185580747173675
311,6.22,0.15854699971354513,0.19513667507469373,0.01631012077093851,0.06945003426500222,0.14192630624978142,0.012486922454268313,0.14195740789053643,0.0968819801770433,0.1083019976101192,0.13114966628562344,0.2127849638345585,0.05819749593151453
312,6.24,0.0696955030758331,0.34197922535994685,0.0016453048244712348,0.010843932727224443,0.016432116212072686,0.015550686289109444,0.3144645457386276,0.31146363921664993,0.19795426863227883,0.06328400557589463,0.09784180029689737,0.009049685874880486
313,6.26,0.049839412573225106,0.3902509911379777,0.135001279761356,0.022540995293058693,0.06008660014706506,0.025460343487767184,0.19282357030030886,0.3765425667077642,0.24240323557974489,0.10894994868573118,0.07334925891706072,0.005058458906065108
314,6.28,0.08834322855476096,0.3647877076043804,0.13217193952438466,0.01817516617027048,0.058566051766605356,0.025677595270563784,0.002255267001517867,0.31746840775193846,0.18484832308119364,0.07606435191021596,0.029040594746401766,0.002231016771417368
315,6.3,0.10060539380249148,0.31229483796606633,0.12686314009138291,0.006717415904215476,0.08523033838295764,0.014940473082474752,0.09176230255281509,0.32665942524191277,0.14125948140570652,0.05818214754676355,0.03843112821194226,0.004006165710595976
316,6.32,0.11272929310102997,0.3235101096171316,0.13309126316269082,0.002820256247688958,0.09257281341887452,0.009637366225762353,0.08392886650725566,0.3217900135315678,0.10157833269678748,0.052506449116509625,0.05485681401384428,0.004859082795976071
317,6.34,0.07883771864256021,0.3540392955055407,0.03407495077203695,0.016262655571486147,0.04535857067199882,0.0035565517543583317,0.21534576466924124,0.33963367735545896,0.1303002567894334,0.029346795324452214,0.08317916985740295,0.005231723533848784
318,6.36,0.06620204007400884,0.3633833603757558,0.125496524715983,0.006476890954299154,0.0771611279251066,0.00938612167873635,0.04995883967169576,0.35887110770599845,0.13197073727451422,0.08734921356211363,0.08112740150588904,0.0027165931212431655
319,6.38,0.08717256267660904,0.3388811922706111,0.15666464694383397,0.007526132355453993,0.09814652223884514,0.008318704013089455,0.04033910409213849,0.3554058904928574,0.10805241202270637,0.07129585014188028,0.0726540719513326,0.005365393618908367
320,6.4,0.10787900066518036,0.3252868682296919,0.1617227105749666,0.0007297336913369288,0.09699537322163096,0.009099499096202954,0.05534873484058526,0.3519826090361845,0.08651351183265783,0.05285166908860959,0.06691676077245023,0.005314552781518974
321,6.42,0.11834493929219791,0.31909183314684525,0.15131933950617693,0.01053424458778473,0.09073943263032731,0.00772967592797695,0.011125065030627941,0.35352170704231045,0.07852652977125225,0.028833774393390597,0.06741938511770897,0.0055608753192247975
322,6.44,0.09586730957485894,0.3493739142956979,0.00940621565621313,0.014483352217479498,0.06145646858896604,0.0035805739023109214,0.20366479699728654,0.30713885874962327,0.13623510071070216,0.0015816379394675386,0.07327260685064564,0.002049142044853537
323,6.46,0.13453219297657326,0.39480351835136107,0.05008344322589597,0.02821117154857065,0.2371667698278521,0.10255656671323027,0.012218301161450158,0.15457340246018028,0.08642537870776831,0.15651667505534186,0.43730557323875197,0.26171975209179127
324,6.48,0.09738098521565149,0.1182503704920764,0.06843614308472963,0.04518470480574113,0.1736505663486946,0.04844832695045302,0.07038367765861622,0.06758707581159745,0.004965178126431753,0.09649568751553654,0.13994286524641,0.0011172349748033868
325,6.5,0.06326317260174215,0.12915319283213333,0.05225114632210286,0.028721931312739556,0.15476179367519122,0.08502919395117997,0.02725432148970646,0.07361056791187964,0.022420903772039178,0.13239337454936537,0.18744379279035708,0.02739911669108059
326,6.52,0.03413438743163995,0.14811974841959225,0.04390341624754734,0.021241482800881485,0.16747545824605903,0.09204867350802134,0.015046093943875459,0.0915170057331496,0.006298505504141751,0.11557846810195263,0.2085822296447847,0.02887688090814442
327,6.54,0.07161509936454945,0.18151168481661545,0.10453378677274618,0.03656576528943251,0.20077168048201985,0.07429680448891154,0.08629417320374497,0.0784198966318321,0.03647128861110711,0.12900833132244802,0.18772361668662077,0.04898776592552456
328,6.56,0.040569406876155525,0.19402026788339505,0.07319950921295795,0.06033979085323965,0.1986850243550701,0.040707015065007096,0.06677669684061777,0.08440992433370281,0.03325728958462561,0.13900222193249231,0.20624830743628,0.042941323435904837
329,6.58,0.020929072364823602,0.19931516715550074,0.060473955049111676,0.0710252808067342,0.19995322759355055,0.018080989314292733,0.034729980107773284,0.0990479313055754,0.028992295630007343,0.13723810433579592,0.20823659142692294,0.03485427561070945
330,6.6,0.01663802278258187,0.20011080995436228,0.057934680624869984,0.07035451044326703,0.20090694130700126,0.010918788812262123,0.026956122859919062,0.10011253050795432,0.032222764535600516,0.1282093005732308,0.20944196376857685,0.037203280721850446
331,6.62,0.033127157433967415,0.191341377967272,0.07155117451480991,0.05647208211658806,0.20035165995460952,0.026353683283530126,0.039023076070728725,0.08875144339058613,0.03857841161394276,0.12594048196580004,0.20628469718804893,0.04579361977073373
332,6.64,0.14066216352583483,0.39120414667871584,0.04911955660967394,0.00646809363227409,0.07112095210649877,0.0033996160399498007,0.06289537438679357,0.3028587706691021,0.17706022944813174,0.025711224600123112,0.050932209043270796,0.0167278253572447
333,6.66,0.10643571135137089,0.4643349045859113,0.03041283969975515,0.06883688208405164,0.11197789726602492,0.00890772407485269,0.08023349932190167,0.4065930024246039,0.14830630408254047,0.008476775200423307,0.09599642865533874,0.007800090965722501
334,6.68,0.2079318548559322,0.41564436716001285,0.08894605767586883,0.0811832720758268,0.05300644907969565,0.011526118502441394,0.10559741883192322,0.4427822666366685,0.036669564255043495,0.028067474951920995,0.06363722785291545,0.002317223729165545
335,6.7,0.21068267983674166,0.37929423692594305,0.14203796417657708,0.06516342102836156,0.062303478169315155,0.007747162571636058,0.08696260196684727,0.42327097738799274,0.04248523125078957,0.07419339122205629,0.003652209509546999,0.0017664092893115236
336,6.72,0.17370829184519648,0.3466991455936707,0.13328628058993244,0.03858396156573798,0.06371745190369785,0.005575436565593952,0.0987482017689645,0.39900209428704614,0.05338818935195265,0.0924144932553377,0.0013841991218757465,0.020935400878046604
337,6.74,0.10454883270952083,0.3522985782209505,0.0782922493774408,0.04323126517586876,0.06051475237219509,0.011890662863032059,0.13342795210892183,0.3747526423546671,0.08508479637208619,0.0325813604171887,0.09410195651427632,0.016163710225820922
338,6.76,0.05036517668047348,0.3274865402265537,0.08896533762065563,0.07918760581394167,0.0712258767710632,0.0012929610359878226,0.11948173709919482,0.40162634218612114,0.005314972765653027,0.010325798998220613,0.06983223052264531,0.006499020269339172
339,6.78,0.1283383754572172,0.34968589109990583,0.12708816015926064,0.05510513663685909,0.08520297118968831,0.006147120104092192,0.08004729188494691,0.41565485971549837,0.035658085443042435,0.010487639755502612,0.0655867353030141,0.004140661879410828
340,6.8,0.14948191392779564,0.3426755950521732,0.13225670127072076,0.0417197476939283,0.07181477833435922,0.005499461012079251,0.04035949399116073,0.3984613846529466,0.048053346743081524,0.027948992760994017,0.020236584448282215,0.02668840170599831
341,6.82,0.13041082083362593,0.3420919980176048,0.11479301759011352,0.01942757809755506,0.07029761455258687,0.006211919590076338,0.023679163091070154,0.38867971222838893,0.023735311467174926,0.025845154614085625,0.016606088558291453,0.024449621033315223
342,6.84,0.18660731912249062,0.3044403226299373,0.043036791631589376,0.00349753488003963,0.0353953003079192,0.013861650026207503,0.04981676118269123,0.3165256749088788,0.0581357364863277,0.012132699988004635,0.005247353048519711,0.03365631198527964
343,6.86,0.03555923093493698,0.3210962256655458,0.03651385564746307,0.08408481190225114,0.05761130632491974,0.004353167170401998,0.044773936751124274,0.32021009946462925,0.01540830975806534,0.006957938814604943,0.016329856543199413,0.05266478007214993
344,6.88,0.08804129584487258,0.0979827483959986,0.0321110043769148,0.1471894605287734,0.2230721275157774,0.12826502752537997,0.04746382045842425,0.1893785191307681,0.13047641497252926,0.059245877498347345,0.20728471936638485,0.09293653330832949
345,6.9,0.12285041032665586,0.1272482335487532,0.00856306626979944,0.12369137903531295,0.23229850213008335,0.12181773558105373,0.06501459710077064,0.18817559404056058,0.13173502674980053,0.05975096317391686,0.1803241864935763,0.04541149813094921
346,6.92,0.14119531427601512,0.13464700268427454,0.009301077134270128,0.10606702584064323,0.25972893962516636,0.09663537595395141,0.0845575758346476,0.21976810623092458,0.10016626627261392,0.03165781091393508,0.17919329025130873,0.031602158970005526
347,6.94,0.18992889922137324,0.13508829535427738,0.02499337210793585,0.16452072149880662,0.27581423095252267,0.1017341602737458,0.009979180446482237,0.2629129571652926,0.12005108234180392,0.08161958684080867,0.20578192839631243,0.025642161402718067
348,6.96,0.20243619704434096,0.13749151472433932,0.026480378523047233,0.18568359660587977,0.27882613431057274,0.11094225305824724,0.012612657457657299,0.25818231848676226,0.13310921201768816,0.05879091835302013,0.20754859146412838,0.010383996300199552
349,6.98,0.19295307295772063,0.1468322496657624,0.022060748369535137,0.19745084035106772,0.26950099186155035,0.11514049167451214,0.014149164667211897,0.2552361430233033,0.13708814644017522,0.06019543089330847,0.20961877037277601,0.001176674484453931
350,7.0,0.19824486041709016,0.14700477493943134,0.01951545217780275,0.19107756642863863,0.2728933370925426,0.11568072657492169,0.012604709849041381,0.24856992032318262,0.12327401616137504,0.0635721671294385,0.20911218280690608,0.0005275993736409172
351,7.02,0.20893704722445133,0.1353524073243922,0.009872226703392889,0.1803015875446933,0.27761581134562646,0.10391523528594146,0.008158038097765802,0.24723541908389263,0.1307921952493859,0.07539919159634541,0.20714716504020578,0.003011890743688621
352,7.04,0.016399616356603273,0.09404925735672867,0.0027829879885678654,0.010294788429644873,0.4256431413308922,0.05826159477643002,0.021171582112519044,0.06916386947467248,0.00781767466233935,0.08645000616178214,0.45657606987322086,0.03601226726267431
353,7.06,0.016399616356603273,0.09404925735672867,0.0027829879885678654,0.010294788429644873,0.4256431413308922,0.05826159477643002,0.07221073452274109,0.08492996943554575,0.00781767466233935,0.08645000616178214,0.45657606987322086,0.03601226726267431
354,7.08,0.05114700721981124,0.07071476077639016,0.0017155304586760447,0.07890665425818835,0.45954542478530763,0.0008662708801195711,0.0934545789836173,0.03411151435358974,0.01431973467067831,0.18937074528775066,0.46069175568210674,0.054491707556163296
355,7.1,0.04819817343471651,0.08139910933757466,0.0005287649781211737,0.09579350759009814,0.47105174000826017,0.02142180188078904,0.0712762031260689,0.06487001180807132,0.009692542015885458,0.17766894488447377,0.459622874872638,0.02502729183069445
356,7.12,0.022374056145268384,0.09272486296511412,0.00211214645226002,0.08394606958264056,0.4707776822591245,0.021170796255636816,0.03632563663717738,0.06868871537449782,0.006820033726276454,0.09812736864486957,0.4356556946084283,0.003483989447458995
357,7.14,0.05852553025853787,0.11594072711332241,0.012800001328807174,0.13027466140166766,0.4244427649429407,0.07915983701218349,0.02430814063656819,0.04313523962773623,0.011773411532800426,0.20653249022473621,0.418067427773942,0.035080786138512614
358,7.16,0.04536423518555005,0.04116981819959445,0.0013469835613484687,0.10240183515604818,0.3748938968334148,0.020568312181580783,0.08824475728097772,0.08481186807673029,0.014170572297069233,0.12887910718817283,0.3357374218824612,0.044199643496196116
359,7.18,0.023217512594823988,0.05019603434534925,0.003369536801862797,0.06846186215481145,0.36181506205638364,0.05362817830493678,0.10045317216966479,0.05513331327529369,0.015611323726998054,0.15379574105526891,0.30364765394532955,0.021716982277140088
360,7.2,0.003317899058347823,0.06600699560163936,0.005279039641991062,0.050835739078856704,0.38941011871450565,0.056531901289231946,0.10246313759931952,0.031552648647877185,0.014815301452082973,0.16227317984755885,0.3129296207607481,0.008456400038223715
361,7.22,0.0019144325345353862,0.07365594366029146,0.005266544504483846,0.05275698136173293,0.41224789481148855,0.04914453328630964,0.09283980929431404,0.013716362622790043,0.017945151609095024,0.14374942346666364,0.336443098430605,0.020074114146041912
362,7.24,0.060423204154776,0.05709794985036563,0.012804818694643503,0.14645828971183908,0.2624992437493058,0.052463296260162516,0.11710799248047396,0.1616047197893635,0.010646858695716716,0.42131145798124986,0.1582852513519311,0.06036392974306254
363,7.26,0.02475871720912868,0.02841121155698568,0.0012575768414366236,0.20971991145633054,0.25119280141608147,0.010786812085177143,0.23716337211604196,0.2396384718104151,0.24016781644851368,0.25880251996788345,0.13668279364016395,0.06745252483777239
364,7.28,0.004777226378625651,0.07743712510974139,0.005276456197542275,0.21883673866985798,0.32883433908018583,0.01992491615056674,0.23766633310980143,0.037771959207580974,0.10303494558914486,0.2949193438732811,0.22636357548419275,0.08759924617412601
365,7.3,0.13338077517764058,0.0781419210012105,0.2122000845296184,0.06075948070348449,0.15931852762220788,0.03414679626508358,0.18488933282238934,0.19290594297074826,0.19693864382652568,0.10406955973048843,0.20549032929091518,0.017093077630847164
366,7.32,0.13661502126815883,0.06745997073344011,0.19672205159339862,0.06582566184539061,0.17828284683523135,0.050574757099352184,0.18572802851354528,0.21015562453196399,0.2042840613333986,0.08292515348837722,0.18955754283639106,0.01923151938331204
367,7.34,0.20678095343705524,0.04277924952716041,0.15716344990992834,0.23696758560404765,0.20442191147440297,0.02685725641760193,0.2747311473774628,0.23491558096081352,0.14737269915437634,0.2475701853897552,0.17676199416652222,0.011018340236737811
368,7.36,0.22117180638694905,0.062129080438162516,0.14109031244748654,0.2297443622882418,0.20637724321297374,0.046233174497702596,0.2686752223007877,0.22843742764449695,0.13046908478945285,0.24719549251795883,0.17621382919472686,0.035285923118535886
369,7.38,0.2138289813474678,0.06557658620497146,0.12966246975129553,0.24026060501620033,0.2108740267396307,0.05422458058922247,0.25965296309171904,0.22704476511695307,0.1173625910248112,0.25871482586030176,0.1702833558012274,0.04166411195270366
370,7.4,0.1983317520052821,0.06633032870066956,0.12105877701768457,0.2539439002998918,0.2167297063373314,0.048322511755847425,0.2512551997535211,0.23788576899996497,0.11632549901441049,0.2765164611906146,0.16636758033047302,0.038455300451636656
371,7.42,0.19638639711811814,0.06165731112113936,0.12219114271721465,0.25480842019423827,0.21029604946776737,0.036824904587379685,0.24825192456138082,0.23783865163238163,0.1191879106694908,0.2785291455256706,0.1676993191733533,0.02619082705814693
372,7.44,0.0824258916593661,0.0877771149318243,0.007851530570696753,0.4150186700585503,0.4116445601629655,0.01871699961565345,0.1890208619968402,0.12945831653175743,0.08759395739337637,0.2588988263138895,0.25120700389303213,0.02255200921245755
373,7.46,0.08758819739865092,0.08324294989733524,0.0011713251511080345,0.2581691660625258,0.4285922516869846,0.07129713253926119,0.18851306012076754,0.07006419303535713,0.11643394151824672,0.17318517692385735,0.33095386327640847,0.1046735880533716
374,7.48,0.06587409342598205,0.006142296648305607,0.0005754686389350551,0.010701454420105234,0.3608240895364525,0.041471354363203296,0.08246816013953627,0.0256042887747894,0.024011696984891646,0.050033596199341474,0.34306919722838775,0.1395584869694488
375,7.5,0.06580610496844823,0.023502359333598743,0.0032472285856987794,0.13822746341384545,0.33925940109808767,0.015737176542925765,0.011139824624662474,0.10406985380447599,0.009276685122911917,0.0922747561356138,0.3317518724473798,0.12609082726758805
376,7.52,0.05961189527153964,0.030611401534118628,0.0014397839649816135,0.16063558728158928,0.3465071591714287,0.00015938358705392858,0.04386636307887996,0.11264880741815826,0.00847384321912575,0.18063697923355831,0.348682338191759,0.10555389201206518
377,7.54,0.05510417754139238,0.07171158355276411,0.009686726570486425,0.13452066054989348,0.36926578409482236,0.03616974144515281,0.0065831353037569314,0.08975582001622084,0.004297723381406668,0.15279947573932545,0.38672605096609863,0.01455604465453762
378,7.56,0.0807954449457589,0.0570509878454991,0.0016520048493585118,0.028909496246449267,0.37872775700141675,0.05346711383425659,0.006903533867448553,0.11705502668993971,0.004172291345776779,0.14969470826225187,0.40562905077676564,0.0839501169227345
379,7.58,0.06593714221114953,0.047110916248783406,0.0009689824300880249,0.09825289669427788,0.359060105875879,0.036836807358465784,0.004414347056088175,0.11587863480431052,0.006584815296008557,0.13637428903584106,0.36893951455921103,0.11178122556668167
380,7.6,0.10495122729946983,0.15825176685704562,0.1243142066860637,0.13144521148395322,0.18687162663475237,0.03379072900562105,0.040672264071890174,0.024815359058346264,0.005042688017048067,0.16951476540309596,0.3085746208083731,0.006988467833813102
381,7.62,0.04633240797717158,0.088023008156636,0.0795298167192247,0.08786536451542451,0.19461416191772246,0.0061616676273017115,0.04447287975879734,0.04089918269862894,0.004978017606641318,0.13771144635333382,0.295233370836365,0.032815257886795124
382,7.64,0.19048835946301507,0.01848031974115227,0.18428272657348357,0.17262837731277267,0.1252954657957561,0.03636555838483432,0.0036320359365773713,0.011214094203985605,0.0023566701287215035,0.06661408261942688,0.2858494908848633,0.1840401029098047
383,7.66,0.05838388146003166,0.020622036380643152,0.11559774698706196,0.06464626053119772,0.24194454480204222,0.10938500874256447,0.011789191982746515,0.06807618042841868,0.0037315624911853015,0.04891449023003289,0.37531278918955263,0.07753302193681215
384,7.68,0.10298169122633992,0.15708636738388299,0.05882075787304015,0.05499175542295625,0.2567814887222805,0.045472165932354966,0.03512573591165115,0.21355987411331293,0.2437312849722661,0.009529705302575743,0.21612921825594866,0.05848610116943973
385,7.7,0.18773730199541663,0.1542148870474449,0.0745909268466894,0.10533062218482792,0.1413265262601185,0.0376544940524915,0.060712485976601914,0.07443004817175405,0.19188026702373862,0.04233157289574436,0.16287115183742132,0.08545464110735851
386,7.72,0.16231025406975624,0.1867940151575039,0.03852757265044745,0.10605419819677413,0.14436211389960774,0.02526822733154001,0.052022554853048616,0.09085134692920914,0.17442970479223077,0.028653343538142917,0.18821050755832053,0.08536802855856154
387,7.74,0.20074061068591792,0.16422331326022263,0.022050424078834948,0.16384489933066523,0.13836131364658905,0.012645534042895343,0.16611291967778918,0.1103669059712746,0.1694128861993262,0.09469737686909051,0.1866780521018485,0.10391108946643535
388,7.76,0.1767491727110899,0.18736199494693737,0.032683383751102996,0.0961267161284671,0.12990785813404684,0.014549179005930368,0.14096615765993076,0.10108866493232507,0.12164707510167776,0.12778696144361404,0.2070245531282124,0.08247296011393869
389,7.78,0.16006548746426652,0.19620670336742357,0.027715922308973864,0.0480720832799523,0.13007178727526011,0.011446083639064632,0.12948455978500067,0.10017728823592524,0.09883547922863414,0.14286872566036626,0.21379534145653886,0.07096160757956423
390,7.8,0.1580720111381395,0.2024138229877609,0.023744233016059643,0.039125909199724564,0.1335705970565526,0.009631225278344983,0.12800305859191882,0.09952984054979246,0.09669566102235964,0.14420443246894307,0.21717369640957274,0.06337600836116941
391,7.82,0.16140253700790652,0.20161918125487222,0.015655854105948618,0.06739198591046756,0.14044262060662593,0.0094328556004698,0.1321273678063395,0.0982636651150906,0.11027934096183561,0.12764798508080932,0.21698469527985806,0.06405272186794793
392,7.84,0.07216436618880892,0.342994377594668,0.002705834771440842,0.013618224201413898,0.015094822417701902,0.014814755858505148,0.32273025160322105,0.31046723049653363,0.2049794764162922,0.06534510565364893,0.09865438279767819,0.009051416303755227
393,7.86,0.05236058384140246,0.39002010619302735,0.13507629708352292,0.021567893941775208,0.06079849605620914,0.027086826730938506,0.1919387828113578,0.37351051024686777,0.24482535596517668,0.10837471994743694,0.07072377513526454,0.004469765703126452
394,7.88,0.08882936245819538,0.3640575228919372,0.13050961432743932,0.017972225609259273,0.05922921628522004,0.024671519593682745,0.004678806153995849,0.3149863438865327,0.18619851462175369,0.07604751240904468,0.02889034518109118,0.0022573409079901883
395,7.9,0.10429631357765945,0.3229019426603769,0.1282444129304484,0.013693210343852874,0.08995663258202266,0.009877589329711058,0.0883689730729647,0.2980331186298958,0.13819382810305714,0.060829931611101264,0.04319722167375334,0.003975874119599159
396,7.92,0.11364670581363046,0.32201594684632334,0.1310856068871471,0.0032775972290575045,0.09204219508823606,0.009573643540847712,0.08299636611145812,0.3191478477130809,0.10196574590910346,0.051729092416072604,0.05437498898703961,0.004769591342950013
397,7.94,0.0782573980955309,0.35251974603512143,0.03978834158698572,0.016209734719647897,0.03467583905880836,0.04777147781196296,0.2205166429735987,0.3424226646050801,0.13082562976508025,0.02966722940529915,0.08467336307459117,0.008281768059501194
398,7.96,0.06487978128056246,0.3498323269860575,0.11964629784774646,0.006305395052516171,0.076363444905543,0.010507155773364042,0.05384425607228505,0.35799414396921037,0.13179857733812497,0.08680345238055362,0.08108567787043947,0.0027598745453779744
399,7.98,0.08258690502143456,0.3401475528849197,0.15584715876911565,0.006063823655726069,0.09562308081643858,0.008230258769851218,0.04135156636290468,0.3645442553496095,0.10632121657384852,0.07132662260589073,0.07488870397573152,0.005670925647010019
