Time_Step,Time_s,FR_hip_effort,FR_knee_effort,FR_foot_effort,BR_hip_effort,BR_knee_effort,BR_foot_effort,BL_hip_effort,BL_knee_effort,BL_foot_effort,FL_hip_effort,FL_knee_effort,FL_foot_effort
0,0.0,0.01538388667444536,-0.016692570931891238,-0.04271330013546824,0.006686065284513876,-0.04116831085179937,-0.17108502420992844,0.12723768965913543,0.06560312022522376,0.1984990295738543,-0.19298640146705784,0.16294971081191625,0.15429854551300984
1,0.02,0.015368703893008137,-0.016691750314608657,-0.04276086045935239,0.006705322284450803,-0.04117213556996327,-0.1711227017901864,0.12725759624705174,0.06560249146636951,0.19856956639034828,-0.19301002296362438,0.16295515865680202,0.15435323621398517
2,0.04,0.015354279339689435,-0.016690970728176806,-0.04280604257751229,0.006724578454416971,-0.04117595995870616,-0.1711584954914414,0.12727750291672363,0.06560186270749828,0.19864010320680733,-0.1930324633853594,0.1629603341094274,0.1544051912591285
3,0.06,0.015338336084647589,-0.016690109079986963,-0.04285598032705033,0.006743834125085106,-0.04117978461921812,-0.17119805695069845,0.12729740937388875,0.06560123394862004,0.1987106400232759,-0.19305726595675135,0.16296605434654532,0.15446261462245195
4,0.08,0.015323151362752148,-0.01668928846265894,-0.04290353979766437,0.006763089124058541,-0.04118360923699636,-0.1712357345309503,0.1273173157744218,0.06560060518971149,0.19878117683970511,-0.19308088745331473,0.16297150219140277,0.15451730260719967
5,0.1,0.015307965649112437,-0.016688467845303912,-0.04295109906389226,0.00678234327728066,-0.04118743349393167,-0.17127341211118052,0.12733722227371364,0.06559997643078654,0.19885171365614826,-0.19310450894987308,0.16297695003626578,0.15457198937643504
6,0.12,0.015292779601501133,-0.016687647227944635,-0.04299865797088706,0.006801596925444214,-0.041191258012540685,-0.17131108969141573,0.12735712856793616,0.06559934767185399,0.1989222504725487,-0.1931281304464335,0.16298239788111213,0.15462667552398968
7,0.14,0.015277592082615463,-0.016686826610559452,-0.0430462167814053,0.006820849480306618,-0.04119508170905161,-0.1713487672716537,0.1273770351935679,0.06559871891289162,0.19899278728894307,-0.19315175194299047,0.16298784572596348,0.15468136003100372
8,0.16,0.015262405169871249,-0.016686005993168898,-0.04309377501701947,0.006840102015133305,-0.04119890656801549,-0.17138644485185006,0.1273969411648225,0.06559809015391285,0.1990633241053369,-0.19317537343954813,0.16299329357079856,0.15473604475485306
9,0.18,0.015247217080498185,-0.016685185375764088,-0.04314133308633246,0.00685935360920429,-0.04120273088345049,-0.1714241224320714,0.12741684733197114,0.06559746139492591,0.19913386092170138,-0.1931989949361058,0.16299874141563825,0.15479072810454358
10,0.2,0.015232027527187726,-0.01668436475833224,-0.043188891056655354,0.006878604113900948,-0.04120655438253183,-0.1714618000122533,0.1274367538289667,0.06559683263590967,0.19920439773806972,-0.1932226164326585,0.16300418926046184,0.15484540982102202
11,0.22,-0.1387797502404993,-0.18052594002010122,-0.03268820191075489,0.013450924808968645,0.9254121914000002,0.6202233836853159,0.175959997948422,0.25538023115286,0.3085377473701106,-0.11287280888052412,-0.06503097998475785,0.08974705401406727
12,0.24,0.09681057931961878,-0.26487359613549244,-0.10677356904764088,-0.07781802713131954,0.402893950004385,0.09760152994399385,0.1782836196447466,0.36165632954004684,0.30423079540075204,-0.09199878459877,-0.0837052867901355,0.08114862000466007
13,0.26,0.213942987936044,-0.23550177389823182,-0.14884297104022093,-0.09154719315749613,0.23723623967529806,-0.016040095933906262,0.19272032865550137,0.3854756471445109,0.19775681994426386,-0.1219234678082747,-0.05387870962225333,0.07470398765390703
14,0.28,0.22365784213340087,-0.19831706426819035,-0.1953207364801785,-0.08406946031018134,0.2506525375028193,-0.01820725239405495,0.1871680556137565,0.38188900167791945,0.12545940964309052,-0.12203753837857903,-0.055107778208281444,0.0754049533835309
15,0.3,0.18381757773270554,-0.18086296427418744,-0.22179194064841856,-0.06426885899456118,0.2319819631261162,-0.017165094828822183,0.17098298678322432,0.35986678601195315,0.09630945449187464,-0.16241983792584447,0.006065288101018473,0.08897695497190278
16,0.32,-0.09087326979778548,-0.17038525606939742,-0.13712255962543535,-0.006391082585456009,0.23222881090276914,0.012253526328302122,0.22161517761675442,0.34035830983429594,0.2209748504079309,-0.11631356513685423,-0.07942973406468057,0.07308395275336958
17,0.34,0.07290144556708078,-0.1666657638388302,-0.14375785075414266,-0.05065848083781174,0.24402365563222106,0.013385183120214444,0.21015476279736636,0.34168782635192035,0.1523499789147029,-0.0962651471518792,-0.06833576822825169,0.06675571407791395
18,0.36,0.16406265389264135,-0.17283170866900485,-0.16138457761847752,-0.04355196242715307,0.24473251819711805,0.015241239737979292,0.17051814461182446,0.3535602499730902,0.11238118490250734,-0.12022824496727469,-0.02245156229236414,0.1339233811216371
19,0.38,0.17850639941093063,-0.1722127942759204,-0.16915295448329976,-0.03318704576614895,0.24750561256252845,0.01244688008925357,0.13135746182267113,0.350746331230432,0.1061477663828866,-0.10762486927482329,-0.027424229702504688,0.09985008331649603
20,0.4,0.1459045162574294,-0.19539351570356536,-0.16589580262008413,-0.019665950500843264,0.23961483673956968,0.012231014664019588,0.11218608631470289,0.3373413759093015,0.11598102465878779,-0.11636580122223664,-0.015246066052364143,0.09625600677462437
21,0.42,-0.16616716727109848,-0.15535099593243343,-0.07373249529937523,0.06447563199644102,-0.6404849140906617,-0.06172619099967164,0.1603153514351447,0.29321919190496437,0.18337967490002724,-0.0657272597005241,-0.0026907263662494796,0.012571523871689236
22,0.44,0.04403393346270773,-0.16832802450727552,-0.06877689881685559,-0.014225087250139934,-0.1178287041419922,-0.0594906281858294,0.14442009810024026,0.3108090658949393,0.14313966781640783,-0.07075120202996701,-0.014804596864026132,0.10190882060477371
23,0.46,-0.050580001027701396,-0.00785997644598202,-0.03999022414749984,0.18044338304721766,-0.10784259309051497,0.06042484282842074,0.14953688171752494,0.19360111893812454,0.019819773864793944,-0.12777119354694336,0.18824850261368964,0.15307457808722727
24,0.48,-0.07824317460913784,0.008516419433930403,-0.03765274209482852,0.1578446632469904,-0.09647118022366541,0.06444255351768506,0.15492952869555549,0.17857746013337988,0.010735079596304972,-0.13046171865680803,0.16219265296402147,0.11139603575237063
25,0.5,-0.09488983169989695,0.0029492130033863667,-0.03952973599255398,0.14271693050477785,-0.11729974084587294,0.04048680593031721,0.17193711100790632,0.2021739429040375,0.03420334143614289,-0.11526892473853448,0.16328411680239907,0.09642350041972048
26,0.52,-0.21121293583114897,0.009578003271685013,-0.026933166064997377,0.18734305684574298,-0.08612459941599693,-0.036810946340378,0.11146465751391557,0.2424078585879892,0.018593269389339456,0.014119731103111932,0.1802438050951773,0.022353560603680087
27,0.54,-0.20044859433337647,0.002197593400264583,-0.027878134159476237,0.23291068120661565,-0.1298755526673349,0.048631527864992335,0.08586401146765826,0.23246591175957593,-0.0039684561116735476,-0.010626945018599454,0.18976499274987435,0.05215119394970985
28,0.56,-0.19142516742183563,0.003746171458834033,-0.021551404234447527,0.23865069635545563,-0.12834919463208236,0.05095439703360649,0.07704856864947973,0.23069013155491871,-0.005973535719273306,-0.016770650129179304,0.1889103387999673,0.05966107946958574
29,0.58,-0.19702094960135463,0.0033926282437772327,-0.018273982272657974,0.23244534453579807,-0.12838844983707448,0.050229744621963876,0.08264854642822526,0.23062731705119038,-0.001083672005212196,-0.009333558342685372,0.18778928507203463,0.056701470357359236
30,0.6,-0.1993359276249296,0.003927359149167139,-0.018676449008069806,0.23115169227449628,-0.1284758866841854,0.04878499118615874,0.08412852123670837,0.23063949142162388,-0.0012421521969652252,-0.008608974487338772,0.18712048444350568,0.05397867402203306
31,0.62,-0.04773439053293563,0.21179805934109966,0.02877317777427854,0.13403693394375535,-0.22141102399044824,-0.17311417683087696,0.03216907515175549,-0.7003158234439617,-0.7668508274340742,0.10990328676430414,0.3581523411399155,0.033015197663464474
32,0.64,-0.015119276967061182,0.21025921580740556,0.031102794783598176,0.024286241781214843,-0.27828775598035516,-0.12753706592751746,0.12188404776903951,-0.17772263164818747,-0.24426624567694188,-0.14977457184019757,0.44766686968058345,0.018919366909241085
33,0.66,0.01914373464174502,0.18986354832068827,0.037911358096504394,-0.040297002830638716,-0.31842596855762983,-0.08063518227650394,0.14634428137309283,-0.09809591908577564,-0.02149755389209851,-0.24785372576246176,0.445674542393468,0.005094984364668865
34,0.68,0.018857921330481586,0.20156296244674043,0.036681921451701696,-0.06055431076438285,-0.33090453602974323,-0.05525475581229709,0.12791128026834458,-0.11739013358145695,-0.020055011006720247,-0.2390289193790791,0.4408201644695779,0.0217175886998253
35,0.7,0.005255232249476376,0.21027310451699882,0.036149140236349644,-0.0504096805257489,-0.3277699850043416,-0.05361445824607719,0.10519798566804228,-0.11759427213342816,-0.02065037922934576,-0.17101090477941389,0.43022456117447083,0.04633555264086041
36,0.72,0.012066503876559248,0.23469206540153892,0.039160961294761154,-0.11256771312944758,-0.29431809886166543,-0.1545089703149936,0.025519828195916416,-0.09696566479568136,-0.05108926844164613,0.13452192811847657,0.4108055784995722,0.005134590270567372
37,0.74,0.004913005117755595,0.17097404735787158,0.04928815364312063,-0.07774231271875798,-0.24062180964634283,-0.05693748625681899,-0.0636051341162375,0.02430484575013575,-0.05013216926941136,0.06712450474391946,0.32921200251226795,-0.006775900371699338
38,0.76,-0.015156296033304366,0.17958698975013832,0.0472985914331161,-0.0438377012091303,-0.2254554232504774,-0.026117953306784097,-0.06477299897218976,-0.0030953942217042257,-0.05569255866142289,0.07827843088901015,0.30056843889186236,0.013814761099585635
39,0.781,-0.02521872724734755,0.18505016071874641,0.04581988285971479,-0.0255154726798967,-0.24351757041526645,-0.023951553000641668,-0.06399259332195369,-0.016143612173571964,-0.0547109995498572,0.07984841798970121,0.3115220510603359,0.04650842256767695
40,0.8,-0.0296323674342178,0.1922839413919264,0.045901768546300445,-0.02766536579476713,-0.26614614231777894,-0.032393610858144614,-0.05196049045581118,-0.03573256355299423,-0.05692486801878037,0.07044324482183822,0.3249292839518172,0.058166554141114976
41,0.82,0.002378653743318637,0.18109509209234184,0.04164856548866115,-0.13902999242695432,-0.14196568454588093,-0.1297734179262527,-0.1647146624138628,0.9088790687618877,0.08265610103175136,0.3547773777865669,0.17569278129623375,0.10237334325714473
42,0.84,-0.022586546868476283,0.16389679495060386,0.050451223587840016,-0.18363282328630454,-0.12867272841889232,-0.07764591098322765,-0.18490987757512317,0.3863148846241047,-0.18455047193694407,0.19299010192086924,0.13252191875222563,0.10117398491338933
43,0.86,-0.025645434795359967,0.20481211958753134,0.047279438927797554,-0.18873592980308557,-0.18770593172283584,-0.09330616404839279,-0.20423228960048506,0.04611793959221322,-0.2972278375033004,0.2006704778555488,0.21469468488091556,0.12155476175133144
44,0.88,0.08116467618935609,0.054520587897022896,-0.18229378140177632,-0.057361178687382636,-0.04441275967498748,-0.03731280424742653,-0.14577476953112997,0.170707679684236,0.05648219780109792,0.02038598051807039,0.20939299325088218,0.06957316751020012
45,0.9,0.08882310666383914,0.06658413665337491,-0.1616163381709274,-0.058414455813525154,-0.058447787778025895,-0.016226719484442362,-0.16091374779313555,0.20103221126647908,-0.17738138480240975,-0.0021049713293734285,0.188833208807093,0.07144193743925437
46,0.92,0.15291624593932604,0.08455941354622212,-0.13114902392896988,-0.2367195344877146,-0.07002149783182003,-0.044074579702119435,-0.24440349836625253,0.22871158248825732,-0.13658883862225596,0.1780244524505821,0.1784269295511687,0.049211469919123035
47,0.94,0.1700350893365368,0.07227790101416813,-0.11087728122391355,-0.2268348228610645,-0.07346376716788836,-0.02727881545443475,-0.24081748048384305,0.22010387704692486,-0.1178750292491633,0.18881905472471316,0.17398080499359234,0.07277870708260828
48,0.96,0.15553444678335912,0.058150285660566126,-0.0962499128236434,-0.23943575366150754,-0.0858983945663982,-0.02807055430018207,-0.24004218833271243,0.21569718138201963,-0.10891079250255051,0.19704784130950168,0.1716033052501694,0.07631925279669421
49,0.98,0.15407659133603532,0.06940387185913732,-0.08973143917772,-0.24021859264440995,-0.08309619863226086,-0.03148833591223757,-0.23423713176437694,0.21970155821554566,-0.11012858804405601,0.20187433924757878,0.1672150097193962,0.06940778902643424
50,1.0,0.15192163083664922,0.06886038002478465,-0.08485493563651293,-0.24033889020269017,-0.0823976780545346,-0.03452599542623616,-0.23170661952804517,0.22250739504629732,-0.11114543713889874,0.20164746350577703,0.16928585144454966,0.06326652485522749
51,1.02,0.1538782447065521,0.961242743933097,0.12526264422462385,-0.3928800076111554,-0.2634616192628529,-0.07417879506698336,-0.15491806781674022,0.13015999531917977,-0.06583211812386836,0.20463208920484505,0.2512523327023725,0.0471960442580933
52,1.04,-0.06934903408322668,0.4648640314050383,0.12014016944857575,-0.2542048709473477,-0.2933053225021952,-0.15243896122269962,-0.14973008220777717,0.07149005970325052,-0.0964093128824449,0.11906776894059048,0.32245061511122897,0.13431035555702073
53,1.06,-0.05698338722912934,0.1967849177707609,0.11627149180493401,-0.025526241667575472,-0.24176387398887456,-0.12856733038691054,-0.06521051856124668,-0.025849277308120408,-0.019925743062910034,0.0013015003350269339,0.3250920212251052,0.1701194453661656
54,1.08,-0.05835121880141945,0.20612193549265073,0.1136784740977439,0.11176449157692417,-0.21501946009777229,-0.10298914920710127,0.014053332638983104,-0.09588421166183433,0.015943761517378877,-0.12614998253506957,0.3190325682743501,0.15778964451468722
55,1.1,-0.05609136264144864,0.2084101485229471,0.11480317014804811,0.13739756921610943,-0.22055694299322265,-0.09241324213670025,0.04027063724677696,-0.10551320690290847,0.015742563024955646,-0.19738052133890546,0.33505143358290046,0.14857765163052064
56,1.12,0.003960639646228614,0.2325336929448033,0.0780688816768792,-0.16059265130585082,-0.23429968612703614,-0.14007247362309222,0.01900598871488693,-0.08397940790637268,0.01867205769379957,-0.14776054833568514,0.3709238768001441,0.04697044408826059
57,1.14,-0.033371015155330835,0.21937974518887987,0.07377571195392471,0.004482336695323483,-0.23864323471460056,-0.15808911899899714,0.023693637183445013,-0.10973628316217356,0.025904229098926104,-0.15122546294045744,0.38790363211864387,0.10891852408065514
58,1.16,-0.024817426448249053,0.21690109547875946,0.07301986673390068,0.06502635129400586,-0.23110673042223112,-0.1448257384067198,0.023105458268312437,-0.10903239600668516,0.02590565713190997,-0.1434421694688264,0.36762187952171943,0.13242661825361807
59,1.18,0.11668570114949665,0.006354460743687687,-0.07022534819905138,0.10741417880127016,-0.06953620746721972,-0.0638234931254754,0.04562623585542737,-0.03167937044338051,0.025359692268369056,-0.17240622981941517,0.3169603943828905,0.04359869522739655
60,1.2,0.07891111796211023,0.0733930572382062,-0.022934726616285206,0.07973383532196385,-0.07304545418448123,-0.08912283181711278,0.05343482374749828,-0.04619494432305167,0.025278004133666866,-0.1577298258632207,0.2881884791286907,-0.004535750651904008
61,1.22,0.229551468333829,-0.8791653015883176,-0.841146360433116,-0.16880865598177522,-0.004163051101599223,-0.13779799084465572,0.03471096035616719,-0.011539439432900284,0.022012118703065,-0.07581328235042739,0.2650534694567147,-0.16291078808266943
62,1.24,0.10720513643828616,-0.3827424013402685,-0.34474357542412293,-0.07132685243325601,-0.09775604814179964,-0.19962121096434887,0.02303035567820355,-0.06479860188232321,0.029459643100326505,-0.06293727737411528,0.340560003758697,-0.05676646876706745
63,1.26,0.14706301317755618,-0.05366645827273764,0.003960427932874433,-0.06263919847084756,-0.13689802928390526,-0.1524437014554308,0.04816112587417738,0.21578368546596827,0.28988252229771216,-0.02264380871044666,0.22775193127508525,-0.020442779803497978
64,1.28,0.20667191231178386,-0.03926717167687985,0.02552698904639017,-0.1138482677198773,-0.03520853533943319,-0.05988606393598743,0.0758760562940765,0.08111559765116089,0.2229999327016515,0.015000936021791339,0.15952767280383054,-0.04482248680126481
65,1.3,0.19432216041118583,-0.06259192533825095,-0.003623817134662352,-0.11692082134540652,-0.04005887983884262,-0.07140671552437525,0.07154500134506529,0.0876510130584424,0.19770429641794157,0.007906047844874503,0.18226854236764298,-0.04393625530421774
66,1.32,0.23316100238099505,-0.04217299046632481,-0.06158905758400962,-0.19782507618519202,-0.02830707505921428,-0.12205167472559192,0.20635300329780032,0.09602142463683098,0.21788083430644614,-0.09873188606166625,0.17622220795792243,-0.06567031653199333
67,1.34,0.21947384673092551,-0.0528779215148869,-0.07377884404733008,-0.1340208140218434,-0.014122368998718701,-0.12473019655094433,0.18104393181469258,0.09158461567415137,0.16512255269601966,-0.1331764212280658,0.19168229447174423,-0.05533196966672675
68,1.36,0.20360437838468767,-0.05904253399527223,-0.07206257072993844,-0.08655608105106244,-0.01312925730104126,-0.12610953273860848,0.16959760646749888,0.0918492529377627,0.13517579431094337,-0.15064016720336193,0.19800305699073395,-0.0477850907175269
69,1.38,0.19943571901840212,-0.06434818102292571,-0.07163334004176598,-0.07531240100535795,-0.014490004027416022,-0.12682799226463723,0.16773882955406944,0.09236751339833817,0.12949011386687603,-0.15336187268553653,0.20201263369164998,-0.04315312501742348
70,1.4,0.2029223986051401,-0.06306885965164216,-0.07082651689881712,-0.08901645375466063,-0.015067953531624191,-0.12695023543252046,0.17243231087440783,0.09239544369151394,0.13833987502734862,-0.1469427427117527,0.19962071201734538,-0.04420592578322625
71,1.42,0.10310109030126456,-0.196577186710493,-0.02271312493839138,-0.04837308393198933,0.1446173804843824,-0.09644487213388525,0.33570438522922263,0.2819020674782088,0.22674237254863583,-0.17385852816884073,-0.7113715388710364,-0.06995406774864965
72,1.44,0.08494061653640438,-0.25753446691442783,-0.1727973507719298,-0.067561368172214,0.173390445993564,-0.09375279081842974,0.23988090197480338,0.36566164650987915,0.2941418991727952,0.03763079641119871,-0.18881542572062937,-0.059485639289650616
73,1.46,0.12784159082362137,-0.23769048917787472,-0.17881162884635385,-0.02957182916748216,0.1822728238491465,-0.09815522243762528,0.05693133209109927,0.31570455091186633,0.2491246402292796,0.016316428288255663,-0.09468234064998693,-0.06069888209276872
74,1.48,0.15032511152725747,-0.20368453786423624,-0.17738058861231318,-0.03386740378502492,0.20816649712186802,-0.11275752323193515,-0.02902290011216073,0.299887455769064,0.20429023408163796,0.003338341201269218,-0.09851959842311114,-0.058133159506222554
75,1.5,0.16226676509982754,-0.1963430804928888,-0.18096110414354571,-0.040306610097475125,0.20860399512264444,-0.11244255364340386,-0.025880994681169986,0.30615520019149606,0.1686635052902742,-0.004834869706846379,-0.10463090835555369,-0.05714173915326959
76,1.52,0.12284247905582392,-0.23057066048251057,-0.059858912506050826,-0.032977798601009994,0.18680605481281515,-0.12484302201928316,0.2676205771564577,0.32678164531918885,0.21700663300313566,-0.082247064700542,-0.12656843682325056,-0.020341457423355136
77,1.54,0.10190352333081784,-0.22976674450935736,-0.14860544049745358,-0.04669723180629243,0.1932093345209811,-0.11824768164830612,0.11660636823619569,0.3413367559582719,0.2127732806877249,-0.015883229168664026,-0.1145414107488443,-0.015601030877708338
78,1.56,0.11795481099801011,-0.21370695315008734,-0.19034181440499914,-0.04456739721325619,0.21267033771689237,-0.13432125890302077,0.03277414104820331,0.33949164949427724,0.18504276991083238,-0.022233466562965626,-0.1088684930563078,-0.01404837044579188
79,1.58,0.13688698279107545,-0.2011710029301429,-0.1983215102010992,-0.05108519974071209,0.2120908063647185,-0.1350194922108659,0.011368484474520907,0.3403348395220933,0.15606771975889244,-0.036845478285737976,-0.10819063741741586,-0.014425118289059735
80,1.6,0.14744567668819475,-0.19455888953037032,-0.19078389516196698,-0.051986512300406164,0.20884175780303188,-0.13382529515169964,0.04179819296374539,0.3416254016491506,0.14629613806939398,-0.04941219767021679,-0.10829333557540077,-0.014256357660996073
81,1.62,0.12280260389130038,-0.20266380022691763,-0.0019898516858877224,-0.044524353232034214,0.1815886199364148,-0.13325216958248617,0.28004350924362054,0.3018005278736771,0.2135870746890501,-0.13962129511040655,0.8795778528013272,0.8086420467568078
82,1.64,0.13822573834733043,-0.30069477473398415,-0.11365445374435026,-0.08437133661661647,0.0044817559489959136,-0.18552160768366083,0.09331940503682545,0.1915674710249095,0.1746092737045102,-0.2953715634644966,0.6272763875643106,0.44639846263241023
83,1.66,0.12341955449426645,0.0034907295213936207,0.05062719543814878,-0.09203255411139377,-0.04693098020806945,-0.1921401687579864,0.009213031076831357,0.07846812583599977,0.07224818242422965,-0.19616153805783576,0.16473008427280778,0.11419856077280421
84,1.68,0.10056522714002802,-0.0017818275153603375,0.029316699265180962,-0.08732172156750176,-0.027851756470367632,-0.2195125538142442,0.04202533381959968,0.07553978426062596,0.04589514076964217,-0.2281982434168415,0.19665135723801042,0.13174961035634913
85,1.7,0.07635603785205,-0.017317940154384308,0.023683903404349754,-0.08208279941246571,-0.038391193484361895,-0.23686345374207643,0.07448420837282577,0.08893804754890178,0.05796662143854557,-0.22469205583239887,0.21590705260166518,0.13834086541459176
86,1.72,-0.04781863985603069,-0.03839800634038892,0.10924619857751619,-0.027486228494637673,-0.07485082186107841,-0.22647491389755076,0.15875651518693823,0.08119252232363962,0.10924056129875756,-0.225779372081149,0.19638393333406381,0.16248163088157597
87,1.74,-0.01932311804035272,-0.04976716474263802,0.0754202012590801,-0.007617379373933843,-0.07311595150985906,-0.19131872427122876,0.14250573232896624,0.08494166557170234,0.11039431115166823,-0.22951489109646667,0.20118842769901704,0.15690787282661486
88,1.76,-0.0018677729570330051,-0.054390592354884526,0.05905206270143787,0.0011150265740777349,-0.0738437024193655,-0.1671568758324949,0.11122467220346663,0.08929592195034247,0.1067914198981489,-0.22778634105841308,0.20287933957521329,0.15016470758851452
89,1.78,0.0026903774430663205,-0.05549117572013655,0.056700890220042294,0.0024340879093600054,-0.0736648736223412,-0.159323935843823,0.10215516788763598,0.09080161145978086,0.10788632902008702,-0.22782482868820308,0.20297499699717028,0.149527651003809
90,1.8,-0.0011174116312800061,-0.05611855393933664,0.05891574230699556,4.808974893380502e-05,-0.0740577606507794,-0.16352434939184196,0.10931263976335387,0.09048313054685783,0.109142847788369,-0.22736005918126587,0.20259733610430863,0.1509187895683292
91,1.82,-0.14698026818702423,-0.23032177239015428,0.052848401098503237,0.017882997482460306,0.8933920962225321,0.6281639146576579,0.15091602256913306,0.2737444063335939,0.26615533478549097,-0.1195750248050578,-0.037013150733933464,0.06875765235997013
92,1.84,0.09815133117150873,-0.31321063338467914,-0.03841430561290504,-0.07524103247749027,0.34472906516188206,0.07940871112915626,0.16064382731768378,0.3922351665182898,0.2478959785847013,-0.0964839582321882,-0.08298441786759536,0.0805960244936198
93,1.86,0.2036782436371694,-0.2735045451537505,-0.09618935003887523,-0.09340020509899392,0.2405629710923608,-0.016818746799918266,0.17661307176008242,0.4278954637217887,0.1317265848917317,-0.12235027880359103,-0.05424792327165348,0.07547894602638124
94,1.88,0.20679196389635793,-0.25245483794005724,-0.15561756244240135,-0.08347305608534203,0.24654816892787124,-0.019425764366195086,0.1686503601813716,0.416875860232373,0.052124608815738854,-0.1553600946699875,-0.0005786232047269857,0.08383265005838761
95,1.9,0.1833099420963785,-0.22270351398675672,-0.1424642635757473,-0.06737544876454463,0.2378002957362753,-0.017589122504097374,0.165167060203345,0.4005066064885173,0.034602844547463915,-0.18083198570955217,-0.004511750132910691,0.06766440722948562
96,1.92,-0.09909750235329065,-0.2112751040490736,-0.0708311261422201,-0.010741231817125885,0.23488341637885435,0.014319618607263107,0.21899088462598848,0.3893723552390761,0.19558789644716945,-0.1176809023499143,-0.08135699933783624,0.07462504222471808
97,1.94,0.051759200034053925,-0.20989326056017402,-0.08448097919432301,-0.05224119516621914,0.2447926777834863,0.013483202224455065,0.2094956829389919,0.37896299004239054,0.1042871572459882,-0.09982283796467245,-0.06625059658589472,0.06732896188274896
98,1.96,0.12873511175646007,-0.2168565987335846,-0.11562689666780866,-0.03871143155134048,0.2548388015655573,0.012536088640919082,0.17232280207510725,0.4032352438815239,0.06910675639411869,-0.10238895127009481,-0.06633684541222859,0.06439641459874008
99,1.98,0.14759616694059094,-0.21513703202350495,-0.1247116159535049,-0.027498148299646342,0.24203230624726985,0.0129529001401857,0.13491083473759877,0.3968148301568475,0.055963739525417985,-0.11746473549366743,-0.018762324669721248,0.1041996681621144
100,2.0,0.12805860015121576,-0.2122569907090429,-0.11779960523297299,-0.016612497852146975,0.2439152765332686,0.01204494289725544,0.11463231746628644,0.38633893484753423,0.0686722375413462,-0.11192765252922873,-0.019813969217466365,0.09034797036402879
101,2.02,-0.1949076742872301,-0.183361748252075,-0.03612349513752608,0.06893353384619005,-0.6395083868496456,-0.062472576381537026,0.15316892284367428,0.31933938977261705,0.17289799574542097,-0.06784799115358031,-0.006112129234285724,0.011901854861813842
102,2.04,0.026897186187692226,-0.1868288562237423,-0.027512715941530708,-0.01586337790220657,-0.11685171911228576,-0.05921140314979953,0.1433950347912408,0.32512772663394374,0.10016616476993859,-0.07747022317504026,-0.013463793794335405,0.10479740501580093
103,2.06,-0.08952482133620686,-0.018629924805375772,0.0028595660016810104,0.19359565904127796,-0.11709418198063176,0.07917562084167286,0.14327479855618314,0.19207224152203817,-0.025671646120091776,-0.1382382326394867,0.19233206538961545,0.1522927487196914
104,2.08,-0.11506469039613595,-0.005537825979069842,0.0062755992051979625,0.17239867234915301,-0.11932002415906184,0.07077374471520974,0.15245988727228227,0.1902441533343267,-0.025672988367898456,-0.13725206265998569,0.1737581556697072,0.11624782189374791
105,2.1,-0.1334622790326416,-0.011138528847999186,0.0050816603079659045,0.15524246692970678,-0.14135126071957094,0.04470789638567921,0.17104578712352334,0.21071925445091172,-0.004043383695301779,-0.12110648107175132,0.17355915621199713,0.10089281048044008
106,2.12,-0.20697578564368158,-0.007019658878015728,0.0012322761629778023,0.19824724187913279,-0.14647946034499612,0.044378510306132504,0.10787318966869575,0.24903615965950626,-0.012514359964435975,0.00803250042496284,0.1920477645047454,0.02201464371263883
107,2.14,-0.21641932340008896,-0.0069035967128670515,0.003624691991687884,0.21810276455725922,-0.14609113326188644,0.054376538724426104,0.0858905185281875,0.24626149361772542,-0.025438545329913385,-0.014538149263977507,0.19779240870666673,0.04018489774359299
108,2.16,-0.20443521699444525,-0.006898267711223732,0.00882225989936146,0.23184644726026254,-0.1461115413347602,0.05792573693325803,0.08271532875930748,0.24259589274051208,-0.03197708633897507,-0.014967828321650917,0.19720600548405978,0.05105749880478798
109,2.18,-0.20923679116694355,-0.009658631886778943,0.010282874227361724,0.2255213556338672,-0.1447747923915821,0.055378954163280314,0.08340222954366287,0.24046545767249394,-0.02805553781489422,-0.011427289918728573,0.19647827695371586,0.050431698732554146
110,2.2,-0.21014700539134462,-0.006441998597780059,0.0126094934801768,0.22471099666552422,-0.1442849547411032,0.052747655033156524,0.08668958291496869,0.24212717854738508,-0.027800847690677696,-0.009502541233574413,0.19756562901839617,0.04855900988485776
111,2.22,-0.047603236633260104,0.2124438079144836,0.03162923663904431,0.13612127636867938,-0.21459920059763476,-0.16289064960471822,0.02030181437437767,-0.7145722188796964,-0.821346934206719,0.11942936961025266,0.3629743770546557,0.029598742404071638
112,2.24,-0.01534074142080577,0.20953862168272303,0.04022441333102851,0.03180924063710977,-0.2830470847420963,-0.12104543771379866,0.12172737668802411,-0.19198586470398726,-0.29878435500813305,-0.13934058012083797,0.44304017253366507,0.012223671210666986
113,2.26,0.017826368536229528,0.18927122907504088,0.04021250244979917,-0.036597284638421865,-0.32179835428779785,-0.06973768522507494,0.14659494463128947,-0.09820237871706122,-0.021304776212507537,-0.2426445832214935,0.44651611216994613,0.0002752473463566822
114,2.28,0.018538822274423515,0.20144259591971125,0.04019933778364354,-0.055381844008385694,-0.33499642285687997,-0.04756442614513348,0.1287448966090325,-0.1171787174848376,-0.01990312283086293,-0.2380669316160761,0.44418865873163493,0.016573539437357808
115,2.3,0.00481038427757946,0.2104398656402466,0.040186800002690926,-0.04618376430766989,-0.3327987408108111,-0.04689657469969946,0.10587950505911717,-0.11778662336445533,-0.020524138262766237,-0.1721546283391812,0.4347869880829327,0.04037605159713418
116,2.32,0.01371905617167024,0.2346898483921076,0.03892001310199052,-0.1152783188471404,-0.30001776758395454,-0.14794894358755595,0.02693809040843742,-0.09712972036112211,-0.05108301508375501,0.1339501094940417,0.4172455344043212,-0.0021803248128360667
117,2.34,0.006011563441737727,0.16801022620331132,0.04975337976902265,-0.08019482709149378,-0.25412301260707176,-0.054542614425526145,-0.06381555955329493,0.03165311965538567,-0.04679456757296267,0.05324728993412911,0.34268195707186233,-0.012510313382529399
118,2.36,-0.012726924358392906,0.17897791261772567,0.047381559186871244,-0.04218948425598065,-0.23195307216781674,-0.019308581455008383,-0.06411308957999988,-0.0034133495486175225,-0.05713134976891367,0.07154320487706275,0.30759496177770274,0.006516457060597645
119,2.38,-0.024855033740053517,0.1852617016967364,0.0455615009899656,-0.022903828606339376,-0.2482020636076449,-0.017182159301999178,-0.06361222743633875,-0.01560426018450703,-0.05676018805616105,0.0805706691518921,0.31412713780004986,0.0398150997581649
120,2.4,-0.03013482344391294,0.1922668297052792,0.045659460831236134,-0.0246911038347302,-0.27021649991785945,-0.024984793362585342,-0.05380214687407388,-0.03419212680328841,-0.0590752112842657,0.07308003989992296,0.3281877130531231,0.05336386965819006
121,2.42,0.0018151043124529642,0.18212362158017611,0.0419654380322024,-0.1350644599547375,-0.14473176160440188,-0.12407843109578659,-0.16314056903432717,0.9098102386643456,0.07375350207740711,0.36023055404140214,0.17709071967020673,0.10162792485074269
122,2.44,-0.023306573221292752,0.16413771341427605,0.05013697613670641,-0.18029003483380684,-0.12982925392210878,-0.07366964519985715,-0.20254851250240286,0.38724530281716896,-0.19585670748107914,0.2005149993074592,0.13338529749269276,0.10091997033075087
123,2.46,-0.030490049927402417,0.20192388702916395,0.049100999543515114,-0.19514461698921692,-0.18932658837752323,-0.08576215807127809,-0.21991974980945528,0.07205431160899145,-0.09959802318380037,0.21124639709345502,0.2187808064362026,0.1197400455849259
124,2.48,0.08122858395063597,0.05704513773760954,-0.18241958547925521,-0.055666913600168594,-0.045326932046688334,-0.03653883239056917,-0.17172804020737154,0.19586472053884568,-0.1975125549900612,0.03147550348036979,0.20907120823388556,0.06293714448039801
125,2.5,0.08487980274941148,0.06695500228471082,-0.16024462261602626,-0.061415551265529236,-0.06248072484298561,-0.014083651872586714,-0.1748623227190942,0.2089342147668146,-0.1874625244224027,0.011067749460842075,0.1905745758687608,0.06847230336798779
126,2.52,0.15088616589759643,0.08162877722913701,-0.12863906180781637,-0.23939449104855154,-0.08031676525558479,-0.043308343090659104,-0.2571171821246094,0.2326939705461532,-0.1468773737507784,0.1905114902548433,0.17203955869542548,0.04514585229622042
127,2.54,0.16579844896384063,0.07131484849227288,-0.10677954023370445,-0.23156709882175558,-0.0777197990609598,-0.021444663338439737,-0.25613784100781156,0.23026811740753028,-0.13116635377965902,0.20182527939291864,0.1768128485833879,0.07479982746563107
128,2.56,0.15580225787909072,0.06647515663296888,-0.09224325355228688,-0.24213636759959467,-0.08578088537768466,-0.01848592817966388,-0.2519202517181578,0.22912869115517323,-0.11976261355307269,0.21021874675103674,0.171487770200179,0.07768364918341228
129,2.58,0.1520686435401638,0.06997586698647464,-0.08920443736195735,-0.24422419489355862,-0.08873641304070992,-0.025737573899111257,-0.24803571787718365,0.22913552363902234,-0.12042587564772439,0.2157756261108773,0.1634303720236237,0.07008442386264836
130,2.6,0.1503192419615006,0.07002130541751772,-0.09235390461020006,-0.24506343041039466,-0.08620104657538494,-0.02707673891163148,-0.2466325500547302,0.22932487333610574,-0.12310284433121033,0.21619858154341354,0.16725600692388948,0.06951988953993893
131,2.62,0.15274390126999304,0.9621081035276888,0.1250999659103414,-0.4018449499629502,-0.26699266375814024,-0.07034064779615704,-0.16972274092328987,0.13965186617370084,-0.0794261483563819,0.21657576739900597,0.24807736326243404,0.05203032962566399
132,2.64,-0.06948210810671906,0.4395993549695696,0.11934160946043498,-0.25732178022765784,-0.2940950523357213,-0.1508697257702981,-0.1625817234300842,0.08154655671982625,-0.10558194541828297,0.13246943945474493,0.3200583945571801,0.13674828099663122
133,2.66,-0.058463034198098965,0.19758615913142208,0.11640288863222656,-0.026312384121050775,-0.24466095678430266,-0.12661957108526484,-0.07392622385359321,-0.014044947464680421,-0.006563755987569531,0.013638979880284785,0.32218062064439745,0.1710656602995877
134,2.68,-0.05880975219654712,0.2065739035595378,0.11319068637424712,0.1107850637267001,-0.21584316302853815,-0.10080563328924669,0.010905340079441592,-0.0945157114097289,0.015850279297542676,-0.11671566474433803,0.31762017348549465,0.15715923212048383
135,2.7,-0.05476664510947449,0.2086018280118222,0.11454399767766973,0.1350712037582042,-0.22145009652988398,-0.08955922580580804,0.040796181245006974,-0.10514605537004738,0.015848322078495316,-0.19691480642146783,0.3361093324705226,0.14563778720591286
136,2.72,0.0059863441372152715,0.23189662988972884,0.0779188910869242,-0.15831957526405227,-0.23286920781119194,-0.14034448102004018,0.01914415224925431,-0.08347029495868298,0.01890415390186082,-0.15375741683103025,0.37262734404039266,0.042899030157197954
137,2.74,-0.034193558015195025,0.21947335934075263,0.07368783942126204,-0.004416525808637328,-0.23855879901264535,-0.1588601290575917,0.0268976236021478,-0.10924345532864478,0.025201811876042302,-0.15641717446071512,0.39081027606100693,0.1019620037178447
138,2.76,-0.025865514860760157,0.2163760901421203,0.07290012696398523,0.06571221088753443,-0.23111224608561465,-0.14537626854511576,0.021841462830726216,-0.10339169001545108,0.025202902402453,-0.14754384678380514,0.37006937267149365,0.13040199273489095
139,2.78,0.12116024797978663,0.006036558606505246,-0.05459160416037105,0.10704125955611055,-0.07238579387789942,-0.0666868940018612,0.04581902675486067,-0.03122910741709113,0.02463921552895306,-0.1766842821963715,0.31787621791965176,0.04147999414221562
140,2.8,0.08330883773113529,0.0683510967108865,-0.019453965814056715,0.07971977732003077,-0.06909103632731231,-0.08899235702177513,0.053385787610270616,-0.04652137773955675,0.024640137551032608,-0.16216183348848023,0.2920300446526992,-0.006444086454826033
141,2.82,0.24002908467761574,-0.8823002168825851,-0.8261475886753686,-0.17205498712718453,-0.0019768529941667085,-0.13839711047996434,0.03496500696019625,-0.011278717104217711,0.022110144226380038,-0.07988784151151265,0.26849236980195845,-0.16805988787111054
142,2.84,0.1087368106343452,-0.35974577543628683,-0.303605616496781,-0.07835252044136254,-0.09164823218893117,-0.20257310312148064,0.0235061824904126,-0.06170523689334627,0.029350055925419095,-0.06426837194768142,0.3516656070571186,-0.05237970155403801
143,2.86,0.15293220633715088,-0.052577130632830926,0.010777104449367414,-0.06975330073093115,-0.13678130039306713,-0.15767474266582243,0.04715702568429271,0.2119926509278589,0.2873031531875464,-0.026128299859222215,0.22811361571058325,-0.028890699940918023
144,2.88,0.21189722235467917,-0.041333466274623365,0.032840800088622446,-0.11858469965338078,-0.033992531119709374,-0.06635516827676594,0.07580132548693429,0.08231610871672515,0.22111437481129306,0.01074186470578034,0.16417367505535266,-0.04895562830875867
145,2.9,0.20171790602779743,-0.06638831119387405,0.0008051652230229994,-0.11740968548424457,-0.031591706300731257,-0.07621282688017408,0.07454871665093743,0.08220919996306257,0.19761833931851464,0.00600127414788465,0.1854775552109115,-0.05041011365805975
146,2.92,0.23853341965505193,-0.044653429535899763,-0.059549995876316666,-0.19289555921067464,-0.017906298956709532,-0.12064733933065286,0.20752788452604343,0.09427248848716464,0.2196632478325831,-0.10221785997112898,0.18394618842574015,-0.07222869422999334
147,2.94,0.2239212249255266,-0.05747856519515579,-0.0733397695252154,-0.1327911510251897,-0.010322258746250548,-0.12922135051180988,0.18314515923687813,0.08982650530216031,0.1679959860763696,-0.1357675611857235,0.19468412129596743,-0.06385933354819366
148,2.96,0.20848729671661376,-0.06268273423443575,-0.0694742990470338,-0.0859597187888046,-0.009535523044028833,-0.12915971720126646,0.1713547701919121,0.09011132080671454,0.14036297609491155,-0.1525479345241349,0.20161556488564128,-0.056947115567626196
149,2.98,0.20510887223707133,-0.0683294293104066,-0.06853501192255776,-0.07550516667236915,-0.011148271663970491,-0.12874621452319895,0.1695169419043801,0.09044789093157549,0.13607167919097557,-0.1550836887475056,0.20540304912783858,-0.05103668063537345
150,3.0,0.20860547100546198,-0.0677986048127593,-0.06792344952840534,-0.0888182070648749,-0.011424881534132764,-0.12840602578011745,0.17393365398217103,0.09036098445272957,0.1447029138311291,-0.14909180790971252,0.2038072370733555,-0.05139037090310953
151,3.02,0.10465323521086822,-0.2049412462836227,-0.02391030772613141,-0.049774490429427776,0.14492066928745476,-0.09608224025975359,0.3474548867102824,0.2864346638542671,0.24221480380041102,-0.15689464274925546,-0.68250209917439,-0.0695477379332955
152,3.04,0.08635816159969159,-0.25724188145050175,-0.17108085273385853,-0.06836555241861092,0.17623104850614585,-0.08714531324479241,0.24002214418697287,0.36413680504381307,0.3012145324351875,0.03515899483456453,-0.16254857002102308,-0.0602723622568542
153,3.06,0.12799802874976723,-0.23548142575127126,-0.17354260952005007,-0.02876745581726762,0.17840341353179107,-0.0923283206823252,0.05538252646985453,0.3116717800669295,0.25058018902903634,0.014912096096437566,-0.09472474547728726,-0.06052619606683471
154,3.08,0.1454661693464691,-0.20534165060726883,-0.1723294252644605,-0.03324473362360345,0.20446355924496407,-0.11228706359629029,-0.030231501365171498,0.304188356215613,0.19829275580222952,0.004099005727170091,-0.09814697094775321,-0.05794233250393553
155,3.1,0.1562024399024391,-0.20220938819954673,-0.17629560073136885,-0.04007120035749728,0.20908947390940566,-0.11248142340927687,-0.02716917701673499,0.3105074575463289,0.16246743700506933,-0.004240747935795264,-0.10539717562166534,-0.05678123036986933
156,3.12,0.10733719848095967,-0.22294170752350215,-0.05451550066244422,-0.04355674749182997,0.17191203941447164,-0.12714331400968892,0.2641433790106119,0.3271886063784486,0.20669954067890756,-0.07408184247759342,-0.11508106652459266,-0.01841884310600783
157,3.14,0.0991568836938643,-0.230466217884925,-0.15201315917828626,-0.04702379952845134,0.19426985982130057,-0.11864027068476493,0.10939406217958131,0.3455500936737086,0.20400100055504272,-0.01539151557532073,-0.1150631271474368,-0.014912044777292688
158,3.16,0.12036160720599356,-0.2160888756903413,-0.18789349053420168,-0.044853686743276666,0.21297784930989108,-0.13453580083800787,0.024122928979002714,0.34311812216022125,0.17611820447930973,-0.023371066435308285,-0.10857585352579502,-0.01409847815337904
159,3.18,0.14035901912258852,-0.2019816230513541,-0.19439311062201228,-0.051681174591413956,0.21218503638973438,-0.1350624601669828,0.0092161663687612,0.34038666534859774,0.15181039003136113,-0.03777534042435185,-0.10867895824565577,-0.014482910672019983
160,3.2,0.1502757617288008,-0.1955519005487359,-0.18722786703667726,-0.052232936644548277,0.20915054142256184,-0.13382974220781718,0.04061894228440614,0.34239530506554094,0.14262731888052016,-0.049403082110271834,-0.10877690773046372,-0.014316601199563819
161,3.22,0.12338784840620223,-0.20796734368255915,-0.0026451953915389292,-0.04783533633512732,0.18341268794559062,-0.1333358915773913,0.2706423429016484,0.30490853562055126,0.21272335177578916,-0.13169554298607045,0.8534633844146153,0.7820234405237383
162,3.24,0.15763835317230174,-0.295619799043815,-0.08522286935896309,-0.06555580943324492,0.06969001199737843,-0.1246605404899131,0.0753112631036501,0.17352220252956935,0.1646272759431885,-0.2807633077935631,0.5762832379888784,0.6032369357533445
163,3.26,0.12468388363476593,-0.0010458733635403672,0.058263541174307,-0.09462803393152336,-0.04646776112135596,-0.19641726346964034,0.007200892432509404,0.08224442528228137,0.06605534989009043,-0.19716872184005868,0.16786336189134032,0.11543471855690235
164,3.28,0.10093867052438085,-0.005206353913132414,0.03799817920459703,-0.08961623579148319,-0.02765672791635751,-0.22382937391253738,0.041953793263941316,0.07813769024173384,0.03998065437597674,-0.22907993299934543,0.19896763239306647,0.13331823871079115
165,3.3,0.07527121359042059,-0.021909668820607377,0.03117221454623023,-0.08256851142264583,-0.03901900712195131,-0.23605134365773592,0.07258813126501489,0.09226184944067216,0.05361034214337271,-0.22515634584235444,0.2175721443607153,0.13769224650351514
166,3.32,-0.05071195150852785,-0.04192671243638497,0.11660494808159325,-0.027399447851172168,-0.07341054752579215,-0.2273286295786308,0.15945934110211227,0.08229468326950078,0.10744618313408566,-0.2262949639078753,0.19671876169016114,0.1590352909098029
167,3.34,-0.01867359199814806,-0.0560266629983832,0.07902052301205113,-0.005812823281907166,-0.07327974794545014,-0.1921232508584016,0.14154449004505626,0.08643822963403452,0.10617358262840888,-0.23182742175809862,0.20323215026762845,0.15307943736286025
168,3.36,-0.0011866834719695962,-0.06022077463355399,0.06637679004215227,0.003532501103808608,-0.0736404255233068,-0.1681894425811905,0.11002087682439171,0.09061943166294834,0.10227033461038026,-0.23201877066488197,0.20486727712883643,0.14750864359596488
169,3.38,0.003692905311988938,-0.0616132967605096,0.0653628226425176,0.004331568961580115,-0.07374929224705784,-0.1602109251421801,0.10242871347232246,0.09183910379481983,0.10430749079707681,-0.2309621066878837,0.20565724902912239,0.14823505130654932
170,3.4,-0.0020018783235934076,-0.05955363167886331,0.06956913463981497,0.0007757345860853818,-0.07356646564802215,-0.16653039844831305,0.1102540766503398,0.09090250464651595,0.10557919891761874,-0.23097737852737957,0.20532268340883822,0.14914583746011634
171,3.42,-0.13667766118951774,-0.236817900767012,0.061978188856105204,0.003021263429947574,0.8664476227761533,0.5988952882724699,0.14045333341027366,0.29444638266989087,0.2891194967537877,-0.12390666530815328,-0.03454223950834273,0.06895434525343216
172,3.44,0.08944328649183621,-0.3176645386664111,-0.023018867673228444,-0.07410339299923893,0.3700379937763303,0.10240117591128262,0.16290025318064288,0.38769422859763225,0.252525429203074,-0.09807065230628542,-0.08235524984874212,0.08103277587341573
173,3.46,0.2028753049372654,-0.2770028844776572,-0.08842461079360373,-0.09388512419806373,0.2407631969836097,-0.016842501033487167,0.17759343301447977,0.42969012619830094,0.12915936120397906,-0.1241956887728867,-0.05397983502277642,0.07551177242377888
174,3.48,0.20352768253318732,-0.2607720403115993,-0.15085372815266068,-0.08259352482339541,0.24669531837322417,-0.019445402352250243,0.16806704036378925,0.421075985668273,0.046351221329098,-0.15975035886478406,0.0033324078433890347,0.07890730617500329
175,3.5,0.18548299099257493,-0.22438272420981287,-0.13898807379837105,-0.06690364244525035,0.2378480185000288,-0.017436493291040425,0.16813051802489337,0.4037249524941248,0.028671108097982873,-0.1825874435307621,-0.00486942662019671,0.06546256520629067
176,3.52,-0.09717133189336041,-0.22153208872652508,-0.07183196735948223,-0.0070368924527627885,0.23742893417625405,0.012507710755454704,0.22401724477322782,0.37746905023190885,0.18916359717822998,-0.11838310648315414,-0.08377108949859344,0.07389831869088545
177,3.54,0.05299468669439595,-0.20665371585881126,-0.08268869394680978,-0.05044004052550771,0.24561169389132265,0.011123042083187734,0.20154533901907085,0.2998133505079478,0.012374392818198882,-0.10114138915327839,-0.06411649733194066,0.06740315845021001
178,3.56,0.12762808422034955,-0.21658114602935682,-0.11541178869804444,-0.038851331183456655,0.25429376071024457,0.01255779003620977,0.17097321039446858,0.4032434273103985,0.06697377152438806,-0.10160206689507814,-0.06617387871655947,0.06461388997803807
179,3.58,0.14661003859082028,-0.21625900226099556,-0.12597011207835807,-0.026575422938248723,0.24162110013459626,0.012925139529363333,0.13346843328008073,0.39772539785901945,0.05398562130716088,-0.1184765953209608,-0.01628092110328505,0.10503175145374631
180,3.6,0.12831655270087267,-0.21318217916117346,-0.11767848840931744,-0.016283877112592104,0.24358341225353775,0.01203087359660586,0.11335622027730241,0.38669041950598937,0.06677268390220806,-0.1120958149336031,-0.01891059107410073,0.09076044468041304
181,3.62,-0.19920533756272518,-0.1826054098618075,-0.03500721591552522,0.09212733950101937,-0.691290988974282,-0.06236895254211028,0.15054987453834928,0.32132838346438386,0.17423024020472705,-0.06993243566401122,-0.003500584310732524,0.008507926435968781
182,3.64,0.02184048242370641,-0.1888760130024304,-0.02599449247674157,-0.017506566091918585,-0.14251766425878898,-0.05923860587399565,0.1436672578743352,0.322433383364147,0.10045208756878296,-0.07306507714578464,-0.011762082876316166,0.10622743124199409
183,3.66,-0.08584975912739734,-0.020654817846912837,0.003432228341167895,0.19327754741716552,-0.12003666870965729,0.073701223912796,0.1436529586503345,0.19724717598245595,-0.02482315657311407,-0.13645212811478472,0.19619313422436427,0.1541988195467099
184,3.68,-0.11278628217831367,-0.005460164515232305,0.007118402096329801,0.17095231021642157,-0.11689288365581457,0.07075532333488627,0.15128338776436223,0.1899833405321337,-0.028073219668313408,-0.1366773704303368,0.17375995019047596,0.11520346235909995
185,3.7,-0.13042983477399214,-0.010017162821306536,0.007554152405150519,0.1535723894597543,-0.1370018996687248,0.04178303586021108,0.1679586757380448,0.21157666605189104,-0.003994727381222179,-0.12066129435338818,0.1726002480265791,0.10166846838829612
186,3.72,-0.20639328241171961,-0.00870744021589907,0.0042960015375835825,0.1990893879818722,-0.1473977563818735,0.04671256557034335,0.10676762433924797,0.2516562282135287,-0.013688493862379712,0.00851618417883207,0.19597061151095438,0.02270636018125155
187,3.74,-0.21708871405611527,-0.010487255663967424,0.005480145757186514,0.2183826260538426,-0.14434953386834287,0.050342947484678574,0.08227413808692102,0.24407167861860668,-0.027989045420820504,-0.013974478739501972,0.19547891090183542,0.040680004284274665
188,3.76,-0.20401895509833662,-0.00861395748752386,0.011811353482241299,0.22967243963673106,-0.14337824210335148,0.054323887221077866,0.0791067679429678,0.24301842343241037,-0.03190569852275729,-0.014851045594135581,0.19861806403526164,0.05243741369569552
189,3.78,-0.2092076365206459,-0.01561970688604555,0.010461339481558363,0.22319853824760966,-0.1485400365156103,0.05261775055816445,0.0805844857971975,0.2391428538490859,-0.029306844892941712,-0.010958752821149942,0.19757880275445863,0.050452389403768366
190,3.8,-0.20968866000561603,-0.007419542718469757,0.01680652367913875,0.22130632172167197,-0.14202682703071898,0.04827949840438413,0.08379542192435895,0.24177396866560025,-0.028252198039034244,-0.009188454830338838,0.20055402181240914,0.04970432405391538
191,3.82,-0.04598160061814649,0.2130641423064832,0.03179102447145621,0.12740700378907666,-0.21548122859710137,-0.16898482578571097,0.029418424171216706,-0.689104901610124,-0.7940455229039536,0.10878796366994789,0.36779178405291235,0.02680079896876822
192,3.84,-0.012736731308530175,0.20957629848378295,0.041503272569652055,0.025554728014800826,-0.2841299807759812,-0.12445987140635928,0.12286502815493228,-0.1665094641540471,-0.27147215787049983,-0.14766200921766195,0.44279762299063674,0.009960520744760414
193,3.86,0.020351271499072433,0.1903172391684907,0.041492675487501435,-0.0392362168118024,-0.3198651752174744,-0.07183982350677799,0.14583079874451627,-0.09955219565945533,-0.02109305220113511,-0.2464305161498159,0.44611180506276576,0.0017240750922145887
194,3.88,0.017832555504307013,0.20164397988324678,0.041482078398242445,-0.05592896345886606,-0.33293064158097097,-0.04980469330858392,0.12759025333701088,-0.11756825885425753,-0.019878416121713566,-0.23675210803188101,0.44241238018356643,0.01925929894281782
195,3.9,0.004468816708954312,0.2104461699570072,0.04147148130537176,-0.04547240768214769,-0.3306891307322662,-0.04880530182218017,0.10503176286371955,-0.11775350652707148,-0.020487194223072075,-0.16991567296006327,0.43255469886368525,0.04418570362153254
196,3.92,0.012902584615077206,0.23480638905390322,0.03859740832292939,-0.11411794447901843,-0.29752778585772954,-0.14554441584152555,0.033670847824768924,-0.09696426552824633,-0.050999563505179896,0.12670607562101172,0.41270255555004465,0.00012184760206006631
197,3.94,0.0052488768741193945,0.17139266405478154,0.049058326039848735,-0.0823343021806281,-0.2481099738316599,-0.054968407847283185,-0.06476837127575852,0.02947780016728971,-0.05826965946768212,0.0667182177553293,0.33614349614980804,-0.010030088988534892
198,3.96,-0.014730855799109197,0.180017210533276,0.04693487760808447,-0.046931084101395196,-0.2310217611314055,-0.01990129283091674,-0.06837487188904247,0.0005962327151007724,-0.06273676328724953,0.08008803081086677,0.30329541628139856,0.011936893588363227
199,3.98,-0.02375331987278339,0.18532162327465657,0.04533863359219263,-0.028727474107661168,-0.2469545271874551,-0.017078689661586086,-0.06796123867387087,-0.011282148433538683,-0.0618503998118409,0.08553651028816914,0.3105568614972286,0.04258912939268132
200,4.0,-0.029467700666601003,0.19279294163877753,0.045379644454045145,-0.029950902826947748,-0.2705001321878192,-0.02526430369574663,-0.05683168896730044,-0.03102138043702181,-0.06475957625003623,0.076419887262478,0.3257508679574346,0.0573291556767754
201,4.02,0.004972010161282611,0.1833266440300696,0.042356370071144775,-0.14032439394977586,-0.14315860970260696,-0.12461102181133805,-0.1643791180790778,0.9137061947931149,0.06354288144380316,0.3641374131776103,0.17366492809644837,0.10078788997275549
202,4.04,-0.02307968412444987,0.1614694102135446,0.049836336407680315,-0.18681909227838814,-0.1307368912542423,-0.07547586235627377,-0.2137603797063738,0.39114170590861175,-0.20504828606856804,0.20495838278902223,0.1306331430691803,0.10044151200527504
203,4.06,-0.03198298435476961,0.20399759877094967,0.04878807713084847,-0.19672709932612703,-0.19025874904867546,-0.08773533283584667,-0.22734844573734708,0.07103118764544869,-0.09611838428971892,0.21635504030212352,0.21431495199737594,0.12033929220710347
204,4.08,0.08418406810952139,0.05394465908433929,-0.1835773453654172,-0.05531005095620922,-0.041880209443082586,-0.03714722077280838,-0.17596709391827278,0.1963394234705821,-0.19130124493335385,0.038153606045210786,0.20960595722010686,0.06296821432780868
205,4.1,0.08816989353731844,0.06548449041852508,-0.16224461825752395,-0.06099067955555222,-0.058089296824259395,-0.01636437588455192,-0.17704592746836248,0.20884038483454082,-0.1873576507291442,0.01480102051625104,0.1898354589688289,0.0663402191117851
206,4.12,0.15368914347396717,0.08301947153882644,-0.13312624320851052,-0.2380621507441521,-0.07386183120570064,-0.045678362389841576,-0.25562258189527487,0.23011928141001553,-0.14069846869069647,0.19111508107276795,0.1721598928111905,0.04059856537164279
207,4.14,0.16902660286760585,0.07279033915391983,-0.11295401103889383,-0.2300578159937297,-0.07438012329266716,-0.025046218182896166,-0.2477319353414541,0.22450815188947326,-0.12374387101439108,0.1983763570735761,0.17364718468931628,0.06860451684129085
208,4.16,0.1608876408372835,0.06903508054857846,-0.09795681764445184,-0.23821024749441974,-0.07847184005911759,-0.02191858969249255,-0.24561897351671214,0.22435164567452115,-0.11015911786807393,0.20752015281268413,0.17112527463484475,0.07251553246485254
209,4.18,0.15457794644883155,0.06618021016136343,-0.09232601152434719,-0.24257059857776175,-0.08239824359171799,-0.028053656782736094,-0.24287721738328535,0.2250148726215467,-0.11051515155166786,0.21255060193037312,0.169234930635277,0.06631677774546013
210,4.2,0.15444054870598606,0.07007619389962795,-0.09252758791122635,-0.24199420122288479,-0.08047721446529099,-0.0296734321722031,-0.24208006855991737,0.2254655296452919,-0.11330157692993462,0.21245781416054088,0.16907870510808243,0.0634597384140789
211,4.22,0.15612729153347515,0.9621461971532697,0.12490957401534736,-0.3995189707262437,-0.26393213094616264,-0.07134292048990895,-0.16570928375958877,0.1355558128935565,-0.06842641927097691,0.21755367784205903,0.24913407419696892,0.04423645942516264
212,4.24,-0.06935242199835312,0.4396375314057228,0.1190759251408687,-0.2537005984669299,-0.2925607178027668,-0.15354395544198274,-0.16058407582122675,0.07571727943645551,-0.09775091561094458,0.1313013574620205,0.3231234158718559,0.13077844174708209
213,4.26,-0.05662448560717412,0.19646630883089145,0.11390908012899181,-0.02217700060811817,-0.23991971358220565,-0.1305952867051513,-0.07160934407967,-0.02768192224177861,-0.07844620341352292,0.010774837004182941,0.3272926502283343,0.1660658772613862
214,4.28,-0.059066177314934985,0.2059041477836437,0.11319893500117928,0.11404650121602772,-0.21488492037165036,-0.10290424500774346,0.013222437756769734,-0.09569368681004062,0.016072893313717106,-0.12286622854995038,0.32107216336683464,0.15304736497037694
215,4.3,-0.053823754682867736,0.20755904623398255,0.11428848522850064,0.13938560617744114,-0.2252143147934912,-0.09109333045468991,0.04304295096381608,-0.10421711910050128,0.01341434085288961,-0.20079940606103788,0.33510397640567113,0.14365386413757558
216,4.32,-0.004928644128464332,0.23099622150083995,0.07758328854595609,-0.1451159423733451,-0.23468242582574617,-0.1396822984169056,0.0199485049430842,-0.08470969335879217,0.01914478234398398,-0.15272328291106604,0.37472162342957893,0.04899925897293925
217,4.34,-0.035715400118563,0.21880590066990033,0.07340634743806478,0.01172914736767769,-0.24098836088601536,-0.15504843369102905,0.025590132701867857,-0.1099941696674313,0.025824968709480506,-0.15567175331327635,0.38878569308780997,0.1104008197380883
218,4.36,-0.022051080178164137,0.214147126198681,0.07533555891139308,0.07271830064424606,-0.2271114615392953,-0.13660485691585372,0.025645321399850735,-0.10905960671906953,0.025826150154734183,-0.14185449745813597,0.3755226688270181,0.1367602247347437
219,4.38,0.11810111681321905,0.017517294877280445,-0.04817888538022634,0.10541124684159685,-0.06811828027064049,-0.06011594205989172,0.04744768764107021,-0.03373126206276936,0.025281566772374545,-0.17964808272064925,0.3129660888594018,0.033301427781440185
220,4.4,0.07766724077061504,0.0718203245753361,-0.014655899363754471,0.07717798945035881,-0.07615785204269998,-0.09257551987654798,0.05388037872223993,-0.04694999829648985,0.02521219644548934,-0.16149756017200115,0.2949115842637324,-0.009230442946224125
221,4.42,0.2463601489208458,-0.8812337987794168,-0.8199229858009793,-0.18020638718453413,-0.006379073012321816,-0.14085485182250174,0.033149806891130895,-0.010748512533877999,0.022782868167551457,-0.07387875307546957,0.27800104424046,-0.17353040380441198
222,4.44,0.11227550540812292,-0.33254562265873233,-0.27124432374887153,-0.08487815353599976,-0.10450565851251087,-0.2049881650195348,0.019914895369232355,-0.06675420939875934,0.029473486940864643,-0.05993458334302587,0.3577111211410229,-0.05282095018578006
223,4.46,0.1574205955403134,-0.054406794309691586,0.014920999613383945,-0.07455021566167602,-0.14404693544020497,-0.1576631019924719,0.04562324926193949,0.21497187843542426,0.28905654654654567,-0.02209352231536535,0.2317148200561402,-0.03311681563785214
224,4.48,0.22108377474983562,-0.04229242200506425,0.032921515307436464,-0.11762632585112477,-0.029266464223257932,-0.06311624819769018,0.07816934779937158,0.07669626554727159,0.22138327170020455,0.01734253930108462,0.16973807997369766,-0.05733654791415704
225,4.5,0.20991922210818187,-0.06670192083853886,-0.007091825679155145,-0.11162506732202004,-0.02573781164970458,-0.07700814780157403,0.07569118982933591,0.07947433555751772,0.20377580580633012,0.008162854760975224,0.19072161454916864,-0.06587891458591476
226,4.52,0.2323337162034534,-0.042806535398253354,-0.06496884442905719,-0.18548277017863107,-0.012081667373397234,-0.12484336834235574,0.20954079000407944,0.09414523792620191,0.2208779872787487,-0.09868549894456366,0.18385846155955385,-0.08805165217801365
227,4.54,0.21961525296404066,-0.057427793298250915,-0.07883424158097999,-0.12593157075629044,-0.005176243093893258,-0.13266510329806036,0.1817718749195537,0.08874590601896934,0.17133410754093975,-0.13389204846573477,0.19588159886253728,-0.07366002597741364
228,4.56,0.2056780975384193,-0.06405897726898348,-0.07239253923321394,-0.07792130252564675,-0.006415688081239629,-0.1300920745508065,0.169555846751059,0.08867025480912351,0.14608731030167255,-0.15047712626000542,0.2022143544027215,-0.06179708986481548
229,4.58,0.2043249741811361,-0.07075059082955443,-0.07077253911614638,-0.06790785043666119,-0.007783650557976571,-0.12617212572373465,0.16801053391266688,0.08903710101158077,0.14379199333032172,-0.1519599512435986,0.20629692177272538,-0.05321031404277814
230,4.6,0.2074420738332348,-0.06993390589821899,-0.07046670758176764,-0.08333121402132421,-0.007773676593830894,-0.12591316660271923,0.17220300203983774,0.08904307390971107,0.1532576360004982,-0.14593107692027182,0.2045575180952944,-0.05466418425296974
231,4.62,0.10489993947221417,-0.199820152594468,-0.01767260462703553,-0.050786977555701024,0.13040616181372688,-0.1395822001266107,0.3560723938136327,0.2759041378595189,0.24931497732643743,-0.18025432003012087,-0.7077430131255673,-0.07067812722201428
232,4.64,0.08605894150688534,-0.25520202592800967,-0.1676775805227843,-0.06326291126941092,0.18111185855962653,-0.1105453284474684,0.2517926264017642,0.35601527304938957,0.30682663496098667,0.03447177520587541,-0.1851858741364727,-0.059313828679335684
233,4.66,0.12360574473958873,-0.22438832769474132,-0.1695682130543137,-0.03759352419640799,0.1697234124186102,-0.10180411253847095,0.05426032008889617,0.32985149141470327,0.261152608192507,0.01347969044027264,-0.08822338240608973,-0.06153152340260004
234,4.68,0.1457325505256546,-0.2062721115914248,-0.1701098505252917,-0.03208662192772241,0.20296270801472632,-0.11176386441940096,-0.028088545634039175,0.3019744233777744,0.20148748923480245,0.004696506252146293,-0.09701074609101529,-0.05807033418776415
235,4.7,0.15599761889975852,-0.2030305418136671,-0.17343943762636665,-0.03986675210245866,0.20921500113240357,-0.11260543587837007,-0.028809063939673876,0.3093027579458433,0.16234959628848214,-0.0035044605810641005,-0.1046311916310653,-0.05677041447041681
236,4.72,0.11521227746326396,-0.21691125043926007,-0.05488261514930998,-0.038321571942022195,0.1740959074014277,-0.1124643234933585,0.2731847093056436,0.3290672413988906,0.1978818318613581,-0.09540799870904915,-0.11700954546509723,-0.017842645411734248
237,4.74,0.10245454076918281,-0.22847150969581165,-0.15692792872766134,-0.04875777423666583,0.1936700359077542,-0.11872637822732154,0.11113806577080954,0.34800934052164156,0.1992768956092038,-0.013099595147523707,-0.11535409075957548,-0.015078624793695622
238,4.76,0.12157450091558833,-0.21621169743989474,-0.186744528778434,-0.046650981202982805,0.21284944543658024,-0.1344675232325635,0.023228575927907905,0.34397672882574226,0.173513951394715,-0.02198211326596733,-0.10839973519342291,-0.014066026983333313
239,4.78,0.13875206533906323,-0.20433790276613478,-0.1920003336309582,-0.05106708622036066,0.21254628507263362,-0.13511451607150493,0.00635187176644067,0.3413400816562203,0.15149569510009014,-0.03610455483262065,-0.1084978219829619,-0.01441798822759446
240,4.8,0.14771177236730362,-0.19763304815761396,-0.1858883496404986,-0.052473267824393155,0.2092202720514219,-0.13383349858755472,0.03845838172044727,0.3439156837394796,0.14223204698175826,-0.04887355987566211,-0.10860623369904007,-0.014115734878168706
241,4.82,0.12103093921975505,-0.20669836932558713,0.0022998628668514515,-0.044700947230552984,0.18233565849179506,-0.13290092097986617,0.27780150873906084,0.30407051652418793,0.2104126904558606,-0.15070363648183305,0.9053341163663124,0.8348693066929234
242,4.84,0.1549647723840147,-0.2865996333452788,-0.08022117560284846,-0.06863212049424106,0.06710146282181198,-0.12380071215197663,0.07209113876905554,0.18340988752727067,0.16923219397664557,-0.28073271305885283,0.5766987994414364,0.599923233448398
243,4.86,0.12274813072604471,-0.0011186588355134308,0.05839432233153419,-0.09293409928517954,-0.04681820291533444,-0.1957078276104553,0.005951909999457813,0.08249977625657551,0.06549949885840659,-0.2032225968931517,0.16840247089699478,0.11327895464628862
244,4.88,0.10091626919371843,-0.006658097483820319,0.04049983472602141,-0.08818459601872763,-0.028185475166862664,-0.22343356911773676,0.04205381573436842,0.07813844660724203,0.039950030158182465,-0.22967600246330877,0.19956762566810915,0.13380569055417577
245,4.9,0.07441044172213016,-0.023669932315389778,0.03324381804344083,-0.08190809486277308,-0.03967828894571239,-0.2347862979289405,0.07228566387417718,0.09223165752352422,0.05386008258481263,-0.22566719779204714,0.2179033543554363,0.1375410037096863
246,4.92,-0.049081366003629015,-0.044390689274126066,0.11686226028415397,-0.02622267270667924,-0.07315450253253156,-0.2259372803562841,0.1598297004336549,0.08196356289826144,0.10885405857120176,-0.22647231640490553,0.1972989162873519,0.15744728746541925
247,4.94,-0.019717236094829442,-0.057725126595835174,0.08361317788326865,-0.0038600437714253477,-0.07252799953169131,-0.19158670214537316,0.14162728649953282,0.0869934569257466,0.1064743519896697,-0.23664375380402958,0.2044367927480765,0.15355880773612876
248,4.96,-0.001309573683660789,-0.06193015794303791,0.06816235155845043,0.005793431609180534,-0.07361883047599632,-0.16795192805073253,0.1117781143204522,0.09050863485324978,0.10240763793684853,-0.23445966534949828,0.20532985338373996,0.14614440505354923
249,4.98,0.002745299190896111,-0.06347356299009052,0.06747978242459887,0.005756871133167564,-0.07369494614310447,-0.1602382427349645,0.10368775438048686,0.09167202115240469,0.1050488061204365,-0.23380724821570267,0.20610971938399764,0.14719971779747268
250,5.0,-0.002576144713355641,-0.06146729309038945,0.07152513549735107,0.002389277831620025,-0.07314553439519388,-0.1658146616909576,0.11098390417950353,0.09058640730986703,0.1061320994578121,-0.23380586337086304,0.20581307626721806,0.1483332589457357
251,5.02,-0.14832087558557447,-0.23708616966362017,0.064988466873079,0.018269882164422768,0.8926836740641542,0.6251763980990586,0.1486863568847142,0.2755033196573143,0.26259136864857324,-0.12527185523839157,-0.034514213892247486,0.06212464504152988
252,5.04,0.08759870012616389,-0.31995189584621997,-0.017812511268035874,-0.07427828062431083,0.3701525760823614,0.10255620668523924,0.15984450559862018,0.39080898327025126,0.25066931857827063,-0.09660874672668729,-0.0830020488370096,0.08126126078541024
253,5.06,0.19942076681852872,-0.28231713426176364,-0.08393485634214735,-0.09335285634671253,0.2402511341283921,-0.016716109492547288,0.1761973083851716,0.43196055071363243,0.13298909167981168,-0.12251047493215406,-0.05432068181084532,0.07566957566465149
254,5.08,0.20565085597781493,-0.2591228133606091,-0.1473489007110557,-0.08413628463515463,0.24691969922786905,-0.019318137065406846,0.16793919839089633,0.42183912851155203,0.047236395754314126,-0.1576164810333712,-0.002182351474778299,0.07810271209251313
255,5.1,0.18352390223751663,-0.23199272793258904,-0.13787316813300254,-0.06728006990360536,0.2379909002332138,-0.017561912732368914,0.16512604872645353,0.40277833993194617,0.025724284280219695,-0.18549806285024864,-0.0013985212666831615,0.06817337960515295
256,5.12,-0.10294048689485394,-0.22418498952222157,-0.07377315506228399,0.0028470765359809858,0.2377806894617268,0.012216010718272885,0.21834305723522762,0.38282652464109385,0.19123214833072602,-0.1214276631255436,-0.08447515063589292,0.07450741599899131
257,5.14,0.04640407854356619,-0.19953692277333018,-0.07904203487587179,-0.057503142708815846,0.24518952229938695,0.019198669047962816,0.20605437091929563,0.39078108230461295,0.10502149129208457,-0.09760914204344062,-0.06429646812062648,0.06671069046211109
258,5.16,0.1238601243810073,-0.21760999948214862,-0.11518512512998573,-0.04048139338693483,0.2546090900438208,0.012637053245154573,0.16919970418912575,0.4037537620084806,0.0619103760342358,-0.09968605796978722,-0.06649227435602226,0.06483101861736974
259,5.18,0.14695228364461072,-0.21598039459039506,-0.12546137060346735,-0.028394253389710307,0.24252611458382334,0.013109033654531338,0.13191661539082167,0.399265080256327,0.049300606855428225,-0.11588158441626681,-0.018416022511283187,0.10221710542072798
260,5.2,0.128830003309565,-0.21419178423778343,-0.11768710750347093,-0.01693150827605279,0.24372165617221905,0.01205213367253341,0.11215440870671067,0.38933009232821325,0.06312834770557807,-0.11109915014415309,-0.019032898165139617,0.09131921140411482
261,5.22,-0.18180350415172308,-0.1844118943855528,-0.031721508245541236,0.0696434233619393,-0.6399021329446544,-0.06260905800145111,0.14584505220713992,0.32111636167588453,0.17320302411421018,-0.06284812917864066,-0.004859379028887917,0.017487373341716687
262,5.24,0.027430216861783416,-0.18880441805051446,-0.026220314911484285,-0.017346881473514375,-0.11724544534190728,-0.05898353172169546,0.13943415084303032,0.32584945723256487,0.09499525367705475,-0.07273587238792273,-0.012057114094980864,0.10677131996560876
263,5.26,-0.09030437886018017,-0.01897898117546344,0.004328049792894875,0.1924390844176057,-0.11710051878588601,0.07755336284248318,0.13973300173040892,0.19472466421965157,-0.029648702670799026,-0.1344824586549721,0.19379822884740372,0.1504296821636816
264,5.28,-0.11536045942671716,-0.002185876141145293,0.008934754876663384,0.16036054140437958,-0.07853856497045714,-0.054222416026526166,0.15046732910957838,0.19513763090133593,-0.029042238855515833,-0.13259049908410428,0.17487926178675303,0.11361248383183416
265,5.3,-0.13336283013374947,-0.011842845318254344,0.007326523421071346,0.15354240737012498,-0.13862338930718018,0.04110315794121512,0.16550011261804376,0.21256733351007356,-0.0063583218515148344,-0.11708891847676903,0.17409621443935583,0.10115120891003444
266,5.32,-0.20644811243619104,-0.009523362842773407,0.007779240494306616,0.1996207857907032,-0.14710676994847213,0.04665328892465384,0.10399606776732123,0.2524459858444305,-0.016124742329557504,0.01328580011563213,0.1971169045935247,0.02018544763254321
267,5.34,-0.21511697419250875,-0.010602832956781116,0.005751723820431681,0.2210074921983915,-0.14715563332388631,0.056857674035141095,0.0828583348128069,0.24822181016179273,-0.031055004577088402,-0.010791713007030135,0.2000718398058786,0.037171561748503806
268,5.36,-0.20556434771607118,-0.01001077798871429,0.011584315753306151,0.2301007802976014,-0.14511199404961714,0.0568840733596747,0.07791413893022879,0.24535453908854749,-0.035077036682260074,-0.01282572953471714,0.20073355893275457,0.04732370530164916
269,5.38,-0.1906150987605983,0.02471280794445004,0.05976330581560085,0.22569219406193602,-0.1406697286495226,0.05584687606521757,0.08128868234692338,0.2429835985368459,-0.03133572892552077,-0.0060248522864159715,0.20477322580289573,0.05195828243614551
270,5.4,-0.21022714509180088,-0.010550929033289334,0.015172371128414852,0.22376683027588296,-0.1424710801400216,0.052335040531272276,0.0824290619844978,0.24519430961500832,-0.030679712442178653,-0.006985761138556812,0.2010987902503321,0.04596839737219119
271,5.42,-0.04182527661479307,0.21588314044686147,0.03135548292189948,0.12300314696336745,-0.22408111962673694,-0.16679805232985118,0.029107878279501898,-0.6858003485978885,-0.7963006580164882,0.10920988021353167,0.372771544810541,0.02316542530575698
272,5.44,-0.011078748449556697,0.21068162511532287,0.04216178488370745,0.019695256139497457,-0.2887590831542265,-0.12295064404023272,0.12312399516166715,-0.163204662784051,-0.2737283466302589,-0.1484070590229046,0.44464101505762116,0.0021835778869971657
273,5.46,0.021946403738146374,0.1899986746407673,0.04215283133685832,-0.04180515395081917,-0.3209398063037582,-0.06829052407314767,0.14660264309673693,-0.09937327798101525,-0.02113350230584221,-0.24590519505465133,0.4482937933968101,-0.003933318112542831
274,5.48,0.01899466870177316,0.20098912572500124,0.042144325460617624,-0.05470751173958283,-0.33381032424223145,-0.04704004213012783,0.12780996322303337,-0.11693207529572369,-0.01985702023786201,-0.238537298081346,0.44445961813159435,0.014097600329406351
275,5.5,0.00447586304672639,0.2101116320856676,0.04213492422518479,-0.04145466971628333,-0.3320586603250071,-0.04594022173114978,0.10498369425325271,-0.11785289399840304,-0.020357614579373698,-0.16959788785250343,0.4345366531704256,0.04196524827608371
276,5.52,0.009558620570944948,0.23501075067523183,0.0382700749976691,-0.10864347100155314,-0.30061569617091666,-0.1466950302091235,0.026433090669276016,-0.09720628877321247,-0.050936090946348433,0.13656533702551557,0.4161380960277389,0.0013155671762537999
277,5.54,0.002935149897500794,0.16427164880710027,0.04906867868407028,-0.07418066752996713,-0.26062121577743047,-0.05248983891399357,-0.06399658022744942,0.038303977576306505,-0.04342263808733428,0.03787792684262112,0.34694752432757386,-0.00811500255736064
278,5.56,-0.012132279059823538,0.1777520018543335,0.04722987439586247,-0.037882057005921774,-0.23425993701826842,-0.01579358614903259,-0.0610588288771812,-0.004322137099033521,-0.05649885545401273,0.06230594819314664,0.30825033361508397,0.009228052133818172
279,5.58,-0.024844536109519415,0.18483780911583952,0.04508365004998616,-0.021129968247596206,-0.2495976895518975,-0.013863222584343582,-0.061538438914000654,-0.017422811850135,-0.05679789837876402,0.07805231162909623,0.3149447324980044,0.04300578243776398
280,5.6,-0.03037129791539623,0.19294860317703014,0.04528034494319297,-0.025388433456313385,-0.2717538890082426,-0.02227347848717033,-0.054411903820409974,-0.034032956429409164,-0.05895165802088552,0.07177590780768772,0.32832003620793804,0.054637527469776834
281,5.62,0.004660702599362437,0.18236024296041395,0.041720499018946255,-0.1382430929083862,-0.14295799073170104,-0.12105006582694691,-0.16253241627496406,0.9097647950402548,0.07099221572410142,0.36524287992944615,0.17347929352517175,0.09281030699205658
282,5.64,-0.023293753496764096,0.16416815203054452,0.04980289481986752,-0.18640109509942654,-0.12883484871301687,-0.06832383243151893,-0.21857619623927071,0.3871976646885622,-0.20731106730836507,0.20616896858416645,0.14227710823453804,0.09843983658884725
283,5.66,-0.030240298693949404,0.20307273737936243,0.048340297858560366,-0.1956834843383681,-0.19074097310778793,-0.08654023621033907,-0.22890007946039115,0.06893600406929123,-0.09382398294068578,0.22565474854861656,0.22234829877887366,0.1170461325970925
284,5.68,0.0862536144252305,0.05839661930028861,-0.18591570133525204,-0.052264051847198595,-0.03893227697379377,-0.03980434179445043,-0.17434839049664982,0.1823818165536792,-0.21977793871573237,0.0458440264539314,0.21097982115873157,0.0535078599759132
285,5.7,0.09242462108263455,0.06845521945219565,-0.1747413099479434,-0.05343262770990992,-0.05201994898508727,-0.022047501519236942,-0.16665533419768763,0.19515883056689898,-0.17773775388512167,0.017418537125134262,0.1949499298395108,0.052322833209829375
286,5.72,0.15870979940347707,0.08698428400542292,-0.14539756594324815,-0.23384015067289027,-0.070435842404865,-0.04683631839349715,-0.24913562872196665,0.2226894646985709,-0.1331744815995065,0.18856241395554102,0.17876980344488705,0.028510846114544925
287,5.74,0.17556505515997048,0.07506252555800293,-0.12424279560018656,-0.224561336866743,-0.07069120720718994,-0.0256607617890372,-0.24246062875389995,0.218200129761627,-0.1084517757020791,0.19491088554719205,0.1783153918245983,0.05798826225533833
288,5.76,0.16876038538655344,0.07309432248284847,-0.11109545961323747,-0.23379491364041394,-0.0735793750215073,-0.018211740380288402,-0.2403679956068848,0.21548467284267597,-0.09061703016461974,0.20808119375990397,0.1719601219625142,0.06363887287420723
289,5.78,0.1643079664838121,0.07514900562231275,-0.10678903375998573,-0.2377628141106592,-0.07901702592209021,-0.023911234814617488,-0.2339412011900074,0.2162090339421655,-0.08921669598653113,0.21639964340072892,0.16311991269922127,0.05705850476368214
290,5.8,0.16181358826978123,0.07518653132909267,-0.10970643889860877,-0.23914280570107327,-0.07612583807127159,-0.02560020568763341,-0.23106896675344113,0.21769007996435685,-0.0911017245773399,0.21826978665152547,0.16679913598111407,0.056141559344345934
291,5.82,0.16409658355406065,0.9669457196471891,0.1245920649342468,-0.4002626139813512,-0.26396750106589884,-0.07085931227683495,-0.15493899176965528,0.13098788681073975,-0.05067039567969945,0.2162606667914122,0.24734053950858023,0.04076472642127285
292,5.84,-0.06983741444362174,0.44443903819148955,0.11898191044793494,-0.25057425143251716,-0.29058363902146733,-0.1550285939838814,-0.15721391407699287,0.06964286175583753,-0.08884965497151023,0.12983744675187578,0.3249990524773706,0.12693153543167923
293,5.86,-0.06073523125569912,0.19735512631388297,0.11682591890179861,-0.019805574549459526,-0.23857887595561206,-0.13217665224789366,-0.06887935259933448,-0.027515140981104885,0.02480270786894507,0.007097102727909893,0.33176429441538546,0.16204376865907383
294,5.88,-0.060304928132196546,0.2052032503772553,0.11315731625283348,0.1190443454034564,-0.21399311487573014,-0.10626982105197998,0.01343085219513758,-0.09675595065299117,0.016214606880580015,-0.12607017839694995,0.3254915113435761,0.14810976959626368
295,5.9,-0.05671905387412667,0.20746005067773177,0.11431731467170239,0.1423679421838395,-0.2209015546598938,-0.09219615558393705,0.041244641285160186,-0.10597298180119173,0.015996821611394534,-0.20021221158961633,0.3407986101288393,0.13981173716376416
296,5.922,-0.014676788708475164,0.2299477060804922,0.07697315468484425,-0.1335808738703391,-0.23819895775416544,-0.14216713912692697,0.02067083171083489,-0.08724187109544863,0.019532431804524415,-0.1528806733693247,0.3827343331519425,0.05006239408171531
297,5.94,-0.03316056189798705,0.21902059157098608,0.0729629313530353,0.0006853588291038104,-0.2430346659755671,-0.1549722779593065,0.025247806852070565,-0.1088278668401284,0.02613524884322137,-0.15279264436159476,0.39208439557729574,0.10184077617358238
298,5.96,-0.024083871366240732,0.21651493573329175,0.07221196315116239,0.06837695843401079,-0.23534569598697522,-0.13845348560996834,0.02315438491170972,-0.11013206121182958,0.026204769716771992,-0.1410603207774442,0.37236415085331576,0.12951443183691075
299,5.98,0.1199430493542796,0.027970586534534977,-0.040523944453455196,0.09841807983979824,-0.06701635298206357,-0.06115654079881512,0.049165209817183975,-0.03613641577969717,0.025608624052325696,-0.18037281655667814,0.3116386840361641,0.018283571485428862
300,6.0,0.08230532635882992,0.07523746543847669,-0.012700770652906063,0.07118879467374464,-0.07863285886923033,-0.09655885202859704,0.052802673246586676,-0.04826539040606723,0.025522785454127107,-0.1596492108351043,0.30342678438078774,-0.0152204180296918
301,6.02,0.2559453243673788,-0.8788635697282656,-0.8149283637617315,-0.18764597298537905,-0.010818217664213113,-0.14169794419373372,0.03153493873848234,-0.012573938161513504,0.022426457088691412,-0.07228702551193868,0.28500383590056944,-0.18033412280810115
302,6.04,0.12094424040838958,-0.3563076196111362,-0.2923791079327306,-0.09752291952576947,-0.10384915263874026,-0.20406332699753793,0.020113957304461944,-0.06531245356104719,0.029027435960902348,-0.05859914101063095,0.36219525676637654,-0.06387040552052636
303,6.06,0.15259781198781025,-0.06339813014510381,0.010123170307308749,-0.08185086007026507,-0.12921933272453065,-0.14518478373462684,0.052937051199409224,0.1987335302605443,0.2782121387083244,-0.01279512484027423,0.22434485490229994,-0.043652873032674594
304,6.08,0.23041701556082786,-0.04572522115614308,0.03244107430445167,-0.12070286011186729,-0.025321780420229797,-0.05616057442020733,0.07802756592770273,0.07933647060417887,0.22321378884294354,0.01899516112922868,0.16849741101329335,-0.06484371258035966
305,6.1,0.21583707515010037,-0.07077255681314194,-0.003531845741311934,-0.12312720756683783,-0.0343866469997955,-0.07211968949066665,0.06962235509657973,0.09109346900574884,0.19896985302116219,0.006845333084890895,0.1937840490317337,-0.06679711824015362
306,6.12,0.24475119994817063,-0.04851409199529623,-0.05941754526671382,-0.19828459438276064,-0.01797880781335659,-0.11857439397679836,0.20753440591223465,0.10198358774459647,0.21401800877722446,-0.09737491055962608,0.18955852199975695,-0.0913297805923999
307,6.14,0.23081119372028452,-0.06296086148735398,-0.07195650972656256,-0.13371527642290076,-0.01194960649666471,-0.1231727976507086,0.18160959348906952,0.09613357757378249,0.1644296189823185,-0.13066330766266548,0.19993107262956436,-0.08147104718567849
308,6.16,0.21108956761008912,-0.06543578199837294,-0.06629267173863321,-0.08857171014880844,-0.014651478530411634,-0.12212308930899643,0.16558372600546684,0.10375089337134537,0.13894577629825272,-0.14997445677913773,0.20983508345352667,-0.06602202688554068
309,6.18,0.20960730169058314,-0.0724752991176085,-0.06778548117505459,-0.07982463183063984,-0.01020002124280265,-0.11744170730512622,0.1648299614083189,0.09931552096028361,0.13253511678554755,-0.1500177266296519,0.21293755030973877,-0.052999755690050096
310,6.2,0.21415615689274758,-0.07195044694326798,-0.06630005372058989,-0.09300395157790453,-0.01382690872507069,-0.11978757457166399,0.1700500664619722,0.09811572140275883,0.13979188437083445,-0.1433366786005995,0.20697590839418678,-0.056196725580986845
311,6.22,0.10879171252837344,-0.2070200798983663,-0.022071184266695333,-0.06128767604421631,0.12393776399086676,-0.13469565521593924,0.35624817772729145,0.29371469875617545,0.24425786157446153,-0.15159352224433764,-0.6794585808652429,-0.070285683858206
312,6.24,0.09063401024603224,-0.2582254637227509,-0.16845695541961098,-0.06916495493470237,0.17323561022860035,-0.08821954113675987,0.24162345647897465,0.3657404997508945,0.2931455290889211,0.035180901346057336,-0.160499289380181,-0.06049731763250668
313,6.26,0.12693051809648837,-0.23741689438549,-0.1678034099799538,-0.02931095209002424,0.17449443020399732,-0.0863069104652209,0.05490693332837282,0.31493050950356155,0.24310153466581946,0.014326879699486553,-0.09435577445702636,-0.06037517251933339
314,6.28,0.1392226210522315,-0.19686459272885262,-0.16251739882976382,-0.03849992822252496,0.20066697304347483,-0.11768377924798255,-0.0344489605049335,0.3202190315023512,0.196833815091241,0.0008827493007574627,-0.09310867001864148,-0.057726923746776154
315,6.3,0.1512460528581666,-0.2069583002806287,-0.16970084262315235,-0.040897576171955816,0.2087733566923045,-0.11246052652634701,-0.031141268729329402,0.3149821465861185,0.15443142072743296,-0.003378580349714333,-0.10516905759076511,-0.05648166159673251
316,6.32,0.10768143865671108,-0.2229443289530045,-0.049127882795936786,-0.04074468039670709,0.17154857453289815,-0.12572970417734697,0.2669826621479531,0.33192144619926645,0.19313520697227032,-0.08359716056227784,-0.11597756013139751,-0.01871882704804212
317,6.34,0.09790781391472539,-0.23438217480709536,-0.14700715997626176,-0.047635363422474486,0.19231338860543234,-0.11710411671186532,0.1116220175163398,0.35151405094738564,0.194922403870499,-0.01380769101088819,-0.11548163547372126,-0.014941387039264648
318,6.36,0.11818547050459492,-0.22151243569386417,-0.18142215597459543,-0.045576625619293175,0.2129091131303823,-0.13438997866001634,0.023304012587958473,0.3490291998593654,0.16945912855269052,-0.02195585474117294,-0.10873271629509276,-0.013737179595370921
319,6.38,0.13843695703938663,-0.20847312330373644,-0.18745820106774327,-0.05136767042274956,0.21257311616112573,-0.1350901585755289,0.005939822880525511,0.34568133760766684,0.14632372502206514,-0.03677643776443716,-0.1086002455624894,-0.014293105025275185
320,6.4,0.14911076688860092,-0.20192481653193922,-0.1791484692201745,-0.05238877060498605,0.20921379197270662,-0.13384096794315692,0.03654927125852947,0.34705458132475836,0.13745982820855046,-0.04912978679565666,-0.10870376531689763,-0.014136068107499237
321,6.42,0.11983516374359843,-0.2148015091633187,0.0011107307763138854,-0.04701210461148295,0.1833954888601244,-0.1334779748681232,0.26588372775582003,0.30636274381494855,0.20839911323044902,-0.13063077552641772,0.8510955440424244,0.7807535789100801
322,6.44,0.15544053240530223,-0.26452900078369684,-0.056952555437524595,-0.0854962114624034,-0.09293025579627692,-0.2416410389389379,0.06285295760691437,0.16906770177562652,0.1534671219577259,-0.2661830606154233,0.48164811958310483,0.40005064848650207
323,6.46,0.12224520111527071,-0.006763929103808006,0.06131209386084031,-0.09242045102176036,-0.04402880790246925,-0.19620882784763916,0.003407710654065546,0.07900335878632953,0.05523514223878051,-0.20892504160710884,0.17099019425550405,0.11225211800475504
324,6.48,0.09990800247903367,-0.011991302144779274,0.044903440844252684,-0.08632570487925713,-0.02835161273978233,-0.2239811098779882,0.040919466862331846,0.08019117091736257,0.035182701171962524,-0.2323968282193183,0.20357613397184127,0.13486899925236134
325,6.5,0.07216784086061322,-0.02852397733762113,0.03879768947211546,-0.07929972249879626,-0.041258297740320235,-0.23217103389225574,0.07104074827543813,0.09599914514693401,0.0517180914068357,-0.22616457548700714,0.2197056231172002,0.13494777872156824
326,6.52,-0.051892860947230904,-0.04932387810783986,0.12247445592792702,-0.025275092995405916,-0.07433509044719232,-0.22510143418497044,0.16257309011818755,0.08409534063389848,0.10871537203499465,-0.2287049267181549,0.19792608544286708,0.1550334210516008
327,6.54,-0.02144309812529086,-0.06234303226265854,0.08859861044366718,-0.001686373230166141,-0.07259753764770126,-0.18928454696081418,0.14236555317142718,0.08947783316958807,0.10460903373419023,-0.23834266468134663,0.20538797318605986,0.14894731405928185
328,6.56,-0.002580779635089868,-0.06793067940390783,0.07473912063996865,0.00926195300009014,-0.0735914872615363,-0.16557290107535455,0.11081362367349645,0.09383398408443212,0.09980893069434757,-0.23731197026621004,0.20697755789073102,0.1405624669732366
329,6.58,0.002971527687472067,-0.06928958251773934,0.0713000761607849,0.009217472742250432,-0.07442676123583139,-0.15658306991171655,0.10229822284276867,0.09502745120196719,0.1031235885151112,-0.23621683511010413,0.2084294649419675,0.14290669770060302
330,6.6,-0.00266865227409116,-0.0678220228751481,0.07503669706466018,0.005794835036922651,-0.07405439493371051,-0.16210919179932237,0.11084040479817252,0.09384243527979438,0.10388222806932951,-0.23596534973491437,0.20739349453525013,0.14369081516720864
331,6.62,-0.14591111490189512,-0.2396385516552605,0.07428628421695521,0.005564857781175658,0.8660489211697853,0.6035053453827894,0.1437603882464365,0.2917761192205498,0.2662671168925721,-0.12482393482287722,-0.029244674354819783,0.05277222681293624
332,6.64,0.10263844869326758,-0.32642549129998066,-0.015722747111572115,-0.0772369010015697,0.34350724992326875,0.08087635427026807,0.16066291955323403,0.39465819693619736,0.24542875032455064,-0.09996838391833,-0.08165991580060811,0.08072696731582016
333,6.66,0.20250097310547815,-0.2869387174676387,-0.07518955587152362,-0.0946543576159227,0.24044836882893322,-0.016778795091819787,0.17541774057582796,0.4325870611558212,0.1322233482378218,-0.12348087031828466,-0.05385166544142764,0.07571243627099819
334,6.68,0.21192816315130225,-0.26028122983653285,-0.13558131721647632,-0.08241877649912739,0.24027457129942137,-0.017699413852455284,0.16724982649822454,0.41562784910200967,0.04109331926489451,-0.16767938451646974,-0.006734068022133194,0.07322437972742925
335,6.7,0.1885605300683356,-0.22826273615656661,-0.12707902653422765,-0.06767586770926298,0.2375790113830476,-0.017188183912412808,0.16962420423711633,0.40230626560645144,0.027799244594815975,-0.18627370980741076,-0.003344676645872291,0.06258963140928805
336,6.72,-0.1007965301955318,-0.2324779638597234,-0.059935827925994785,-0.006148285737456405,0.23778894614159513,0.01217252359547985,0.2230170862103667,0.3830351443904476,0.18988090015053152,-0.1192584473659525,-0.0837632511943962,0.07452295310048054
337,6.74,0.04077435020990901,-0.21624716610871186,-0.07415353595341075,-0.05420748474637732,0.24600791053796645,0.019199661546599592,0.20832492785345724,0.3960406533929266,0.10472523322674179,-0.0993643101716601,-0.06459415924332876,0.06726864670293889
338,6.76,0.12128060911651443,-0.22523080321014427,-0.10993334893508883,-0.0376669173728008,0.25479318928062095,0.012693331343049494,0.17024361514698058,0.4085651182612548,0.059994165934635066,-0.10022462500569539,-0.06565135118305368,0.06497292642923301
339,6.78,0.14409815279265803,-0.22238565857554138,-0.11759938346064899,-0.0270096104448872,0.2459657931886593,0.012914258947194723,0.13164184102342086,0.40033995501266034,0.045765193040462865,-0.1170176333096771,-0.02269032383608094,0.09022237037672709
340,6.8,0.12773676629765918,-0.22154744279198668,-0.1100063208419994,-0.016026848237053082,0.24439285201352345,0.012144035570398212,0.11457993544269346,0.3932929153480038,0.06043709571363498,-0.11535632890948773,-0.018455436999242597,0.08808208881509887
341,6.82,-0.18903779171932897,-0.18917140886315464,-0.027341412531932514,0.0799820739710031,-0.6642188607458717,-0.06234912137973864,0.15127028204311097,0.3262869426935435,0.17295946943567642,-0.06669806271205893,-0.005958679352512625,0.011227121415777325
342,6.84,0.019357248030126395,-0.1932260331003585,-0.019064860379259557,-0.018465991212794408,-0.1415718218074269,-0.059363457420465504,0.14353661168553955,0.32651543263088406,0.09474816103941308,-0.07312874793646085,-0.0126932274756697,0.10497453270023971
343,6.86,-0.08108094483325157,0.013355472691990986,0.05600094510893821,0.19337102196847278,-0.11879571480067369,0.07343518355633064,0.14502051771058033,0.2010469786300057,-0.030845040847763433,-0.1359869197255405,0.19760466051853537,0.15449007099975348
344,6.88,-0.11500341727962961,-0.010333057521561093,0.013055643148731755,0.17065307849803524,-0.11682285951098231,0.06954285668606307,0.15104174293998773,0.19475383939511492,-0.034288997758396986,-0.13882786236400937,0.17500859517897677,0.11436164244454369
345,6.9,-0.13317676727003547,-0.015477135452001283,0.012344646900821148,0.15349994396442918,-0.13954569918800158,0.04349334033340366,0.16948684485537227,0.21621745098704764,-0.011513127491531907,-0.12238865914229602,0.1747068296781226,0.09945145512103096
346,6.92,-0.20585036943778612,-0.014682176649920609,0.012871490385601092,0.19832338391062662,-0.14890137448666624,0.04848472270682319,0.10970231706787908,0.2561536740990762,-0.02096502252603188,0.008231280043651187,0.19873799335296313,0.016794689321430346
347,6.94,-0.2136979401524586,-0.015480966148209721,0.010079821974318427,0.21756539864942137,-0.14894618366734405,0.05826343843634872,0.08710134700059531,0.25251851739583464,-0.034360907970048156,-0.014739744890570422,0.20173557058524783,0.03243632938963696
348,6.96,-0.20507352944582408,-0.01619858221006522,0.01481854894590863,0.23049108175402425,-0.14680304355749557,0.06299587978138707,0.08481066304397297,0.250135165944534,-0.03958839561711451,-0.014699485198191406,0.20505593566608993,0.04611745090181715
349,6.98,-0.2091562310758126,-0.01850692131594796,0.016565395174512415,0.22509822568804963,-0.14852703435526152,0.06373960976557953,0.08585946463690894,0.24928583173886365,-0.03562591533628759,-0.012057154267357026,0.20303759343755395,0.04423755149391624
350,7.0,-0.2105618976330093,-0.014829799517960037,0.018558800265796184,0.22440806021068826,-0.14820697136276018,0.06189315668236771,0.08855589664204383,0.24961108816566702,-0.035820377548114395,-0.010145057437207602,0.20213581899505137,0.04178854941551499
351,7.02,-0.04515798446397229,0.2144207591445904,0.03057140753415366,0.13777517760142266,-0.22369414343113617,-0.15842203987251163,0.021550962737905688,-0.7072385317597709,-0.8286231478497681,0.12341695192746693,0.36556641612088303,0.021519861870717107
352,7.04,-0.013943022344343997,0.2102807380368673,0.04088406145495559,0.02871014585737823,-0.2920026813671819,-0.11533006143243879,0.12217680128027286,-0.15851769273500693,-0.2799304655932091,-0.1464285178549653,0.4462705471339682,0.0005800389877881965
353,7.06,0.0191214595200006,0.18953558160849412,0.04087631615928563,-0.03403161054250375,-0.3238243331322127,-0.06409180581436749,0.1456818311359097,-0.0981893333807145,-0.021156398787372188,-0.24047085483083475,0.45089861273681764,-0.0077382576421836345
354,7.08,0.01853275822863587,0.19974396251182347,0.040868163209437425,-0.051787366664175334,-0.33637277956134554,-0.041942006258333706,0.1280055288422277,-0.1174728214247916,-0.01976612724094512,-0.23438816805238988,0.45144692179047663,0.012621748559532436
355,7.1,0.004775664866864711,0.2107227285465367,0.040860417903580415,-0.04168148030806182,-0.33731949594204946,-0.04190503230357023,0.10559195132579345,-0.11785721238436198,-0.02037824829106434,-0.17443070128994947,0.4396956989211468,0.034306117794970226
356,7.12,0.012930468655707197,0.23469878581775133,0.03814400662829011,-0.11201452367838344,-0.30448199032262074,-0.1420729671123785,0.027225623238208707,-0.09750323817052414,-0.05099235322349166,0.13497833097083645,0.42217395809631814,-0.006443576024393535
357,7.14,0.004198315230611219,0.17380573600068328,0.048372775632351435,-0.08324233578316104,-0.2551468864675787,-0.0461352938006767,-0.06481276779114675,0.02895415546551941,-0.07222415596531387,0.07075420450423195,0.3435917538209047,-0.016844935681475194
358,7.16,-0.01491476357364413,0.18088772916354545,0.04653798204894859,-0.0494748596399663,-0.2404442403659709,-0.010187243357480169,-0.07246811356596175,0.003896248217433257,-0.07252732448402638,0.08397414326740622,0.3104806943796439,0.0064533344320585745
359,7.18,-0.023890343094624462,0.18602935953977526,0.04482356724608912,-0.03130424080185142,-0.2562495089480621,-0.006682081405694845,-0.0730514683628334,-0.008453419697796047,-0.0713946851227491,0.0921323529921503,0.317797715882725,0.03872242056729781
360,7.2,-0.02878270137349903,0.19255491686809217,0.044959624040294674,-0.031680865160908775,-0.27735461693189434,-0.014129706005807471,-0.0641398418321602,-0.024787592637576544,-0.07450132769065101,0.0851494991506221,0.32951004913746956,0.05128165854382009
361,7.22,0.0035455240689889894,0.18324636850616344,0.042370504543552547,-0.13685777741471145,-0.1444807075483418,-0.1135488269174697,-0.15262369712453128,0.9176231073175507,0.0511254202848177,0.36430939647284966,0.17464993300671794,0.08538962798464869
362,7.24,-0.024741396602223624,0.1619177138247426,0.04937559889020705,-0.1832369629975673,-0.13119633429849828,-0.059854488405070044,-0.2450098239920307,0.3950580585803197,-0.2234193113650983,0.21039645103742638,0.14719069043632851,0.09199402985196506
363,7.26,-0.03328371132572322,0.20560080958805077,0.04783933897240594,-0.19245950825806116,-0.19503812839133217,-0.08139261432955222,-0.24335199447694167,0.0697604309054245,-0.09124869774389124,0.2419613432344806,0.2192651280764923,0.11459028672955923
364,7.28,0.0754856236933372,0.04862155337242556,-0.1750862926527704,-0.05349199724829998,-0.04175450652735836,-0.033663736348477066,-0.19267964481580294,0.2003045255159664,-0.18920052126742903,0.0640019134301878,0.21423780875819193,0.05187946852060257
365,7.3,0.08450381464704372,0.06083883132562509,-0.16092764448712904,-0.05535104885132247,-0.05689838184380136,-0.016198371190118563,-0.19162628687259342,0.21284452172440355,-0.19737388369299522,0.03649721859800174,0.196327849743308,0.0516157766890399
366,7.32,0.1498959999974372,0.07666083351675897,-0.1280463109934823,-0.23213183258582326,-0.07230930961979803,-0.04732958007516577,-0.26506584973583847,0.2318418466155014,-0.147441923260173,0.20618874178030838,0.183116555038566,0.02578729304729169
367,7.34,0.16525113902026342,0.06801082112710267,-0.11093183782305036,-0.22385155376694904,-0.07397856949570936,-0.026283232808892318,-0.2605706726834032,0.23069442788621142,-0.12942093554856504,0.20393203930591702,0.1826204796285691,0.05189037655390849
368,7.36,0.1592762078827557,0.06457874115689644,-0.09867451886746523,-0.2331290434894892,-0.07840524595687662,-0.017370361639230975,-0.25469165719308223,0.22948202102593743,-0.1152489833246011,0.21400008823816158,0.17679584782630334,0.05900838084652657
369,7.38,0.15427590494729784,0.06327587098385515,-0.08953864251653809,-0.23658074319746492,-0.08442696577232384,-0.023265634018707917,-0.25377965843916617,0.23020220545635503,-0.11391437845748878,0.22120926078126418,0.17303538902317367,0.0562683406364855
370,7.4,0.15245816704190845,0.06550306568825168,-0.09037457478458472,-0.23743994024277632,-0.08159877809527863,-0.025015607554416244,-0.25090671209445187,0.23016352184595135,-0.11685692495896433,0.22341141037057582,0.17375186593478545,0.053513310158791544
371,7.42,0.18087736254816145,0.9833845192410839,0.12403449056301236,-0.4148343618808781,-0.26760241472363727,-0.06426001288297906,-0.16679432182543233,0.1410019476519857,-0.06998494261224042,0.23165966458795012,0.24437658575368656,0.03636624741911571
372,7.44,-0.06652195652871462,0.4608845374628624,0.11878520591122554,-0.2671911130913729,-0.29289701886994346,-0.14924612558795863,-0.16997459780662827,0.07920625525752764,-0.1037020059358836,0.14782804763056537,0.3221204972232311,0.1225946173078459
373,7.46,-0.057244792418971874,0.19323781507891002,0.11586135739941378,-0.030804224712210393,-0.2412918375476203,-0.12829807565926743,-0.08149591611902776,-0.015767727673366788,-0.01835707509347291,0.029524533293929595,0.3361114060774578,0.16074409264742218
374,7.48,-0.06093574243897147,0.20649112898012845,0.11257716639734006,0.11594793033439107,-0.21962740205689607,-0.10073960612446965,0.00751094621262112,-0.09400921067762052,0.016114642824501747,-0.10768682841011086,0.3259661583611604,0.1475341287358243
375,7.5,-0.05682760720110136,0.2081081729733717,0.11394948966198909,0.1428044869412171,-0.22529705861291843,-0.08397989431182666,0.04050639723981514,-0.10545351092614025,0.016044099966685755,-0.19524449369087266,0.3423495113167779,0.13681521491805726
376,7.52,0.00443437087754589,0.23093926770145662,0.07742863674997233,-0.15033299718127088,-0.23748434071551966,-0.13055973777410818,0.02069601195713519,-0.08381720642542881,0.01900792434251591,-0.155606775313248,0.37809706301166,0.036367891548766906
377,7.54,-0.03495035595771401,0.2184721341434222,0.07344084650332156,0.0038484680735682564,-0.24740011804241235,-0.14887773354663658,0.02963174855319807,-0.11027904738982039,0.025455585538800597,-0.15775519701594487,0.39903742481783255,0.09656878307352812
378,7.56,-0.02697662773809558,0.21555811074845574,0.07213859579927129,0.07284799282027533,-0.23853821556049382,-0.13134015562848128,0.026051129015804392,-0.1102676376347473,0.025456408959857242,-0.14704684891120876,0.3741837025394832,0.12852263694007382
379,7.58,0.12275716360018285,0.016717523952721705,-0.04990032710284292,0.10693871661150103,-0.07198234377231214,-0.05384690631420379,0.04878858456176095,-0.03315393544093079,0.02471479237123686,-0.1798573503150873,0.31671585558235527,0.02862788379585729
380,7.6,0.07824172939248439,0.07229375887864298,-0.0136560307112975,0.07680263421329661,-0.07567997647204548,-0.08474132208450941,0.05297201806272869,-0.04694229147220812,0.024715318905944535,-0.16021590902877322,0.30063328990642446,-0.01460328049270854
381,7.62,0.2618457374483032,-0.8816734742816981,-0.8187883116245118,-0.1848879170929079,-0.01042652950801859,-0.1373030793356715,0.031516487836274726,-0.012940116003343494,0.022457552216347973,-0.06946581539832455,0.28549334266953974,-0.184350829164177
382,7.64,0.1321364992156136,-0.38525124764829155,-0.3223717408313408,-0.09666063436414238,-0.10698677246119845,-0.20341253445623564,0.021658897102477787,-0.0641001993056978,0.02909956362766291,-0.05361728624884843,0.3597308421902222,-0.08454371171498011
383,7.66,0.16137272116140794,-0.06315224071652303,0.005543274552689437,-0.08281707056976739,-0.12631152742153712,-0.14740548628063088,0.053713197980555294,0.2001663795615351,0.27686164761741533,-0.008340607546676343,0.22815380173708727,-0.056502334805678275
384,7.68,0.23120909566124462,-0.04554880417003432,0.02929029952965309,-0.11972355215688169,-0.024347264531977567,-0.05732840162632134,0.07825833522333264,0.08081128554277339,0.2231639266658313,0.023724695946507807,0.17150508032612297,-0.07438447168876382
385,7.7,0.21720777856725396,-0.07148651830578534,-0.007156772022586293,-0.12106777955503814,-0.02547365050433035,-0.06942317665465615,0.07046480010381949,0.08643886903110203,0.20528333002422097,0.011717199627399533,0.19260856240565244,-0.07437208111509697
386,7.72,0.24364509744805682,-0.0488608381324737,-0.060085358281180216,-0.19907707960276588,-0.02013774924521817,-0.12084478116868114,0.2036512953551795,0.10562827949729843,0.21711862176078806,-0.09459424815889604,0.19058270734038968,-0.09457576306631327
387,7.74,0.2313287363055935,-0.06296352939041724,-0.07245074782485211,-0.13334484944302488,-0.01159350878762528,-0.12238350789895452,0.17818698800645688,0.09647161797243443,0.16616683302761232,-0.1276764011763496,0.20031773010355847,-0.08276504739341284
388,7.76,0.21630822654526935,-0.06878905460441623,-0.06780153994399288,-0.08573482910985875,-0.011266973819711416,-0.11896728566165904,0.16621441645981527,0.09651548921008257,0.14137082774251689,-0.1432609765842936,0.20710519583221343,-0.07047402153460924
389,7.78,0.21347393153739175,-0.07522765381454466,-0.06606159910894717,-0.07511984858888848,-0.01321380629839896,-0.11706853582751936,0.1641124355361373,0.09652199195530774,0.13833582416880152,-0.14551382309276825,0.21061098404116024,-0.06243878863557567
390,7.8,0.21653352222203442,-0.07480711949020133,-0.06552981066827529,-0.09156407793917765,-0.013215466428201955,-0.11665610869891596,0.16761828212423255,0.09643117285978153,0.14207612465906766,-0.1396436327609269,0.21078006294815893,-0.06278362341291173
391,7.82,0.11118409008951469,-0.20806712222676862,-0.02109901043249285,-0.06378942278398336,0.12271919736127664,-0.13385782076845,0.3638761342408754,0.29289945322268185,0.25167869884441707,-0.14842972877621774,-0.6754310639395287,-0.0703253914799905
392,7.84,0.09307116033435324,-0.2580764027487734,-0.16874370867916408,-0.06831391856205157,0.17395707146851735,-0.0864114522928934,0.24086344756606176,0.3629127317821594,0.2957517786384646,0.034795725413223455,-0.1577629707408872,-0.06106827587468883
393,7.86,0.1274676859018455,-0.23671124146808178,-0.16624246409325316,-0.029507022515254028,0.17511051202202482,-0.08729989837624534,0.052625131116368906,0.3126786356292624,0.24456911477534948,0.014413608663236696,-0.09408108039960805,-0.060297635802124494
394,7.88,0.14270687705600293,-0.20705063364541648,-0.16437699573676512,-0.03203379300960369,0.20512186303944685,-0.1123386755229679,-0.031434421896176984,0.30267177697219105,0.1936291600654887,0.00342356434177897,-0.0976270230306589,-0.057666419418899426
395,7.9,0.15216390584803613,-0.20554097631759782,-0.16774358534186296,-0.039752913018892735,0.20832911253003703,-0.11238455026805177,-0.030309766397806498,0.31244067469925374,0.15496736021235144,-0.003982346774462339,-0.10468372585229946,-0.0564818782817772
396,7.92,0.10720188320280018,-0.221702405845873,-0.055497988968835996,-0.040543722012724256,0.16061343289532284,-0.17998891262042777,0.27220355633262344,0.33465840652058565,0.19342385964188033,-0.08295730756254982,-0.11758543118878781,-0.02199326647639757
397,7.94,0.096672198637828,-0.2310131670082914,-0.15163862920611992,-0.04775603226356592,0.19164454337443648,-0.11595334700450938,0.11538302347855933,0.35082860801106375,0.19474320466899575,-0.014223194180814636,-0.11543252763982162,-0.014841306677689375
398,7.96,0.11382196762690382,-0.22249236042966192,-0.18075125917608015,-0.04695919329551133,0.2103599148851229,-0.13427993597184756,0.022440872808441037,0.35764710279648293,0.16764007789474514,-0.021907599177771506,-0.1098974835926162,-0.01339258550911519
399,7.98,0.1356888392174635,-0.21368562319316045,-0.1880394239084146,-0.05047805352511234,0.21347195676708142,-0.135135347325661,0.004860664420094904,0.3519946984938045,0.1436390116725296,-0.03544812694137514,-0.1077873174855577,-0.014032266758072148
