Time_Step,Time_s,FR_hip_effort_applied,FR_hip_angle_deg,FR_knee_effort_applied,FR_knee_angle_deg,FR_foot_effort_applied,FR_foot_angle_deg,BR_hip_effort_applied,BR_hip_angle_deg,BR_knee_effort_applied,BR_knee_angle_deg,BR_foot_effort_applied,BR_foot_angle_deg,BL_hip_effort_applied,BL_hip_angle_deg,BL_knee_effort_applied,BL_knee_angle_deg,BL_foot_effort_applied,BL_foot_angle_deg,FL_hip_effort_applied,FL_hip_angle_deg,FL_knee_effort_applied,FL_knee_angle_deg,FL_foot_effort_applied,FL_foot_angle_deg
0,0.0,0.01538388667444536,-18.872371446260956,-0.016692570931891238,31.312289976769765,-0.04271330013546824,71.21807922186989,0.006686065284513876,9.423961910785836,-0.04116831085179937,30.010251905344035,-0.17108502420992844,62.87203914920074,0.12723768965913543,-17.358832210395384,0.06560312022522376,-31.077627664975118,0.1984990295738543,-70.14132065947375,-0.19298640146705784,10.684685836849253,0.16294971081191625,-30.051746487561054,0.15429854551300984,-63.390454687772994
1,0.02,0.015368703893008137,-18.872371446260956,-0.016691750314608657,31.312289976777063,-0.04276086045935239,71.21806752686474,0.006705322284450803,9.423980007391568,-0.04117213556996327,30.010250003343444,-0.1711227017901864,62.872039149284845,0.12725759624705174,-17.358832210395384,0.06560249146636951,-31.07762766498285,0.19856956639034828,-70.14132065943254,-0.19301002296362438,10.684685836847136,0.16295515865680202,-30.051746487556404,0.15435323621398517,-63.39044104992159
2,0.04,0.015354279339689435,-18.87234575824642,-0.016690970728176806,31.3122899767817,-0.04280604257751229,71.21806752686474,0.006724578454416971,9.42398970385792,-0.04117595995870616,30.010247998275343,-0.1711584954914414,62.872039149376725,0.12727750291672363,-17.358835776244085,0.06560186270749828,-31.07762766498807,0.19864010320680733,-70.14132065940505,-0.1930324633853594,10.684685836843958,0.1629603341094274,-30.051746487552574,0.1544051912591285,-63.390428022727036
3,0.06,0.015338336084647589,-18.87234575824642,-0.016690109079986963,31.31228997678979,-0.04285598032705033,71.21805874528992,0.006743834125085106,9.424013629472807,-0.04117978461921812,30.010246297473568,-0.17119805695069845,62.87203914944461,0.12729740937388875,-17.358835776244085,0.06560123394862004,-31.07762766499377,0.1987106400232759,-70.14132065934979,-0.19305726595675135,10.684685836841096,0.16296605434654532,-30.051746487544182,0.15446261462245195,-63.390417475391104
4,0.08,0.015323151362752148,-18.872325337158703,-0.01668928846265894,31.312289976794712,-0.04290353979766437,71.21805425314719,0.006763089124058541,9.424024624247409,-0.04118360923699636,30.010244897032962,-0.1712357345309503,62.872039149528234,0.1273173157744218,-17.358839019141566,0.06560060518971149,-31.07762766500141,0.19878117683970511,-70.14132065933137,-0.19308088745331473,10.68468583683907,0.16297150219140277,-30.051746487544182,0.15451730260719967,-63.39040444094318
5,0.1,0.015307965649112437,-18.872307542892464,-0.016688467845303912,31.312289976801182,-0.04295109906389226,71.21805230024147,0.00678234327728066,9.424036269747676,-0.04118743349393167,30.01024339467677,-0.17127341211118052,62.872039149611844,0.12733722227371364,-17.358839019141566,0.06559997643078654,-31.077627665007586,0.19885171365614826,-70.14132065933137,-0.19310450894987308,10.684685836837028,0.16297695003626578,-30.051746487534235,0.15457198937643504,-63.39038829124552
6,0.12,0.015292779601501133,-18.872302270886717,-0.016687647227944635,31.31228997680687,-0.04299865797088706,71.21804800040209,0.006801596925444214,9.424050503480291,-0.041191258012540685,30.01024339467677,-0.17131108969141573,62.87203914963169,0.12735712856793616,-17.358839019141566,0.06559934767185399,-31.077627665013246,0.1989222504725487,-70.14132065933137,-0.1931281304464335,10.684685836833886,0.16298239788111213,-30.051746487531087,0.15462667552398968,-63.39037710762492
7,0.14,0.015277592082615463,-18.87227854094372,-0.016686826610559452,31.312289976810813,-0.0430462167814053,71.21804291627731,0.006820849480306618,9.424065388182324,-0.04119508170905161,30.010239093153054,-0.1713487672716537,62.87203914976268,0.1273770351935679,-17.358844149118795,0.06559871891289162,-31.077627665015996,0.19899278728894307,-70.14132065915966,-0.19315175194299047,10.684685836832678,0.16298784572596348,-30.051746487531087,0.15468136003100372,-63.39036529776388
8,0.16,0.015262405169871249,-18.87227524270468,-0.016686005993168898,31.31228997681517,-0.04309377501701947,71.21803998253046,0.006840102015133305,9.424076392894438,-0.04119890656801549,30.010235990302103,-0.17138644485185006,62.87203914976268,0.1273969411648225,-17.358846355902102,0.06559809015391285,-31.077627665015996,0.1990633241053369,-70.14132065911522,-0.19317537343954813,10.684685836829381,0.16299329357079856,-30.051746487520298,0.15473604475485306,-63.390350991652966
9,0.18,0.015247217080498185,-18.87226007747667,-0.016685185375764088,31.312289976822296,-0.04314133308633246,71.21803998253046,0.00685935360920429,9.4240861034548,-0.04120273088345049,30.010234590599026,-0.1714241224320714,62.87203914992099,0.12741684733197114,-17.358847850962015,0.06559746139492591,-31.07762766502649,0.19913386092170138,-70.1413206590684,-0.1931989949361058,10.684685836826686,0.16299874141563825,-30.051746487520298,0.15479072810454358,-63.39033854819861
10,0.2,0.015232027527187726,-18.872245568828706,-0.01668436475833224,31.31228997682372,-0.043188891056655354,71.21803097807002,0.006878604113900948,9.424102291453229,-0.04120655438253183,30.01023299092373,-0.1714618000122533,62.87203914999598,0.1274367538289667,-17.358849503120247,0.06559683263590967,-31.077627665032622,0.19920439773806972,-70.1413206590284,-0.1932226164326585,10.684685836826686,0.16300418926046184,-30.051746487503568,0.15484540982102202,-63.39033854819861
11,0.22,-0.1387797502404993,-18.831711513812902,-0.18052594002010122,32.04308412356745,-0.03268820191075489,72.00812685184319,0.013450924808968645,12.64398058404193,0.9254121914000002,30.986314490956232,0.6202233836853159,66.46792228095936,0.175959997948422,-16.41113177855715,0.25538023115286,-31.55292887105839,0.3085377473701106,-69.54350287899412,-0.11287280888052412,11.393564663613478,-0.06503097998475785,-29.30005320501381,0.08974705401406727,-64.1365229359298
12,0.24,0.09681057931961878,-19.81103740167399,-0.26487359613549244,33.3183512674115,-0.10677356904764088,72.16513702627805,-0.07781802713131954,16.191987538915043,0.402893950004385,39.67636537232658,0.09760152994399385,66.46792228095936,0.1782836196447466,-15.893365441942509,0.36165632954004684,-32.95543025513761,0.30423079540075204,-69.42695693600524,-0.09199878459877,11.686439127793522,-0.0837052867901355,-29.30005320501381,0.08114862000466007,-64.60132085941954
13,0.26,0.213942987936044,-22.12443090378113,-0.23550177389823182,33.547413576008616,-0.14884297104022093,73.39560635877078,-0.09154719315749613,17.045369213705808,0.23723623967529806,42.07362078731283,-0.016040095933906262,66.46792228095936,0.19272032865550137,-15.731266583617524,0.3854756471445109,-33.815696292934014,0.19775681994426386,-69.22495744729936,-0.1219234678082747,11.753396707982535,-0.05387870962225333,-29.30005320501381,0.07470398765390703,-64.73098226264398
14,0.28,0.22365784213340087,-23.22774060901477,-0.19831706426819035,33.85834283531649,-0.1953207364801785,73.39560635877078,-0.08406946031018134,18.5870984040622,0.2506525375028193,47.83957072269677,-0.01820725239405495,66.46792228095936,0.1871680556137565,-15.731661081461764,0.38188900167791945,-34.14928911153747,0.12545940964309052,-68.42936022598364,-0.12203753837857903,11.926410435289885,-0.055107778208281444,-29.30005320501381,0.0754049533835309,-64.75747757468861
15,0.3,0.18381757773270554,-23.456169869150944,-0.18086296427418744,33.5834037968521,-0.22179194064841856,74.43606662483965,-0.06426885899456118,18.704222598638793,0.2319819631261162,48.147394876637044,-0.017165094828822183,81.04379565402434,0.17098298678322432,-15.713347340293012,0.35986678601195315,-34.29075212100282,0.09630945449187464,-67.53534946749086,-0.16241983792584447,11.963250371507389,0.006065288101018473,-28.052774207866104,0.08897695497190278,-64.8123927140998
16,0.32,-0.09087326979778548,-23.40430914199659,-0.17038525606939742,33.59630429536814,-0.13712255962543535,74.90090505932837,-0.006391082585456009,22.317038131515446,0.23222881090276914,49.78205672065298,0.012253526328302122,81.04379565402434,0.22161517761675442,-14.566461625165882,0.34035830983429594,-34.29075212100282,0.2209748504079309,-66.89777668897135,-0.11631356513685423,13.441951018970807,-0.07942973406468057,-28.368215801935218,0.07308395275336958,-66.08953502068593
17,0.34,0.07290144556708078,-23.12360154375905,-0.1666657638388302,33.48614204758992,-0.14375785075414266,74.90090505932837,-0.05065848083781174,26.004971881626727,0.24402365563222106,50.137033257355974,0.013385183120214444,85.78219294617148,0.21015476279736636,-14.078847877568887,0.34168782635192035,-33.72201825711793,0.1523499789147029,-66.52532234400573,-0.0962651471518792,13.792175095798049,-0.06833576822825169,-28.293348339060277,0.06675571407791395,-66.50879868384162
18,0.36,0.16406265389264135,-24.08691975063242,-0.17283170866900485,33.388530992149306,-0.16138457761847752,75.2948538509228,-0.04355196242715307,26.004971881626727,0.24473251819711805,50.28202083223586,0.015241239737979292,86.18186407147704,0.17051814461182446,-13.662562493700104,0.3535602499730902,-33.590628414058145,0.11238118490250734,-66.07261575214622,-0.12022824496727469,13.991257229580349,-0.02245156229236414,-28.461788151423463,0.1339233811216371,-66.74633688269428
19,0.38,0.17850639941093063,-25.342023039625616,-0.1722127942759204,33.389558924484064,-0.16915295448329976,75.4205171810798,-0.03318704576614895,27.95282775082523,0.24750561256252845,50.34701303968034,0.01244688008925357,86.18186407147704,0.13135746182267113,-13.265002231356776,0.350746331230432,-33.60948556641984,0.1061477663828866,-65.24690986577639,-0.10762486927482329,14.067244250852932,-0.027424229702504688,-28.642699896309985,0.09985008331649603,-67.08027055831647
20,0.4,0.1459045162574294,-25.724544302629102,-0.19539351570356536,33.4201552730203,-0.16589580262008413,75.4205171810798,-0.019665950500843264,27.95282775082523,0.23961483673956968,50.375892858143835,0.012231014664019588,86.53434281473601,0.11218608631470289,-12.905017977241993,0.3373413759093015,-33.60306375253381,0.11598102465878779,-65.24690986577639,-0.11636580122223664,14.133816859812645,-0.015246066052364143,-28.763096152237736,0.09625600677462437,-67.11840537421692
21,0.42,-0.16616716727109848,-24.99325957556112,-0.15535099593243343,33.25676369792408,-0.07373249529937523,75.60568668228402,0.06447563199644102,29.66500774729348,-0.6404849140906617,50.380625216045686,-0.06172619099967164,86.53434281473601,0.1603153514351447,-12.451930605084687,0.29321919190496437,-32.992940550450975,0.18337967490002724,-64.403259924789,-0.0657272597005241,15.04407564878011,-0.0026907263662494796,-29.288344115053793,0.012571523871689236,-67.58660859701301
22,0.44,0.04403393346270773,-25.766398539220855,-0.16832802450727552,33.25676369792408,-0.06877689881685559,75.5542955355318,-0.014225087250139934,35.0110678562661,-0.1178287041419922,40.009002831008694,-0.0594906281858294,78.64080217448583,0.14442009810024026,-12.451930605084687,0.3108090658949393,-32.92787612695467,0.14313966781640783,-64.2067168261044,-0.07075120202996701,15.691336727302925,-0.014804596864026132,-29.280287114271808,0.10190882060477371,-68.08063552190069
23,0.46,-0.050580001027701396,-26.44002229282309,-0.00785997644598202,32.80104912220346,-0.03999022414749984,75.45157731400347,0.18044338304721766,36.71686750136584,-0.10784259309051497,36.29832899392928,0.06042484282842074,78.64080217448583,0.14953688171752494,-11.079142193834699,0.19360111893812454,-32.75150572037511,0.019819773864793944,-63.09699422615564,-0.12777119354694336,15.99538531299885,0.18824850261368964,-30.341666057686247,0.15307457808722727,-68.59225458738753
24,0.48,-0.07824317460913784,-26.149811174779508,0.008516419433930403,32.23717277960059,-0.03765274209482852,75.32295687203765,0.1578446632469904,36.806733268039544,-0.09647118022366541,34.14594503481619,0.06444255351768506,76.25960554326907,0.15492952869555549,-10.89277363045564,0.17857746013337988,-32.75150572037511,0.010735079596304972,-63.09699422615564,-0.13046171865680803,15.99538531299885,0.16219265296402147,-30.90739009037846,0.11139603575237063,-69.31964014665401
25,0.5,-0.09488983169989695,-25.928897550970934,0.0029492130033863667,31.703184316649946,-0.03952973599255398,75.32295687203765,0.14271693050477785,36.91540335533305,-0.11729974084587294,33.055214506330586,0.04048680593031721,76.25960554326907,0.17193711100790632,-10.958761222065716,0.2021739429040375,-31.456507653046998,0.03420334143614289,-61.9172995074749,-0.11526892473853448,16.6122789440128,0.16328411680239907,-31.086165989759426,0.09642350041972048,-69.16464477502367
26,0.52,-0.21121293583114897,-26.39726716408246,0.009578003271685013,31.485804564294813,-0.026933166064997377,75.60548471641249,0.18734305684574298,36.829844352191905,-0.08612459941599693,32.94470120342919,-0.036810946340378,75.41925454701887,0.11146465751391557,-10.803367084676076,0.2424078585879892,-31.655669286869145,0.018593269389339456,-61.873307610941815,0.014119731103111932,17.005719863214743,0.1802438050951773,-31.308426773200633,0.022353560603680087,-69.47687844847435
27,0.54,-0.20044859433337647,-26.823106123833032,0.002197593400264583,31.48261809461153,-0.027878134159476237,75.86119627596888,0.23291068120661565,36.51259883106368,-0.1298755526673349,32.94483850099741,0.048631527864992335,75.38644712671197,0.08586401146765826,-10.652636054533016,0.23246591175957593,-31.749986765744676,-0.0039684561116735476,-61.74563711807491,-0.010626945018599454,17.38733336546732,0.18976499274987435,-31.308426773200633,0.05215119394970985,-69.85296680789295
28,0.56,-0.19142516742183563,-27.154164675293245,0.003746171458834033,31.49320742589826,-0.021551404234447527,75.86119627596888,0.23865069635545563,36.320498836058356,-0.12834919463208236,32.9328349772042,0.05095439703360649,75.34477773663208,0.07704856864947973,-10.153472047789958,0.23069013155491871,-31.75105706958423,-0.005973535719273306,-61.551437388785374,-0.016770650129179304,17.755860950225934,0.1889103387999673,-31.308426773200633,0.05966107946958574,-70.1193595237375
29,0.58,-0.19702094960135463,-27.34970870403957,0.0033926282437772327,31.498912707020683,-0.018273982272657974,75.95893155487158,0.23244534453579807,36.16117998429712,-0.12838844983707448,32.932834977203164,0.050229744621963876,75.33690964991662,0.08264854642822526,-10.07077658869027,0.23062731705119038,-31.75119347440749,-0.001083672005212196,-61.50277047569099,-0.009333558342685372,17.815235971669,0.18778928507203463,-31.774424877347435,0.056701470357359236,-70.27307323725854
30,0.6,-0.1993359276249296,-27.34970870403957,0.003927359149167139,31.498912707020683,-0.018676449008069806,75.9564266814616,0.23115169227449628,36.15756631851226,-0.1284758866841854,32.93321984550922,0.04878499118615874,75.33690964991662,0.08412852123670837,-10.068243345509327,0.23063949142162388,-31.75018839222391,-0.0012421521969652252,-61.504614468793484,-0.008608974487338772,17.843065572808538,0.18712048444350568,-31.77634175191838,0.05397867402203306,-70.28477913279055
31,0.62,-0.04773439053293563,-29.029196957682434,0.21179805934109966,30.671442416190317,0.02877317777427854,76.2080933853895,0.13403693394375535,36.15756631851226,-0.22141102399044824,32.937773801814515,-0.17311417683087696,75.33690964991662,0.03216907515175549,-10.333885741408283,-0.7003158234439617,-36.4297121440709,-0.7668508274340742,-67.19809609235496,0.10990328676430414,17.843065572808538,0.3581523411399155,-32.8179314356859,0.033015197663464474,-71.06867108669624
32,0.64,-0.015119276967061182,-30.78281035462025,0.21025921580740556,29.523881894710254,0.031102794783598176,76.20809338539252,0.024286241781214843,34.81556398643518,-0.27828775598035516,32.937773801814515,-0.12753706592751746,76.67904920238145,0.12188404776903951,-15.033297876166952,-0.17772263164818747,-42.12319375543843,-0.24426624567694188,-67.19809609235496,-0.14977457184019757,19.039025863478482,0.44766686968058345,-33.747577755572685,0.018919366909241085,-71.31714423426429
33,0.66,0.01914373464174502,-32.096645755812474,0.18986354832068827,29.431972396481587,0.037911358096504394,76.18538332612391,-0.040297002830638716,35.5333015119038,-0.31842596855762983,34.39562804443236,-0.08063518227650394,76.70511345128133,0.14634428137309283,-15.033297876166952,-0.09809591908577564,-44.76159520979831,-0.02149755389209851,-75.58849005248004,-0.24785372576246176,21.68001330874897,0.445674542393468,-34.29432875060613,0.005094984364668865,-71.31124132981365
34,0.68,0.018857921330481586,-32.61026151751754,0.20156296244674043,29.406287807314328,0.036681921451701696,76.12412673411518,-0.06055431076438285,35.92359970031048,-0.33090453602974323,34.82871377650343,-0.05525475581229709,76.38831796980621,0.12791128026834458,-18.496864208818273,-0.11739013358145695,-44.76159520979831,-0.020055011006720247,-75.58849005248004,-0.2390289193790791,22.557420894066468,0.4408201644695779,-34.74862239799986,0.0217175886998253,-71.30789841077961
35,0.7,0.005255232249476376,-32.69293179363506,0.21027310451699882,29.33951957575028,0.036149140236349644,76.12279788378427,-0.0504096805257489,36.24939172111161,-0.3277699850043416,35.13275631752812,-0.05361445824607719,76.14712147768049,0.10519798566804228,-18.81387141941317,-0.11759427213342816,-49.19315177664132,-0.02065037922934576,-81.0323948462434,-0.17101090477941389,22.73957368946933,0.43022456117447083,-34.775080644535784,0.04633555264086041,-71.50445785085934
36,0.72,0.012066503876559248,-33.6818770841309,0.23469206540153892,28.997295768492805,0.039160961294761154,76.50218799482775,-0.11256771312944758,35.23653476360043,-0.29431809886166543,35.12182438894819,-0.1545089703149936,76.14712147768049,0.025519828195916416,-22.870771333555698,-0.09696566479568136,-50.68628769451422,-0.05108926844164613,-81.0323948462434,0.13452192811847657,22.033837050266584,0.4108055784995722,-34.83549643621688,0.005134590270567372,-72.0808692074152
37,0.74,0.004913005117755595,-34.67564250806545,0.17097404735787158,29.17891752692426,0.04928815364312063,76.58369560023385,-0.07774231271875798,34.50470946926605,-0.24062180964634283,34.66645810560901,-0.05693748625681899,76.20747926788052,-0.0636051341162375,-24.852689304282197,0.02430484575013575,-52.11646206149602,-0.05013216926941136,-85.87564450756405,0.06712450474391946,21.946323567242537,0.32921200251226795,-34.407817491441804,-0.006775900371699338,-72.41666794345932
38,0.76,-0.015156296033304366,-35.445167552014276,0.17958698975013832,29.408406443744802,0.0472985914331161,76.59098531034962,-0.0438377012091303,34.01256917514526,-0.2254554232504774,34.44120178690233,-0.026117953306784097,75.55032185958254,-0.06477299897218976,-24.852689304282197,-0.0030953942217042257,-52.53928093253844,-0.05569255866142289,-86.21810235441829,0.07827843088901015,22.104133986860784,0.30056843889186236,-33.99606928416173,0.013814761099585635,-72.48640221923017
39,0.781,-0.02521872724734755,-35.450124569193534,0.18505016071874641,29.469894466150784,0.04581988285971479,76.59741219983285,-0.0255154726798967,33.57031707448543,-0.24351757041526645,34.196519955178346,-0.023951553000641668,75.48867583150151,-0.06399259332195369,-26.36484761655591,-0.016143612173571964,-52.60047637312431,-0.0547109995498572,-86.56818009461081,0.07984841798970121,22.121682078905664,0.3115220510603359,-33.6296583038741,0.04650842256767695,-72.78244531099851
40,0.8,-0.0296323674342178,-35.400207906068026,0.1922839413919264,29.458968707370953,0.045901768546300445,76.61039617204733,-0.02766536579476713,33.17568783477577,-0.26614614231777894,34.30424440605389,-0.032393610858144614,75.17903540020066,-0.05196049045581118,-26.515443427932688,-0.03573256355299423,-52.58545066933845,-0.05692486801878037,-86.67439305476469,0.07044324482183822,22.12998596869575,0.3249292839518172,-33.56593699126529,0.058166554141114976,-72.99122610098462
41,0.82,0.002378653743318637,-35.400207906068026,0.18109509209234184,29.760898000750707,0.04164856548866115,76.92121566261163,-0.13902999242695432,32.54769302838017,-0.14196568454588093,33.847782322895235,-0.1297734179262527,75.01482678899185,-0.1647146624138628,-26.515443427932688,0.9088790687618877,-48.338828484355496,0.08265610103175136,-81.84546788124715,0.3547773777865669,21.8168658207908,0.17569278129623375,-33.19593536132402,0.10237334325714473,-74.07735558605677
42,0.84,-0.022586546868476283,-38.04370162146392,0.16389679495060386,29.65465932303233,0.050451223587840016,76.99269653733568,-0.18363282328630454,31.78667693516835,-0.12867272841889232,33.31811574127401,-0.07764591098322765,75.23763966933089,-0.18490987757512317,-32.0806772235248,0.3863148846241047,-42.945003799322365,-0.18455047193694407,-78.83062038685497,0.19299010192086924,22.55209907652807,0.13252191875222563,-32.11487053561929,0.10117398491338933,-74.55420729102649
43,0.86,-0.025645434795359967,-38.203069852577784,0.20481211958753134,29.631227728695713,0.047279438927797554,76.9985385121204,-0.18873592980308557,31.937837915499138,-0.18770593172283584,33.11210359296855,-0.09330616404839279,74.97485928204983,-0.20423228960048506,-32.0806772235248,0.04611793959221322,-42.945003799322365,-0.2972278375033004,-75.9718701775879,0.2006704778555488,22.86872146386547,0.21469468488091556,-31.9945700308863,0.12155476175133144,-74.74426471277786
44,0.88,0.08116467618935609,-38.203069852577784,0.054520587897022896,30.79835748623225,-0.18229378140177632,78.74783016306891,-0.057361178687382636,31.941846008760464,-0.04441275967498748,32.5404637916857,-0.03731280424742653,74.97050775301591,-0.14577476953112997,-36.024202542061964,0.170707679684236,-34.7817089129598,0.05648219780109792,-75.24060626320131,0.02038598051807039,23.46331331756597,0.20939299325088218,-32.44588633116506,0.06957316751020012,-74.86935669443734
45,0.9,0.08882310666383914,-39.442898899683726,0.06658413665337491,30.82863490493499,-0.1616163381709274,79.12796707113465,-0.058414455813525154,30.688776713009325,-0.058447787778025895,32.39701503191567,-0.016226719484442362,74.62056355551547,-0.16091374779313555,-36.14358846071618,0.20103221126647908,-33.625278577645716,-0.17738138480240975,-74.65375556291433,-0.0021049713293734285,23.46331331756597,0.188833208807093,-32.33530309419863,0.07144193743925437,-74.59955743519542
46,0.92,0.15291624593932604,-39.931142274770465,0.08455941354622212,30.736626935781967,-0.13114902392896988,79.2578397161541,-0.2367195344877146,30.688776713009325,-0.07002149783182003,32.07235182653478,-0.044074579702119435,73.9859333504289,-0.24440349836625253,-36.185770393937716,0.22871158248825732,-33.58187508358928,-0.13658883862225596,-74.7076361795917,0.1780244524505821,25.833815838969294,0.1784269295511687,-32.33530309419863,0.049211469919123035,-74.94626450281854
47,0.94,0.1700350893365368,-40.083090444781924,0.07227790101416813,30.674520334694385,-0.11087728122391355,79.0416192609778,-0.2268348228610645,29.845712615802093,-0.07346376716788836,32.07235182653478,-0.02727881545443475,73.6280721538592,-0.24081748048384305,-35.81454280622224,0.22010387704692486,-33.56527526676504,-0.1178750292491633,-74.94555106496666,0.18881905472471316,26.375223659500108,0.17398080499359234,-32.09790614739573,0.07277870708260828,-74.94626450281854
48,0.96,0.15553444678335912,-40.43661836972987,0.058150285660566126,30.674520334694385,-0.0962499128236434,78.85718419703777,-0.23943575366150754,29.589580664383355,-0.0858983945663982,32.07235182653478,-0.02807055430018207,73.43554047771737,-0.24004218833271243,-35.72082795235607,0.21569718138201963,-33.5405617357379,-0.10891079250255051,-74.98589724856593,0.19704784130950168,26.471139999088038,0.1716033052501694,-32.09790614739573,0.07631925279669421,-75.44458419989306
49,0.98,0.15407659133603532,-40.502152225369194,0.06940387185913732,30.804135136476322,-0.08973143917772,78.66829747232575,-0.24021859264440995,29.589580664383355,-0.08309619863226086,32.07235182653478,-0.03148833591223757,73.42119956290603,-0.23423713176437694,-35.702852098081834,0.21970155821554566,-33.532694216605336,-0.11012858804405601,-75.15789166938814,0.20187433924757878,26.447554172767102,0.1672150097193962,-32.020907090331896,0.06940778902643424,-75.49324954417911
50,1.0,0.15192163083664922,-40.50001622028767,0.06886038002478465,30.804056621887796,-0.08485493563651293,78.5422900854172,-0.24033889020269017,29.613346225684325,-0.0823976780545346,32.07235182653478,-0.03452599542623616,73.39153932305462,-0.23170661952804517,-35.731842852176825,0.22250739504629732,-33.55117865570501,-0.11114543713889874,-75.18052450916068,0.20164746350577703,26.447554172767102,0.16928585144454966,-32.00102206533401,0.06326652485522749,-75.41322277603312
51,1.02,0.1538782447065521,-36.99285894701436,0.9414,35.11443745335589,0.12526264422462385,79.14159920413404,-0.3928800076111554,29.448959908891755,-0.2634616192628529,32.07235182653478,-0.07417879506698336,73.10891461078977,-0.15491806781674022,-34.99558562195525,0.13015999531917977,-32.80107772163679,-0.06583211812386836,-75.28372831968991,0.20463208920484505,28.052296550543044,0.2512523327023725,-32.22264348949023,0.0471960442580933,-75.74521743353465
52,1.04,-0.06934903408322668,-32.110886861961696,0.4648640314050383,40.80791906522944,0.12014016944857575,84.24173346336983,-0.2542048709473477,28.67120152764812,-0.2933053225021952,34.07861032732805,-0.15243896122269962,72.80639240466415,-0.14973008220777717,-33.92987310524044,0.07149005970325052,-32.58550014249998,-0.0964093128824449,-75.28372831968991,0.11906776894059048,29.26436501039685,0.32245061511122897,-32.22264348949023,0.13431035555702073,-76.02512140098754
53,1.06,-0.05698338722912934,-28.577435324528032,0.1967849177707609,47.11154274687193,0.11627149180493401,86.21089651712104,-0.025526241667575472,27.446483123543437,-0.24176387398887456,34.251938191643895,-0.12856733038691054,73.35161278229361,-0.06521051856124668,-33.958073589041874,-0.025849277308120408,-32.025108493118175,-0.019925743062910034,-75.20875917663973,0.0013015003350269339,30.335541594789728,0.3250920212251052,-33.46496029048164,0.1701194453661656,-76.97823298314447
54,1.08,-0.05835121880141945,-27.679249625483003,0.20612193549265073,49.40067961930748,0.1136784740977439,86.94722672525228,0.11176449157692417,27.446483123543437,-0.21501946009777229,34.251938191643895,-0.10298914920710127,73.23873919043986,0.014053332638983104,-34.70526246879486,-0.09588421166183433,-30.86137378340641,0.015943761517378877,-75.65215713174453,-0.12614998253506957,31.54908832690382,0.3190325682743501,-33.60420491358902,0.15778964451468722,-77.04004305593074
55,1.1,-0.05609136264144864,-27.2511558323387,0.2084101485229471,49.40067961930748,0.11480317014804811,86.94722672525228,0.13739756921610943,23.38693797462766,-0.22055694299322265,33.84313611757945,-0.09241324213670025,73.11267668065618,0.04027063724677696,-35.01922971879462,-0.10551320690290847,-30.622699570462895,0.015742563024955646,-75.65215713174453,-0.19738052133890546,32.415923134208974,0.33505143358290046,-33.72023286980156,0.14857765163052064,-77.22469203281206
56,1.12,0.003960639646228614,-27.2511558323387,0.2325336929448033,49.72514546801887,0.0780688816768792,85.546782023013,-0.16059265130585082,23.30361986202592,-0.23429968612703614,33.70199061901122,-0.14007247362309222,72.78122720276274,0.01900598871488693,-34.21305554167462,-0.08397940790637268,-30.12857310196038,0.01867205769379957,-75.77270290246071,-0.14776054833568514,34.69323351288701,0.3709238768001441,-33.805545372546625,0.04697044408826059,-77.0493969069827
57,1.14,-0.033371015155330835,-27.2511558323387,0.21937974518887987,49.49429799609994,0.07377571195392471,83.16410264677948,0.004482336695323483,23.30361986202592,-0.23864323471460056,33.83173523595112,-0.15808911899899714,72.78122720276274,0.023693637183445013,-33.129341731798725,-0.10973628316217356,-29.955088386790727,0.025904229098926104,-75.7199949360719,-0.15122546294045744,35.75451171126944,0.38790363211864387,-34.331619008229815,0.10891852408065514,-77.0493969069827
58,1.16,-0.024817426448249053,-18.37989357611839,0.21690109547875946,49.458496974891816,0.07301986673390068,82.71703850035952,0.06502635129400586,21.504429735288603,-0.23110673042223112,33.83906477459615,-0.1448257384067198,72.31598583577139,0.023105458268312437,-32.93742403929052,-0.10903239600668516,-29.82272522447772,0.02590565713190997,-75.71946838110033,-0.1434421694688264,36.144430107010834,0.36762187952171943,-34.331619008229815,0.13242661825361807,-77.0493969069827
59,1.18,0.11668570114949665,-18.299764918924133,0.006354460743687687,50.32524136930016,-0.07022534819905138,82.93651736795711,0.10741417880127016,20.705028895557252,-0.06953620746721972,33.05711810479351,-0.0638234931254754,72.04924865050106,0.04562623585542737,-32.705734015212926,-0.03167937044338051,-29.822983471247863,0.025359692268369056,-75.7131948872748,-0.17240622981941517,36.383064846828624,0.3169603943828905,-34.32423476144306,0.04359869522739655,-77.3270818591347
60,1.2,0.07891111796211023,-18.848779679822645,0.0733930572382062,51.197759608766816,-0.022934726616285206,83.48746413649698,0.07973383532196385,20.473565639239823,-0.07304545418448123,32.334551965959555,-0.08912283181711278,71.51614086368369,0.05343482374749828,-32.76062618463917,-0.04619494432305167,-29.822983471247863,0.025278004133666866,-75.7122431943795,-0.1577298258632207,36.50931284692396,0.2881884791286907,-34.32423476144306,-0.004535750651904008,-76.60980966918382
61,1.22,0.229551468333829,-17.03670420124773,-0.8791653015883176,45.77172906259172,-0.841146360433116,78.87460622882693,-0.16880865598177522,20.48629921250908,-0.004163051101599223,32.334551965959555,-0.13779799084465572,70.83339167890657,0.03471096035616719,-31.44946942194105,-0.011539439432900284,-30.989606159660116,0.022012118703065,-75.25233146611156,-0.07581328235042739,37.460566940122646,0.2650534694567147,-33.62050167647343,-0.16291078808266943,-75.6798904930674
62,1.24,0.10720513643828616,-17.03670420124773,-0.3827424013402685,39.778590523242066,-0.34474357542412293,73.48078153971251,-0.07132685243325601,20.48629921250908,-0.09775604814179964,32.334551965959555,-0.19962121096434887,70.87240624703222,0.02303035567820355,-30.470462790693897,-0.06479860188232321,-30.654347321144233,0.029459643100326505,-75.04027235143334,-0.06293727737411528,38.18246557908299,0.340560003758697,-33.43279237198998,-0.05676646876706745,-75.46038847583146
63,1.26,0.14706301317755618,-11.546216592441592,-0.05366645827273764,35.28583384492348,0.003960427932874433,69.91180765403905,-0.06263919847084756,19.75629585786994,-0.13689802928390526,32.334551965959555,-0.1524437014554308,71.06003618442882,0.04816112587417738,-29.856860053816856,0.21578368546596827,-31.423068925303237,0.28988252229771216,-75.77693687693764,-0.02264380871044666,38.36854226778641,0.22775193127508525,-33.81919630022667,-0.020442779803497978,-75.64205327596115
64,1.28,0.20667191231178386,-11.602130763634413,-0.03926717167687985,32.55091408737951,0.02552698904639017,65.56820702030406,-0.1138482677198773,19.708157800628268,-0.03520853533943319,31.889940631761444,-0.05988606393598743,70.32070442818123,0.0758760562940765,-29.856860053816856,0.08111559765116089,-31.423068925303237,0.2229999327016515,-76.57669742001856,0.015000936021791339,37.975588095737216,0.15952767280383054,-33.81919630022667,-0.04482248680126481,-76.08406425364255
65,1.3,0.19432216041118583,-11.682046822118552,-0.06259192533825095,30.9720569111861,-0.003623817134662352,63.43006552540678,-0.11692082134540652,19.847597347330368,-0.04005887983884262,31.575149962317063,-0.07140671552437525,69.97460917577683,0.07154500134506529,-30.13623478601349,0.0876510130584424,-31.89897287533211,0.19770429641794157,-76.7302137690559,0.007906047844874503,37.78526389423631,0.18226854236764298,-32.44482507109635,-0.04393625530421774,-76.05668903841455
66,1.32,0.23316100238099505,-11.826402090795728,-0.04217299046632481,30.41803628293739,-0.06158905758400962,63.02661303494846,-0.19782507618519202,19.29466426347089,-0.02830707505921428,31.21455668077133,-0.12205167472559192,69.33305842163384,0.20635300329780032,-30.138299705824522,0.09602142463683098,-31.925745738833566,0.21788083430644614,-76.34763077574286,-0.09873188606166625,38.172360886451685,0.17622220795792243,-32.30989344441186,-0.06567031653199333,-76.03113235856516
67,1.34,0.21947384673092551,-11.957920703716592,-0.0528779215148869,30.30059645169272,-0.07377884404733008,63.02661303494846,-0.1340208140218434,18.668956315118095,-0.014122368998718701,31.101292290147658,-0.12473019655094433,68.81893144040835,0.18104393181469258,-29.096726580489616,0.09158461567415137,-31.983002743297067,0.16512255269601966,-76.31176309647218,-0.1331764212280658,38.172360886451685,0.19168229447174423,-32.21519719046402,-0.05533196966672675,-75.9086417379897
68,1.36,0.20360437838468767,-11.957920703716592,-0.05904253399527223,30.30047049790626,-0.07206257072993844,63.3766922890202,-0.08655608105106244,18.19966526279691,-0.01312925730104126,30.9330032594416,-0.12610953273860848,68.76875094944887,0.16959760646749888,-28.872174290953307,0.0918492529377627,-31.985928814261793,0.13517579431094337,-75.57824032858153,-0.15064016720336193,39.126193228969456,0.19800305699073395,-32.27204135990849,-0.0477850907175269,-75.9086417379897
69,1.38,0.19943571901840212,-11.848354831290969,-0.06434818102292571,30.332498629724423,-0.07163334004176598,63.431441434188116,-0.07531240100535795,17.69000869819392,-0.014490004027416022,30.903879675089122,-0.12682799226463723,68.73051600644072,0.16773882955406944,-28.49397135184573,0.09236751339833817,-31.987118042000866,0.12949011386687603,-75.31136329387066,-0.15336187268553653,39.414034752585444,0.20201263369164998,-32.29602149257421,-0.04315312501742348,-75.99289146954821
70,1.4,0.2029223986051401,-11.754729364345092,-0.06306885965164216,30.396475217183518,-0.07082651689881712,63.43945051893332,-0.08901645375466063,17.330538000956516,-0.015067953531624191,30.898490382025287,-0.12695023543252046,68.70611503615497,0.17243231087440783,-28.45327130778067,0.09239544369151394,-31.99126513428082,0.13833987502734862,-75.31136329387066,-0.1469427427117527,39.476838510084555,0.19962071201734538,-32.29602149257421,-0.04420592578322625,-76.02005813032038
71,1.42,0.10310109030126456,-12.479624187746229,-0.196577186710493,30.944554659849057,-0.02271312493839138,63.81816845917814,-0.04837308393198933,15.802796903466568,0.1446173804843824,30.140007756416598,-0.09644487213388525,67.86158809887563,0.33570438522922263,-28.220635156191822,0.2819020674782088,-32.68690387573377,0.22674237254863583,-75.31136329387066,-0.17385852816884073,34.78780144425056,-0.7113715388710364,-36.75983729884805,-0.06995406774864965,-76.02005813032038
72,1.44,0.08494061653640438,-12.479624187746229,-0.25753446691442783,31.863094054840882,-0.1727973507719298,65.34132048066286,-0.067561368172214,15.226860074526986,0.173390445993564,29.26786542322573,-0.09375279081842974,67.01761463655565,0.23988090197480338,-27.729368294140308,0.36566164650987915,-32.68690387573377,0.2941418991727952,-74.99720422667968,0.03763079641119871,29.837404868167784,-0.18881542572062937,-37.95846500664814,-0.059485639289650616,-84.11521643935751
73,1.46,0.12784159082362137,-12.479624187746229,-0.23769048917787472,32.51864795413061,-0.17881162884635385,66.28499734348007,-0.02957182916748216,14.708621927573173,0.1822728238491465,28.929656249092126,-0.09815522243762528,66.61505297709412,0.05693133209109927,-26.519104380516126,0.31570455091186633,-34.43833652090725,0.2491246402292796,-75.43775065240523,0.016316428288255663,27.93400185846814,-0.09468234064998693,-47.70868230727747,-0.06069888209276872,-85.63722928562497
74,1.48,0.15032511152725747,-12.982201446918028,-0.20368453786423624,32.72083345582681,-0.17738058861231318,66.76678382812703,-0.03386740378502492,14.708621927573173,0.20816649712186802,28.47303763574055,-0.11275752323193515,66.59081290726147,-0.02902290011216073,-25.2856673665602,0.299887455769064,-34.38135592393936,0.20429023408163796,-75.27526435624827,0.003338341201269218,27.126489009364153,-0.09851959842311114,-49.20127998654417,-0.058133159506222554,-85.99141433627382
75,1.5,0.16226676509982754,-13.243140792776519,-0.1963430804928888,32.657675678961304,-0.18096110414354571,66.87048159444088,-0.040306610097475125,14.3815557602671,0.20860399512264444,28.199834318040747,-0.11244255364340386,66.60143389352125,-0.025880994681169986,-23.85609549311708,0.30615520019149606,-34.38135592393936,0.1686635052902742,-74.8561117646714,-0.004834869706846379,26.93260389623891,-0.10463090835555369,-50.2118602200562,-0.05714173915326959,-86.62100697048085
76,1.52,0.12284247905582392,-14.35984651154537,-0.23057066048251057,32.657675678961304,-0.059858912506050826,67.16741396100873,-0.032977798601009994,14.3815557602671,0.18680605481281515,27.924484723907238,-0.12484302201928316,65.58408309049332,0.2676205771564577,-23.957556603036,0.32678164531918885,-34.14735922478699,0.21700663300313566,-73.92773357123257,-0.082247064700542,26.93260389623891,-0.12656843682325056,-50.2118602200562,-0.020341457423355136,-86.66715968458108
77,1.54,0.10190352333081784,-14.760201015268253,-0.22976674450935736,32.93675655461073,-0.14860544049745358,67.68783143541413,-0.04669723180629243,12.515324093495298,0.1932093345209811,27.972269058686035,-0.11824768164830612,65.31518388160578,0.11660636823619569,-23.760410194697478,0.3413367559582719,-34.41331824417318,0.2127732806877249,-73.73172617055396,-0.015883229168664026,19.42652294870906,-0.1145414107488443,-49.25611111985199,-0.015601030877708338,-83.58787345288364
78,1.56,0.11795481099801011,-14.913568171482726,-0.21370695315008734,33.090717609928596,-0.19034181440499914,68.04960360597121,-0.04456739721325619,12.358856045055731,0.21267033771689237,27.838720600699418,-0.13432125890302077,64.85988881911294,0.03277414104820331,-23.760410194697478,0.33949164949427724,-34.535476210082145,0.18504276991083238,-73.63446837646147,-0.022233466562965626,18.087165663311144,-0.1088684930563078,-49.18371860111112,-0.01404837044579188,-82.25140399756559
79,1.58,0.13688698279107545,-15.11720986650072,-0.2011710029301429,32.99994361942822,-0.1983215102010992,69.03661720119636,-0.05108519974071209,12.253196926238173,0.2120908063647185,27.657419666823237,-0.1350194922108659,64.82002919544091,0.011368484474520907,-21.643578206101154,0.3403348395220933,-34.58989883674601,0.15606771975889244,-73.63446837646147,-0.036845478285737976,17.864722554625413,-0.10819063741741586,-49.18371860111112,-0.014425118289059735,-82.04946133078776
80,1.6,0.14744567668819475,-15.11720986650072,-0.19455888953037032,32.917482595634596,-0.19078389516196698,69.17475729793493,-0.051986512300406164,12.251886570160899,0.20884175780303188,27.63119916078815,-0.13382529515169964,64.77926860097413,0.04179819296374539,-21.429392977317235,0.3416254016491506,-34.60309627469096,0.14629613806939398,-73.01436943307448,-0.04941219767021679,17.512761914646923,-0.10829333557540077,-49.18718961507673,-0.014256357660996073,-81.95219341892806
81,1.62,0.12280260389130038,-16.313203912875334,-0.20266380022691763,33.08006078958528,-0.0019898516858877224,69.16081185574501,-0.044524353232034214,11.829778810965069,0.1815886199364148,27.483689725716722,-0.13325216958248617,63.838657915753274,0.28004350924362054,-21.702299576489402,0.3018005278736771,-34.03528270754547,0.2135870746890501,-72.1850117719538,-0.13962129511040655,15.593448420446501,0.8795778528013272,-49.18718961507673,0.8086420467568078,-78.96789713634217
82,1.64,0.13822573834733043,-17.141532267799303,-0.30069477473398415,33.27715804204611,-0.11365445374435026,69.27193459134111,-0.08437133661661647,10.71985129332683,0.0044817559489959136,27.43168617448287,-0.18552160768366083,62.94298093579348,0.09331940503682545,-21.5212851312228,0.1915674710249095,-34.01843132549785,0.1746092737045102,-72.1850117719538,-0.2953715634644966,11.515927676037157,0.6272763875643106,-38.86710730727542,0.44639846263241023,-71.22264721453736
83,1.66,0.12341955449426645,-17.610181616675625,0.0034907295213936207,32.62421574670584,0.05062719543814878,69.27193459134111,-0.09203255411139377,10.462151569967537,-0.04693098020806945,29.335700273447312,-0.1921401687579864,63.14429066473983,0.009213031076831357,-20.449857519500682,0.07846812583599977,-33.59413813583703,0.07224818242422965,-71.57885863554142,-0.19616153805783576,11.546350402080579,0.16473008427280778,-35.12619367354018,0.11419856077280421,-67.23392460201981
84,1.68,0.10056522714002802,-17.51779078529238,-0.0017818275153603375,32.24597341130838,0.029316699265180962,68.72178382452323,-0.08732172156750176,10.508128940097482,-0.027851756470367632,29.667400164168754,-0.2195125538142442,63.16749016276125,0.04202533381959968,-19.04151866994691,0.07553978426062596,-31.827677402839672,0.04589514076964217,-71.57885863554142,-0.2281982434168415,11.060135369955214,0.19665135723801042,-32.643792490037505,0.13174961035634913,-64.90162171266833
85,1.7,0.07635603785205,-17.458745503609887,-0.017317940154384308,31.186257665004955,0.023683903404349754,68.72178382452323,-0.08208279941246571,10.499255877662575,-0.038391193484361895,29.826749701259196,-0.23686345374207643,63.32725539295296,0.07448420837282577,-19.01128987203888,0.08893804754890178,-31.724391891129365,0.05796662143854557,-70.32050238602746,-0.22469205583239887,11.108756796730317,0.21590705260166518,-31.46038060156749,0.13834086541459176,-63.72715675006146
86,1.72,-0.04781863985603069,-17.429578141784866,-0.03839800634038892,31.386640074731734,0.10924619857751619,68.72178382452323,-0.027486228494637673,10.207457341791752,-0.07485082186107841,30.124106587969752,-0.22647491389755076,63.50089760832993,0.15875651518693823,-18.7522925348686,0.08119252232363962,-31.27772296610656,0.10924056129875756,-69.6034820288135,-0.225779372081149,11.103229294401082,0.19638393333406381,-30.657333784188125,0.16248163088157597,-63.4816004371716
87,1.74,-0.01932311804035272,-18.08892803784254,-0.04976716474263802,31.477332237314922,0.0754202012590801,69.51661014106702,-0.007617379373933843,9.90846460258141,-0.07311595150985906,30.305220295082517,-0.19131872427122876,63.4388025053716,0.14250573232896624,-18.7522925348686,0.08494166557170234,-31.264923761211723,0.11039431115166823,-69.47687844634355,-0.22951489109646667,11.08736694118033,0.20118842769901704,-30.536910558519477,0.15690787282661486,-63.464174424465796
88,1.76,-0.0018677729570330051,-18.287864806372884,-0.054390592354884526,31.648713898853508,0.05905206270143787,69.77446613513331,0.0011150265740777349,9.71500992446372,-0.0738437024193655,30.351663090710893,-0.1671568758324949,63.13156603310287,0.11122467220346663,-17.63363610852039,0.08929592195034247,-31.265398190973762,0.1067914198981489,-69.20989553323287,-0.22778634105841308,11.106824721803422,0.20287933957521329,-30.504041635700954,0.15016470758851452,-63.40614173596644
89,1.78,0.0026903774430663205,-18.287864806372884,-0.05549117572013655,31.71746557981033,0.056700890220042294,69.84126596996857,0.0024340879093600054,9.557336469921813,-0.0736648736223412,30.367815947186777,-0.159323935843823,62.88283674097697,0.10215516788763598,-17.318823334079237,0.09080161145978086,-31.312444294205054,0.10788632902008702,-69.11210071442254,-0.22782482868820308,11.11056919648242,0.20297499699717028,-30.504441179372165,0.149527651003809,-63.34769564647705
90,1.8,-0.0011174116312800061,-18.635848581483252,-0.05611855393933664,31.748285037584772,0.05891574230699556,69.97275585553875,4.808974893380502e-05,9.527449928293489,-0.0740577606507794,30.364826670781426,-0.16352434939184196,62.783792856291804,0.10931263976335387,-17.179164642059188,0.09048313054685783,-31.32537569641335,0.109142847788369,-69.11210071442254,-0.22736005918126587,11.11056919648242,0.20259733610430863,-30.500335888814345,0.1509187895683292,-63.34769564647705
91,1.82,-0.14698026818702423,-18.635848581483252,-0.23032177239015428,32.2977787612013,0.052848401098503237,70.67583552303071,0.017882997482460306,13.134503612530969,0.8933920962225321,35.546734200568835,0.6281639146576579,68.47727447915885,0.15091602256913306,-16.274434434399893,0.2737444063335939,-31.733301846219234,0.26615533478549097,-68.802185065877,-0.1195750248050578,11.89529197429367,-0.037013150733933464,-29.61823634665284,0.06875765235997013,-63.94790949433871
92,1.84,0.09815133117150873,-18.95276848735709,-0.31321063338467914,33.57806754589789,-0.03841430561290504,71.48230855979922,-0.07524103247749027,16.635950849326843,0.34472906516188206,40.940558885001174,0.07940871112915626,73.87109916788317,0.16064382731768378,-15.593538849992287,0.3922351665182898,-32.19918408714843,0.2478959785847013,-68.7987436801896,-0.0964839582321882,11.839824222140743,-0.08298441786759536,-28.463028032350145,0.0805960244936198,-64.52762712371222
93,1.86,0.2036782436371694,-22.05821312482458,-0.2735045451537505,34.14422858735732,-0.09618935003887523,72.38027923529687,-0.09340020509899392,17.279122625669803,0.2405629710923608,45.5196940926599,-0.016818746799918266,78.86028816318168,0.17661307176008242,-15.532088617860955,0.4278954637217887,-33.76233000808962,0.1317265848917317,-68.7987436801896,-0.12235027880359103,11.828972137601992,-0.05424792327165348,-28.159314929381264,0.07547894602638124,-64.64827602384851
94,1.88,0.20679196389635793,-22.63576730868405,-0.25245483794005724,34.14422858735732,-0.15561756244240135,73.28628544806237,-0.08347305608534203,18.583722670571067,0.24654816892787124,45.5196940926599,-0.019425764366195086,80.45150058330029,0.1686503601813716,-15.532088617860955,0.416875860232373,-33.76233000808962,0.052124608815738854,-67.670508667124,-0.1553600946699875,12.009941158293959,-0.0005786232047269857,-28.159314929381264,0.08383265005838761,-64.73140810256406
95,1.9,0.1833099420963785,-23.32832060908023,-0.22270351398675672,34.11360679486247,-0.1424642635757473,73.6128209267648,-0.06737544876454463,18.707934917234226,0.2378002957362753,48.339616369408496,-0.017589122504097374,80.65078061085013,0.165167060203345,-15.532088617860955,0.4005066064885173,-34.611702410752414,0.034602844547463915,-66.9404171704233,-0.18083198570955217,12.320622491397208,-0.004511750132910691,-28.23937968331725,0.06766440722948562,-64.76797452542183
96,1.92,-0.09909750235329065,-22.9236434184116,-0.2112751040490736,34.212563121768156,-0.0708311261422201,74.27056866329816,-0.010741231817125885,21.26755994023156,0.23488341637885435,49.84056373266732,0.014319618607263107,81.21153649644414,0.21899088462598848,-14.54313055680246,0.3893723552390761,-34.238232498758435,0.19558789644716945,-66.38576823531506,-0.1176809023499143,13.014232352370705,-0.08135699933783624,-28.528609009533323,0.07462504222471808,-65.69479519543816
97,1.94,0.051759200034053925,-22.939499405010537,-0.20989326056017402,33.98704272814283,-0.08448097919432301,74.33812571143427,-0.05224119516621914,25.65917767624224,0.2447926777834863,50.18341472880462,0.013483202224455065,85.74450078520093,0.2094956829389919,-14.54313055680246,0.37896299004239054,-34.238232498758435,0.1042871572459882,-65.77733246006802,-0.09982283796467245,13.697541130388496,-0.06625059658589472,-28.31133330747383,0.06732896188274896,-66.4896503533235
98,1.96,0.12873511175646007,-24.173014390103145,-0.2168565987335846,33.901834270950346,-0.11562689666780866,74.4695652695825,-0.03871143155134048,27.472281534485923,0.2548388015655573,50.265928482496044,0.012536088640919082,86.18435789865882,0.17232280207510725,-13.75309321838346,0.4032352438815239,-34.00428356164313,0.06910675639411869,-65.13425003124381,-0.10238895127009481,14.027829936210313,-0.06633684541222859,-28.31133330747588,0.06439641459874008,-66.66257747013339
99,1.98,0.14759616694059094,-24.84006714242696,-0.21513703202350495,33.92357803650751,-0.1247116159535049,74.80922502814958,-0.027498148299646342,27.937839494993415,0.24203230624726985,50.26592848249605,0.0129529001401857,86.46368256957635,0.13491083473759877,-13.258766517458907,0.3968148301568475,-34.14043206274974,0.055963739525417985,-64.78216860586244,-0.11746473549366743,14.123501119288372,-0.018762324669721248,-28.388853160778734,0.1041996681621144,-66.80671778704081
100,2.0,0.12805860015121576,-25.408898485739417,-0.2122569907090429,33.87028413850383,-0.11779960523297299,74.90524437418283,-0.016612497852146975,27.997682155062062,0.2439152765332686,50.36190852818783,0.01204494289725544,86.50708539502443,0.11463231746628644,-12.95077858603588,0.38633893484753423,-34.110422033283065,0.0686722375413462,-64.6057566787496,-0.11192765252922873,14.188028947244309,-0.019813969217466365,-28.73739531950882,0.09034797036402879,-67.02699794210018
101,2.02,-0.1949076742872301,-24.748081988558038,-0.183361748252075,33.74450715504879,-0.03612349513752608,75.19373715298677,0.06893353384619005,30.82021499931479,-0.6395083868496456,45.09005590274945,-0.062472576381537026,81.34131828025637,0.15316892284367428,-11.922791369400725,0.31933938977261705,-33.459960724999036,0.17289799574542097,-64.2927847574136,-0.06784799115358031,14.188028947244309,-0.006112129234285724,-29.2182932426937,0.011901854861813842,-67.5154703303143
102,2.04,0.026897186187692226,-24.798766360117114,-0.1868288562237423,33.63387969830985,-0.027512715941530708,75.09442867757163,-0.01586337790220657,36.487755887665465,-0.11685171911228576,43.29211434092491,-0.05921140314979953,78.2690281168341,0.1433950347912408,-11.333401914662424,0.32512772663394374,-33.086889133211514,0.10016616476993859,-63.79322898541023,-0.07747022317504026,15.743488221474157,-0.013463793794335405,-29.23453389757433,0.10479740501580093,-68.34832146400893
103,2.06,-0.08952482133620686,-25.924717257634473,-0.018629924805375772,33.63387969830985,0.0028595660016810104,75.08345055380848,0.19359565904127796,36.48280091190801,-0.11709418198063176,37.80011978461008,0.07917562084167286,77.1450972993465,0.14327479855618314,-11.02101252577212,0.19207224152203817,-32.833859676758586,-0.025671646120091776,-62.31498025051943,-0.1382382326394867,16.169945727511404,0.19233206538961545,-29.511127593934134,0.1522927487196914,-69.26251999684723
104,2.08,-0.11506469039613595,-25.835452455964244,-0.005537825979069842,32.070983840918785,0.0062755992051979625,74.84409426659582,0.17239867234915301,36.65045067021438,-0.11932002415906184,34.73550514363213,0.07077374471520974,75.71678196110135,0.15245988727228227,-10.887863138481906,0.1902441533343267,-31.661887181338194,-0.025672988367898456,-62.31498025051943,-0.13725206265998569,16.169945727511404,0.1737581556697072,-31.090017465734846,0.11624782189374791,-69.34953333588051
105,2.1,-0.1334622790326416,-25.64091102951867,-0.011138528847999186,31.7544596921713,0.0050816603079659045,74.66514885779428,0.15524246692970678,36.65045067021438,-0.14135126071957094,33.318007586568925,0.04470789638567921,75.38127886923488,0.17104578712352334,-10.866317754311996,0.21071925445091172,-31.492514840957764,-0.004043383695301779,-61.49233063505923,-0.12110648107175132,16.169945727511404,0.17355915621199713,-31.252023498054907,0.10089281048044008,-69.29060619087339
106,2.12,-0.20697578564368158,-25.8359862571281,-0.007019658878015728,31.637185429556954,0.0012322761629778023,75.00007796234138,0.19824724187913279,36.75626420180678,-0.14647946034499612,33.128895955361806,0.044378510306132504,75.43175403734342,0.10787318966869575,-10.85943422147707,0.24903615965950626,-31.504660071344528,-0.012514359964435975,-61.44203442613969,0.00803250042496284,16.95084735722884,0.1920477645047454,-31.4010281791893,0.02201464371263883,-69.29060619087339
107,2.14,-0.21641932340008896,-26.926269853198797,-0.0069035967128670515,31.622013972623012,0.003624691991687884,75.50289239794182,0.21810276455725922,36.58875997885788,-0.14609113326188644,33.13211008575014,0.054376538724426104,75.34392192924281,0.0858905185281875,-10.43036514192169,0.24626149361772542,-31.825091444021623,-0.025438545329913385,-61.39061224317268,-0.014538149263977507,17.607953497406093,0.19779240870666673,-31.717348042570144,0.04018489774359299,-69.685675981729
108,2.16,-0.20443521699444525,-27.085166136238286,-0.006898267711223732,31.62280754385751,0.00882225989936146,75.52867425680857,0.23184644726026254,36.31530657143274,-0.1461115413347602,33.133994185442546,0.05792573693325803,75.28523957285896,0.08271532875930748,-10.249563486699236,0.24259589274051208,-31.855562073527743,-0.03197708633897507,-61.39061224317268,-0.014967828321650917,17.77539907590003,0.19720600548405978,-31.717348042570144,0.05105749880478798,-70.06712309637635
109,2.18,-0.20923679116694355,-27.085166136238286,-0.009658631886778943,31.626139619207787,0.010282874227361724,75.58200543419369,0.2255213556338672,36.232665815320125,-0.1447747923915821,33.133994185442546,0.055378954163280314,75.21406209329874,0.08340222954366287,-10.120603725700994,0.24046545767249394,-31.856318611440663,-0.02805553781489422,-61.20803735965834,-0.011427289918728573,17.855468486736093,0.19647827695371586,-31.86458822012177,0.050431698732554146,-70.17959420284562
110,2.2,-0.21014700539134462,-27.256613201487703,-0.006441998597780059,31.61717807850466,0.0126094934801768,75.55425431194115,0.22471099666552422,36.232665815320125,-0.1442849547411032,33.1120126851033,0.052747655033156524,75.24642514826256,0.08668958291496869,-10.106693571098461,0.24212717854738508,-31.85315056218461,-0.027800847690677696,-61.194588043482355,-0.009502541233574413,17.881394694298102,0.19756562901839617,-31.885178650316004,0.04855900988485776,-70.19428445376748
111,2.22,-0.047603236633260104,-29.685534861783985,0.2124438079144836,30.58167027603807,0.03162923663904431,75.95763053622662,0.13612127636867938,35.514538150754454,-0.21459920059763476,33.022463132616245,-0.16289064960471822,75.20406721021352,0.02030181437437767,-12.9109911553098,-0.7145722188796964,-35.035200875035756,-0.821346934206719,-61.194588043482355,0.11942936961025266,18.027716765538678,0.3629743770546557,-32.431699399842074,0.029598742404071638,-70.92999495371295
112,2.24,-0.01534074142080577,-31.207926241988545,0.20953862168272303,29.722998041013913,0.04022441333102851,76.02252866461775,0.03180924063710977,34.845539712016745,-0.2830470847420963,33.022463132616245,-0.12104543771379866,76.55474040579541,0.12172737668802411,-16.59923954725632,-0.19198586470398726,-42.226967121191585,-0.29878435500813305,-68.96502260559264,-0.13934058012083797,19.39116127725218,0.44304017253366507,-33.868561895192464,0.012223671210666986,-71.10709014576389
113,2.26,0.017826368536229528,-31.37727240265421,0.18927122907504088,29.46097067471557,0.04021250244979917,76.03319355247348,-0.036597284638421865,34.845539712016745,-0.32179835428779785,34.51274198369388,-0.06973768522507494,76.53598582038698,0.14659494463128947,-18.02608760234954,-0.09820237871706122,-47.12077815204111,-0.021304776212507537,-76.1308541545398,-0.2426445832214935,21.696656580706552,0.44651611216994613,-34.32614285948069,0.0002752473463566822,-71.23431088790228
114,2.28,0.018538822274423515,-32.48910206490822,0.20144259591971125,29.369462388129275,0.04019933778364354,76.0331935524251,-0.055381844008385694,35.9908794039157,-0.33499642285687997,34.98833610392647,-0.04756442614513348,76.37139085796385,0.1287448966090325,-18.714752634725215,-0.1171787174848376,-48.961299442399955,-0.01990312283086293,-78.76278045809825,-0.2380669316160761,21.696656580706552,0.44418865873163493,-34.32614285948069,0.016573539437357808,-71.26478887822483
115,2.3,0.00481038427757946,-32.68587008227971,0.2104398656402466,29.271473568311436,0.040186800002690926,76.0331935524251,-0.04618376430766989,36.18766013422308,-0.3327987408108111,35.10991352936507,-0.04689657469969946,76.12777756896936,0.10587950505911717,-18.840393435091887,-0.11778662336445533,-49.63932225538826,-0.020524138262766237,-80.98981395409403,-0.1721546283391812,22.695763841178664,0.4347869880829327,-34.799894602029845,0.04037605159713418,-71.39332312618055
116,2.32,0.01371905617167024,-32.8213401386658,0.2346898483921076,29.08555141613602,0.03892001310199052,76.31996942626262,-0.1152783188471404,35.420409087961836,-0.30001776758395454,35.15792863423824,-0.14794894358755595,76.2389671194454,0.02693809040843742,-20.80693516636635,-0.09712972036112211,-49.63932225538826,-0.05108301508375501,-84.44350674255507,0.1339501094940417,21.87382862220103,0.4172455344043212,-34.91236397089781,-0.0021803248128360667,-72.18381526739861
117,2.34,0.006011563441737727,-35.14235928453821,0.16801022620331132,28.986600164480873,0.04975337976902265,76.31996942626262,-0.08019482709149378,35.420409087961836,-0.25412301260707176,34.7956048826091,-0.054542614425526145,76.09854225062048,-0.06381555955329493,-25.42332803552843,0.03165311965538567,-52.01240991452557,-0.04679456757296267,-85.71374632199313,0.05324728993412911,22.081689029987015,0.34268195707186233,-34.50756876228262,-0.012510313382529399,-72.3452903958261
118,2.36,-0.012726924358392906,-35.32714316897052,0.17897791261772567,29.450922719767828,0.047381559186871244,76.53723171734524,-0.04218948425598065,33.733650339720796,-0.23195307216781674,34.532681923772984,-0.019308581455008383,75.57919233015846,-0.06411308957999988,-26.113909860543824,-0.0034133495486175225,-52.292288114767814,-0.05713134976891367,-86.32592149118703,0.07154320487706275,22.259925194454272,0.30759496177770274,-34.24417112072752,0.006516457060597645,-72.37192164594852
119,2.38,-0.024855033740053517,-35.437285042089755,0.1852617016967364,29.467583169767618,0.0455615009899656,76.53723171734524,-0.022903828606339376,33.33769261491711,-0.2482020636076449,34.532681923772984,-0.017182159301999178,75.17873010612742,-0.06361222743633875,-26.439420186683854,-0.01560426018450703,-52.558434382899705,-0.05676018805616105,-86.55686663501513,0.0805706691518921,22.20822485906841,0.31412713780004986,-33.6817376320436,0.0398150997581649,-72.50314824926845
120,2.4,-0.03013482344391294,-35.36823658694425,0.1922668297052792,29.458552041331664,0.045659460831236134,76.53723171734524,-0.0246911038347302,33.09175756224526,-0.27021649991785945,34.272106899002104,-0.024984793362585342,75.10823806445356,-0.05380214687407388,-26.600132780782047,-0.03419212680328841,-52.490394944707916,-0.0590752112842657,-86.59757929871898,0.07308003989992296,22.187886123357362,0.3281877130531231,-33.6817376320436,0.05336386965819006,-72.91203517843906
121,2.42,0.0018151043124529642,-37.13963187706733,0.18212362158017611,29.458552041331664,0.0419654380322024,76.88220305547661,-0.1350644599547375,32.054913598688245,-0.14473176160440188,34.272106899002104,-0.12407843109578659,75.06584181317912,-0.16314056903432717,-28.655907566957712,0.9098102386643456,-48.91660728567766,0.07375350207740711,-84.28317410788887,0.36023055404140214,21.66968610305972,0.17709071967020673,-33.04243893319266,0.10162792485074269,-73.4235780507643
122,2.44,-0.023306573221292752,-38.05452647423929,0.16413771341427605,29.663147857369246,0.05013697613670641,76.94916850869537,-0.18029003483380684,31.75598392021574,-0.12982925392210878,33.24940533251319,-0.07366964519985715,75.06584181317912,-0.20254851250240286,-34.337584796185595,0.38724530281716896,-46.81900879684462,-0.19585670748107914,-79.68875755631555,0.2005149993074592,22.20372892293813,0.13338529749269276,-32.098412152203075,0.10091997033075087,-74.35513969631005
123,2.46,-0.030490049927402417,-38.197776017593355,0.20192388702916395,29.651748401653393,0.049100999543515114,76.96278445789986,-0.19514461698921692,31.928500486455594,-0.18932658837752323,33.17248337973826,-0.08576215807127809,74.94524605748381,-0.21991974980945528,-34.713045875264754,0.07205431160899145,-36.342748269417726,-0.09959802318380037,-79.68875755631555,0.21124639709345502,23.054064621597565,0.2187808064362026,-31.97158803675958,0.1197400455849259,-74.35513969631005
124,2.48,0.08122858395063597,-38.47076224085318,0.05704513773760954,30.77491815420354,-0.18241958547925521,77.34635022969432,-0.055666913600168594,31.52267842195334,-0.045326932046688334,32.67603869191268,-0.03653883239056917,74.81022645357324,-0.17172804020737154,-35.78627390008381,0.19586472053884568,-35.27025546126699,-0.1975125549900612,-74.87795529177104,0.03147550348036979,24.163495796352322,0.20907120823388556,-32.06466763524766,0.06293714448039801,-74.7180969208143
125,2.5,0.08487980274941148,-39.35589391113188,0.06695500228471082,30.820012114947072,-0.16024462261602626,79.19441401727872,-0.061415551265529236,30.798035395991285,-0.06248072484298561,32.67603869191268,-0.014083651872586714,74.44649756902098,-0.1748623227190942,-36.0641808162367,0.2089342147668146,-33.975011674323476,-0.1874625244224027,-74.55787490766139,0.011067749460842075,25.163195776267433,0.1905745758687608,-32.35845796969399,0.06847230336798779,-74.7180969208143
126,2.52,0.15088616589759643,-39.81642338037477,0.08162877722913701,30.684785129081845,-0.12863906180781637,79.14005183802655,-0.23939449104855154,30.02514733723381,-0.08031676525558479,32.12438443810074,-0.043308343090659104,74.01636933300239,-0.2571171821246094,-36.237046114447836,0.2326939705461532,-33.63666673969944,-0.1468773737507784,-74.50255563885399,0.1905114902548433,25.93775691595972,0.17203955869542548,-32.245922079325155,0.04514585229622042,-74.52467614644009
127,2.54,0.16579844896384063,-40.30907775014813,0.07131484849227288,30.701555749451632,-0.10677954023370445,79.14005183802655,-0.23156709882175558,29.816174904987275,-0.0777197990609598,32.20463656470051,-0.021444663338439737,73.62047623362199,-0.25613784100781156,-35.67485171297268,0.23026811740753028,-33.638451399912185,-0.13116635377965902,-74.58784656876485,0.20182527939291864,26.29607438311409,0.1768128485833879,-32.12143698379239,0.07479982746563107,-75.20904029526508
128,2.56,0.15580225787909072,-40.47047630757329,0.06647515663296888,30.731932183828626,-0.09224325355228688,78.70203454954903,-0.24213636759959467,29.64260116714325,-0.08578088537768466,32.27561777687319,-0.01848592817966388,73.40891897217334,-0.2519202517181578,-35.568113071795054,0.22912869115517323,-33.62795150833236,-0.11976261355307269,-74.58784656876485,0.21021874675103674,26.35573223306057,0.171487770200179,-32.075133023097656,0.07768364918341228,-75.41403574547061
129,2.58,0.1520686435401638,-40.47959454054152,0.06997586698647464,30.797086562918686,-0.08920443736195735,78.60715890574076,-0.24422419489355862,29.638261368242034,-0.08873641304070992,32.29712410153657,-0.025737573899111257,73.32955233287066,-0.24803571787718365,-35.559602159094865,0.22913552363902234,-33.61328764619972,-0.12042587564772439,-75.02272465616561,0.2157756261108773,26.34381424351553,0.1634303720236237,-32.00319463592313,0.07008442386264836,-75.48289596295541
130,2.6,0.1503192419615006,-40.47175168398988,0.07002130541751772,30.796285404349454,-0.09235390461020006,78.58513640685032,-0.24506343041039466,29.657834675342794,-0.08620104657538494,32.32758355735474,-0.02707673891163148,73.3291890980989,-0.2466325500547302,-35.580003796903746,0.22932487333610574,-33.6126442382779,-0.12310284433121033,-75.03957811792839,0.21619858154341354,26.304063914005102,0.16725600692388948,-31.965027451507613,0.06951988953993893,-75.48358963529934
131,2.62,0.15274390126999304,-36.08061444265911,0.9414,34.80362609718313,0.1250999659103414,83.47920677995579,-0.4018449499629502,29.665632233499593,-0.26699266375814024,33.09582399053229,-0.07034064779615704,72.82895767402849,-0.16972274092328987,-34.562515955841256,0.13965186617370084,-33.6126442382779,-0.0794261483563819,-75.07329014939016,0.21657576739900597,27.399558042221344,0.24807736326243404,-32.15626799070404,0.05203032962566399,-75.90997808966819
132,2.64,-0.06948210810671906,-31.01114238838431,0.4395993549695696,37.50053843983699,0.11934160946043498,85.03644329012025,-0.25732178022765784,28.859367020505825,-0.2940950523357213,34.06384923544111,-0.1508697257702981,73.11533431690867,-0.1625817234300842,-34.562515955841256,0.08154655671982625,-32.747641005970905,-0.10558194541828297,-74.99299819318283,0.13246943945474493,28.934407042592554,0.3200583945571801,-32.637657172052016,0.13674828099663122,-76.34453320593497
133,2.66,-0.058463034198098965,-29.56450427075467,0.19758615913142208,47.112331194605076,0.11640288863222656,85.03644329012025,-0.026312384121050775,27.977596260416878,-0.24466095678430266,34.22520745597818,-0.12661957108526484,73.28823067746337,-0.07392622385359321,-34.562515955841256,-0.014044947464680421,-31.969420656507815,-0.006563755987569531,-74.83923240319203,0.013638979880284785,29.677579872832084,0.32218062064439745,-33.44625193672432,0.1710656602995877,-76.62806320664124
134,2.68,-0.05880975219654712,-27.589798411231996,0.2065739035595378,49.67999959682362,0.11319068637424712,86.73707619773923,0.1107850637267001,27.977596260416878,-0.21584316302853815,34.22520745597818,-0.10080563328924669,73.28823067746337,0.010905340079441592,-34.65364404810135,-0.0945157114097289,-30.87500882979644,0.015850279297542676,-75.7533768251828,-0.11671566474433803,31.02051121946552,0.31762017348549465,-33.59809257231464,0.15715923212048383,-77.18074980052037
135,2.7,-0.05476664510947449,-27.303487829259034,0.2086018280118222,50.0491664586028,0.11454399767766973,87.04113377025571,0.1350712037582042,24.12558787693312,-0.22145009652988398,33.8448581407865,-0.08955922580580804,73.0435978657511,0.040796181245006974,-34.65364404810135,-0.10514605537004738,-30.201378835282508,0.015848322078495316,-76.03229891916689,-0.19691480642146783,32.06641681767459,0.3361093324705226,-33.730285219668296,0.14563778720591286,-77.21180116745649
136,2.72,0.0059863441372152715,-26.24820299014817,0.23189662988972884,49.68233281695252,0.0779188910869242,85.05259881363811,-0.15831957526405227,23.217690157436845,-0.23286920781119194,33.676141823284574,-0.14034448102004018,72.44490329435109,0.01914415224925431,-33.97201934468397,-0.08347029495868298,-30.112916492053966,0.01890415390186082,-75.77068411563978,-0.15375741683103025,34.85793915586785,0.37262734404039266,-33.955524960644986,0.042899030157197954,-77.09754185532331
137,2.74,-0.034193558015195025,-19.685028060060727,0.21947335934075263,49.51149766879058,0.07368783942126204,84.02830394242788,-0.004416525808637328,22.65518096822131,-0.23855879901264535,33.73931730235333,-0.1588601290575917,72.33788720141222,0.0268976236021478,-33.22857729088876,-0.10924345532864478,-30.112916492053966,0.025201811876042302,-75.71339400293917,-0.15641717446071512,35.77090485143051,0.39081027606100693,-34.34487432107917,0.1019620037178447,-76.94987449582162
138,2.76,-0.025865514860760157,-18.60790215509897,0.2163760901421203,49.46328811301503,0.07290012696398523,82.52914453341216,0.06571221088753443,22.65518096822131,-0.23111224608561465,33.82785159438588,-0.14537626854511576,72.3092958192193,0.021841462830726216,-32.93426037051224,-0.10339169001545108,-29.790807232304452,0.025202902402453,-75.70689820509324,-0.14754384678380514,36.142805969342795,0.37006937267149365,-34.39145049840121,0.13040199273489095,-77.27783500817623
139,2.78,0.12116024797978663,-18.734555301910326,0.006036558606505246,49.69304616670368,-0.05459160416037105,82.6962319053545,0.10704125955611055,22.65518096822131,-0.07238579387789942,33.085556829452514,-0.0666868940018612,71.83956952313267,0.04581902675486067,-32.71778938502263,-0.03122910741709113,-29.790807232304452,0.02463921552895306,-75.70146551993535,-0.1766842821963715,36.40679210463689,0.31787621791965176,-34.39145049840121,0.04147999414221562,-77.2328360409222
140,2.8,0.08330883773113529,-18.882506813859642,0.0683510967108865,51.24765899522259,-0.019453965814056715,83.39332523542362,0.07971977732003077,20.474110936008458,-0.06909103632731231,32.420954572112805,-0.08899235702177513,71.83956952313267,0.053385787610270616,-32.765131645924946,-0.04652137773955675,-30.382367366432735,0.024640137551032608,-75.7004267317563,-0.16216183348848023,36.40679210463689,0.2920300446526992,-33.76151679108458,-0.006444086454826033,-76.62576219106442
141,2.82,0.24002908467761574,-16.312732337903263,-0.8823002168825851,49.40227233904462,-0.8261475886753686,80.15818033009478,-0.17205498712718453,20.529560905291568,-0.0019768529941667085,31.22049581772194,-0.13839711047996434,71.54135888441645,0.03496500696019625,-31.230236890536187,-0.011278717104217711,-30.95011481342864,0.022110144226380038,-75.28145921544683,-0.07988784151151265,36.40679210463689,0.26849236980195845,-33.54248775136386,-0.16805988787111054,-76.62576219106442
142,2.84,0.1087368106343452,-14.511674334872458,-0.35974577543628683,40.71222145642066,-0.303605616496781,73.86538485857265,-0.07835252044136254,20.557254775632423,-0.09164823218893117,31.118199513947804,-0.20257310312148064,70.7651095574998,0.0235061824904126,-30.410408887558944,-0.06170523689334627,-30.644336224955783,0.029350055925419095,-75.01152119558571,-0.06426837194768142,38.29084432053919,0.3516656070571186,-33.47402704103985,-0.05237970155403801,-75.3791538591606
143,2.86,0.15293220633715088,-11.619419795247776,-0.052577130632830926,34.59911156134893,0.010777104449367414,66.60470373720418,-0.06975330073093115,20.557254775632423,-0.13678130039306713,31.471422531505993,-0.15767474266582243,70.7651095574998,0.04715702568429271,-29.93129073513633,0.2119926509278589,-30.389571700353745,0.2873031531875464,-75.76801091754297,-0.026128299859222215,38.439299356252555,0.22811361571058325,-33.83608992941459,-0.028890699940918023,-75.79254843574097
144,2.88,0.21189722235467917,-11.720957383148168,-0.041333466274623365,32.24493032118636,0.032840800088622446,66.60470373720418,-0.11858469965338078,20.557254775632423,-0.033992531119709374,31.8695173395353,-0.06635516827676594,70.48177823187213,0.07580132548693429,-30.07125000313179,0.08231610871672515,-31.648239881419478,0.22111437481129306,-76.4366733689435,0.01074186470578034,38.39069324598766,0.16417367505535266,-32.7235248985608,-0.04895562830875867,-76.02821774775049
145,2.9,0.20171790602779743,-11.752494073458212,-0.06638831119387405,30.850526264930334,0.0008051652230229994,63.168190016213714,-0.11740968548424457,20.045446965403034,-0.031591706300731257,31.8695173395353,-0.07621282688017408,70.03469267662824,0.07454871665093743,-30.160013064891814,0.08220919996306257,-31.86560624951755,0.19761833931851464,-76.76005069212485,0.00600127414788465,38.39069324598766,0.1854775552109115,-32.57694997041818,-0.05041011365805975,-76.01481575494758
146,2.92,0.23853341965505193,-11.94619020725649,-0.044653429535899763,30.464441313619698,-0.059549995876316666,62.95834790259732,-0.19289555921067464,19.644056803875227,-0.017906298956709532,31.133676945331324,-0.12064733933065286,69.17034067852074,0.20752788452604343,-29.559203375969958,0.09427248848716464,-31.86941801434433,0.2196632478325831,-76.41069608441441,-0.10221785997112898,38.135641800674925,0.18394618842574015,-32.2915170973309,-0.07222869422999334,-75.88901790973597
147,2.94,0.2239212249255266,-12.014300133636405,-0.05747856519515579,30.35160957144553,-0.0733397695252154,63.10014591373642,-0.1327911510251897,18.96313947284775,-0.010322258746250548,30.99179801958179,-0.12922135051180988,68.89856756624776,0.18314515923687813,-29.322556205872413,0.08982650530216031,-31.92809354959313,0.1679959860763696,-76.41069608441441,-0.1357675611857235,38.36555016852325,0.19468412129596743,-32.23385739278651,-0.06385933354819366,-75.8419357650033
148,2.96,0.20848729671661376,-12.014300133636405,-0.06268273423443575,30.361820551785904,-0.0694742990470338,63.3277936489462,-0.0859597187888046,18.186757660641387,-0.009535523044028833,30.99179801958179,-0.12915971720126646,68.80811954227431,0.1713547701919121,-28.670760244918142,0.09011132080671454,-31.9295438301538,0.14036297609491155,-75.8375963972098,-0.1525479345241349,39.23816348639215,0.20161556488564128,-32.30086321883252,-0.056947115567626196,-75.81505466891728
149,2.98,0.20510887223707133,-11.840096778674047,-0.0683294293104066,30.375030614561275,-0.06853501192255776,63.360866303372674,-0.07550516667236915,17.705607274637526,-0.011148271663970491,30.8736857638701,-0.12874621452319895,68.74799420042216,0.1695169419043801,-28.529618324998513,0.09044789093157549,-31.933628944218036,0.13607167919097557,-75.42551166642228,-0.1550836887475056,39.335736912307304,0.20540304912783858,-32.370189236081984,-0.05103668063537345,-75.85358453468724
150,3.0,0.20860547100546198,-11.819493943303145,-0.0677986048127593,30.432578472355747,-0.06792344952840534,63.36581557142919,-0.0888182070648749,17.705607274637526,-0.011424881534132764,30.855537278268212,-0.12840602578011745,68.73171273352436,0.17393365398217103,-28.479994275185135,0.09036098445272957,-31.933628944218036,0.1447029138311291,-75.42551166642228,-0.14909180790971252,39.52733439195146,0.2038072370733555,-32.40573768140522,-0.05139037090310953,-75.89398445590379
151,3.02,0.10465323521086822,-12.378800588077768,-0.2049412462836227,30.432578472355747,-0.02391030772613141,64.10190459068582,-0.049774490429427776,17.705607274637526,0.14492066928745476,30.029960329220305,-0.09608224025975359,68.40544295018353,0.3474548867102824,-28.32291284147111,0.2864346638542671,-31.993494463622415,0.24221480380041102,-74.90511535829214,-0.15689464274925546,36.11965711064402,-0.68250209917439,-38.28349710995293,-0.0695477379332955,-80.70277300754057
152,3.04,0.08635816159969159,-12.553715968781098,-0.25724188145050175,32.27674370180816,-0.17108085273385853,65.17247148043839,-0.06836555241861092,15.16606328703269,0.17623104850614585,29.007453626857565,-0.08714531324479241,67.31165907167235,0.24002214418697287,-27.66748699404082,0.36413680504381307,-31.993494463622415,0.3012145324351875,-75.29227931476845,0.03515899483456453,32.32198817981858,-0.16254857002102308,-42.17903715971587,-0.0602723622568542,-84.17856687675189
153,3.06,0.12799802874976723,-12.773182552125446,-0.23548142575127126,32.771378186502965,-0.17354260952005007,66.10959402140445,-0.02876745581726762,14.665307316478557,0.17840341353179107,28.760997955669698,-0.0923283206823252,66.66378998095253,0.05538252646985453,-26.29671337441354,0.3116717800669295,-34.374693790233216,0.25058018902903634,-75.5433246888245,0.014912096096437566,28.073578064492292,-0.09472474547728726,-47.715441108973266,-0.06052619606683471,-85.29832311789345
154,3.08,0.1454661693464691,-12.98427533486528,-0.20534165060726883,32.712553312767746,-0.1723294252644605,66.65187086975033,-0.03324473362360345,14.454835352398796,0.20446355924496407,28.50804470191089,-0.11228706359629029,66.5501985564955,-0.030231501365171498,-24.59259308072799,0.304188356215613,-34.35507547016678,0.19829275580222952,-75.23532796534754,0.004099005727170091,27.14890451779079,-0.09814697094775321,-49.5879605033498,-0.05794233250393553,-86.3658068601086
155,3.1,0.1562024399024391,-13.2053300779786,-0.20220938819954673,32.62374201135216,-0.17629560073136885,66.80847848600067,-0.04007120035749728,14.380822188606242,0.20908947390940566,28.20812245965008,-0.11248142340927687,66.58974352736223,-0.02716917701673499,-24.217176904503035,0.3105074575463289,-34.33302534450765,0.16246743700506933,-74.79413500645387,-0.004240747935795264,26.959550343468372,-0.10539717562166534,-49.5879605033498,-0.05678123036986933,-86.4640770384966
156,3.12,0.10733719848095967,-13.707410445598647,-0.22294170752350215,32.863245580451064,-0.05451550066244422,66.81806924691543,-0.04355674749182997,13.028169083686144,0.17191203941447164,27.930574887639143,-0.12714331400968892,65.81252939265562,0.2641433790106119,-24.054655972830762,0.3271886063784486,-34.17213739806218,0.20669954067890756,-73.85694480581996,-0.07408184247759342,23.026725827621533,-0.11508106652459266,-49.48441276114182,-0.01841884310600783,-86.4640770384966
157,3.14,0.0991568836938643,-14.633975787362457,-0.230466217884925,32.98561733475319,-0.15201315917828626,67.729314212856,-0.04702379952845134,12.570910114157577,0.19426985982130057,27.99823839516046,-0.11864027068476493,65.22371626847682,0.10939406217958131,-23.750580246973584,0.3455500936737086,-34.362820332919284,0.20400100055504272,-73.71927784315389,-0.01539151557532073,19.3388678053445,-0.1150631271474368,-49.23752049792592,-0.014912044777292688,-83.32997110814308
158,3.16,0.12036160720599356,-14.945372311841979,-0.2160888756903413,32.98561733475319,-0.18789349053420168,68.44259701575048,-0.044853686743276666,12.350665268824441,0.21297784930989108,27.76354650413671,-0.13453580083800787,64.87266123127847,0.024122928979002714,-22.777488458239574,0.34311812216022125,-34.56447311084349,0.17611820447930973,-73.51116756779177,-0.023371066435308285,18.36787159512128,-0.10857585352579502,-49.18046243814018,-0.01409847815337904,-82.20400427104936
159,3.18,0.14035901912258852,-15.167287933875127,-0.2019816230513541,33.07397828385823,-0.19439311062201228,68.9145944797106,-0.051681174591413956,12.2747940395947,0.21218503638973438,27.648686614126856,-0.1350624601669828,64.83189042797746,0.0092161663687612,-21.789099891361897,0.34038666534859774,-34.58175483616322,0.15181039003136113,-73.11993918660495,-0.03777534042435185,17.647674853130205,-0.10867895824565577,-49.18046243814018,-0.014482910672019983,-82.05635749163297
160,3.2,0.1502757617288008,-15.167287933875127,-0.1955519005487359,32.935770412141416,-0.18722786703667726,69.11133455371537,-0.052232936644548277,12.252707334114318,0.20915054142256184,27.62481920352713,-0.13382974220781718,64.7968742488208,0.04061894228440614,-21.377133235701066,0.34239530506554094,-34.58549090349711,0.14262731888052016,-72.93504491504419,-0.049403082110271834,17.521781121954554,-0.10877690773046372,-49.175542437860855,-0.014316601199563819,-81.928811822717
161,3.22,0.12338784840620223,-16.456954822609198,-0.20796734368255915,32.935770412141416,-0.0026451953915389292,69.1499103122996,-0.04783533633512732,12.252707334114318,0.18341268794559062,27.477815735310738,-0.1333358915773913,63.47571813365332,0.2706423429016484,-21.681202850484443,0.30490853562055126,-33.99440513357554,0.21272335177578916,-72.58840408661906,-0.13169554298607045,16.290428090273547,0.8534633844146153,-47.55124014431456,0.7820234405237383,-78.04638579986526
162,3.24,0.15763835317230174,-17.080903165955746,-0.295619799043815,33.388166099813084,-0.08522286935896309,69.22323625629936,-0.06555580943324492,12.252707334114318,0.06969001199737843,27.39896097218603,-0.1246605404899131,62.83651337840633,0.0753112631036501,-21.14121071594344,0.17352220252956935,-34.00270581267194,0.1646272759431885,-72.01546777240014,-0.2807633077935631,16.290428090273547,0.5762832379888784,-38.904982206745366,0.6032369357533445,-74.1508457445699
163,3.26,0.12468388363476593,-17.619017445825094,-0.0010458733635403672,32.31266930532517,0.058263541174307,68.92280978428366,-0.09462803393152336,10.487665956359162,-0.04646776112135596,27.39896097218603,-0.19641726346964034,63.207338299798586,0.007200892432509404,-19.866114425052864,0.08224442528228137,-33.7641292577726,0.06605534989009043,-71.52147539753271,-0.19716872184005868,11.65714488592717,0.16786336189134032,-34.35958476588641,0.11543471855690235,-74.1508457445699
164,3.28,0.10093867052438085,-17.619017445825094,-0.005206353913132414,31.463090760813444,0.03799817920459703,68.92280978428366,-0.08961623579148319,10.535294376442382,-0.02765672791635751,29.55860101980253,-0.22382937391253738,63.208624606786316,0.041953793263941316,-19.866114425052864,0.07813769024173384,-32.458927176630255,0.03998065437597674,-70.52760513214649,-0.22907993299934543,11.108327911363256,0.19896763239306647,-31.603422112564047,0.13331823871079115,-74.1508457445699
165,3.3,0.07527121359042059,-17.318999101325968,-0.021909668820607377,31.211854743413603,0.03117221454623023,68.56387864151364,-0.08256851142264583,10.516124759817414,-0.03901900712195131,29.72543732327068,-0.23605134365773592,63.43036259284438,0.07258813126501489,-19.866114425052864,0.09226184944067216,-31.65688158505927,0.05361034214337271,-70.31514728661557,-0.22515634584235444,11.142494298297134,0.2175721443607153,-31.012727367479755,0.13769224650351514,-63.8081418561612
166,3.32,-0.05071195150852785,-17.393088251569697,-0.04192671243638497,31.38580707238923,0.11660494808159325,69.04160986076042,-0.027399447851172168,10.516124759817414,-0.07341054752579215,29.72543732327068,-0.2273286295786308,63.510834156409686,0.15945934110211227,-18.555887845872135,0.08229468326950078,-31.42104920471978,0.10744618313408566,-70.31514728661557,-0.2262949639078753,11.11779297651259,0.19671876169016114,-30.597467244268874,0.1590352909098029,-63.44202008993957
167,3.34,-0.01867359199814806,-18.024076546579582,-0.0560266629983832,31.58447043217411,0.07902052301205113,69.19788631792063,-0.005812823281907166,9.955888202577958,-0.07327974794545014,30.28601910212105,-0.1921232508584016,63.468833861936794,0.14154449004505626,-17.98894104520165,0.08643822963403452,-31.258414885283486,0.10617358262840888,-69.26258703297057,-0.23182742175809862,11.130453513556745,0.20323215026762845,-30.55132295202107,0.15307943736286025,-63.44202008993957
168,3.36,-0.0011866834719695962,-18.344532442509976,-0.06022077463355399,31.58447043217411,0.06637679004215227,69.50993040451965,0.003532501103808608,9.746979025196088,-0.0736404255233068,30.336946315980825,-0.1681894425811905,63.13955412401265,0.11002087682439171,-17.61108466102058,0.09061943166294834,-31.278261667495734,0.10227033461038026,-69.14513346362087,-0.23201877066488197,11.172315019380232,0.20486727712883643,-30.518100217649163,0.14750864359596488,-63.44202008993957
169,3.38,0.003692905311988938,-18.616787128644035,-0.0616132967605096,31.780585544094283,0.0653628226425176,69.50993040451965,0.004331568961580115,9.523832916033752,-0.07374929224705784,30.363614120857672,-0.1602109251421801,62.940616955780776,0.10242871347232246,-17.32015001684128,0.09183910379481983,-31.278261667495734,0.10430749079707681,-69.06940205808245,-0.2309621066878837,11.174311108259714,0.20565724902912239,-30.519093806846875,0.14823505130654932,-63.294355593241576
170,3.4,-0.0020018783235934076,-18.660435438856798,-0.05955363167886331,31.803517150763803,0.06956913463981497,69.83487173094957,0.0007757345860853818,9.523832916033752,-0.07356646564802215,30.372386100575035,-0.16653039844831305,62.82448738809088,0.1102540766503398,-17.19245838003883,0.09090250464651595,-31.30244428397752,0.10557919891761874,-69.0531951894264,-0.23097737852737957,11.174311108259714,0.20532268340883822,-30.52552853376837,0.14914583746011634,-63.29016089192395
171,3.42,-0.13667766118951774,-18.659671914638782,-0.236817900767012,32.65770123727036,0.061978188856105204,70.49595499731154,0.003021263429947574,12.900631020567664,0.8664476227761533,35.85302383907718,0.5988952882724699,66.41915493084011,0.14045333341027366,-16.094843256219693,0.29444638266989087,-31.663993859874626,0.2891194967537877,-69.05345681321671,-0.12390666530815328,11.939935370809659,-0.03454223950834273,-29.485113813202503,0.06895434525343216,-63.69403853679531
172,3.44,0.08944328649183621,-18.659671914638782,-0.3176645386664111,33.205968502622085,-0.023018867673228444,71.329529128188,-0.07410339299923893,15.756119085273957,0.3700379937763303,41.546505450287746,0.10240117591128262,71.51332269500934,0.16290025318064288,-16.094843256219693,0.38769422859763225,-32.0981687553884,0.252525429203074,-68.90857262303359,-0.09807065230628542,11.890461031166927,-0.08235524984874212,-28.487709368402417,0.08103277587341573,-63.69403853679531
173,3.46,0.2028753049372654,-22.134207896258864,-0.2770028844776572,33.205968502622085,-0.08842461079360373,71.9828195785576,-0.09388512419806373,17.017652171157586,0.2407631969836097,44.75678141233937,-0.016842501033487167,76.25031428875957,0.17759343301447977,-16.094843256219693,0.42969012619830094,-34.19171069585997,0.12915936120397906,-68.3434096369042,-0.1241956887728867,11.929453283435814,-0.05397983502277642,-28.17781854735954,0.07551177242377888,-64.64660113401246
174,3.48,0.20352768253318732,-23.00106345145551,-0.2607720403115993,34.404733569680175,-0.15085372815266068,72.83320864735637,-0.08259352482339541,18.528939531347966,0.24669531837322417,47.5484970950825,-0.019445402352250243,80.07712670137762,0.16806704036378925,-15.535645838640974,0.421075985668273,-34.39300908356199,0.046351221329098,-67.77157566618473,-0.15975035886478406,11.929453283435814,0.0033324078433890347,-28.114978272830285,0.07890730617500329,-64.71270650684728
175,3.5,0.18548299099257493,-23.35505001988529,-0.22438272420981287,34.324074183155936,-0.13898807379837105,73.21592071348098,-0.06690364244525035,18.70484504524207,0.2378480185000288,48.29383664282913,-0.017436493291040425,80.85937728926076,0.16813051802489337,-15.535645838640974,0.4037249524941248,-34.632514634124085,0.028671108097982873,-66.74425919687843,-0.1825874435307621,12.468677965468792,-0.00486942662019671,-28.397960935811675,0.06546256520629067,-64.72695969883247
176,3.52,-0.09717133189336041,-23.031444203978868,-0.22153208872652508,34.16074977375299,-0.07183196735948223,74.16639782883632,-0.0070368924527627885,19.012697836789837,0.23742893417625405,49.660426507337114,0.012507710755454704,84.11308831555861,0.22401724477322782,-14.796697599522755,0.37746905023190885,-34.59296864657816,0.18916359717822998,-66.2845672465014,-0.11838310648315414,13.691027297395559,-0.08377108949859344,-28.471461846250676,0.07389831869088545,-65.87529832766498
177,3.54,0.05299468669439595,-23.031444203978868,-0.20665371585881126,34.02232109891264,-0.08268869394680978,74.26849545187602,-0.05044004052550771,26.25579720388001,0.24561169389132265,50.16569481611722,0.011123042083187734,84.55483937455092,0.20154533901907085,-14.163667694516796,0.2998133505079478,-33.99661263984366,0.012374392818198882,-65.85265226708802,-0.10114138915327839,13.91951123289747,-0.06411649733194066,-28.305702082307832,0.06740315845021001,-66.34330075946141
178,3.56,0.12762808422034955,-24.01743559215124,-0.21658114602935682,33.90802220720925,-0.11541178869804444,74.46652948250646,-0.038851331183456655,27.55401608140122,0.25429376071024457,50.26937996322451,0.01255779003620977,86.20634549245749,0.17097321039446858,-13.6655796018649,0.4032434273103985,-33.99661263984366,0.06697377152438806,-65.47501000446913,-0.10160206689507814,14.045226474915925,-0.06617387871655947,-28.307139673015467,0.06461388997803807,-66.5953904447247
179,3.58,0.14661003859082028,-25.18364082904985,-0.21625900226099556,33.89859788140293,-0.12597011207835807,74.79506942601677,-0.026575422938248723,27.55401608140122,0.24162110013459626,50.31664775867437,0.012925139529363333,86.42060255906644,0.13346843328008073,-13.601505252346195,0.39772539785901945,-34.11178021194482,0.05398562130716088,-64.772222973298,-0.1184765953209608,14.065357460509345,-0.01628092110328505,-28.3071423445998,0.10503175145374631,-66.87495391461158
180,3.6,0.12831655270087267,-25.419410975709944,-0.21318217916117346,33.880766617297766,-0.11767848840931744,74.79506942601677,-0.016283877112592104,27.99574747714321,0.24358341225353775,50.34486317323881,0.01203087359660586,86.42060255906644,0.11335622027730241,-12.900117520368863,0.38669041950598937,-34.07615960907293,0.06677268390220806,-64.60011445892339,-0.1120958149336031,14.213857496492933,-0.01891059107410073,-28.678416087283434,0.09076044468041304,-67.0172471436301
181,3.62,-0.19920533756272518,-24.70668558813244,-0.1826054098618075,33.67385665894262,-0.03500721591552522,75.17534243535736,0.09212733950101937,30.777136009832557,-0.691290988974282,45.381580091017156,-0.06236895254211028,85.07699170418906,0.15054987453834928,-11.800363165022908,0.32132838346438386,-34.07615960907293,0.17423024020472705,-64.24216798503,-0.06993243566401122,15.141050246476214,-0.003500584310732524,-29.203409084857398,0.008507926435968781,-67.48731055203201
182,3.64,0.02184048242370641,-25.129827791242853,-0.1888760130024304,33.660523628504194,-0.02599449247674157,75.08330743641343,-0.017506566091918585,35.31877896446893,-0.14251766425878898,40.58706925974502,-0.05923860587399565,78.45282909060981,0.1436672578743352,-11.800363165022908,0.322433383364147,-33.100646241666944,0.10045208756878296,-63.79232608392758,-0.07306507714578464,15.749621199754612,-0.011762082876316166,-29.247469868550585,0.10622743124199409,-68.34809411946975
183,3.66,-0.08584975912739734,-26.09594236887198,-0.020654817846912837,32.82441894877063,0.003432228341167895,74.94361744219755,0.19327754741716552,36.49823387746559,-0.12003666870965729,38.48947077138907,0.073701223912796,77.35483262404372,0.1436529586503345,-11.044902377557325,0.19724717598245595,-32.50819507159653,-0.02482315657311407,-62.79384367278383,-0.13645212811478472,15.749621199754612,0.19619313422436427,-29.341380838863884,0.1541988195467099,-68.34809411946975
184,3.68,-0.11278628217831367,-25.951940448657655,-0.005460164515232305,32.19033988609058,0.007118402096329801,74.79567169331928,0.17095231021642157,36.672327175794145,-0.11689288365581457,34.01625891313947,0.07075532333488627,75.67157634253337,0.15128338776436223,-10.875134497905211,0.1899833405321337,-32.29995103917848,-0.028073219668313408,-61.673554843929196,-0.1366773704303368,16.665324949406166,0.17375995019047596,-30.91048018362473,0.11520346235909995,-68.34809411946975
185,3.7,-0.13042983477399214,-25.50853349815983,-0.010017162821306536,31.765943068093,0.007554152405150519,74.65431371441971,0.1535723894597543,36.84748919338238,-0.1370018996687248,34.01625891313947,0.04178303586021108,75.51548421428011,0.1679586757380448,-10.906101849678764,0.21157666605189104,-31.47033102914415,-0.003994727381222179,-61.45129690793596,-0.12066129435338818,16.710710315605866,0.1726002480265791,-31.170754627432004,0.10166846838829612,-69.23624102236255
186,3.72,-0.20639328241171961,-25.764494155264106,-0.00870744021589907,31.65037765130166,0.0042960015375835825,75.010621029076,0.1990893879818722,36.800692463966456,-0.1473977563818735,33.14712488662973,0.04671256557034335,75.39126512459742,0.10676762433924797,-10.922335773218618,0.2516562282135287,-31.645776486858757,-0.013688493862379712,-61.44452730578808,0.00851618417883207,16.989137348925993,0.19597061151095438,-31.59433040695983,0.02270636018125155,-69.61037919567923
187,3.74,-0.21708871405611527,-26.870303103441458,-0.010487255663967424,31.64696171394078,0.005480145757186514,75.4679779763919,0.2183826260538426,36.55385863025437,-0.14434953386834287,33.14712488662973,0.050342947484678574,75.37369497830736,0.08227413808692102,-10.922335773218618,0.24407167861860668,-31.746604419929383,-0.027989045420820504,-61.31205545748558,-0.013974478739501972,17.38373834231989,0.19547891090183542,-31.774251268629907,0.040680004284274665,-69.61037919567923
188,3.76,-0.20401895509833662,-27.12253621276844,-0.00861395748752386,31.640514939148556,0.011811353482241299,75.4679779763919,0.22967243963673106,36.55385863025437,-0.14337824210335148,33.10001858677859,0.054323887221077866,75.3160448213073,0.0791067679429678,-10.207745496345625,0.24301842343241037,-31.828415230858674,-0.03190569852275729,-61.26873074831217,-0.014851045594135581,17.651982234740395,0.19861806403526164,-31.815386033441847,0.05243741369569552,-69.99330706146768
189,3.78,-0.2092076365206459,-27.22799012544418,-0.01561970688604555,31.640514939148556,0.010461339481558363,75.51006456933125,0.22319853824760966,36.253065802719235,-0.1485400365156103,33.10001858677432,0.05261775055816445,75.28193311809858,0.0805844857971975,-10.093799101175934,0.2391428538490859,-31.82841523086141,-0.029306844892941712,-61.18369017129071,-0.010958752821149942,17.896155514114668,0.19757880275445863,-31.886001824927686,0.050452389403768366,-70.16792075925635
190,3.8,-0.20968866000561603,-27.25806322140307,-0.007419542718469757,31.608400545253375,0.01680652367913875,75.4686547057936,0.22130632172167197,36.25271501161286,-0.14202682703071898,33.08350556906358,0.04827949840438413,75.29694992064441,0.08379542192435895,-10.082493058731156,0.24177396866560025,-31.816479419111182,-0.028252198039034244,-61.18291827425065,-0.009188454830338838,17.896155514114668,0.20055402181240914,-31.89203295630181,0.04970432405391538,-70.16792075925635
191,3.82,-0.04598160061814649,-28.953731798965997,0.2130641423064832,30.90227465852012,0.03179102447145621,75.88290189506445,0.12740700378907666,36.25271501161286,-0.21548122859710137,33.24010467740057,-0.16898482578571097,76.17647038238461,0.029418424171216706,-12.874631952122877,-0.689104901610124,-37.393016362670544,-0.7940455229039536,-65.97778884165203,0.10878796366994789,17.928276301058233,0.36779178405291235,-32.91510829486252,0.02680079896876822,-70.68904772563037
192,3.84,-0.012736731308530175,-31.054974986903677,0.20957629848378295,29.600741238189674,0.041503272569652055,75.96962467426475,0.025554728014800826,34.9687304741973,-0.2841299807759812,33.852193713192186,-0.12445987140635928,76.5872190082383,0.12286502815493228,-15.041440073252458,-0.1665094641540471,-43.38615490061371,-0.27147215787049983,-72.5702412421338,-0.14766200921766195,18.71742351920543,0.44279762299063674,-33.552856562096316,0.009960520744760414,-70.68904772563037
193,3.86,0.020351271499072433,-32.17523926484727,0.1903172391684907,29.508892800790303,0.041492675487501435,75.96962467426475,-0.0392362168118024,35.41806682080963,-0.3198651752174744,34.56061696651462,-0.07183982350677799,76.64344910820671,0.14583079874451627,-18.18508778385185,-0.09955219565945533,-46.589861125858235,-0.02109305220113511,-78.12431545989453,-0.2464305161498159,21.139226848095806,0.44611180506276576,-34.415281376732985,0.0017240750922145887,-70.68904772563037
194,3.88,0.017832555504307013,-32.540870007166106,0.20164397988324678,29.42095174614752,0.041482078398242445,75.97759686936372,-0.05592896345886606,36.02597874294894,-0.33293064158097097,34.824249326644484,-0.04980469330858392,76.64344910820671,0.12759025333701088,-18.368953341924655,-0.11756825885425753,-49.06841829017324,-0.019878416121713566,-79.6274710537724,-0.23675210803188101,22.359944217830076,0.44241238018356643,-34.631629550828485,0.01925929894281782,-71.20641770805923
195,3.9,0.004468816708954312,-32.68457378557284,0.2104461699570072,29.35370364940274,0.04147148130537176,75.97759686937391,-0.04547240768214769,36.198996833765364,-0.3306891307322662,35.057341648136266,-0.04880530182218017,76.1509947111439,0.10503176286371955,-18.830034541679332,-0.11775350652707148,-49.590538875117865,-0.020487194223072075,-80.72873500605975,-0.16991567296006327,22.359944217830076,0.43255469886368525,-34.75531053722526,0.04418570362153254,-71.41382939583315
196,3.92,0.012902584615077206,-34.041228275730326,0.23480638905390322,29.148756246398627,0.03859740832292939,76.37546973716853,-0.11411794447901843,35.54738534861113,-0.29752778585772954,35.15059555913216,-0.14554441584152555,76.02619075073908,0.033670847824768924,-18.830034541679332,-0.09696426552824633,-50.790907922658995,-0.050999563505179896,-84.55974413501357,0.12670607562101172,22.43968063877103,0.41270255555004465,-34.852722808816665,0.00012184760206006631,-72.20244144136805
197,3.94,0.0052488768741193945,-34.041228275730326,0.17139266405478154,29.07439378905743,0.049058326039848735,76.37546973716853,-0.0823343021806281,34.41372138665864,-0.2481099738316599,34.72454765147217,-0.054968407847283185,76.31970620677065,-0.06476837127575852,-24.967053188242566,0.02947780016728971,-52.05800839473647,-0.05826965946768212,-85.20690571048769,0.0667182177553293,22.079400627375225,0.33614349614980804,-34.56315032983156,-0.010030088988534892,-72.28084411793331
198,3.96,-0.014730855799109197,-34.041228275730326,0.180017210533276,29.375389197758707,0.04693487760808447,76.49997102019962,-0.046931084101395196,33.765905388613035,-0.2310217611314055,34.3962230401173,-0.01990129283091674,75.47560884879397,-0.06837487188904247,-25.77284735206593,0.0005962327151007724,-52.518563454437015,-0.06273676328724953,-86.18270628730336,0.08008803081086677,22.158602289089128,0.30329541628139856,-33.96829753782757,0.011936893588363227,-72.42224659427124
199,3.98,-0.02375331987278339,-35.45022776019168,0.18532162327465657,29.463519803296183,0.04533863359219263,76.52586095598808,-0.028727474107661168,33.439759625620404,-0.2469545271874551,34.2535918119807,-0.017078689661586086,75.24636900723355,-0.06796123867387087,-26.4656554805964,-0.011282148433538683,-52.57181695222745,-0.0618503998118409,-86.18270628730336,0.08553651028816914,22.1522315533639,0.3105568614972286,-33.74498002066389,0.04258912939268132,-72.62503509415959
200,4.0,-0.029467700666601003,-35.38371475897935,0.19279294163877753,29.463392513481345,0.045379644454045145,76.52586095598808,-0.029950902826947748,33.27340904992466,-0.2705001321878192,34.27875312330854,-0.02526430369574663,75.12446013838218,-0.05683168896730044,-26.623184284016858,-0.03102138043702181,-52.49828887248736,-0.06475957625003623,-86.58067190821336,0.076419887262478,22.1522315533639,0.3257508679574346,-33.56427143403052,0.0573291556767754,-72.95037354881043
201,4.02,0.004972010161282611,-35.38371475897935,0.1833266440300696,29.76157319995602,0.042356370071144775,76.77225417061037,-0.14032439394977586,33.27340904992466,-0.14315860970260696,33.92708211954717,-0.12461102181133805,75.18336979915631,-0.1643791180790778,-28.91735276336963,0.9137061947931149,-48.330097799570424,0.06354288144380316,-81.75719557260803,0.3641374131776103,22.1522315533639,0.17366492809644837,-33.51346332450537,0.10078788997275549,-73.82107068863058
202,4.04,-0.02307968412444987,-38.01082632207385,0.1614694102135446,29.65416676828445,0.049836336407680315,76.91346710496003,-0.18681909227838814,31.81478135884636,-0.1307368912542423,33.20734234239386,-0.07547586235627377,75.10032049817146,-0.2137603797063738,-28.91735276336963,0.39114170590861175,-42.33695926074934,-0.20504828606856804,-81.75719557260803,0.20495838278902223,22.309681494774885,0.1306331430691803,-32.74722652428531,0.10044151200527504,-74.53269528561164
203,4.06,-0.03198298435476961,-38.01082632207385,0.20399759877094967,29.598694226471217,0.04878807713084847,76.92171173748798,-0.19672709932612703,31.965416142504466,-0.19025874904867546,33.13879485550969,-0.08773533283584667,74.98888098020018,-0.22734844573734708,-34.92731531789126,0.07103118764544869,-42.33695926074934,-0.09611838428971892,-75.8340597169158,0.21635504030212352,23.02778319525295,0.21431495199737594,-32.00996758544256,0.12033929220710347,-74.53269528561164
204,4.08,0.08418406810952139,-38.69570779321976,0.05394465908433929,30.80116717646727,-0.1835773453654172,78.7203181987613,-0.05531005095620922,31.49710227780872,-0.041880209443082586,32.86116504786326,-0.03714722077280838,74.98888098020018,-0.17596709391827278,-35.81646611379719,0.1963394234705821,-35.26895516654276,-0.19130124493335385,-75.09550166450883,0.038153606045210786,23.666943769262065,0.20960595722010686,-32.44980227792574,0.06296821432780868,-74.53269528561164
205,4.1,0.08816989353731844,-39.27659467974989,0.06548449041852508,30.839308790367724,-0.16224461825752395,78.962211112274,-0.06099067955555222,31.182596567975974,-0.058089296824259395,32.206891957613934,-0.01636437588455192,74.49968545718998,-0.17704592746836248,-35.970160495057705,0.20884038483454082,-33.66791151080813,-0.1873576507291442,-74.49210044896094,0.01480102051625104,25.129475479026397,0.1898354589688289,-32.42715643740301,0.0663402191117851,-74.54927653440637
206,4.12,0.15368914347396717,-39.77120676715106,0.08301947153882644,30.693178899511754,-0.13312624320851052,78.962211112274,-0.2380621507441521,30.29393878577406,-0.07386183120570064,32.06746716369971,-0.045678362389841576,74.13089225818398,-0.25562258189527487,-35.9189383943581,0.23011928141001553,-33.5575779478223,-0.14069846869069647,-74.66249896655478,0.19111508107276795,25.915745704358528,0.1721598928111905,-32.21968815261816,0.04059856537164279,-74.91255814880003
207,4.14,0.16902660286760585,-40.36435591957265,0.07279033915391983,30.699976814494637,-0.11295401103889383,79.01195274817071,-0.2300578159937297,29.713482978146754,-0.07438012329266716,32.13965321968209,-0.025046218182896166,73.57607374885129,-0.2477319353414541,-35.64624204390203,0.22450815188947326,-33.58264522424057,-0.12374387101439108,-74.8258110113482,0.1983763570735761,25.915745704358528,0.17364718468931628,-32.21968815261816,0.06860451684129085,-75.0943543338474
208,4.16,0.1608876408372835,-40.47623809899591,0.06903508054857846,30.773462871526753,-0.09795681764445184,78.74823906888464,-0.23821024749441974,29.614303882419325,-0.07847184005911759,32.2069809421043,-0.02191858969249255,73.40185807418948,-0.24561897351671214,-35.64624204390203,0.22435164567452115,-33.52678136575171,-0.11015911786807393,-75.024121638356,0.20752015281268413,26.384919485992747,0.17112527463484475,-32.05398074348903,0.07251553246485254,-75.27096464413137
209,4.18,0.15457794644883155,-40.52065554922249,0.06618021016136343,30.785038912736255,-0.09232601152434719,78.74823906888464,-0.24257059857776175,29.625760984706897,-0.08239824359171799,32.2069809421043,-0.028053656782736094,73.3639313400914,-0.24287721738328535,-35.62689867329988,0.2250148726215467,-33.524441633726155,-0.11051515155166786,-75.09117729973151,0.21255060193037312,26.379373200752706,0.169234930635277,-31.98441499535269,0.06631677774546013,-75.41688130829542
210,4.2,0.15444054870598606,-40.5057682366044,0.07007619389962795,30.793654250527776,-0.09252758791122635,78.54643993262721,-0.24199420122288479,29.634073375717225,-0.08047721446529099,32.26923596050802,-0.0296734321722031,73.3608948528391,-0.24208006855991737,-35.6420429226331,0.2254655296452919,-33.52823126385838,-0.11330157692993462,-75.15320244678861,0.21245781416054088,26.379373200752706,0.16907870510808243,-31.980786316387913,0.0634597384140789,-75.39547414611332
211,4.22,0.15612729153347515,-37.916537357129705,0.9414,35.10091068049639,0.12490957401534736,80.94369534851353,-0.3995189707262437,29.617846910123262,-0.26393213094616264,33.19494531284404,-0.07134292048990895,72.76072638974011,-0.16570928375958877,-34.63559298280502,0.1355558128935565,-32.787202368717644,-0.06842641927097691,-75.2493784210267,0.21755367784205903,27.859671105545186,0.24913407419696892,-31.980786316387913,0.04423645942516264,-75.69509144862896
212,4.24,-0.06935242199835312,-31.905906656751725,0.4396375314057228,36.59919531531354,0.1190759251408687,84.57485797133883,-0.2537005984669299,28.65047855694279,-0.2925607178027668,33.99737738911232,-0.15354395544198274,73.0383439596315,-0.16058407582122675,-33.946935721343664,0.07571727943645551,-32.41662161783932,-0.09775091561094458,-74.96276256025975,0.1313013574620205,28.72325518856601,0.3231234158718559,-32.98906340143777,0.13077844174708209,-76.00280878031104
213,4.26,-0.05662448560717412,-28.58747691211568,0.19646630883089145,36.59919531531354,0.11390908012899181,86.26586785586207,-0.02217700060811817,27.2594393660153,-0.23991971358220565,33.99737738911232,-0.1305952867051513,73.36136955690145,-0.07160934407967,-34.00956527932244,-0.02768192224177861,-31.610407806731793,-0.07844620341352292,-75.20341545923307,0.010774837004182941,30.25734363295585,0.3272926502283343,-33.51037285860392,0.1660658772613862,-76.2924181147186
214,4.28,-0.059066177314934985,-27.566816686851066,0.2059041477836437,36.59919531531354,0.11319893500117928,86.54512630839322,0.11404650121602772,24.493033737946135,-0.21488492037165036,34.17422441271318,-0.10290424500774346,73.31840086194771,0.013222437756769734,-34.62298247133555,-0.09569368681004062,-30.776921817606002,0.016072893313717106,-75.66967824759217,-0.12286622854995038,31.00832224598507,0.32107216336683464,-33.650938374250146,0.15304736497037694,-77.01239989407901
215,4.3,-0.053823754682867736,-27.281690352820508,0.20755904623398255,50.24711764081705,0.11428848522850064,87.00096020454211,0.13938560617744114,23.38856471709626,-0.2252143147934912,33.93861587879826,-0.09109333045468991,73.20169033771138,0.04304295096381608,-35.26519040661672,-0.10421711910050128,-30.776921817606002,0.01341434085288961,-75.82492513346601,-0.20079940606103788,31.79473074791667,0.33510397640567113,-33.72900102354531,0.14365386413757558,-77.13571392081629
216,4.32,-0.004928644128464332,-26.26296284688139,0.23099622150083995,49.70158428346099,0.07758328854595609,84.28831528778993,-0.1451159423733451,23.38856471709626,-0.23468242582574617,33.93861587879826,-0.1396822984169056,72.40556423379206,0.0199485049430842,-34.4874460310575,-0.08470969335879217,-30.07940971898374,0.01914478234398398,-75.75456520145681,-0.15272328291106604,34.66409159222263,0.37472162342957893,-33.72900102354531,0.04899925897293925,-77.04270101010174
217,4.34,-0.035715400118563,-20.015068861883986,0.21880590066990033,49.469125565127015,0.07340634743806478,84.28831528778993,0.01172914736767769,22.659625336093995,-0.24098836088601536,33.796308726279214,-0.15504843369102905,72.3198421911509,0.025590132701867857,-33.08784813270901,-0.1099941696674313,-29.897520354581346,0.025824968709480506,-75.7436470102884,-0.15567175331327635,35.93989743752249,0.38878569308780997,-34.18422276626041,0.1104008197380883,-76.88171330804175
218,4.36,-0.022051080178164137,-18.25772207564483,0.214147126198681,49.46253829579547,0.07533555891139308,82.55777912370911,0.07271830064424606,21.482486899930013,-0.2271114615392953,33.84399145524335,-0.13660485691585372,72.30288319311735,0.025645321399850735,-32.8081011828961,-0.10905960671906953,-29.858900680465617,0.025826150154734183,-75.7096399634101,-0.14185449745813597,35.93989743752249,0.3755226688270181,-34.35195817830342,0.1367602247347437,-77.17057467771009
219,4.38,0.11810111681321905,-18.634654563921885,0.017517294877280445,51.065776668046425,-0.04817888538022634,83.27719518481564,0.10541124684159685,20.763893672767843,-0.06811828027064049,32.92232713216908,-0.06011594205989172,71.92700897106306,0.04744768764107021,-32.74368036790063,-0.03373126206276936,-29.9276999971969,0.025281566772374545,-75.70338739137117,-0.17964808272064925,36.49497457589727,0.3129660888594018,-34.368997703922844,0.033301427781440185,-77.12853030864866
220,4.4,0.07766724077061504,-18.90027255901214,0.0718203245753361,51.24533079354992,-0.014655899363754471,83.33916456557816,0.07717798945035881,20.52928304027025,-0.07615785204269998,32.57880727887473,-0.09257551987654798,71.5815683863465,0.05388037872223993,-32.879720695970285,-0.04694999829648985,-30.36089744785111,0.02521219644548934,-75.70338739132646,-0.16149756017200115,36.656633079704676,0.2949115842637324,-33.79013231851632,-0.009230442946224125,-76.45668840235284
221,4.42,0.2463601489208458,-16.361787796802584,-0.8812337987794168,46.691142243002744,-0.8199229858009793,79.14735142815752,-0.18020638718453413,20.489300143612052,-0.006379073012321816,32.57880727887473,-0.14085485182250174,71.5815683863465,0.033149806891130895,-32.1181924939927,-0.010748512533877999,-30.89347841270421,0.022782868167551457,-75.22497891395824,-0.07387875307546957,36.662688625298664,0.27800104424046,-33.907268048927556,-0.17353040380441198,-75.56152762590406
222,4.44,0.11227550540812292,-13.320212216796042,-0.33254562265873233,42.19628833818079,-0.27124432374887153,72.25524210361407,-0.08487815353599976,20.485842316489922,-0.10450565851251087,31.480021246338527,-0.2049881650195348,70.72388502333344,0.019914895369232355,-30.39467502606407,-0.06675420939875934,-30.66271701372272,0.029473486940864643,-75.04423063651612,-0.05993458334302587,38.13689136466863,0.3577111211410229,-33.727278506393496,-0.05282095018578006,-75.56152762590406
223,4.46,0.1574205955403134,-13.320212216796042,-0.054406794309691586,35.90349287294545,0.014920999613383945,66.51431294477497,-0.07455021566167602,19.9530551472054,-0.14404693544020497,31.96135562945025,-0.1576631019924719,71.08325481573156,0.04562324926193949,-30.03527310942948,0.21497187843542426,-30.599215133132883,0.28905654654654567,-75.76994410521722,-0.02209352231536535,38.422195584810915,0.2317148200561402,-33.9831849149454,-0.03311681563785214,-75.56152762590406
224,4.48,0.22108377474983562,-11.611262010290048,-0.04229242200506425,32.04940142190925,0.032921515307436464,63.867331320465084,-0.11762632585112477,19.861163269148392,-0.029266464223257932,31.80825855663293,-0.06311624819769018,70.6579899839443,0.07816934779937158,-30.031746677157756,0.07669626554727159,-31.623396019428995,0.22138327170020455,-76.57489116702598,0.01734253930108462,38.0842571000386,0.16973807997369766,-32.81142563844889,-0.05733654791415704,-75.56152762590406
225,4.5,0.20991922210818187,-11.611262010290048,-0.06670192083853886,30.878176093718103,-0.007091825679155145,62.99823460080667,-0.11162506732202004,19.93562640186368,-0.02573781164970458,31.552128397033094,-0.07700814780157403,69.99729441696189,0.07569118982933591,-30.18103730816515,0.07947433555751772,-31.80676902705494,0.20377580580633012,-76.92215539312608,0.008162854760975224,38.0842571000386,0.19072161454916864,-32.67277226847995,-0.06587891458591476,-75.8552988563827
226,4.52,0.2323337162034534,-11.974837137970404,-0.042806535398253354,30.878176093718103,-0.06496884442905719,63.00782555147864,-0.18548277017863107,19.39102126021892,-0.012081667373397234,31.196541490469095,-0.12484336834235574,69.14873904742035,0.20954079000407944,-29.521563118483492,0.09414523792620191,-31.8054546954818,0.2208779872787487,-76.54128889828547,-0.09868549894456366,38.07374020571792,0.18385846155955385,-32.34096245267651,-0.08805165217801365,-75.77630881982095
227,4.54,0.21961525296404066,-12.00634458256841,-0.057427793298250915,30.348962617948214,-0.07883424158097999,63.00782555147864,-0.12593157075629044,18.74391907752889,-0.005176243093893258,30.953643914035037,-0.13266510329806036,68.93902328873764,0.1817718749195537,-29.022591411822983,0.08874590601896934,-31.870202545256223,0.17133410754093975,-76.28057213974705,-0.13389204846573477,38.82848896882154,0.19588159886253728,-32.259242588351555,-0.07366002597741364,-75.68497589884042
228,4.56,0.2056780975384193,-11.988275246306442,-0.06405897726898348,30.357844719570377,-0.07239253923321394,63.31905902465416,-0.07792130252564675,17.979525942089783,-0.006415688081239629,30.83301615917246,-0.1300920745508065,68.87926804683366,0.169555846751059,-28.701023102857665,0.08867025480912351,-31.88529344224669,0.14608731030167255,-75.88944561801357,-0.15047712626000542,39.14278556773669,0.2022143544027215,-32.31818123248134,-0.06179708986481548,-75.70349356450602
229,4.58,0.2043249741811361,-11.844985441438503,-0.07075059082955443,30.357844719570377,-0.07077253911614638,63.31905902465416,-0.06790785043666119,17.46497422952111,-0.007783650557976571,30.80990724657399,-0.12617212572373465,68.7492753478835,0.16801053391266688,-28.521743058168695,0.08903710101158077,-31.89004409525296,0.14379199333032172,-75.88944561801357,-0.1519599512435986,39.14278556773669,0.20629692177272538,-32.372607591440456,-0.05321031404277814,-75.80094066318179
230,4.6,0.2074420738332348,-11.804910941303204,-0.06993390589821899,30.357844719570377,-0.07046670758176764,63.35858711119981,-0.08333121402132421,17.25265433511109,-0.007773676593830894,30.80990724657399,-0.12591316660271923,68.71217382015199,0.17220300203983774,-28.471474422506862,0.08904307390971107,-31.89004409525977,0.1532576360004982,-75.88944561801357,-0.14593107692027182,39.52428150414898,0.2045575180952944,-32.372607591440456,-0.05466418425296974,-75.85491672725155
231,4.62,0.10489993947221417,-12.500176710490097,-0.199820152594468,30.94901408616385,-0.01767260462703553,63.71426637356579,-0.050786977555701024,15.793740775776234,0.13040616181372688,29.712942692016277,-0.1395822001266107,67.64646573648623,0.3560723938136327,-28.467937498337996,0.2759041378595189,-32.28729643318346,0.24931497732643743,-75.37210195438139,-0.18025432003012087,37.61341424527499,-0.7077430131255673,-36.48956850556449,-0.07067812722201428,-75.85491672725155
232,4.64,0.08605894150688534,-12.568664774983533,-0.25520202592800967,32.05315295329045,-0.1676775805227843,65.08260379394733,-0.06326291126941092,15.393380191264589,0.18111185855962653,29.341612540340957,-0.1105453284474684,67.03039674293572,0.2517926264017642,-28.06818774631844,0.35601527304938957,-32.28729643318346,0.30682663496098667,-75.55550027493723,0.03447177520587541,37.61341424527499,-0.1851858741364727,-42.482707043896774,-0.059313828679335684,-83.74957510154013
233,4.66,0.12360574473958873,-12.568664774983533,-0.22438832769474132,32.71058298370421,-0.1695682130543137,65.79764484873945,-0.03759352419640799,14.648880391052675,0.1697234124186102,28.675181655269633,-0.10180411253847095,66.59009961035719,0.05426032008889617,-26.31377063804668,0.32985149141470327,-34.10627338544147,0.261152608192507,-75.66516521458789,0.01347969044027264,37.61341424527499,-0.08822338240608973,-45.60749975047527,-0.06153152340260004,-85.57969237525302
234,4.68,0.1457325505256546,-12.568664774983533,-0.2062721115914248,32.68536617297796,-0.1701098505252917,66.58584971457543,-0.03208662192772241,14.422522631474411,0.20296270801472632,28.39783590441354,-0.11176386441940096,66.51264167636604,-0.028088545634039175,-24.988738943628874,0.3019744233777744,-34.29094705882292,0.20148748923480245,-75.33656962610856,0.004696506252146293,27.601816115244723,-0.09701074609101529,-49.208843824571524,-0.05807033418776415,-86.28735079306671
235,4.7,0.15599761889975852,-13.195975432412123,-0.2030305418136671,32.59446961182258,-0.17343943762636665,66.62383279062495,-0.03986675210245866,14.380367717883283,0.20921500113240357,28.39783590441354,-0.11260543587837007,66.58089069815178,-0.028809063939673876,-24.092426039391288,0.3093027579458433,-34.282503527496,0.16234959628848214,-74.76775858482783,-0.0035044605810641005,27.601816115244723,-0.1046311916310653,-49.78329096634678,-0.05677041447041681,-86.48655807638177
236,4.72,0.11521227746326396,-14.225141156111185,-0.21691125043926007,32.8429069412955,-0.05488261514930998,66.95422291921635,-0.038321571942022195,13.05502414062348,0.1740959074014277,27.965818673678672,-0.1124643234933585,66.08386041859471,0.2731847093056436,-23.75616904634134,0.3290672413988906,-34.089752172298006,0.1978818318613581,-74.76775858482783,-0.09540799870904915,25.232749009828044,-0.11700954546509723,-49.75646956913312,-0.017842645411734248,-83.9420580194772
237,4.74,0.10245454076918281,-14.682588877463155,-0.22847150969581165,32.95268205189066,-0.15692792872766134,66.95422291921635,-0.04875777423666583,12.551958684273837,0.1936700359077542,27.9831610108017,-0.11872637822732154,65.09753776044957,0.11113806577080954,-23.75616904634134,0.34800934052164156,-34.322279440560166,0.1992768956092038,-73.68504630963558,-0.013099595147523707,19.46258002858434,-0.11535409075957548,-49.270785689314714,-0.015078624793695622,-82.71409679768745
238,4.76,0.12157450091558833,-14.979136572325567,-0.21621169743989474,33.08709412790174,-0.186744528778434,68.55792406371326,-0.046650981202982805,12.349276931584782,0.21284944543658024,27.9831610108017,-0.1344675232325635,64.90028062004377,0.023228575927907905,-22.627813263430884,0.34397672882574226,-34.53968918749156,0.173513951394715,-73.38340454234398,-0.02198211326596733,18.871664479986276,-0.10839973519342291,-49.19110951934823,-0.014066026983333313,-82.29827916198585
239,4.78,0.13875206533906323,-15.003338025505302,-0.20433790276613478,33.027749010920274,-0.1920003336309582,68.92696214506651,-0.05106708622036066,12.265219251415909,0.21254628507263362,27.66305821087526,-0.13511451607150493,64.84795695419277,0.00635187176644067,-22.627813263430884,0.3413400816562203,-34.564845491046036,0.15149569510009014,-73.08546543469325,-0.03610455483262065,17.66480832441739,-0.1084978219829619,-49.19110951934823,-0.01441798822759446,-82.06925371960816
240,4.8,0.14771177236730362,-15.320496730842152,-0.19763304815761396,32.937961874657894,-0.1858883496404986,69.06211057952956,-0.052473267824393155,12.265219251415909,0.2092202720514219,27.622713504152014,-0.13383349858755472,64.78364014434038,0.03845838172044727,-21.364826105550208,0.3439156837394796,-34.5764267878829,0.14223204698175826,-72.95026917477671,-0.04887355987566211,17.66480832441739,-0.10860623369904007,-49.17140188976448,-0.014115734878168706,-81.91478969556938
241,4.82,0.12103093921975505,-15.58117660094404,-0.20669836932558713,33.12391970438307,0.0022998628668514515,69.02267724517851,-0.044700947230552984,11.146651307944145,0.18233565849179506,27.62185029770651,-0.13290092097986617,63.4395050367959,0.27780150873906084,-21.45906478595248,0.30407051652418793,-34.06815421918384,0.2104126904558606,-72.09078656109565,-0.15070363648183305,14.976608826708503,0.9053341163663124,-47.84039455886015,0.8348693066929234,-78.9365858227364
242,4.84,0.1549647723840147,-17.248282744559766,-0.2865996333452788,33.413258471680884,-0.08022117560284846,69.1804269984366,-0.06863212049424106,10.60413895792135,0.06710146282181198,27.354515932468402,-0.12380071215197663,62.97015309229428,0.07209113876905554,-21.445453074671345,0.18340988752727067,-33.9211492953027,0.16923219397664557,-71.92256974226075,-0.28073271305885283,11.657753972408882,0.5766987994414364,-41.54759909196216,0.599923233448398,-75.94001654862451
243,4.86,0.12274813072604471,-17.60400993421574,-0.0011186588355134308,33.04633181186877,0.05839432233153419,68.9054288925858,-0.09293409928517954,10.474789948861373,-0.04681820291533444,27.644844525289326,-0.1957078276104553,63.046483952001154,0.005951909999457813,-20.62417889645566,0.08249977625657551,-32.709533204386005,0.06549949885840659,-71.54738636191156,-0.2032225968931517,11.282611130372057,0.16840247089699478,-33.95785604670211,0.11327895464628862,-67.2996707934281
244,4.88,0.10091626919371843,-17.515843750598037,-0.006658097483820319,31.53223759588101,0.04049983472602141,68.52362158207082,-0.08818459601872763,10.519576978775115,-0.028185475166862664,29.404403264688938,-0.22343356911773676,63.2506315093554,0.04205381573436842,-20.62417889645566,0.07813844660724203,-31.979776541716774,0.039950030158182465,-70.59340020524333,-0.22967600246330877,11.144813136399012,0.19956762566810915,-32.48749945512315,0.13380569055417577,-64.58928715905871
245,4.9,0.07441044172213016,-17.515843750598037,-0.023669932315389778,31.225705523679594,0.03324381804344083,68.52362158207082,-0.08190809486277308,10.501311867519775,-0.03967828894571239,29.84129439187973,-0.2347862979289405,63.45856524473108,0.07228566387417718,-19.053523723284336,0.09223165752352422,-31.65638067750792,0.05386008258481263,-70.28797458804165,-0.22566719779204714,11.144813136399012,0.2179033543554363,-31.069695351600732,0.1375410037096863,-63.70949103145402
246,4.92,-0.049081366003629015,-17.515843750598037,-0.044390689274126066,31.413351023446246,0.11686226028415397,68.8487912038266,-0.02622267270667924,10.231870644248664,-0.07315450253253156,30.08605487472907,-0.2259372803562841,63.50537203336616,0.1598297004336549,-18.396271873077364,0.08196356289826144,-31.27713008148482,0.10885405857120176,-69.9676640448234,-0.22647231640490553,11.14910489396697,0.1972989162873519,-31.069695351600732,0.15744728746541925,-63.55777552102778
247,4.94,-0.019717236094829442,-17.7855344488199,-0.057725126595835174,31.63786083120568,0.08361317788326865,69.22998646594571,-0.0038600437714253477,9.978038891800882,-0.07252799953169131,30.280690040609073,-0.19158670214537316,63.492214858476295,0.14162728649953282,-18.396271873077364,0.0869934569257466,-31.224981956956793,0.1064743519896697,-69.9676640448234,-0.23664375380402958,11.169822774723654,0.2044367927480765,-30.516541418163552,0.15355880773612876,-63.39166875128541
248,4.96,-0.001309573683660789,-18.4058454633846,-0.06193015794303791,31.731964814058305,0.06816235155845043,69.35907086870405,0.005793431609180534,9.654509517281088,-0.07361883047599632,30.34261315642825,-0.16795192805073253,63.292979713533455,0.1117781143204522,-17.76874746525691,0.09050863485324978,-31.24139082707143,0.10240763793684853,-69.09659578676494,-0.23445966534949828,11.228915158072839,0.20532985338373996,-30.518395734701237,0.14614440505354923,-63.39166875128541
249,4.98,0.002745299190896111,-18.53973707481119,-0.06347356299009052,31.731964814058305,0.06747978242459887,69.70989657624855,0.005756871133167564,9.503335673926557,-0.07369494614310447,30.359912815590974,-0.1602382427349645,62.904458181346676,0.10368775438048686,-17.33360254264883,0.09167202115240469,-31.256412923552077,0.1050488061204365,-69.0566901493254,-0.23380724821570267,11.228915158072839,0.20610971938399764,-30.52399303414125,0.14719971779747268,-63.39166875128541
250,5.0,-0.002576144713355641,-18.63486831975963,-0.06146729309038945,31.82342824042737,0.07152513549735107,69.77311493294505,0.002389277831620025,9.481326485421624,-0.07314553439519388,30.367653409734583,-0.1658146616909576,62.827957735720666,0.11098390417950353,-17.28628041285441,0.09058640730986703,-31.26806566246899,0.1061320994578121,-69.05425610528137,-0.23380586337086304,11.233984104772231,0.20581307626721806,-30.525005042739934,0.1483332589457357,-63.26510842448799
251,5.02,-0.14832087558557447,-18.63486831975963,-0.23708616966362017,31.82342824042737,0.064988466873079,70.56244496829416,0.018269882164422768,13.119676129150946,0.8926836740641542,32.55325663132509,0.6251763980990586,63.42373057930536,0.1486863568847142,-16.17037189951969,0.2755033196573143,-31.44546804315116,0.26259136864857324,-69.05425610528137,-0.12527185523839157,11.233984104772231,-0.034514213892247486,-29.46562368441402,0.06212464504152988,-63.705859833827404
252,5.04,0.08759870012616389,-18.63486831975963,-0.31995189584621997,33.71315122937334,-0.017812511268035874,70.76812244867942,-0.07427828062431083,14.395872099046759,0.3701525760823614,41.54296443912473,0.10255620668523924,69.41686912889136,0.15984450559862018,-15.590711951096997,0.39080898327025126,-32.40483157649222,0.25066931857827063,-68.84804526434571,-0.09660874672668729,12.007506898158844,-0.0830020488370096,-28.847758869462375,0.08126126078541024,-64.3173327975606
253,5.06,0.19942076681852872,-21.648075486691408,-0.28231713426176364,34.45727424186837,-0.08393485634214735,72.20633580985057,-0.09335285634671253,17.64122186453287,0.2402511341283921,45.339831806538875,-0.016716109492547288,76.74535102826565,0.1761973083851716,-15.590711951096997,0.43196055071363243,-34.11887712594958,0.13298909167981168,-68.6532564857883,-0.12251047493215406,11.969228699158723,-0.05432068181084532,-28.14378094820714,0.07566957566465149,-64.54564100174606
254,5.08,0.20565085597781493,-22.384920235752865,-0.2591228133606091,34.380069410422934,-0.1473489007110557,72.7025218705791,-0.08413628463515463,17.64122186453287,0.24691969922786905,47.776186329169704,-0.019318137065406846,79.35990541376918,0.16793919839089633,-15.542464064765888,0.42183912851155203,-34.54825903389889,0.047236395754314126,-67.70421483390685,-0.1576164810333712,12.041580788228693,-0.002182351474778299,-28.124429704835972,0.07810271209251313,-64.68407575582617
255,5.1,0.18352390223751663,-23.23097530125138,-0.23199272793258904,34.16688945674781,-0.13787316813300254,73.35367904615704,-0.06728006990360536,17.64122186453287,0.2379909002332138,48.61670801011456,-0.017561912732368914,81.11815478407685,0.16512604872645353,-15.525450891754256,0.40277833993194617,-34.61902028899216,0.025724284280219695,-67.16331703308678,-0.18549806285024864,12.34950563445163,-0.0013985212666831615,-28.124429704835972,0.06817337960515295,-64.71179388231987
256,5.12,-0.10294048689485394,-22.921841752193583,-0.22418498952222157,34.28275596470524,-0.07377315506228399,74.16834047391058,0.0028470765359809858,22.057570650519335,0.2377806894617268,49.31952506014095,0.012216010718272885,84.00558056218927,0.21834305723522762,-15.525450891754256,0.38282652464109385,-34.23447958615779,0.19123214833072602,-66.2547118788813,-0.1214276631255436,12.527429868683434,-0.08447515063589292,-28.51826687809073,0.07450741599899131,-65.77547643626595
257,5.14,0.04640407854356619,-23.50337732697686,-0.19953692277333018,34.00020005418242,-0.07904203487587179,74.20763113633342,-0.057503142708815846,24.718553500117036,0.24518952229938695,49.31952506014095,0.019198669047962816,85.41368419276216,0.20605437091929563,-14.145998203445409,0.39078108230461295,-34.23447958615779,0.10502149129208457,-65.65436093783224,-0.09760914204344062,13.95943334182022,-0.06429646812062648,-28.29378652234616,0.06671069046211109,-66.43138830944338
258,5.16,0.1238601243810073,-24.13586640744265,-0.21760999948214862,33.90663395156796,-0.11518512512998573,74.20763113633342,-0.04048139338693483,27.021587039262755,0.2546090900438208,50.25675210171523,0.012637053245154573,86.1044411036346,0.16919970418912575,-13.71165989817874,0.4037537620084806,-33.96933951064583,0.0619103760342358,-65.49407093879388,-0.09968605796978722,14.01725474269432,-0.06649227435602226,-28.295390386133864,0.06483101861736974,-66.62550429966294
259,5.18,0.14695228364461072,-24.9744629759453,-0.21598039459039506,33.92799132603806,-0.12546137060346735,74.7154961263249,-0.028394253389710307,27.8851054679995,0.24252611458382334,50.294153138049765,0.013109033654531338,86.47607570076289,0.13191661539082167,-13.355068363700997,0.399265080256327,-34.08926085230296,0.049300606855428225,-64.64436466599852,-0.11588158441626681,14.173093503496675,-0.018416022511283187,-28.33792367532052,0.10221710542072798,-66.63829142065022
260,5.2,0.128830003309565,-25.404125422313562,-0.21419178423778343,33.88048132290713,-0.11768710750347093,74.81587709484702,-0.01693150827605279,27.998848402832703,0.24372165617221905,50.3588029234559,0.01205213367253341,86.55281218585071,0.11215440870671067,-12.938769360266194,0.38933009232821325,-34.08926085230296,0.06312834770557807,-64.52798507340582,-0.11109915014415309,14.225994094756517,-0.019032898165139617,-28.633341213864668,0.09131921140411482,-66.97481694589865
261,5.22,-0.18180350415172308,-24.677224302749035,-0.1844118943855528,33.71915199272673,-0.031721508245541236,75.11918621365635,0.0696434233619393,32.782512694790576,-0.6399021329446544,45.08948678676717,-0.06260905800145111,82.66774918539228,0.14584505220713992,-11.750645857035787,0.32111636167588453,-33.5871961477109,0.17320302411421018,-63.96096670600886,-0.06284812917864066,14.932168469630048,-0.004859379028887917,-29.19468223024971,0.017487373341716687,-67.4599860826769
262,5.24,0.027430216861783416,-25.347589430443257,-0.18880441805051446,33.654894590908704,-0.026220314911484285,75.04337642641924,-0.017346881473514375,34.599838167460234,-0.11724544534190728,39.69566210172955,-0.05898353172169546,82.66774918539228,0.13943415084303032,-11.750645857035787,0.32584945723256487,-32.93741500109364,0.09499525367705475,-63.5362466913863,-0.07273587238792273,15.783376522705725,-0.012057114094980864,-29.237913600401555,0.10677131996560876,-68.1451036727089
263,5.26,-0.09030437886018017,-26.064406651530017,-0.01897898117546344,32.76957284465611,0.004328049792894875,74.85729117175748,0.1924390844176057,34.599838167460234,-0.11710051878588601,39.69566210172955,0.07755336284248318,78.00191554168607,0.13973300173040892,-11.048948609831806,0.19472466421965157,-32.49634907533452,-0.029648702670799026,-63.28693021232408,-0.1344824586549721,16.274735367734017,0.19379822884740372,-30.089085610606464,0.1504296821636816,-69.22090343806659
264,5.28,-0.11536045942671716,-25.829041009813597,-0.002185876141145293,32.10270697522223,0.008934754876663384,74.70333962428151,0.16036054140437958,36.675935204406834,-0.07853856497045714,39.69566210172955,-0.054222416026526166,75.90185076979971,0.15046732910957838,-10.841470050425329,0.19513763090133593,-32.03749939678057,-0.029042238855515833,-61.5970627681225,-0.13259049908410428,16.504617086635502,0.17487926178675303,-30.600075487185237,0.11361248383183416,-69.29705985680047
265,5.3,-0.13336283013374947,-25.53510896154606,-0.011842845318254344,31.771215270463617,0.007326523421071346,74.70333962428151,0.15354240737012498,36.675935204406834,-0.13862338930718018,33.40999121695975,0.04110315794121512,75.45258936740585,0.16550011261804376,-10.865189048207991,0.21256733351007356,-31.482027689002532,-0.0063583218515148344,-61.41826907214018,-0.11708891847676903,16.718280610915524,0.17409621443935583,-31.264450518163432,0.10115120891003444,-69.18311264986819
266,5.32,-0.20644811243619104,-25.83663044174299,-0.009523362842773407,31.707686773709177,0.007779240494306616,74.94166269396081,0.1996207857907032,36.71238109029548,-0.14710676994847213,33.14143007668629,0.04665328892465384,75.39612981058306,0.10399606776732123,-10.826602170941497,0.2524459858444305,-31.704500171653933,-0.016124742329557504,-61.38720674484092,0.01328580011563213,17.068533643975492,0.1971169045935247,-31.591968380024735,0.02018544763254321,-69.44416029772395
267,5.34,-0.21511697419250875,-26.867688708137734,-0.010602832956781116,31.661267348571638,0.005751723820431681,75.18655818425135,0.2210074921983915,36.56977638434083,-0.14715563332388631,33.141430076695656,0.056857674035141095,75.30521019491036,0.0828583348128069,-10.397136014338425,0.24822181016179273,-31.740168225043778,-0.031055004577088402,-61.28211125512295,-0.010791713007030135,17.601921032390713,0.2000718398058786,-31.772485665376472,0.037171561748503806,-69.74612956410087
268,5.36,-0.20556434771607118,-27.019521578409122,-0.01001077798871429,31.654363680285204,0.011584315753306151,75.45731732678333,0.2301007802976014,36.35856700491122,-0.14511199404961714,33.14357460615247,0.0568840733596747,75.28502462044652,0.07791413893022879,-10.175308147656091,0.24535453908854749,-31.82156429534513,-0.035077036682260074,-61.17167215515207,-0.01282572953471714,17.84316781270833,0.20073355893275457,-31.858466025225184,0.04732370530164916,-69.96498163131427
269,5.38,-0.1906150987605983,-27.249523656440402,0.02471280794445004,31.6629676202415,0.05976330581560085,75.46623330438193,0.22569219406193602,36.269526531638036,-0.1406697286495226,33.11275197720589,0.05584687606521757,75.27263807672661,0.08128868234692338,-10.091013646661986,0.2429835985368459,-31.82443492272865,-0.03133572892552077,-61.17167215515207,-0.0060248522864159715,17.869260677349278,0.20477322580289573,-31.891490042673045,0.05195828243614551,-70.05321465362474
270,5.4,-0.21022714509180088,-27.253531857504225,-0.010550929033289334,31.660821941688667,0.015172371128414852,75.4443412434235,0.22376683027588296,36.24975622228007,-0.1424710801400216,33.08618924684912,0.052335040531272276,75.25563935721213,0.0824290619844978,-10.08108922009702,0.24519430961500832,-31.82105682592331,-0.030679712442178653,-61.15309314246079,-0.006985761138556812,17.907249184723927,0.2010987902503321,-31.891490042673045,0.04596839737219119,-70.13005839620921
271,5.42,-0.04182527661479307,-29.407588802843502,0.21588314044686147,30.770174545599055,0.03135548292189948,75.70419462443866,0.12300314696336745,35.994840123046764,-0.22408111962673694,33.05330383611992,-0.16679805232985118,75.90637793142227,0.029107878279501898,-13.731299364563226,-0.6858003485978885,-36.501160551386555,-0.7963006580164882,-61.15309314246079,0.10920988021353167,17.954574300873936,0.372771544810541,-32.92962201712302,0.02316542530575698,-70.80717835569422
272,5.44,-0.011078748449556697,-30.80916398562461,0.21068162511532287,29.524732276915877,0.04216178488370745,75.93051301707433,0.019695256139497457,35.01566871516707,-0.2887590831542265,33.87727394671909,-0.12295064404023272,76.69945264883414,0.12312399516166715,-14.132226598888868,-0.163204662784051,-36.501160551386555,-0.2737283466302589,-70.1428009670304,-0.1484070590229046,19.630548118343253,0.44464101505762116,-33.947242235989364,0.0021835778869971657,-71.12315839445337
273,5.46,0.021946403738146374,-31.944071397240055,0.1899986746407673,29.43618796710851,0.04215283133685832,75.93051301709005,-0.04180515395081917,35.28279080083038,-0.3209398063037582,34.43203729453513,-0.06829052407314767,76.69945264883414,0.14660264309673693,-17.46348267289234,-0.09937327798101525,-47.4963520697181,-0.02113350230584221,-77.32426560225511,-0.24590519505465133,21.804662962065976,0.4482937933968101,-34.46600191219095,-0.003933318112542831,-71.12542873663345
274,5.48,0.01899466870177316,-32.54345046234441,0.20098912572500124,29.36636593296362,0.042144325460617624,75.93051301709338,-0.05470751173958283,36.03406216453789,-0.33381032424223145,34.86663913599462,-0.04704004213012783,76.69945264883414,0.12780996322303337,-18.49509803178351,-0.11693207529572369,-48.68417034730632,-0.01985702023786201,-80.37144943708329,-0.238537298081346,22.574381858922084,0.44445961813159435,-34.77082550700527,0.014097600329406351,-71.12542873663345
275,5.5,0.00447586304672639,-32.68907243274607,0.2101116320856676,29.291697672362265,0.04213492422518479,75.93051301711965,-0.04145466971628333,36.1057016554343,-0.3320586603250071,35.158619952499386,-0.04594022173114978,76.06337367642668,0.10498369425325271,-18.49509803178351,-0.11785289399840304,-49.50970896761917,-0.020357614579373698,-81.22579240494241,-0.16959788785250343,22.711287122263112,0.4345366531704256,-34.79925735811107,0.04196524827608371,-71.12542873663345
276,5.52,0.009558620570944948,-32.92918640891988,0.23501075067523183,29.291697672362265,0.0382700749976691,75.93051301711965,-0.10864347100155314,36.21138115653665,-0.30061569617091666,35.159528001748434,-0.1466950302091235,75.98415443732947,0.026433090669276016,-19.533222117388362,-0.09720628877321247,-50.49860012589414,-0.050936090946348433,-84.45520026225473,0.13656533702551557,21.93864674720459,0.4161380960277389,-34.85165662112825,0.0013155671762537999,-71.12542873663345
277,5.54,0.002935149897500794,-35.07859622621408,0.16427164880710027,29.011797100095894,0.04906867868407028,76.44920503600399,-0.07418066752996713,34.273617668430774,-0.26062121577743047,34.84867530417231,-0.05248983891399357,76.045263608331,-0.06399658022744942,-25.53895647648549,0.038303977576306505,-51.482324734121725,-0.04342263808733428,-84.8633681590202,0.03787792684262112,22.18938126319452,0.34694752432757386,-34.679075295129685,-0.00811500255736064,-72.36148146400792
278,5.56,-0.012132279059823538,-35.43557334734537,0.1777520018543335,29.42897695353134,0.04722987439586247,76.46800146564377,-0.037882057005921774,33.835661977851764,-0.23425993701826842,34.56510000182259,-0.01579358614903259,75.64062439997922,-0.0610588288771812,-25.53895647648549,-0.004322137099033521,-51.982046540014935,-0.05649885545401273,-84.8633681590202,0.06230594819314664,22.18938126319452,0.30825033361508397,-33.97241458819054,0.009228052133818172,-72.38455103489598
279,5.58,-0.024844536109519415,-35.439893948222135,0.18483780911583952,29.47070006796129,0.04508365004998616,76.4859993269507,-0.021129968247596206,33.36711469474663,-0.2495976895518975,34.285108193491645,-0.013863222584343582,75.22449437594535,-0.061538438914000654,-26.563896502973062,-0.017422811850135,-52.48335219197364,-0.05679789837876402,-86.57109622703351,0.07805231162909623,22.36506298137335,0.3149447324980044,-33.75760394558432,0.04300578243776398,-72.38455103489598
280,5.6,-0.03037129791539623,-35.439893948222135,0.19294860317703014,29.456104848866374,0.04528034494319297,76.49986471703457,-0.025388433456313385,33.07804509081338,-0.2717538890082426,34.35740395010039,-0.02227347848717033,75.08387640823834,-0.054411903820409974,-26.624674912163567,-0.034032956429409164,-52.417001346331695,-0.05895165802088552,-86.64027867245026,0.07177590780768772,22.292571899715558,0.32832003620793804,-33.75760394558432,0.054637527469776834,-72.93664743878347
281,5.62,0.004660702599362437,-35.439893948222135,0.18236024296041395,29.80876547963344,0.041720499018946255,76.49986471703457,-0.1382430929083862,32.05371162115011,-0.14295799073170104,34.03123032763049,-0.12105006582694691,75.07824818672864,-0.16253241627496406,-26.624674912163567,0.9097647950402548,-47.3554546154583,0.07099221572410142,-86.64027867245026,0.36524287992944615,21.678682394581266,0.17347929352517175,-32.977953688579774,0.09281030699205658,-73.7425881255167
282,5.64,-0.023293753496764096,-37.6546120150242,0.16416815203054452,29.659916503471894,0.04980289481986752,76.83910084397002,-0.18640109509942654,31.789963849927847,-0.12883484871301687,33.28513130657538,-0.06832383243151893,75.09627309826303,-0.21857619623927071,-34.49840647870257,0.3871976646885622,-43.459914565188065,-0.20731106730836507,-86.64027867245026,0.20616896858416645,22.476864690302406,0.14227710823453804,-32.49547231126111,0.09843983658884725,-74.28516525964582
283,5.66,-0.030240298693949404,-38.222286884339795,0.20307273737936243,29.614818337684785,0.048340297858560366,76.88803871479057,-0.1956834843383681,31.958873178675624,-0.19074097310778793,33.21435377942196,-0.08654023621033907,74.96578788930441,-0.22890007946039115,-34.665938355963675,0.06893600406929123,-38.71984505879588,-0.09382398294068578,-76.77344430396245,0.22565474854861656,22.916883305512073,0.22234829877887366,-31.944856490352457,0.1170461325970925,-74.61132170964792
284,5.68,0.0862536144252305,-38.567577920891246,0.05839661930028861,30.786199543379396,-0.18591570133525204,76.88803871479057,-0.052264051847198595,31.447130759437126,-0.03893227697379377,32.75077288872255,-0.03980434179445043,74.82638784621075,-0.17434839049664982,-35.80993428996565,0.1823818165536792,-34.79973663732963,-0.21977793871573237,-75.17174276525836,0.0458440264539314,22.916883305512073,0.21097982115873157,-32.485501667138394,0.0535078599759132,-74.6074304565643
285,5.7,0.09242462108263455,-39.3868538882057,0.06845521945219565,30.80813855538224,-0.1747413099479434,79.1975499589478,-0.05343262770990992,31.13607260452851,-0.05201994898508727,32.18545349536624,-0.022047501519236942,74.5055702914155,-0.16665533419768763,-36.23186333594594,0.19515883056689898,-33.51043689190943,-0.17773775388512167,-75.04138939281006,0.017418537125134262,22.916883305512073,0.1949499298395108,-32.47495097510271,0.052322833209829375,-74.41975219810074
286,5.72,0.15870979940347707,-39.3868538882057,0.08698428400542292,30.628514900366017,-0.14539756594324815,79.2294586856,-0.23384015067289027,30.14084104455302,-0.070435842404865,32.035223447840686,-0.04683631839349715,74.02022142608615,-0.24913562872196665,-36.03283703923761,0.2226894646985709,-33.46334282668643,-0.1331744815995065,-74.70145964630142,0.18856241395554102,25.396173862435205,0.17876980344488705,-32.37528154794145,0.028510846114544925,-74.76436396646643
287,5.74,0.17556505515997048,-40.334542526238,0.07506252555800293,30.628514900366017,-0.12424279560018656,79.08047978722863,-0.224561336866743,29.657899533753156,-0.07069120720718994,32.091758474149856,-0.0256607617890372,73.67592874939537,-0.24246062875389995,-35.799426191212085,0.218200129761627,-33.44022823260647,-0.1084517757020791,-75.00395344698056,0.19491088554719205,26.30881375711178,0.1783153918245983,-32.13558853094638,0.05798826225533833,-74.76436396646643
288,5.76,0.16876038538655344,-40.5866688738205,0.07309432248284847,30.708655854259526,-0.11109545961323747,78.92603549313748,-0.23379491364041394,29.657899533753156,-0.0735793750215073,32.121139605174676,-0.018211740380288402,73.39419799132632,-0.2403679956068848,-35.799426191212085,0.21548467284267597,-33.44022823260647,-0.09061703016461974,-75.22896528403591,0.20808119375990397,26.44656959543556,0.1719601219625142,-32.10140364732765,0.06363887287420723,-75.23497518027665
289,5.78,0.1643079664838121,-40.61849952734523,0.07514900562231275,30.733223901959253,-0.10678903375998573,78.7632625437157,-0.2377628141106592,29.55802504343374,-0.07901702592209021,32.20468669387128,-0.023911234814617488,73.33444839165777,-0.2339412011900074,-35.71360552278182,0.2162090339421655,-33.40243891142412,-0.08921669598653113,-75.28840115413131,0.21639964340072892,26.41931993721232,0.16311991269922127,-32.01990217283019,0.05705850476368214,-75.28192384035624
290,5.8,0.16181358826978123,-40.60681889008551,0.07518653132909267,30.733223901960137,-0.10970643889860877,78.7219907379451,-0.23914280570107327,29.576615716624907,-0.07612583807127159,32.222263755431456,-0.02560020568763341,73.32699506612067,-0.23106896675344113,-35.74451243122049,0.21769007996435685,-33.40308231400739,-0.0911017245773399,-75.3900110156025,0.21826978665152547,26.344472753953365,0.16679913598111407,-31.955096033273623,0.056141559344345934,-75.29824762750106
291,5.82,0.16409658355406065,-37.10789325300612,0.9414,33.5457801887926,0.1245920649342468,83.51910077080029,-0.4002626139813512,29.576220412475916,-0.26396750106589884,32.222263755431456,-0.07085931227683495,72.90814099194861,-0.15493899176965528,-35.08056165452508,0.13098788681073975,-32.92733769427727,-0.05067039567969945,-75.47300169277136,0.2162606667914122,27.451728969929036,0.24734053950858023,-32.065568169208674,0.04076472642127285,-75.75215090961628
292,5.84,-0.06983741444362174,-34.11657725212157,0.44443903819148955,39.23926180093544,0.11898191044793494,83.51910077080029,-0.25057425143251716,28.566528117186273,-0.29058363902146733,33.42219548875674,-0.1550285939838814,73.10233918105129,-0.15721391407699287,-34.079096388702496,0.06964286175583753,-32.31765104624654,-0.08884965497151023,-75.15946933873373,0.12983744675187578,28.77705752951704,0.3249990524773706,-32.81142783831833,0.12693153543167923,-76.10387103189072
293,5.86,-0.06073523125569912,-28.942795104763885,0.19735512631388297,44.91313228065341,0.11682591890179861,85.71421956695282,-0.019805574549459526,27.016407557973064,-0.23857887595561206,34.183816083233346,-0.13217665224789366,73.38811707366159,-0.06887935259933448,-34.01891985324473,-0.027515140981104885,-31.46869545857848,0.02480270786894507,-75.31085484558906,0.007097102727909893,29.868654956176307,0.33176429441538546,-33.44210679466416,0.16204376865907383,-76.59183520267618
294,5.88,-0.060304928132196546,-27.80147234666422,0.2052032503772553,49.66394753308115,0.11315731625283348,86.75321869726213,0.1190443454034564,24.618289496144254,-0.21399311487573014,33.952309153124986,-0.10626982105197998,73.31956883976505,0.01343085219513758,-34.01891985324473,-0.09675595065299117,-30.73338638266357,0.016214606880580015,-75.79814012496902,-0.12607017839694995,31.273368857911247,0.3254915113435761,-33.64142872965688,0.14810976959626368,-76.93817202888384
295,5.9,-0.05671905387412667,-27.344946925999427,0.20746005067773177,49.7263698204637,0.11431731467170239,86.75321869726213,0.1423679421838395,23.41790022657423,-0.2209015546598938,33.82911132822005,-0.09219615558393705,73.08719115897259,0.041244641285160186,-35.38718367855238,-0.10597298180119173,-30.37340913299373,0.015996821611394534,-76.02826845936703,-0.20021221158961633,32.9431549989852,0.3407986101288393,-33.64142872965688,0.13981173716376416,-77.07199380401559
296,5.922,-0.014676788708475164,-22.939379662169923,0.2299477060804922,49.7263698204637,0.07697315468484425,84.47085396153386,-0.1335808738703391,23.261024631181748,-0.23819895775416544,33.691327500783345,-0.14216713912692697,73.08719115897259,0.02067083171083489,-34.167515298105215,-0.08724187109544863,-30.043950810598893,0.019532431804524415,-76.02826845936703,-0.1528806733693247,34.79171475828314,0.3827343331519425,-34.07346703317442,0.05006239408171531,-76.83063728910241
297,5.94,-0.03316056189798705,-20.88098627176665,0.21902059157098608,49.51776691087649,0.0729629313530353,82.8517143476283,0.0006853588291038104,22.587221967548544,-0.2430346659755671,33.83245663547931,-0.1549722779593065,73.08719115897259,0.025247806852070565,-34.167515298105215,-0.1088278668401284,-29.945179484582763,0.02613524884322137,-75.7131092117955,-0.15279264436159476,35.925206108248,0.39208439557729574,-34.31876238062518,0.10184077617358238,-76.83063728910241
298,5.96,-0.024083871366240732,-18.900084292958145,0.21651493573329175,49.51776691087649,0.07221196315116239,82.4541648479597,0.06837695843401079,21.714724623301343,-0.23534569598697522,33.84661476296398,-0.13845348560996834,72.24296411472017,0.02315438491170972,-32.84606526807147,-0.11013206121182958,-29.729467329646884,0.026204769716771992,-75.70877972754758,-0.1410603207774442,36.2582467109509,0.37236415085331576,-34.31876238062518,0.12951443183691075,-77.21412731956231
299,5.98,0.1199430493542796,-18.900084292958145,0.027970586534534977,50.95653909574651,-0.040523944453455196,82.64068914919204,0.09841807983979824,21.714724623301343,-0.06701635298206357,33.15985357849936,-0.06115654079881512,71.88110091970199,0.049165209817183975,-32.76359173988573,-0.03613641577969717,-30.0196699481328,0.025608624052325696,-75.70193711763173,-0.18037281655667814,36.591093572133126,0.3116386840361641,-34.46484325891515,0.018283571485428862,-76.98574548305758
300,6.0,0.08230532635882992,-18.983343488787373,0.07523746543847669,51.230351817485186,-0.012700770652906063,83.25027260398534,0.07118879467374464,20.533731415074055,-0.07863285886923033,32.256330976626394,-0.09655885202859704,71.5045949740057,0.052802673246586676,-32.879920152012495,-0.04826539040606723,-30.0196699481328,0.025522785454127107,-75.70094238953173,-0.1596492108351043,36.69464159332256,0.30342678438078774,-34.46484325891515,-0.0152204180296918,-76.51150514896561
301,6.02,0.2559453243673788,-17.25733950119101,-0.8788635697282656,48.160424322704856,-0.8149283637617315,83.25027260398534,-0.18764597298537905,20.500111499607797,-0.010818217664213113,31.47924060648622,-0.14169794419373372,70.73673511583988,0.03153493873848234,-32.900551827181374,-0.012573938161513504,-30.857201532641295,0.022426457088691412,-75.1900531604783,-0.07228702551193868,36.69464159332256,0.28500383590056944,-33.665735169655456,-0.18033412280810115,-75.35863642869157
302,6.04,0.12094424040838958,-13.785979289554005,-0.3563076196111362,40.66900114808333,-0.2923791079327306,74.55569342538658,-0.09752291952576947,20.726953638838317,-0.10384915263874026,31.47924060648622,-0.20406332699753793,70.9647424012789,0.020113957304461944,-30.320891319552793,-0.06531245356104719,-30.601618901297364,0.029027435960902348,-75.00838792264459,-0.05859914101063095,38.205285950572744,0.36219525676637654,-33.60545110091294,-0.06387040552052636,-75.1294704881972
303,6.06,0.15259781198781025,-11.790637011455313,-0.06339813014510381,34.62568273663537,0.010123170307308749,74.55569342538658,-0.08185086007026507,20.37795827775423,-0.12921933272453065,32.018475234766456,-0.14518478373462684,71.10454350942499,0.052937051199409224,-29.89526610067407,0.1987335302605443,-30.312351548117423,0.2782121387083244,-75.96329441600889,-0.01279512484027423,38.205285950572744,0.22434485490229994,-33.87954760743716,-0.043652873032674594,-75.1294704881972
304,6.08,0.23041701556082786,-11.790637011455313,-0.04572522115614308,33.25489180966641,0.03244107430445167,63.819962145622604,-0.12070286011186729,19.946147076464364,-0.025321780420229797,31.98553152622051,-0.05616057442020733,70.33545032532518,0.07802756592770273,-30.01075069655992,0.07933647060417887,-30.312351548117423,0.22321378884294354,-76.72969052891827,0.01899516112922868,38.06058851706279,0.16849741101329335,-33.50916729061535,-0.06484371258035966,-75.1294704881972
305,6.1,0.21583707515010037,-11.925206069978067,-0.07077255681314194,30.894638636170004,-0.003531845741311934,62.964918676780314,-0.12312720756683783,20.018965219079227,-0.0343866469997955,31.50292456355192,-0.07211968949066665,70.33545032532518,0.06962235509657973,-30.158862342371492,0.09109346900574884,-30.312351548117423,0.19896985302116219,-76.85516514553704,0.006845333084890895,37.8490948093983,0.1937840490317337,-32.46685967173102,-0.06679711824015362,-75.1294704881972
306,6.12,0.24475119994817063,-12.004351481180487,-0.04851409199529623,30.515498123761336,-0.05941754526671382,62.88563309576244,-0.19828459438276064,19.27531602461507,-0.01797880781335659,31.35884438273877,-0.11857439397679836,69.6652923466283,0.20753440591223465,-29.486121770750465,0.10198358774459647,-31.847159926352145,0.21401800877722446,-76.40572179932981,-0.09737491055962608,38.29539226411349,0.18955852199975695,-32.417282819224894,-0.0913297805923999,-75.63964204732733
307,6.14,0.23081119372028452,-12.122767998582342,-0.06296086148735398,30.414988981310366,-0.07195650972656256,63.13899628227736,-0.13371527642290076,18.578103417380333,-0.01194960649666471,30.973518765981037,-0.1231727976507086,68.81955962255851,0.18160959348906952,-29.208871157674423,0.09613357757378249,-31.895306460676956,0.1644296189823185,-76.19367238738128,-0.13066330766266548,38.82704581537739,0.19993107262956436,-32.31118830611622,-0.08147104718567849,-75.58109465647702
308,6.16,0.21108956761008912,-12.020080733735904,-0.06543578199837294,30.41048104684838,-0.06629267173863321,63.25117130548025,-0.08857171014880844,18.248077268600458,-0.014651478530411634,30.88802991477608,-0.12212308930899643,68.81955962255851,0.16558372600546684,-28.733634026241425,0.10375089337134537,-31.940826290167976,0.13894577629825272,-75.8196239314128,-0.14997445677913773,39.18150487035742,0.20983508345352667,-32.36632236213373,-0.06602202688554068,-75.60183581022328
309,6.18,0.20960730169058314,-11.924812858918843,-0.0724752991176085,30.420410826639447,-0.06778548117505459,63.258254567681455,-0.07982463183063984,17.48558961463923,-0.01020002124280265,30.881637765121706,-0.11744170730512622,68.65963786187753,0.1648299614083189,-28.501668990261006,0.09931552096028361,-31.956176644083293,0.13253511678554755,-75.8196239314128,-0.1500177266296519,39.18150487035742,0.21293755030973877,-32.40002104697316,-0.052999755690050096,-75.69335810150821
310,6.2,0.21415615689274758,-11.879516020010103,-0.07195044694326798,30.50439781954935,-0.06630005372058989,63.267648771115745,-0.09300395157790453,17.3626377981922,-0.01382690872507069,30.876728025214078,-0.11978757457166399,68.63970815123155,0.1700500664619722,-28.486739828213228,0.09811572140275883,-31.964022487685973,0.13979188437083445,-75.22256507469996,-0.1433366786005995,39.518483945674426,0.20697590839418678,-32.40002104697316,-0.056196725580986845,-75.69335810150821
311,6.22,0.10879171252837344,-12.429971838417712,-0.2070200798983663,31.264829720492738,-0.022071184266695333,63.70776021945986,-0.06128767604421631,15.95711086646412,0.12393776399086676,30.2638942908236,-0.13469565521593924,67.69768939086013,0.35624817772729145,-28.45345741438214,0.29371469875617545,-32.408406890917476,0.24425786157446153,-75.22256507469996,-0.15159352224433764,39.51827274265184,-0.6794585808652429,-38.00592109553486,-0.070285683858206,-75.69335810150821
312,6.24,0.09063401024603224,-12.429971838417712,-0.2582254637227509,31.877032620775392,-0.16845695541961098,63.70776021945986,-0.06916495493470237,15.170101646185334,0.17323561022860035,29.49123027936364,-0.08821954113675987,67.46610010888968,0.24162345647897465,-27.817397021431372,0.3657404997508945,-33.722416399009724,0.2931455290889211,-75.42003625832514,0.035180901346057336,30.13794063433946,-0.160499289380181,-38.00592109553486,-0.06049731763250668,-84.0023857577714
313,6.26,0.12693051809648837,-12.769198438204961,-0.23741689438549,31.877032620775392,-0.1678034099799538,65.87191622524688,-0.02931095209002424,14.749033560196644,0.17449443020399732,28.675847711419088,-0.0863069104652209,66.55463992985524,0.05490693332837282,-27.240727835534194,0.31493050950356155,-34.11021982180219,0.24310153466581946,-75.48809980333039,0.014326879699486553,28.53346226652135,-0.09435577445702636,-47.251611701243014,-0.06037517251933339,-85.92712687219769
314,6.28,0.1392226210522315,-12.962535465977915,-0.19686459272885262,32.794893349448635,-0.16251739882976382,66.2634713187788,-0.03849992822252496,14.52944473648476,0.20066697304347483,28.675847711419088,-0.11768377924798255,66.50978847201448,-0.0344489605049335,-24.630357102145933,0.3202190315023512,-34.33115845411719,0.196833815091241,-74.98138724116396,0.0008827493007574627,27.354004709207064,-0.09310867001864148,-49.5254026430796,-0.057726923746776154,-86.22818112831555
315,6.3,0.1512460528581666,-13.089379188667852,-0.2069583002806287,32.59538652126967,-0.16970084262315235,66.57722890677903,-0.040897576171955816,14.398470769089279,0.2087733566923045,28.18543857595114,-0.11246052652634701,66.59014308913598,-0.031141268729329402,-24.630357102145933,0.3149821465861185,-34.28719244534835,0.15443142072743296,-74.70074953919823,-0.003378580349714333,27.354004709207064,-0.10516905759076511,-49.5254026430796,-0.05648166159673251,-86.55893113041942
316,6.32,0.10768143865671108,-13.089379188667852,-0.2229443289530045,32.7831369555307,-0.049127882795936786,66.94871623093007,-0.04074468039670709,13.459421308658941,0.17154857453289815,28.003549894941116,-0.12572970417734697,65.77233632399593,0.2669826621479531,-24.031143623139535,0.33192144619926645,-34.28719244534835,0.19313520697227032,-73.80235017289843,-0.08359716056227784,23.096019929667506,-0.11597756013139751,-49.5254026430796,-0.01871882704804212,-84.38543810264953
317,6.34,0.09790781391472539,-14.69686681668217,-0.23438217480709536,32.941523528992015,-0.14700715997626176,67.2939880232951,-0.047635363422474486,12.763998272344223,0.19231338860543234,27.971863452576887,-0.11710411671186532,65.18292546732572,0.1116220175163398,-24.031143623139535,0.35151405094738564,-34.38167961199101,0.194922403870499,-73.4899012674339,-0.01380769101088819,19.99488010139769,-0.11548163547372126,-49.27856303591834,-0.014941387039264648,-82.7418718031111
318,6.36,0.11818547050459492,-14.909566806838464,-0.22151243569386417,33.14093130156612,-0.18142215597459543,68.16815069112921,-0.045576625619293175,12.338270234683721,0.2129091131303823,27.971863452576887,-0.13438997866001634,64.94771418412213,0.023304012587958473,-22.320891704880676,0.3490291998593654,-34.543003280616965,0.16945912855269052,-73.29153444037496,-0.02195585474117294,18.352546589217216,-0.10873271629509276,-49.16743253160454,-0.013737179595370921,-82.21069013538056
319,6.38,0.13843695703938663,-14.909566806838464,-0.20847312330373644,33.073451335109766,-0.18745820106774327,68.57129079099295,-0.05136767042274956,12.26707443929846,0.21257311616112573,27.64248553618443,-0.1350901585755289,64.94771418412213,0.005939822880525511,-21.615195757558126,0.34568133760766684,-34.585132288941374,0.14632372502206514,-73.27909013157046,-0.03677643776443716,18.352546589217216,-0.1086002455624894,-49.16743253160454,-0.014293105025275185,-81.99321710893604
320,6.4,0.14911076688860092,-15.37949103524133,-0.20192481653193922,33.073451335109766,-0.1791484692201745,68.9567456059791,-0.05238877060498605,12.258736566255918,0.20921379197270662,27.620029900489612,-0.13384096794315692,64.78966270831337,0.03654927125852947,-21.36928367144745,0.34705458132475836,-34.58708478440647,0.13745982820855046,-72.98290435403027,-0.04912978679565666,17.609157521387225,-0.10870376531689763,-49.16365260313069,-0.014136068107499237,-81.91811509487587
321,6.42,0.11983516374359843,-16.494773157349915,-0.2148015091633187,33.15548403890299,0.0011107307763138854,68.9567456059791,-0.04701210461148295,12.258736566255918,0.1833954888601244,27.48185928915563,-0.1334779748681232,64.04967477358753,0.26588372775582003,-21.656153872544106,0.30636274381494855,-33.967678824291966,0.20839911323044902,-72.33512862769363,-0.13063077552641772,14.98695992894835,0.8510955440424244,-49.16365260313438,0.7807535789100801,-78.00213222359721
322,6.44,0.15544053240530223,-17.02618291213202,-0.26452900078369684,33.15548403890299,-0.056952555437524595,69.20248659245148,-0.0854962114624034,10.580385752845102,-0.09293025579627692,27.438658807820758,-0.2416410389389379,62.9199430948242,0.06285295760691437,-21.104174173667147,0.16906770177562652,-33.967678824291966,0.1534671219577259,-71.89010210534735,-0.2661830606154233,11.706384300218527,0.48164811958310483,-49.16365260313438,0.40005064848650207,-78.00213222359721
323,6.46,0.12224520111527071,-17.585178732053716,-0.006763929103808006,33.15548403890299,0.06131209386084031,69.20248659245148,-0.09242045102176036,10.516197074182836,-0.04402880790246925,29.155270293480868,-0.19620882784763916,63.22320237922532,0.003407710654065546,-19.969263927887063,0.07900335878632953,-32.69369255169841,0.05523514223878051,-71.82511733005605,-0.20892504160710884,11.405635916952276,0.17099019425550405,-36.284451994421836,0.11225211800475504,-69.92189297641342
324,6.48,0.09990800247903367,-17.50180612504147,-0.011991302144779274,31.87379032922022,0.044903440844252684,68.42751804205906,-0.08632570487925713,10.516197074182836,-0.02835161273978233,29.658393312854358,-0.2239811098779882,63.22320237922532,0.040919466862331846,-18.996473649892376,0.08019117091736257,-31.962121381412548,0.035182701171962524,-70.45445297489874,-0.2323968282193183,11.200923164516283,0.20357613397184127,-31.879075019660952,0.13486899925236134,-65.4332001236047
325,6.5,0.07216784086061322,-17.30690396360582,-0.02852397733762113,31.32352272664881,0.03879768947211546,68.39973514087272,-0.07929972249879626,10.496885716472217,-0.041258297740320235,29.771799240681382,-0.23217103389225574,63.46416736264196,0.07104074827543813,-19.0112622283704,0.09599914514693401,-31.59498556182282,0.0517180914068357,-70.22222067432999,-0.22616457548700714,11.200923164516283,0.2197056231172002,-31.213744177307465,0.13494777872156824,-63.63239018272164
326,6.52,-0.051892860947230904,-17.60511772126659,-0.04932387810783986,31.468572939404876,0.12247445592792702,68.85981990495523,-0.025275092995405916,10.32905859047009,-0.07433509044719232,30.113526050766623,-0.22510143418497044,63.50108978289132,0.16257309011818755,-18.472456062360454,0.08409534063389848,-31.2353743858963,0.10871537203499465,-69.50416975402847,-0.2287049267181549,11.195636466885336,0.19792608544286708,-30.606839934686892,0.1550334210516008,-63.42272126695335
327,6.54,-0.02144309812529086,-17.966618269630764,-0.06234303226265854,31.468572939404876,0.08859861044366718,69.09409665425774,-0.001686373230166141,9.964717054037592,-0.07259753764770126,30.29950398763397,-0.18928454696081418,63.50108978289132,0.14236555317142718,-18.380852699818785,0.08947783316958807,-31.221987384812554,0.10460903373419023,-69.25535750691897,-0.23834266468134663,11.242267764251002,0.20538797318605986,-30.538115999639302,0.14894731405928185,-63.358716698769875
328,6.56,-0.002580779635089868,-18.342824956946117,-0.06793067940390783,31.797222812932056,0.07473912063996865,69.48390918212418,0.00926195300009014,9.964717054037592,-0.0735914872615363,30.33905060862941,-0.16557290107535455,63.1069462170065,0.11081362367349645,-18.380852699818785,0.09383398408443212,-31.219242474979943,0.09980893069434757,-69.15990298264427,-0.23731197026621004,11.28318762049015,0.20697755789073102,-30.520882942314447,0.1405624669732366,-63.23821223293151
329,6.58,0.002971527687472067,-18.56300389275643,-0.06928958251773934,31.859225818492742,0.0713000761607849,69.60746743573178,0.009217472742250432,9.497989338699076,-0.07442676123583139,30.352442111352538,-0.15658306991171655,63.0150957406844,0.10229822284276867,-17.315292427703493,0.09502745120196719,-31.270167277751543,0.1031235885151112,-69.05490069847731,-0.23621683511010413,11.28318762049015,0.2084294649419675,-30.535422573214294,0.14290669770060302,-63.202407864313855
330,6.6,-0.00266865227409116,-18.659560098996177,-0.0678220228751481,31.893989659990737,0.07503669706466018,69.68988804658566,0.005794835036922651,9.442962414941343,-0.07405439493371051,30.368572568432906,-0.16210919179932237,62.83977787567542,0.11084040479817252,-17.315292427703493,0.09384243527979438,-31.27517705935413,0.10388222806932951,-69.02538284001835,-0.23596534973491437,11.284427220383435,0.20739349453525013,-30.53531539902239,0.14369081516720864,-63.197955413022285
331,6.62,-0.14591111490189512,-18.849272896397014,-0.2396385516552605,32.89642700866559,0.07428628421695521,69.68988804658566,0.005564857781175658,11.900458844486193,0.8660489211697853,32.556501711763325,0.6035053453827894,63.975481105335234,0.1437603882464365,-16.771058931115817,0.2917761192205498,-31.813995406058446,0.2662671168925721,-68.7147943811778,-0.12482393482287722,11.613127352522161,-0.029244674354819783,-29.699683788433568,0.05277222681293624,-63.64814573940079
332,6.64,0.10263844869326758,-19.53685249970822,-0.32642549129998066,33.91224522899366,-0.015722747111572115,70.87993573206322,-0.0772369010015697,15.885397445897201,0.34350724992326875,39.1489541045124,0.08087635427026807,69.66896272696376,0.16066291955323403,-15.603243746111945,0.39465819693619736,-32.88847895729494,0.24542875032455064,-68.7147943811778,-0.09996838391833,11.98223894791135,-0.08165991580060811,-28.960761952131307,0.08072696731582016,-64.41031794731916
333,6.66,0.20250097310547815,-21.6964711359253,-0.2869387174676387,34.50868965141127,-0.07518955587152362,71.45032729407991,-0.0946543576159227,17.94279578276415,0.24044836882893322,45.1533771216727,-0.016778795091819787,78.8633912014335,0.17541774057582796,-15.544538202688079,0.4325870611558212,-34.13117831017625,0.1322233482378218,-68.7147943811778,-0.12348087031828466,12.027181018276915,-0.05385166544142764,-28.155899020946798,0.07571243627099819,-64.5440189877642
334,6.68,0.21192816315130225,-23.035368751618805,-0.26028122983653285,34.49804413679121,-0.13558131721647632,72.26009587152672,-0.08241877649912739,18.2177382395436,0.24027457129942137,47.896180012118535,-0.017699413852455284,80.07192628186938,0.16724982649822454,-15.554306726842578,0.41562784910200967,-34.507375036129694,0.04109331926489451,-67.40963481495714,-0.16767938451646974,12.15417176625302,-0.006734068022133194,-28.119811592881568,0.07322437972742925,-64.68350602576535
335,6.7,0.1885605300683356,-23.29259815731125,-0.22826273615656661,34.239675796464155,-0.12707902653422765,73.35112084181034,-0.06767586770926298,18.71744321496916,0.2375790113830476,47.896180012118535,-0.017188183912412808,80.07192628186938,0.16962420423711633,-15.514941427826217,0.40230626560645144,-34.563557212873015,0.027799244594815975,-66.84262023401811,-0.18627370980741076,12.592476017138434,-0.003344676645872291,-28.43697028949326,0.06258963140928805,-64.65969037491935
336,6.72,-0.1007965301955318,-23.29259815731125,-0.2324779638597234,34.23693565440152,-0.059935827925994785,73.75469703569156,-0.006148285737456405,18.71744321496916,0.23778894614159513,49.43073489214674,0.01217252359547985,83.72562099738957,0.2230170862103667,-14.962391353308155,0.3830351443904476,-34.17109040376897,0.18988090015053152,-66.24813741192483,-0.1192584473659525,12.916372424852476,-0.0837632511943962,-28.457363470482935,0.07452295310048054,-65.87752147998266
337,6.74,0.04077435020990901,-23.09818922820124,-0.21624716610871186,34.23693565440152,-0.07415353595341075,73.99593584866415,-0.05420748474637732,25.66029614649616,0.24600791053796645,50.16851428782224,0.019199661546599592,85.62184678844402,0.20832492785345724,-14.090815861397672,0.3960406533929266,-34.11132178980279,0.10472523322674179,-66.07669389966955,-0.0993643101716601,12.916372424852476,-0.06459415924332876,-28.299037213661766,0.06726864670293889,-66.43749746587075
338,6.76,0.12128060911651443,-24.168325289062178,-0.22523080321014427,34.045805309118904,-0.10993334893508883,74.11011568008661,-0.0376669173728008,27.430214054024677,0.25479318928062095,50.251608627230496,0.012693331343049494,86.21323904317892,0.17024361514698058,-13.719016889061118,0.4085651182612548,-33.948032431460824,0.059994165934635066,-64.99898623650122,-0.10022462500569539,14.1049351909011,-0.06565135118305368,-28.3002048978563,0.06497292642923301,-66.58687830510843
339,6.78,0.14409815279265803,-25.091218082148693,-0.22238565857554138,33.99978501096713,-0.11759938346064899,74.11011568008661,-0.0270096104448872,27.87533158384094,0.2459657931886593,50.300377742013985,0.012914258947194723,86.48984909230236,0.13164184102342086,-13.502102161205887,0.40033995501266034,-34.066464229375434,0.045765193040462865,-64.77244313200126,-0.1170176333096771,14.15384294092939,-0.02269032383608094,-28.550201246218986,0.09022237037672709,-66.85895204034708
340,6.8,0.12773676629765918,-25.246457893634688,-0.22154744279198668,33.959689418959506,-0.1100063208419994,74.69016051778702,-0.016026848237053082,27.99654606044483,0.24439285201352345,50.32079692408834,0.012144035570398212,86.48984909230236,0.11457993544269346,-12.880503999706583,0.3932929153480038,-34.06627182928266,0.06043709571363498,-64.48971170925604,-0.11535632890948773,14.28867694400817,-0.018455436999242597,-28.727595160334477,0.08808208881509887,-66.91593492313126
341,6.82,-0.18903779171932897,-25.069381876767828,-0.18917140886315464,33.95659977817613,-0.027341412531932514,75.06008386849663,0.0799820739710031,30.4779611324874,-0.6642188607458717,45.36590085584347,-0.06234912137973864,82.6860286776187,0.15127028204311097,-12.76458866069118,0.3262869426935435,-33.40004860017185,0.17295946943567642,-63.885286815969756,-0.06669806271205893,14.61168001808012,-0.005958679352512625,-28.727595160334477,0.011227121415777325,-67.4750361636563
342,6.84,0.019357248030126395,-25.069381876767828,-0.1932260331003585,33.70132691732295,-0.019064860379259557,74.87793538552556,-0.018465991212794408,36.2413837709818,-0.1415718218074269,39.67241924382699,-0.059363457420465504,79.2365054939981,0.14353661168553955,-11.2027668829459,0.32651543263088406,-33.08688878134117,0.09474816103941308,-63.318169834341404,-0.07312874793646085,15.673339188193161,-0.0126932274756697,-28.727595160334477,0.10497453270023971,-67.87663747595766
343,6.86,-0.08108094483325157,-25.069381876767828,0.013355472691990986,33.483217868707676,0.05600094510893821,74.73013114023821,0.19337102196847278,36.512890567317925,-0.11879571480067369,36.74152731588261,0.07343518355633064,76.89149825026946,0.14502051771058033,-11.02390513729812,0.2010469786300057,-32.54947970176901,-0.030845040847763433,-62.3201807406429,-0.1359869197255405,16.132841489160207,0.19760466051853537,-29.896532103631746,0.15449007099975348,-68.5339073783158
344,6.88,-0.11500341727962961,-26.00779112743489,-0.010333057521561093,33.483217868707676,0.013055643148731755,74.55021949050759,0.17065307849803524,36.638988812290684,-0.11682285951098231,33.895554960147734,0.06954285668606307,76.89149825026946,0.15104174293998773,-10.886360329377771,0.19475383939511492,-31.631226284934037,-0.034288997758396986,-61.75083864221982,-0.13882786236400937,16.58370688065938,0.17500859517897677,-30.98497829449461,0.11436164244454369,-69.27097862754485
345,6.9,-0.13317676727003547,-25.566937918014723,-0.015477135452001283,33.483217868707676,0.012344646900821148,74.48437946410817,0.15349994396442918,36.858006770970086,-0.13954569918800158,33.37157820335472,0.04349334033340366,75.47961737803752,0.16948684485537227,-10.956731903626428,0.21621745098704764,-31.631226284934037,-0.011513127491531907,-61.75083864221982,-0.12238865914229602,16.816153052649778,0.1747068296781226,-31.206433689397006,0.09945145512103096,-69.15402455158645
346,6.92,-0.20585036943778612,-26.410581739644954,-0.014682176649920609,31.716482143019476,0.012871490385601092,74.81654308355579,0.19832338391062662,36.79012362138175,-0.14890137448666624,33.164964632748685,0.04848472270682319,75.3775449484389,0.10970231706787908,-10.83156576801551,0.2561536740990762,-31.697406930227505,-0.02096502252603188,-61.34826035119353,0.008231280043651187,16.94972203666593,0.19873799335296313,-31.478454451746007,0.016794689321430346,-69.53305792182867
347,6.94,-0.2136979401524586,-26.605545041755896,-0.015480966148209721,31.71438569859501,0.010079821974318427,75.11522744656058,0.21756539864942137,36.57870269616224,-0.14894618366734405,33.15950720191339,0.05826343843634872,75.33207013973816,0.08710134700059531,-10.450095028676685,0.25251851739583464,-31.761329335360667,-0.034360907970048156,-61.34826035119353,-0.014739744890570422,17.58700942697861,0.20173557058524783,-31.734486628724845,0.03243632938963696,-69.7709304490383
348,6.96,-0.20507352944582408,-27.043073961521362,-0.01619858221006522,31.714385698597187,0.01481854894590863,75.38466268698328,0.23049108175402425,36.480288732206866,-0.14680304355749557,33.15348611306351,0.06299587978138707,75.20690738773175,0.08481066304397297,-10.23827235649498,0.250135165944534,-31.842887291507775,-0.03958839561711451,-61.16085894072904,-0.014699485198191406,17.83411704788288,0.20505593566608993,-31.8575091900415,0.04611745090181715,-69.86074890274728
349,6.98,-0.2091562310758126,-27.043073961521362,-0.01850692131594796,31.716216510601246,0.016565395174512415,75.36551824546805,0.22509822568804963,36.2571546021187,-0.14852703435526152,33.14996838791716,0.06373960976557953,75.15610732037312,0.08585946463690894,-10.158496867810276,0.24928583173886365,-31.842887291512017,-0.03562591533628759,-61.08989094390981,-0.012057154267357026,17.943243413363945,0.20303759343755395,-31.907049050013367,0.04423755149391624,-70.04388904479308
350,7.0,-0.2105618976330093,-27.246546571343586,-0.014829799517960037,31.707002243556637,0.018558800265796184,75.36790893060532,0.22440806021068826,36.244149659620476,-0.14820697136276018,33.15262515859166,0.06189315668236771,75.15610732037312,0.08855589664204383,-10.155632937079876,0.24961108816566702,-31.840519813844672,-0.035820377548114395,-61.08989094390981,-0.010145057437207602,17.96924380058795,0.20213581899505137,-31.907487306130893,0.04178854941551499,-70.0700538582924
351,7.02,-0.04515798446397229,-27.466669095326964,0.2144207591445904,30.720920410359614,0.03057140753415366,75.79321166899825,0.13777517760142266,36.244149659620476,-0.22369414343113617,33.30577639959914,-0.15842203987251163,75.49832190534129,0.021550962737905688,-13.16309234173482,-0.7072385317597709,-36.224979020900406,-0.8286231478497681,-65.2731719146701,0.12341695192746693,17.968147761591126,0.36556641612088303,-32.857689415832816,0.021519861870717107,-70.938032414803
352,7.04,-0.013943022344343997,-30.879717463168678,0.2102807380368673,29.788097732889838,0.04088406145495559,75.79321166899825,0.02871014585737823,34.9705577357215,-0.2920026813671819,33.97801961766052,-0.11533006143243879,76.62774220985976,0.12217680128027286,-15.09156123564576,-0.15851769273500693,-41.91846063228627,-0.2799304655932091,-69.16871197137827,-0.1464285178549653,19.344609798432725,0.4462705471339682,-33.70060414878972,0.0005800389877881965,-71.120032554191
353,7.06,0.0191214595200006,-30.879717463168678,0.18953558160849412,29.455316790850006,0.04087631615928563,75.9075774445992,-0.03403161054250375,35.44442607773165,-0.3238243331322127,33.97801961766052,-0.06409180581436749,76.50998091956437,0.1456818311359097,-18.15253552831269,-0.0981893333807145,-47.48974372219199,-0.021156398787372188,-76.04270229517816,-0.24047085483083475,21.428706640566226,0.45089861273681764,-34.448621282502245,-0.0077382576421836345,-71.11454558948984
354,7.08,0.01853275822863587,-32.53929429761508,0.19974396251182347,29.376506775984975,0.040868163209437425,75.9075774445822,-0.051787366664175334,35.849406585098684,-0.33637277956134554,34.7885438088701,-0.041942006258333706,76.35766190627554,0.1280055288422277,-18.499852010358417,-0.1174728214247916,-49.02881780135007,-0.01976612724094512,-76.04270229517816,-0.23438816805238988,22.58936922598899,0.45144692179047663,-34.67212438543697,0.012621748559532436,-71.12976315854729
355,7.1,0.004775664866864711,-32.68090788050092,0.2107227285465367,29.26090268457122,0.040860417903580415,75.90757744459508,-0.04168148030806182,36.09839435227674,-0.33731949594204946,35.204295896806876,-0.04190503230357023,76.05274912041719,0.10559195132579345,-18.499852010358417,-0.11785721238436198,-49.10766496576642,-0.02037824829106434,-80.96817714180615,-0.17443070128994947,22.771717287812354,0.4396956989211468,-34.82776395730241,0.034306117794970226,-71.14473122747383
356,7.12,0.012930468655707197,-33.11024842248197,0.23469878581775133,29.07896102240532,0.03814400662829011,76.25244836640475,-0.11201452367838344,35.0929480787503,-0.30448199032262074,35.164495608856235,-0.1420729671123785,76.14754135304416,0.027225623238208707,-22.171096702355527,-0.09750323817052414,-50.50439688463082,-0.05099235322349166,-83.9296732123075,0.13497833097083645,22.28958037434535,0.42217395809631814,-34.90676899898501,-0.006443576024393535,-71.93355004402702
357,7.14,0.004198315230611219,-35.022030327181575,0.17380573600068328,29.25122224987233,0.048372775632351435,76.41672076754594,-0.08324233578316104,34.46457836200337,-0.2551468864675787,34.95477396572072,-0.0461352938006767,76.14754135304416,-0.06481276779114675,-24.66571456571945,0.02895415546551941,-51.51184575548191,-0.07222415596531387,-85.42868489204164,0.07075420450423195,22.12336212311285,0.3435917538209047,-34.68430828663637,-0.016844935681475194,-72.23963611766939
358,7.16,-0.01491476357364413,-35.44437880333041,0.18088772916354545,29.35570974425822,0.04653798204894859,76.41672076754594,-0.0494748596399663,33.77762068173572,-0.2404442403659709,34.74768464536613,-0.010187243357480169,75.42527711514835,-0.07246811356596175,-24.66571456571945,0.003896248217433257,-51.51184575548191,-0.07252732448402638,-86.15426394939722,0.08397414326740622,22.18596180425091,0.3104806943796439,-33.98564763134988,0.0064533344320585745,-72.28748253197647
359,7.18,-0.023890343094624462,-35.44437880333041,0.18602935953977526,29.450495312279916,0.04482356724608912,76.41672076754594,-0.03130424080185142,33.41307707201975,-0.2562495089480621,34.34044301927222,-0.006682081405694845,75.091278791925,-0.0730514683628334,-26.350965806447988,-0.008453419697796047,-52.54336903815387,-0.0713946851227491,-86.2792432069016,0.0921323529921503,22.141028908687165,0.317797715882725,-33.64914873669065,0.03872242056729781,-72.57120043080546
360,7.2,-0.02878270137349903,-35.38094882454332,0.19255491686809217,29.427264304548043,0.044959624040294674,76.45834138693152,-0.031680865160908775,33.24148056825262,-0.27735461693189434,34.34044301927222,-0.014129706005807471,75.02487069413215,-0.0641398418321602,-26.506972446154894,-0.024787592637576544,-52.483310753724304,-0.07450132769065101,-86.2792432069016,0.0851494991506221,22.131869443312613,0.32951004913746956,-33.64914873669065,0.05128165854382009,-72.87824847945001
361,7.22,0.0035455240689889894,-37.07162300836254,0.18324636850616344,29.78946122553414,0.042370504543552547,76.71537674579122,-0.13685777741471145,32.21960984054066,-0.1444807075483418,34.04440566719328,-0.1135488269174697,75.05548644108933,-0.15262369712453128,-27.544102489781306,0.9176231073175507,-50.71131447488147,0.0511254202848177,-81.93001487264864,0.36430939647284966,21.545909571129233,0.17464993300671794,-32.99425043887578,0.08538962798464869,-72.87824847945001
362,7.24,-0.024741396602223624,-38.05654197351231,0.1619177138247426,29.668791991161218,0.04937559889020705,76.8493069569172,-0.1832369629975673,31.78509662254977,-0.13119633429849828,33.29692381852486,-0.059854488405070044,75.0650371270239,-0.2450098239920307,-33.72850209157275,0.3950580585803197,-41.421949739584036,-0.2234193113650983,-81.93001487264864,0.21039645103742638,21.80977815937583,0.14719069043632851,-32.13495493170218,0.09199402985196506,-74.10468547398945
363,7.26,-0.03328371132572322,-38.25968344716454,0.20560080958805077,29.56639235107399,0.04783933897240594,76.84930695693336,-0.19245950825806116,31.818566925985223,-0.19503812839133217,33.20417621311069,-0.08139261432955222,74.86159871875331,-0.24335199447694167,-34.70556860022553,0.0697604309054245,-36.53180994918855,-0.09124869774389124,-75.63912357158712,0.2419613432344806,22.62884988060115,0.2192651280764923,-32.028029030815,0.11459028672955923,-74.5743500287253
364,7.28,0.0754856236933372,-38.829737457967774,0.04862155337242556,30.78285343705219,-0.1750862926527704,78.00599510447658,-0.05349199724829998,31.315688861658224,-0.04175450652735836,32.57685192715503,-0.033663736348477066,74.70276499063453,-0.19267964481580294,-35.6271187673127,0.2003045255159664,-34.31517945435323,-0.18920052126742903,-75.2919247658728,0.0640019134301878,22.62884988060115,0.21423780875819193,-32.155233186881674,0.05187946852060257,-74.69622276575863
365,7.3,0.08450381464704372,-39.38030646887776,0.06083883132562509,30.892399989999934,-0.16092764448712904,79.01878222145437,-0.05535104885132247,31.315688861658224,-0.05689838184380136,32.26769687967139,-0.016198371190118563,74.46114663121624,-0.19162628687259342,-35.81000602811528,0.21284452172440355,-33.79991573131706,-0.19737388369299522,-74.68044015355406,0.03649721859800174,24.846527351818825,0.196327849743308,-32.3882350613381,0.0516157766890399,-74.33353099547301
366,7.32,0.1498959999974372,-39.84419449100538,0.07666083351675897,30.7531967228944,-0.1280463109934823,78.90642298860254,-0.23213183258582326,30.179761037994496,-0.07230930961979803,32.10782765875575,-0.04732958007516577,73.91199986808476,-0.26506584973583847,-35.81000602811528,0.2318418466155014,-33.54693536341106,-0.147441923260173,-74.55595083923707,0.20618874178030838,25.848317273359513,0.183116555038566,-32.3882350613381,0.02578729304729169,-74.70674383928106
367,7.34,0.16525113902026342,-40.26360788907706,0.06801082112710267,30.75248196301354,-0.11093183782305036,78.87578156291359,-0.22385155376694904,29.645504241752278,-0.07397856949570936,32.14292760583161,-0.026283232808892318,73.91199986808476,-0.2605706726834032,-35.55870663950822,0.23069442788621142,-33.54693536341106,-0.12942093554856504,-74.55595083923707,0.20393203930591702,26.170408682175193,0.1826204796285691,-32.17190492886279,0.05189037655390849,-74.92386773463774
368,7.36,0.1592762078827557,-40.47040064314718,0.06457874115689644,30.80578557491897,-0.09867451886746523,78.78725213458395,-0.2331290434894892,29.56071365757546,-0.07840524595687662,32.17387507557549,-0.017370361639230975,73.40285035738744,-0.25469165719308223,-35.53029930143235,0.22948202102593743,-33.54693536341106,-0.1152489833246011,-74.93384740068902,0.21400008823816158,26.275596673212277,0.17679584782630334,-32.135764805124275,0.05900838084652657,-75.1317389826815
369,7.38,0.15427590494729784,-40.49585568232786,0.06327587098385515,30.811907982595248,-0.08953864251653809,78.61769132592251,-0.23658074319746492,29.561724091491243,-0.08442696577232384,32.17387507557549,-0.023265634018707917,73.33858425456438,-0.25377965843916617,-35.52951123396048,0.23020220545635503,-33.52753470307223,-0.11391437845748878,-75.05813786145674,0.22120926078126418,26.36322608219213,0.17303538902317367,-32.08960726970459,0.0562683406364855,-75.25195714602286
370,7.4,0.15245816704190845,-40.4887473153264,0.06550306568825168,30.840998264033445,-0.09037457478458472,78.45526138070605,-0.23743994024277632,29.568508940079337,-0.08159877809527863,32.282201710356674,-0.025015607554416244,73.3277194272037,-0.25090671209445187,-35.52951123396048,0.23016352184595135,-33.53002133089844,-0.11685692495896433,-75.09799153650154,0.22341141037057582,26.30489870527514,0.17375186593478545,-32.05165308476516,0.053513310158791544,-75.25500715535708
371,7.42,0.18087736254816145,-36.10058783368373,0.9414,33.65350519467391,0.12403449056301236,82.38250680573674,-0.4148343618808781,29.561928686969555,-0.26760241472363727,32.465603026947406,-0.06426001288297906,73.0795541718934,-0.16679432182543233,-34.65783020340588,0.1410019476519857,-32.823659980235,-0.06998494261224042,-75.04008979690273,0.23165966458795012,27.93023522761857,0.24437658575368656,-31.929930348143454,0.03636624741911571,-75.73807377634785
372,7.44,-0.06652195652871462,-31.443253508191116,0.4608845374628624,41.74424222203526,0.11878520591122554,85.27508972602695,-0.2671911130913729,29.366447795481783,-0.29289701886994346,33.91528452338812,-0.14924612558795863,73.02588804564506,-0.16997459780662827,-34.05043695322433,0.07920625525752764,-32.5117065363996,-0.1037020059358836,-74.98141638288885,0.14782804763056537,28.74924666537946,0.3221204972232311,-32.922695255735405,0.1225946173078459,-76.1004198641993
373,7.46,-0.057244792418971874,-29.119522498760553,0.19323781507891002,42.94286992955122,0.11586135739941378,85.92905579131939,-0.030804224712210393,27.889694269915676,-0.2412918375476203,34.23160160360645,-0.12829807565926743,73.33307374556529,-0.08149591611902776,-33.783537183769184,-0.015767727673366788,-31.625115941717098,-0.01835707509347291,-75.13661035322454,0.029524533293929595,30.000691917496138,0.3361114060774578,-33.36456831424067,0.16074409264742218,-76.30480964805079
374,7.48,-0.06093574243897147,-27.703427519257303,0.20649112898012845,49.418485356108434,0.11257716639734006,86.76581086967448,0.11594793033439107,24.63379572160382,-0.21962740205689607,34.04694955328494,-0.10073960612446965,73.27474159039555,0.00751094621262112,-34.30156615626873,-0.09400921067762052,-30.746922854865176,0.016114642824501747,-75.77088770678203,-0.10768682841011086,31.07717025821446,0.3259661583611604,-33.36456831424067,0.1475341287358243,-76.30480964805079
375,7.5,-0.05682760720110136,-27.255327354136625,0.2081081729733717,50.2494482825331,0.11394948966198909,86.90602423219661,0.1428044869412171,23.28923533535557,-0.22529705861291843,33.91532256617866,-0.08397989431182666,73.16456521620842,0.04050639723981514,-35.19196020936464,-0.10545351092614025,-30.746922854865176,0.016044099966685755,-75.98622511031958,-0.19524449369087266,32.73796189397073,0.3423495113167779,-33.81356884304896,0.13681521491805726,-77.02735624793652
376,7.52,0.00443437087754589,-27.255327354136625,0.23093926770145662,49.620423743867306,0.07742863674997233,85.55350088996491,-0.15033299718127088,23.211539346418746,-0.23748434071551966,33.701649368230555,-0.13055973777410818,72.41858182185132,0.02069601195713519,-34.29503722617876,-0.08381720642542881,-30.013727517643087,0.01900792434251591,-75.78041485322414,-0.155606775313248,33.796244523285274,0.37809706301166,-34.0383090028501,0.036367891548766906,-77.02735624793652
377,7.54,-0.03495035595771401,-22.247926503042464,0.2184721341434222,49.47975026467864,0.07344084650332156,82.88554050311485,0.0038484680735682564,22.83949298200318,-0.24740011804241235,33.826260358078635,-0.14887773354663658,72.41858182185132,0.02963174855319807,-33.14442504853632,-0.11027904738982039,-30.013727517643087,0.025455585538800597,-75.69760193514838,-0.15775519701594487,35.62375473569127,0.39903742481783255,-34.3026603855175,0.09656878307352812,-76.75198654965699
378,7.56,-0.02697662773809558,-18.289307567507205,0.21555811074845574,49.46561554045606,0.07213859579927129,82.4045815077575,0.07284799282027533,21.739110563341654,-0.23853821556049382,33.89136096133863,-0.13134015562848128,72.41858182185132,0.026051129015804392,-32.91503614052852,-0.1102676376347473,-29.699670057091442,0.025456408959857242,-75.69760193511425,-0.14704684891120876,36.31070414783112,0.3741837025394832,-34.45474143676945,0.12852263694007382,-77.05572890852073
379,7.58,0.12275716360018285,-18.82529684479359,0.016717523952721705,51.105512618767186,-0.04990032710284292,82.4045815077575,0.10693871661150103,20.909666933650463,-0.07198234377231214,33.29533390057054,-0.05384690631420379,72.14721988475951,0.04878858456176095,-32.7667030824591,-0.03315393544093079,-29.787316721625807,0.02471479237123686,-75.69167676483929,-0.1798573503150873,36.5695273343129,0.31671585558235527,-34.34871123768557,0.02862788379585729,-77.22059643028797
380,7.6,0.07824172939248439,-18.938655117337166,0.07229375887864298,51.162206774682694,-0.0136560307112975,83.25990081716525,0.07680263421329661,20.467499832578646,-0.07567997647204548,32.78528002635319,-0.08474132208450941,71.46302591106473,0.05297201806272869,-32.905460524956304,-0.04694229147220812,-30.28598915082246,0.024715318905944535,-75.6890968584681,-0.16021590902877322,36.7217634982461,0.30063328990642446,-34.34871123768557,-0.01460328049270854,-76.60712131918562
381,7.62,0.2618457374483032,-17.472064340325055,-0.8816734742816981,46.09169939046176,-0.8187883116245118,78.15922867850868,-0.1848879170929079,20.563057033298527,-0.01042652950801859,31.2036844958819,-0.1373030793356715,70.83404061625866,0.031516487836274726,-31.5094978980743,-0.012940116003343494,-30.28598915082246,0.022457552216347973,-75.23940461906702,-0.06946581539832455,37.452231748077466,0.28549334266953974,-34.34871123768557,-0.184350829164177,-76.60712131918562
382,7.64,0.1321364992156136,-14.872597304648291,-0.38525124764829155,40.99753163185073,-0.3223717408313408,74.56334555219745,-0.09666063436414238,20.728899336048176,-0.10698677246119845,31.2036844958819,-0.20341253445623564,70.64847200660273,0.021658897102477787,-30.45207513325572,-0.0641001993056978,-30.663722039792205,0.02909956362766291,-74.9966929960957,-0.05361728624884843,38.2599375716344,0.3597308421902222,-34.34871123768557,-0.08454371171498011,-75.1054492623475
383,7.66,0.16137272116140794,-14.872597304648291,-0.06315224071652303,38.30061928950154,0.005543274552689437,67.13727780636269,-0.08281707056976739,20.002636263774505,-0.12631152742153712,31.950437303330272,-0.14740548628063088,70.92517409330598,0.053713197980555294,-29.907971308641358,0.2001663795615351,-30.943272567330062,0.27686164761741533,-74.97990880249338,-0.008340607546676343,38.36367463443091,0.22815380173708727,-34.34871123768557,-0.056502334805678275,-75.698060151581
384,7.68,0.23120909566124462,-11.870671223636762,-0.04554880417003432,32.856976415598844,0.02929029952965309,64.40506263801824,-0.11972355215688169,19.97382013305141,-0.024347264531977567,31.999089732093765,-0.05732840162632134,70.36157470544056,0.07825833522333264,-29.907971308641358,0.08081128554277339,-31.778076156689302,0.2231639266658313,-76.42760285898936,0.023724695946507807,38.053172679237846,0.17150508032612297,-32.900200102448025,-0.07438447168876382,-75.698060151581
385,7.7,0.21720777856725396,-11.935888745196918,-0.07148651830578534,30.990000444578182,-0.007156772022586293,63.29757682627741,-0.12106777955503814,20.008486729085472,-0.02547365050433035,31.445187668056228,-0.06942317665465615,70.04693185159006,0.07046480010381949,-30.185368649162218,0.08643886903110203,-31.778076156689302,0.20528333002422097,-76.73483045161414,0.011717199627399533,38.053172679237846,0.19260856240565244,-32.46166657876198,-0.07437208111509697,-75.6818523256887
386,7.72,0.24364509744805682,-11.939629339087382,-0.0488608381324737,30.781243493216582,-0.060085358281180216,62.92553649019197,-0.19907707960276588,19.26749660136727,-0.02013774924521817,31.076307610913773,-0.12084478116868114,69.6677860213085,0.2036512953551795,-29.595517357850117,0.10562827949729843,-31.789584532092285,0.21711862176078806,-76.883790207476,-0.09459424815889604,38.053172679237846,0.19058270734038968,-32.46166657876198,-0.09457576306631327,-75.5519335223367
387,7.74,0.2313287363055935,-12.124133018565836,-0.06296352939041724,30.407156247042884,-0.07245074782485211,62.92553649019197,-0.13334484944302488,18.804087053745736,-0.01159350878762528,30.97757465080955,-0.12238350789895452,68.82005064175188,0.17818698800645688,-29.265997579084587,0.09647161797243443,-31.89219564823938,0.16616683302761232,-76.883790207476,-0.1276764011763496,38.38282081850047,0.20031773010355847,-32.313181293044195,-0.08276504739341284,-75.49355264059231
388,7.76,0.21630822654526935,-12.026230369718997,-0.06878905460441623,30.410184037775238,-0.06780153994399288,63.217926586174755,-0.08573482910985875,18.804087053745736,-0.011266973819711416,30.877024613334445,-0.11896728566165904,68.80508727896262,0.16621441645981527,-28.768858924088388,0.09651548921008257,-31.915027797753655,0.14137082774251689,-76.883790207476,-0.1432609765842936,39.15471864847524,0.20710519583221343,-32.33304251471534,-0.07047402153460924,-75.53235416361468
389,7.78,0.21347393153739175,-11.928104090243872,-0.07522765381454466,30.48673248667292,-0.06606159910894717,63.22894066409487,-0.07511984858888848,17.47486648622333,-0.01321380629839896,30.866656320593403,-0.11706853582751936,68.67222734100646,0.1641124355361373,-28.506891639664726,0.09652199195530774,-31.915027797758555,0.13833582416880152,-75.49402700358065,-0.14551382309276825,39.405628862658105,0.21061098404116024,-32.41105776760445,-0.06243878863557567,-75.64331151689821
390,7.8,0.21653352222203442,-11.907645798612903,-0.07480711949020133,30.510233486010343,-0.06552981066827529,63.22641167259735,-0.09156407793917765,17.338441805655172,-0.013215466428201955,30.86665632058825,-0.11665610869891596,68.67222734100646,0.16761828212423255,-28.437334887267774,0.09643117285978153,-31.915027797758555,0.14207612465906766,-75.32793342219483,-0.1396436327609269,39.50634604618175,0.21078006294815893,-32.46745950701368,-0.06278362341291173,-75.73236915667158
391,7.82,0.11118409008951469,-12.455976791640174,-0.20806712222676862,30.825985252018977,-0.02109901043249285,63.22641167259735,-0.06378942278398336,15.937218826230993,0.12271919736127664,29.925754088051647,-0.13385782076845,67.50926096731214,0.3638761342408754,-28.30406656061391,0.29289945322268185,-31.931949935310996,0.25167869884441707,-75.32793342219483,-0.14842972877621774,39.50634604618175,-0.6754310639395287,-34.748930368650484,-0.0703253914799905,-80.81417224556645
392,7.84,0.09307116033435324,-12.626744454660848,-0.2580764027487734,32.34265897489298,-0.16874370867916408,64.43500596859307,-0.06831391856205157,15.937218826230993,0.17395707146851735,29.02990168244859,-0.0864114522928934,67.38801482112638,0.24086344756606176,-27.901408905142283,0.3629127317821594,-33.73092240494716,0.2957517786384646,-75.00625082006273,0.034795725413223455,32.0694997329259,-0.1577629707408872,-38.644470419134244,-0.06106827587468883,-84.43728176807197
393,7.86,0.1274676859018455,-12.711743044213007,-0.23671124146808178,32.34265897489298,-0.16624246409325316,66.1443807206237,-0.029507022515254028,14.752774681995593,0.17511051202202482,28.66972333453713,-0.08729989837624534,67.38801482112638,0.052625131116368906,-27.481166289267108,0.3126786356292624,-34.29245414797713,0.24456911477534948,-75.48340946326046,0.014413608663236696,29.653843443376886,-0.09408108039960805,-47.271262776856126,-0.060297635802124494,-85.2269276278802
394,7.88,0.14270687705600293,-12.991032805635719,-0.20705063364541648,32.73319959445873,-0.16437699573676512,66.48640198137153,-0.03203379300960369,14.648635751891108,0.20512186303944685,28.578613550660975,-0.1123386755229679,66.50068247465293,-0.031434421896176984,-25.89449316022268,0.30267177697219105,-34.25913988021287,0.1936291600654887,-75.16374107011721,0.00342356434177897,27.377214785880323,-0.0976270230306589,-48.886197319895174,-0.057666419418899426,-86.38756355777646
395,7.9,0.15216390584803613,-13.148373093844615,-0.20554097631759782,32.639732915549686,-0.16774358534186296,66.59277405350687,-0.039752913018892735,14.648635751891108,0.20832911253003703,28.258572828727335,-0.11238455026805177,66.58174784400767,-0.030309766397806498,-23.923641933241186,0.31244067469925374,-34.24693129179618,0.15496736021235144,-74.87141293305388,-0.003982346774462339,27.04533848797478,-0.10468372585229946,-50.26781761549087,-0.0564818782817772,-86.56101971983409
396,7.92,0.10720188320280018,-13.898897782517784,-0.221702405845873,32.911801147470015,-0.055497988968835996,66.99599802991544,-0.040543722012724256,13.114601777471439,0.16061343289532284,28.258572828727335,-0.17998891262042777,65.61526725106928,0.27220355633262344,-24.079312566689875,0.33465840652058565,-34.10356136301843,0.19342385964188033,-74.0957922775294,-0.08295730756254982,25.538318693689085,-0.11758543118878781,-49.58059699147947,-0.02199326647639757,-85.42296505630699
397,7.94,0.096672198637828,-14.532412662048593,-0.2310131670082914,33.0741912361309,-0.15163862920611992,67.19679752670241,-0.04775603226356592,12.669999050166778,0.19164454337443648,27.995035420823598,-0.11595334700450938,65.21924599389486,0.11538302347855933,-24.079312566689875,0.35082860801106375,-34.306670460788645,0.19474320466899575,-73.51282756808519,-0.014223194180814636,19.75776843714461,-0.11543252763982162,-49.229125494564364,-0.014841306677689375,-82.61070278775624
398,7.96,0.11382196762690382,-14.783780321824988,-0.22249236042966192,33.115947561184335,-0.18075125917608015,68.35828126156335,-0.04695919329551133,12.363789862433752,0.2103599148851229,27.86849429799957,-0.13427993597184756,64.94720518265285,0.022440872808441037,-23.027978338741015,0.35764710279648293,-34.5421338503103,0.16764007789474514,-73.40831917064057,-0.021907599177771506,18.50539840725145,-0.1098974835926162,-49.17900285342716,-0.01339258550911519,-82.25145709877881
399,7.98,0.1356888392174635,-15.092644676431934,-0.21368562319316045,33.115947561184335,-0.1880394239084146,68.76071730899515,-0.05047805352511234,12.28392436157321,0.21347195676708142,27.648125796189248,-0.135135347325661,64.94720518265285,0.004860664420094904,-21.578319963407246,0.3519946984938045,-34.601340950005095,0.1436390116725296,-72.98651601209865,-0.03544812694137514,17.999110560801178,-0.1077873174855577,-49.16761003198029,-0.014032266758072148,-82.05578206778013
