Time_Step,Time_s,FR_hip_torque,FR_hip_angle_deg,FR_knee_torque,FR_knee_angle_deg,FR_foot_torque,FR_foot_angle_deg,BR_hip_torque,BR_hip_angle_deg,BR_knee_torque,BR_knee_angle_deg,BR_foot_torque,BR_foot_angle_deg,BL_hip_torque,BL_hip_angle_deg,BL_knee_torque,BL_knee_angle_deg,BL_foot_torque,BL_foot_angle_deg,FL_hip_torque,FL_hip_angle_deg,FL_knee_torque,FL_knee_angle_deg,FL_foot_torque,FL_foot_angle_deg
0,0.0,0.014090118556858162,-18.872371446260956,0.14221488981875707,31.312289976769765,0.04013651492677585,71.21807922186989,0.05775834254233043,9.423961910785836,0.157103059943231,30.010251905344035,0.034775582787602025,62.87203914920074,0.06375941767996067,-17.358832210395384,0.06616310062322898,-31.077627664975118,0.12429537362777539,-70.14132065947375,0.08421699385212764,10.684685836849253,0.1569776346085762,-30.051746487561054,0.04934910060582155,-63.390454687772994
1,0.02,0.014105089108424075,-18.872371446260956,0.14216150095243404,31.312289976777063,0.04017806348070735,71.21806752686474,0.05777759108990046,9.423980007391568,0.15710607079660632,30.010250003343444,0.034801692329750514,62.872039149284845,0.06377930879808433,-17.358832210395384,0.06609983992508027,-31.07762766498285,0.1243486759738711,-70.14132065943254,0.08423138708697328,10.684685836847136,0.1569633414453028,-30.051746487556404,0.04939646582892541,-63.39044104992159
2,0.04,0.01412006028327164,-18.87234575824642,0.14210811383708197,31.3122899767817,0.04021961176977986,71.21806752686474,0.05779683898435952,9.42398970385792,0.15710908163246462,30.010247998275343,0.03482779975840718,62.872039149376725,0.06379919984360836,-17.358835776244085,0.06603658267146026,-31.07762766498807,0.1244019759000332,-70.14132065940505,0.08424577879243264,10.684685836843958,0.15694904731216672,-30.051746487552574,0.04944383025675358,-63.390428022727036
3,0.06,0.014135032418845192,-18.87234575824642,0.14205472944612288,31.31228997678979,0.04026115986432687,71.21805874528992,0.05781608605107347,9.424013629472807,0.15711209214050814,30.010246297473568,0.034853903980070836,62.87203914944461,0.06381909097529291,-17.358835776244085,0.06597333078884902,-31.07762766499377,0.12445527244624834,-70.14132065934979,0.08426016826041521,10.684685836841096,0.15693475128756806,-30.051746487544182,0.049491193615163756,-63.390417475391104
4,0.08,0.014150004865841741,-18.872325337158703,0.14200134595730254,31.312289976794712,0.04030270762829645,71.21805425314719,0.057835332625264343,9.424024624247409,0.1571151029187814,30.010244897032962,0.034880007036648154,62.872039149528234,0.06383898188811299,-17.358839019141566,0.06591008063335778,-31.07762766500141,0.12450856741404455,-70.14132065933137,0.08427455683773001,10.68468583683907,0.15692045510731187,-30.051746487544182,0.04953855643205826,-63.39040444094318
5,0.1,0.014164977962281385,-18.872307542892464,0.14194800473880306,31.312289976801182,0.040344255131237544,71.21805230024147,0.05785457853229547,9.424036269747676,0.15711811365480777,30.01024339467677,0.03490605058914851,62.872039149611844,0.063858872743466,-17.358839019141566,0.0658468962353755,-31.077627665007586,0.1245618258820167,-70.14132065933137,0.08428891924166332,10.684685836837028,0.15690611934136092,-30.051746487534235,0.04958591843433824,-63.39038829124552
6,0.12,0.01417995205086355,-18.872302270886717,0.14189458547251324,31.31228997680687,0.0403858024448017,71.21804800040209,0.057873823595711096,9.424050503480291,0.15712112403186798,30.01024339467677,0.03493220542904849,62.87203914963169,0.06387876370252174,-17.358839019141566,0.06578359307088606,-31.077627665013246,0.12461514888378174,-70.14132065933137,0.08430332853231633,10.684685836833886,0.15689185866909763,-30.051746487531087,0.04963327934331645,-63.39037710762492
7,0.14,0.014194926460690531,-18.87227854094372,0.14184120775028,31.312289976810813,0.04042734942835835,71.21804291627731,0.05789306816094214,9.424065388182324,0.15712413466966949,30.010239093153054,0.03495830153919528,62.87203914976268,0.06389865445018839,-17.358844149118795,0.06572035415338523,-31.077627665015996,0.12466843615715306,-70.14132065915966,0.0843177122196522,10.684685836832678,0.1568775591354114,-30.051746487531087,0.049680639704548446,-63.39036529776388
8,0.16,0.014209902394548184,-18.87227524270468,0.14178784426364305,31.31228997681517,0.04046889632481657,71.21803998253046,0.057912311609601266,9.424076392894438,0.15712714443892906,30.010235990302103,0.03498438016090645,62.87203914976268,0.06391854556354482,-17.358846355902102,0.06565713089025726,-31.077627665015996,0.12472171343538697,-70.14132065911522,0.08433208551645213,10.684685836829381,0.156863249420936,-30.051746487520298,0.049727998565402276,-63.390350991652966
9,0.18,0.014224877605449613,-18.87226007747667,0.14173445855826663,31.312289976822296,0.040510442686841105,71.21803998253046,0.05793155509561871,9.4240861034548,0.157130155466249,30.010234590599026,0.03501048638896467,62.87203914992099,0.06393843595813821,-17.358847850962015,0.06559388865520117,-31.07762766502649,0.12477500237696378,-70.1413206590684,0.08434647427569948,10.684685836826686,0.156848956167625,-30.051746487520298,0.049775357682048826,-63.39033854819861
10,0.2,0.014239854039884136,-18.872245568828706,0.14168108621404668,31.31228997682372,0.04055198889835076,71.21803097807002,0.05795079761972587,9.424102291453229,0.1571331659022765,30.01023299092373,0.035036576113279344,62.87203914999598,0.06395832657790908,-17.358849503120247,0.06553066033932932,-31.077627665032622,0.12482828218447183,-70.1413206590284,0.08436085327679096,10.684685836826686,0.15683465356817058,-30.051746487503568,0.04982271554305786,-63.39033854819861
11,0.22,0.014254831986291105,-18.831711513812902,0.14162772772296006,32.04308412356745,0.0405935350200294,72.00812685184319,0.05797003903361463,12.64398058404193,0.1571361754808442,30.986314490956232,0.03506264880401646,66.46792228095936,0.06397821755951758,-16.41113177855715,0.06546744787746826,-31.55292887105839,0.12488155211415951,-69.54350287899412,0.08437522223930963,11.393564663613478,0.15682034100027606,-29.30005320501381,0.049870071912231084,-64.1365229359298
12,0.24,0.14809945637508523,-19.81103740167399,0.32157252490582244,33.3183512674115,0.04904879814420207,72.16513702627805,0.014147349514458247,16.191987538915043,0.07395668076535115,39.67636537232658,0.00258009231742522,66.46792228095936,0.09701270699408526,-15.893365441942509,0.2656288585020692,-32.95543025513761,0.20684225263578512,-69.42695693600524,0.013660834420385766,11.686439127793522,0.08773543691415185,-29.30005320501381,0.014671200974641582,-64.60132085941954
13,0.26,0.10062709207190274,-22.12443090378113,0.40191258332347307,33.547413576008616,0.11722562307325118,73.39560635877078,0.06936829511413764,17.045369213705808,0.11020070517568444,42.07362078731283,0.008373442126950214,66.46792228095936,0.09848038578470321,-15.731266583617524,0.37235723036578855,-33.815696292934014,0.20418989025102036,-69.22495744729936,0.007010489426437618,11.753396707982535,0.09717942352907291,-29.30005320501381,0.008268041104451325,-64.73098226264398
14,0.28,0.22112095147106914,-23.22774060901477,0.36322957836250946,33.85834283531649,0.15825484247246466,73.39560635877078,0.07769699752141897,18.5870984040622,0.04636544338372869,47.83957072269677,0.010885849793818774,66.46792228095936,0.1215250626337557,-15.731661081461764,0.39388092843443817,-34.14928911153747,0.10414759127002486,-68.42936022598364,0.025653799667736666,11.926410435289885,0.06106052508883074,-29.30005320501381,0.001781876397502647,-64.75747757468861
15,0.3,0.2230725510581947,-23.456169869150944,0.31606604401794497,33.5834037968521,0.19999375724443544,74.43606662483965,0.06677486305776542,18.704222598638793,0.07281917739039626,48.147394876637044,0.008501448022960533,81.04379565402434,0.10745803461422422,-15.713347340293012,0.38885660428671864,-34.29075212100282,0.03716571192130759,-67.53534946749086,0.02474773353285601,11.963250371507389,0.06436786953828015,-28.052774207866104,0.002585185645612258,-64.8123927140998
16,0.32,0.16872634646604445,-23.40430914199659,0.2981922910749786,33.59630429536814,0.224104158258407,74.90090505932837,0.034593073285655765,22.317038131515446,0.0567079555946331,49.78205672065298,0.005688027587739927,81.04379565402434,0.09057965349327415,-14.566461625165882,0.35481232036607485,-34.29075212100282,0.011087713554237986,-66.89777668897135,0.06778354073802494,13.441951018970807,0.009829640726633565,-28.368215801935218,0.014362311380137448,-66.08953502068593
17,0.34,0.09370035311869275,-23.12360154375905,0.2889047360493462,33.48614204758992,0.15221530676002598,74.90090505932837,0.04350030664110252,26.004971881626727,0.05428486275659287,50.137033257355974,0.01170827678988401,85.78219294617148,0.1319789078087241,-14.078847877568887,0.3315123872001905,-33.72201825711793,0.11467598308972654,-66.52532234400573,0.02956749252118947,13.792175095798049,0.08869870527942918,-28.293348339060277,0.015064441009647538,-66.50879868384162
18,0.36,0.08042254890370971,-24.08691975063242,0.2859359303136155,33.388530992149306,0.15868108451828086,75.2948538509228,0.07530661965185131,26.004971881626727,0.06921886118513615,50.28202083223586,0.006907304912628012,86.18186407147704,0.1215652440096893,-13.662562493700104,0.33552282212604717,-33.590628414058145,0.05085783860536899,-66.07261575214622,0.006576661346721055,13.991257229580349,0.06785983724433957,-28.461788151423463,0.006958290613337584,-66.74633688269428
19,0.38,0.1732137690704442,-25.342023039625616,0.3027234018076322,33.389558924484064,0.17535896430749112,75.4205171810798,0.06154159977743789,27.95282775082523,0.07015730219865436,50.34701303968034,0.00388945715471343,86.18186407147704,0.0804298346577041,-13.265002231356776,0.3588773717961437,-33.60948556641984,0.014270804977517221,-65.24690986577639,0.031654397416581374,14.067244250852932,0.020027295463252087,-28.642699896309985,0.0690637680659729,-67.08027055831647
20,0.4,0.185091043698639,-25.724544302629102,0.291891578922973,33.4201552730203,0.17231871287789943,75.4205171810798,0.047958415720226744,27.95282775082523,0.073478987121184,50.375892858143835,0.00610465917960052,86.53434281473601,0.04005018865756518,-12.905017977241993,0.34583373944358475,-33.60306375253381,0.009269314531038552,-65.24690986577639,0.0073107937265268425,14.133816859812645,0.025678110379713834,-28.763096152237736,0.03606699513401282,-67.11840537421692
21,0.42,0.13881628145681282,-24.99325957556112,0.3264229938269644,33.25676369792408,0.178944063640066,75.60568668228402,0.022774326599586836,29.66500774729348,0.06522699699085373,50.380625216045686,0.006271661476009093,86.53434281473601,0.02121873603880999,-12.451930605084687,0.33161150577232007,-32.992940550450975,0.029026297756969268,-64.403259924789,0.026545634650110526,15.04407564878011,0.013214530312641722,-29.288344115053793,0.027056014928237556,-67.58660859701301
22,0.44,0.1628039174627002,-25.766398539220855,0.28090216871999774,33.25676369792408,0.08804209699687036,75.5542955355318,0.011612047219856493,35.0110678562661,0.03789062433337835,40.009002831008694,0.013839507729424359,78.64080217448583,0.05968858616512244,-12.451930605084687,0.2843804857162122,-32.92787612695467,0.06804495070251136,-64.2067168261044,0.01342142445081885,15.691336727302925,0.0081799009314927,-29.280287114271808,0.03200201028604855,-68.08063552190069
23,0.46,0.0613334697744571,-26.44002229282309,0.29801145676183644,32.80104912220346,0.09446462978639937,75.45157731400347,0.0785185183075674,36.71686750136584,0.06325537986524082,36.29832899392928,0.0036054741821424084,78.64080217448583,0.045762008120143596,-11.079142193834699,0.30441202873681533,-32.75150572037511,0.030250060968363714,-63.09699422615564,0.010018991044183191,15.99538531299885,0.020953908651095976,-30.341666057686247,0.050174019147378485,-68.59225458738753
24,0.48,0.056329061884211766,-26.149811174779508,0.1205722490210051,32.23717277960059,0.05929672851052416,75.32295687203765,0.13433301182080862,36.806733268039544,0.21240389733717469,34.14594503481619,0.11572197078193529,76.25960554326907,0.05235759312228458,-10.89277363045564,0.18199901686589856,-32.75150572037511,0.08298230211405386,-63.09699422615564,0.04990631915420569,15.99538531299885,0.19806981546442984,-30.90739009037846,0.09263825176236522,-69.31964014665401
25,0.5,0.08464953648143025,-25.928897550970934,0.10771354937092309,31.703184316649946,0.05719846408371732,75.32295687203765,0.11070558884999547,36.91540335533305,0.21188445932768138,33.055214506330586,0.11675352314387125,76.25960554326907,0.06389810169430721,-10.958761222065716,0.17103412707584686,-31.456507653046998,0.08965563570608535,-61.9172995074749,0.05059056799687212,16.6122789440128,0.1673321370939079,-31.086165989759426,0.043343435807830503,-69.16464477502367
26,0.52,0.10139041101468435,-26.39726716408246,0.1155563828619158,31.485804564294813,0.05921275272624788,75.60548471641249,0.0952062234877274,36.829844352191905,0.23750281463956457,32.94470120342919,0.09348002568506722,75.41925454701887,0.08701297197257889,-10.803367084676076,0.20196517607709533,-31.655669286869145,0.057435664805146946,-61.873307610941815,0.02383502670347756,17.005719863214743,0.1677454616531027,-31.308426773200633,0.02949782105849811,-69.47687844847435
27,0.54,0.19693061806136689,-26.823106123833032,0.11908221648198362,31.48261809461153,0.06326118159137206,75.86119627596888,0.15308230883462223,36.51259883106368,0.21398154360955798,32.94483850099741,0.019084103428633852,75.38644712671197,0.011438467740305424,-10.652636054533016,0.24841114053187985,-31.749986765744676,0.0827963481880031,-61.74563711807491,0.08803333603626709,17.38733336546732,0.18650493419731926,-31.308426773200633,0.019330714638755693,-69.85296680789295
28,0.56,0.18739763367294196,-27.154164675293245,0.12789829236767336,31.49320742589826,0.0637240867998971,75.86119627596888,0.20093495620865795,36.320498836058356,0.2536196978510237,32.9328349772042,0.10147360479535782,75.34477773663208,0.01411428015244531,-10.153472047789958,0.23785058916380458,-31.75105706958423,0.10391275976412571,-61.551437388785374,0.0635635892396194,17.755860950225934,0.19543839874743174,-31.308426773200633,0.008054506269030313,-70.1193595237375
29,0.58,0.17897281474374316,-27.34970870403957,0.12626148896357603,31.498912707020683,0.057587361808979366,75.95893155487158,0.2059001246453465,36.16117998429712,0.25340520148182194,32.932834977203164,0.10352975390377578,75.33690964991662,0.022428693325103874,-10.07077658869027,0.23242948391787815,-31.75119347440749,0.10543481317719233,-61.50277047569099,0.05821998935614197,17.815235971669,0.19374668489179292,-31.774424877347435,0.014644290503630622,-70.27307323725854
30,0.6,0.18584886163880376,-27.34970870403957,0.12662627287419506,31.498912707020683,0.044376257249021465,75.9564266814616,0.19875208782444415,36.15756631851226,0.2557282921062037,32.93321984550922,0.10270877874441775,75.33690964991662,0.01590357042477057,-10.068243345509327,0.22576630024284974,-31.75018839222391,0.09076572831334771,-61.504614468793484,0.06666996674474365,17.843065572808538,0.1923802857502862,-31.77634175191838,0.011299963695484893,-70.28477913279055
31,0.62,0.19800642394557452,-29.029196957682434,0.11608030655476467,30.671442416190317,0.047344513465416724,76.2080933853895,0.1873426025639063,36.15756631851226,0.2606018057808583,32.937773801814515,0.09396473063374938,75.33690964991662,0.004447241622486062,-10.333885741408283,0.22578262425771625,-36.4297121440709,0.09254876752577,-67.19809609235496,0.07737289156572613,17.843065572808538,0.19178230702208326,-32.8179314356859,0.0066263177587591315,-71.06867108669624
32,0.64,0.013576495349329278,-30.78281035462025,0.10402757932056167,29.523881894710254,0.011966027522009308,76.20809338539252,0.10684137842109079,34.81556398643518,0.3553000745241193,32.937773801814515,0.10903771588289335,76.67904920238145,0.010543619061541935,-15.033297876166952,0.06866015394574501,-42.12319375543843,0.007631082855165733,-67.19809609235496,0.1728356735320791,19.039025863478482,0.3742859561556587,-33.747577755572685,0.003791028459280624,-71.31714423426429
33,0.66,0.01683244230552185,-32.096645755812474,0.09350392147783343,29.431972396481587,0.004536575588381355,76.18538332612391,0.019567888198311092,35.5333015119038,0.4144418923421894,34.39562804443236,0.067902176885233,76.70511345128133,0.07392161921566166,-15.033297876166952,0.0880932542402877,-44.76159520979831,0.007946868167750322,-75.58849005248004,0.09994477275858264,21.68001330874897,0.4612708027370846,-34.29432875060613,0.019014528209403893,-71.31124132981365
34,0.68,0.05210040548096815,-32.61026151751754,0.07149602397414657,29.406287807314328,0.002098832382359414,76.12412673411518,0.0875319761006726,35.92359970031048,0.4546892434904286,34.82871377650343,0.012665772652214838,76.38831796980621,0.09350502751004938,-18.496864208818273,0.03539220288964419,-44.76159520979831,0.013270614058347468,-75.58849005248004,0.19849023652776962,22.557420894066468,0.45561700519595477,-34.74862239799986,0.04161131109761903,-71.30789841077961
35,0.7,0.04849354305838756,-32.69293179363506,0.08335636496501082,29.33951957575028,0.0006124731688871625,76.12279788378427,0.10489670712623052,36.24939172111161,0.4653075091048261,35.13275631752812,0.008978646420733908,76.14712147768049,0.0709239540748146,-18.81387141941317,0.06446576315931474,-49.19315177664132,0.009160958762513336,-81.0323948462434,0.18185002285721416,22.73957368946933,0.4484788452329082,-34.775080644535784,0.016008298066058853,-71.50445785085934
36,0.72,0.02307189195820094,-33.6818770841309,0.09203438665720227,28.997295768492805,0.002040432653456551,76.50218799482775,0.09295754332717104,35.23653476360043,0.4608820862039195,35.12182438894819,0.010179704640726435,76.14712147768049,0.035707914043468104,-22.870771333555698,0.06812481416411599,-50.68628769451422,0.0065445153300465195,-81.0323948462434,0.0978413142539433,22.033837050266584,0.4264423049852402,-34.83549643621688,0.007227905127112893,-72.0808692074152
37,0.74,0.05744914073916702,-34.67564250806545,0.11585355501707902,29.17891752692426,0.012683656382529815,76.58369560023385,0.13070224538854155,34.50470946926605,0.4139648115163113,34.66645810560901,0.09087819446883508,76.20747926788052,0.02231682511709328,-24.852689304282197,0.04231097503545173,-52.11646206149602,0.011764609973812616,-85.87564450756405,0.206437574454236,21.946323567242537,0.4064024777398908,-34.407817491441804,0.023746872529134957,-72.41666794345932
38,0.76,0.04617576472402939,-35.445167552014276,0.03814998685376134,29.408406443744802,0.0012604919214744097,76.59098531034962,0.09870886526228519,34.01256917514526,0.36242601003982905,34.44120178690233,0.007407970115339295,75.55032185958254,0.08734132293139908,-24.852689304282197,0.08282034232889038,-52.53928093253844,0.007758338729793016,-86.21810235441829,0.12499265717741728,22.104133986860784,0.3241809096116114,-33.99606928416173,0.03460493606612277,-72.48640221923017
39,0.781,0.002399678178055864,-35.450124569193534,0.06481573122173032,29.469894466150784,0.005203580079745496,76.59741219983285,0.045006841668532964,33.57031707448543,0.37555291810807184,34.196519955178346,0.04026074609075372,75.48867583150151,0.09332759173356253,-26.36484761655591,0.024709505090368507,-52.60047637312431,0.001143597313557121,-86.56818009461081,0.14999653729705073,22.121682078905664,0.30561494354779173,-33.6296583038741,0.014983427040429015,-72.78244531099851
40,0.8,0.002399678178055864,-35.400207906068026,0.06481573122173032,29.458968707370953,0.005203580079745496,76.61039617204733,0.045006841668532964,33.17568783477577,0.37555291810807184,34.30424440605389,0.04026074609075372,75.17903540020066,0.09332759173356253,-26.515443427932688,0.024709505090368507,-52.58545066933845,0.001143597313557121,-86.67439305476469,0.14999653729705073,22.12998596869575,0.30561494354779173,-33.56593699126529,0.014983427040429015,-72.99122610098462
41,0.82,0.002783803918504478,-35.400207906068026,0.07345272406292155,29.760898000750707,0.005249868418715772,76.92121566261163,0.04824573294863299,32.54769302838017,0.39989933760136587,33.847782322895235,0.02714265307972837,75.01482678899185,0.08102839610097479,-26.515443427932688,0.0035949526212718593,-48.338828484355496,0.0009296014196769751,-81.84546788124715,0.129391022626662,21.8168658207908,0.3311652920368277,-33.19593536132402,0.02697017064913716,-74.07735558605677
42,0.84,0.05970074686957437,-38.04370162146392,0.05503311161821839,29.65465932303233,0.014422509065672095,76.99269653733568,0.14870529129789395,31.78667693516835,0.26033651881136594,33.31811574127401,0.06799333045354536,75.23763966933089,0.12935084349026071,-32.0806772235248,0.09430377948352327,-42.945003799322365,0.04102230182344353,-78.83062038685497,0.41255748231267986,22.55209907652807,0.15948807949768817,-32.11487053561929,0.07696067317662499,-74.55420729102649
43,0.86,0.027323165379085863,-38.203069852577784,0.030556247748964482,29.631227728695713,0.002481985116677976,76.9985385121204,0.21001278575093324,31.937837915499138,0.2485432049197857,33.11210359296855,0.005932106460110694,74.97485928204983,0.17253311632464116,-32.0806772235248,0.22861064471947223,-42.945003799322365,0.20313264647270668,-75.9718701775879,0.24060107220874802,22.86872146386547,0.12144170026211043,-31.9945700308863,0.07648998876949054,-74.74426471277786
44,0.88,0.022208079315644048,-38.203069852577784,0.08682122474583544,30.79835748623225,0.005844010737000594,78.74783016306891,0.2157025427967795,31.941846008760464,0.32107722516624615,32.5404637916857,0.029150280909557312,74.97050775301591,0.19789831256348442,-36.024202542061964,0.016643306406982472,-34.7817089129598,0.2905561479488859,-75.24060626320131,0.2513091033808268,23.46331331756597,0.22221692200168291,-32.44588633116506,0.09483116778549044,-74.86935669443734
45,0.9,0.1370177190570407,-39.442898899683726,0.07586229972603463,30.82863490493499,0.21979945008998417,79.12796707113465,0.06605755136325618,30.688776713009325,0.16619113218912837,32.39701503191567,0.03237097503986011,74.62056355551547,0.13522564535038084,-36.14358846071618,0.15838038750645453,-33.625278577645716,0.03891002334156534,-74.65375556291433,0.05855511256806642,23.46331331756597,0.19328317646520723,-32.33530309419863,0.031730258136123866,-74.59955743519542
46,0.92,0.14211607269791768,-39.931142274770465,0.062317849591945675,30.736626935781967,0.19969913660944755,79.2578397161541,0.06900289803314258,30.688776713009325,0.17989430787048125,32.07235182653478,0.05056135152403469,73.9859333504289,0.1542242875970927,-36.185770393937716,0.19837686233695337,-33.58187508358928,0.18513783852502752,-74.7076361795917,0.04351774573003168,25.833815838969294,0.18179525644354008,-32.33530309419863,0.038337138159844714,-74.94626450281854
47,0.94,0.20979407306704423,-40.083090444781924,0.0347821897632427,30.674520334694385,0.1609336675463433,79.0416192609778,0.2418465296293199,29.845712615802093,0.20219442366225096,32.07235182653478,0.029888732654188184,73.6280721538592,0.25380310318948734,-35.81454280622224,0.2371354878174369,-33.56527526676504,0.13690845004948882,-74.94555106496666,0.21935501548066022,26.375223659500108,0.17202402591773605,-32.09790614739573,0.033571223638623,-74.94626450281854
48,0.96,0.22609318869170422,-40.43661836972987,0.05788373164242542,30.674520334694385,0.14198379437633085,78.85718419703777,0.2328132502593312,29.589580664383355,0.20580281801317896,32.07235182653478,0.04524165763678383,73.43554047771737,0.2486488694740704,-35.72082795235607,0.21789716853569435,-33.5405617357379,0.11943511052250771,-74.98589724856593,0.2325648583041346,26.471139999088038,0.16743649818807949,-32.09790614739573,0.05537297744769707,-75.44458419989306
49,0.98,0.2097325581395101,-40.502152225369194,0.07255568272016404,30.804135136476322,0.12848738957347358,78.66829747232575,0.25688256062447967,29.589580664383355,0.21843149116432997,32.07235182653478,0.04420561147849681,73.42119956290603,0.24752536681011303,-35.702852098081834,0.2133889329240259,-33.532694216605336,0.11122157584631734,-75.15789166938814,0.2516495901316127,26.447554172767102,0.1653117619629002,-32.020907090331896,0.058301908253057845,-75.49324954417911
50,1.0,0.1980782009956762,-40.50001622028767,0.052388324487282874,30.804056621887796,0.12250755785872659,78.5422900854172,0.2576793488808003,29.613346225684325,0.21513041488619788,32.07235182653478,0.03214425486895719,73.39153932305462,0.23121335084345215,-35.731842852176825,0.227595332803832,-33.55117865570501,0.1125843852291771,-75.18052450916068,0.2567053732955861,26.447554172767102,0.16086573579433797,-32.00102206533401,0.04339861549875555,-75.41322277603312
51,1.02,0.1958644015285998,-36.99285894701436,0.061144630520460576,35.11443745335589,0.11799925270505449,79.14159920413404,0.2577370435329206,29.448959908891755,0.2142718507120316,32.07235182653478,0.02796802096194742,73.10891461078977,0.2285943820559966,-34.99558562195525,0.23048258053183004,-32.80107772163679,0.11677942014377324,-75.28372831968991,0.2563985892228775,28.052296550543044,0.1733632600668681,-32.22264348949023,0.043566151329472606,-75.74521743353465
52,1.04,0.07586401974697507,-32.110886861961696,0.08560597518141791,40.80791906522944,0.007037078554662732,84.24173346336983,0.39144684534882535,28.67120152764812,0.40696901860752344,34.07861032732805,0.00942215592925604,72.80639240466415,0.1769947742559799,-33.92987310524044,0.11870933426798906,-32.58550014249998,0.08351068697814887,-75.28372831968991,0.2312845350747559,29.26436501039685,0.2584404763050734,-32.22264348949023,0.033131456094425284,-76.02512140098754
53,1.06,0.09050881143222664,-28.577435324528032,0.08259640791767037,47.11154274687193,0.0010178227360975812,86.21089651712104,0.24480311504695165,27.446483123543437,0.4288339993774795,34.251938191643895,0.07411779408813482,73.35161278229361,0.16748164398973148,-33.958073589041874,0.06283784405079752,-32.025108493118175,0.1105767601038734,-75.20875917663973,0.1437785898899639,30.335541594789728,0.3312193940353105,-33.46496029048164,0.11610002320643292,-76.97823298314447
54,1.08,0.06519511801686564,-27.679249625483003,0.0012884801270725173,49.40067961930748,0.0010863816456301559,86.94722672525228,0.0055905124088397925,27.446483123543437,0.3611685363710774,34.251938191643895,0.041568399383617456,73.23873919043986,0.0658013231056233,-34.70526246879486,0.03533363069011668,-30.86137378340641,0.025318805693010128,-75.65215713174453,0.021286190749563554,31.54908832690382,0.3313986508316554,-33.60420491358902,0.14868903963947,-77.04004305593074
55,1.1,0.06291289710566612,-27.2511558323387,0.02336977728856283,49.40067961930748,0.0030659353124727943,86.94722672525228,0.13349907881565076,23.38693797462766,0.3343974337774454,33.84313611757945,0.017854218212820273,73.11267668065618,0.017367910674574726,-35.01922971879462,0.10521975270040866,-30.622699570462895,0.009127650530486212,-75.65215713174453,0.11054917956761626,32.415923134208974,0.32454159018716355,-33.72023286980156,0.13610269791645774,-77.22469203281206
56,1.12,0.05824474376160452,-27.2511558323387,0.031151766178122636,49.72514546801887,0.0014336030224217867,85.546782023013,0.15368325636474864,23.30361986202592,0.3422594718773362,33.70199061901122,0.00786771895517189,72.78122720276274,0.04304356347893377,-34.21305554167462,0.11223860832868242,-30.12857310196038,0.008268004951310307,-75.77270290246071,0.18410519502062106,34.69323351288701,0.34215129518886034,-33.805545372546625,0.11654620467888371,-77.0493969069827
57,1.14,0.0624317410645086,-27.2511558323387,0.07263755120178067,49.49429799609994,0.008837013515333801,83.16410264677948,0.13660718260375826,23.30361986202592,0.36672538340276034,33.83173523595112,0.04693658945552779,72.78122720276274,0.00879569251253008,-33.129341731798725,0.08962774985715298,-29.955088386790727,0.004217537704876557,-75.7199949360719,0.14446785977509846,35.75451171126944,0.38174789268030496,-34.331619008229815,0.027707827558752555,-77.0493969069827
58,1.16,0.07871156240321289,-18.37989357611839,0.05818848036550669,49.458496974891816,0.0011001092870584382,82.71703850035952,0.02370346747652442,21.504429735288603,0.3696218175352992,33.83906477459615,0.06235256007828758,72.31598583577139,0.00022557709194922596,-32.93742403929052,0.1154560784007969,-29.82272522447772,0.004162932796452611,-75.71946838110033,0.1425196098436129,36.144430107010834,0.39531925428099995,-34.331619008229815,0.09163779382882033,-77.0493969069827
59,1.18,0.06298727913541909,-18.299764918924133,0.04661544768642631,50.32524136930016,0.0011088950873617766,82.93651736795711,0.09134632460679315,20.705028895557252,0.35089000512388385,33.05711810479351,0.048643852063742554,72.04924865050106,0.0012267487129365715,-32.705734015212926,0.11078084285559323,-29.822983471247863,0.006597605860195306,-75.7131948872748,0.13162063414492428,36.383064846828624,0.361006446657518,-34.32423476144306,0.10653005926181627,-77.3270818591347
60,1.2,0.0990673651965544,-18.848779679822645,0.16323578851893752,51.197759608766816,0.1409144316665228,83.48746413649698,0.13225294128833914,20.473565639239823,0.18398439059505278,32.334551965959555,0.024677811837288302,71.51614086368369,0.037301863974958126,-32.76062618463917,0.022820559386554376,-29.822983471247863,0.00512420305433696,-75.7122431943795,0.1615053103502489,36.50931284692396,0.30891719692538244,-34.32423476144306,0.02162365413762765,-76.60980966918382
61,1.22,0.0474242732900067,-17.03670420124773,0.08709143129138061,45.77172906259172,0.08922466606426628,78.87460622882693,0.09107913371849666,20.48629921250908,0.19192923768932574,32.334551965959555,0.010089886038534704,70.83339167890657,0.044961740111991236,-31.44946942194105,0.039761025044875546,-30.989606159660116,0.005308818561646447,-75.25233146611156,0.13497527963522124,37.460566940122646,0.28224726307078485,-33.62050167647343,0.02286523317964037,-75.6798904930674
62,1.24,0.15672561103636423,-17.03670420124773,0.014771202641213677,39.778590523242066,0.19349954151838678,73.48078153971251,0.15546882452519542,20.48629921250908,0.11893194463040035,32.334551965959555,0.03673855889195824,70.87240624703222,0.00026581799565409726,-30.470462790693897,0.009362326044251145,-30.654347321144233,0.0026806878591006493,-75.04027235143334,0.0727887070936004,38.18246557908299,0.2647495913634216,-33.43279237198998,0.1631103478218105,-75.46038847583146
63,1.26,0.03342513437700863,-11.546216592441592,0.01605200516910267,35.28583384492348,0.11762309561769511,69.91180765403905,0.0419062644702643,19.75629585786994,0.22883566260321692,32.334551965959555,0.10600692596377495,71.06003618442882,0.01027608746516868,-29.856860053816856,0.068487446750681,-31.423068925303237,0.004070917652159702,-75.77693687693764,0.05853085587824182,38.36854226778641,0.3547005338438187,-33.81919630022667,0.050795126389097216,-75.64205327596115
64,1.28,0.08839422713431308,-11.602130763634413,0.14767222824264312,32.55091408737951,0.056408275520981564,65.56820702030406,0.03428308312605961,19.708157800628268,0.2684691088051166,31.889940631761444,0.05027662395990142,70.32070442818123,0.028985076256416848,-29.856860053816856,0.23089333535793874,-31.423068925303237,0.25626560273442084,-76.57669742001856,0.005119016419581284,37.975588095737216,0.2161784493021281,-33.81919630022667,0.02418036403876775,-76.08406425364255
65,1.3,0.16207172625319738,-11.682046822118552,0.1478474015678491,30.9720569111861,0.07021705708020191,63.43006552540678,0.09981317306009968,19.847597347330368,0.15261208405975885,31.575149962317063,0.035414743815602695,69.97460917577683,0.0581329630129288,-30.13623478601349,0.08111747547444156,-31.89897287533211,0.1920071873401261,-76.7302137690559,0.033806405633561534,37.78526389423631,0.15050401428261803,-32.44482507109635,0.05719992894463321,-76.05668903841455
66,1.32,0.138558671828417,-11.826402090795728,0.17797177413193688,30.41803628293739,0.04082463164278964,63.02661303494846,0.1021110791253505,19.29466426347089,0.15927467227411143,31.21455668077133,0.023724974202600262,69.33305842163384,0.05305402922237135,-30.138299705824522,0.09251797676629114,-31.925745738833566,0.16753259887843788,-76.34763077574286,0.025233820714817418,38.172360886451685,0.17743091484439663,-32.30989344441186,0.056320780697934385,-76.03113235856516
67,1.34,0.19035079382856418,-11.957920703716592,0.15748189852506714,30.30059645169272,0.02460642349552957,63.02661303494846,0.1627393530445048,18.668956315118095,0.14637691575838255,31.101292290147658,0.013595740255693494,68.81893144040835,0.168788295057002,-29.096726580489616,0.10064318268185564,-31.983002743297067,0.17028056150550414,-76.31176309647218,0.09858284774807408,38.172360886451685,0.17173413527442305,-32.21519719046402,0.07640811682442941,-75.9086417379897
68,1.36,0.16459386154450048,-11.957920703716592,0.17831599379765026,30.30047049790626,0.03512176153470908,63.3766922890202,0.09695709624646781,18.19966526279691,0.13220632687026546,30.9330032594416,0.016709964059600894,68.76875094944887,0.14378550608640275,-28.872174290953307,0.09645891822284691,-31.985928814261793,0.1207240696762007,-75.57824032858153,0.13316141066773954,39.126193228969456,0.1982586242615547,-32.27204135990849,0.06568912578377414,-75.9086417379897
69,1.38,0.14742083129288985,-11.848354831290969,0.1858507441244126,30.332498629724423,0.03297262324724115,63.431441434188116,0.0490006655563762,17.69000869819392,0.13169223954078044,30.903879675089122,0.018072359772567593,68.73051600644072,0.13283183804103027,-28.49397135184573,0.09706006504425438,-31.987118042000866,0.09309289008803354,-75.31136329387066,0.15025672758081582,39.414034752585444,0.204580499233035,-32.29602149257421,0.04939159570662618,-75.99289146954821
70,1.4,0.14329700478325566,-11.754729364345092,0.19117172377415884,30.396475217183518,0.0323813763494574,63.43945051893332,0.039112170986272475,17.330538000956516,0.13330744998012078,30.898490382025287,0.018749783593034506,68.70611503615497,0.1315807518510568,-28.45327130778067,0.09780190374589715,-31.99126513428082,0.08829952267903234,-75.31136329387066,0.15216797195314574,39.476838510084555,0.20836157617069775,-32.29602149257421,0.04511005706936675,-76.02005813032038
71,1.42,0.1473173793273461,-12.479624187746229,0.18963171076581992,30.944554659849057,0.021699890941983498,63.81816845917814,0.06469671165396823,15.802796903466568,0.13533684904130075,30.140007756416598,0.01890407425111477,67.86158809887563,0.1444413835844229,-28.220635156191822,0.09765782002179804,-32.68690387573377,0.10692452729923319,-75.31136329387066,0.1348745576200623,34.78780144425056,0.19910505558420147,-36.75983729884805,0.04616376352047097,-76.02005813032038
72,1.44,0.06402599167707371,-12.479624187746229,0.33163218168743275,31.863094054840882,0.0004116357980943245,65.34132048066286,0.0032006623703225746,15.226860074526986,0.03829523768186821,29.26786542322573,0.020830928642212563,67.01761463655565,0.29277097986282224,-27.729368294140308,0.3000516739713405,-32.68690387573377,0.1813561931733343,-74.99720422667968,0.05159751822755393,29.837404868167784,0.10411541191645879,-37.95846500664814,0.010370635961405111,-84.11521643935751
73,1.46,0.04403024011347826,-12.479624187746229,0.38990024240501686,32.51864795413061,0.13980303801589702,66.28499734348007,0.021055826455324424,14.708621927573173,0.060651223167811165,28.929656249092126,0.02047862626047453,66.61505297709412,0.1913344955784347,-26.519104380516126,0.37728091982584766,-34.43833652090725,0.24364907209045364,-75.43775065240523,0.11258297397176327,27.93400185846814,0.10122484971750241,-47.70868230727747,0.006700219476917172,-85.63722928562497
74,1.48,0.08960465148772817,-12.982201446918028,0.3651107628939527,32.72083345582681,0.1432120500422045,66.76678382812703,0.017758383617676798,14.708621927573173,0.06683999156288417,28.47303763574055,0.014516310229711974,66.59081290726147,3.809789459519304e-05,-25.2856673665602,0.3212529387926381,-34.38135592393936,0.1908085038679819,-75.27526435624827,0.07862936166572018,27.126489009364153,0.02835548744711184,-49.20127998654417,0.002278852274453798,-85.99141433627382
75,1.5,0.11261289803005156,-13.243140792776519,0.3192114815170567,32.657675678961304,0.14137910702169598,66.87048159444088,0.011746729320605057,14.3815557602671,0.09277653851896593,28.199834318040747,0.010092167161087873,66.60143389352125,0.08589107430836394,-23.85609549311708,0.2951284881907178,-34.38135592393936,0.14852639861163155,-74.8561117646714,0.061213559065098795,26.93260389623891,0.04362626299436273,-50.2118602200562,0.003883969974372038,-86.62100697048085
76,1.52,0.12433732937541533,-14.35984651154537,0.31232168585957565,32.657675678961304,0.14451380805284564,67.16741396100873,0.004580242102328246,14.3815557602671,0.09209388164083564,27.924484723907238,0.009523125488618356,65.58408309049332,0.07841583826373949,-23.957556603036,0.31258020153684984,-34.14735922478699,0.11513189640139224,-73.92773357123257,0.05124118488125154,26.93260389623891,0.05409706724849591,-50.2118602200562,0.0044647133375099075,-86.66715968458108
77,1.54,0.09479242287524973,-14.760201015268253,0.362243707226767,32.93675655461073,0.044695404909520446,67.68783143541413,0.024503165893235025,12.515324093495298,0.06097423452849769,27.972269058686035,0.0062033596681651025,65.31518388160578,0.2158688230499888,-23.760410194697478,0.33468011193797836,-34.41331824417318,0.15307829307807508,-73.73172617055396,0.0312072538083548,19.42652294870906,0.0942824748078726,-49.25611111985199,0.006489716385323427,-83.58787345288364
78,1.56,0.07021108850377679,-14.913568171482726,0.35775240292779,33.090717609928596,0.13129791956007886,68.04960360597121,0.007376275661065058,12.358856045055731,0.07796645209495456,27.838720600699418,0.0082604833814652,64.85988881911294,0.05514954193355853,-23.760410194697478,0.34842291327529507,-34.535476210082145,0.14889000235488914,-73.63446837646147,0.08605116950732469,18.087165663311144,0.08011590425572732,-49.18371860111112,0.0024507799951713444,-82.25140399756559
79,1.58,0.08808835037460802,-15.11720986650072,0.3298064189570059,32.99994361942822,0.16637585046024397,69.03661720119636,0.00850829670438042,12.253196926238173,0.09797678176867279,27.657419666823237,0.008329742331495091,64.82002919544091,0.033138942908482606,-21.643578206101154,0.34551142710037097,-34.58989883674601,0.12132508054769443,-73.63446837646147,0.07057006773774611,17.864722554625413,0.07169340902255769,-49.18371860111112,0.005317636811343556,-82.04946133078776
80,1.6,0.10619299998909208,-15.11720986650072,0.31789557449516503,32.917482595634596,0.17273178919550242,69.17475729793493,0.0010986351761277965,12.251886570160899,0.0964932480997603,27.63119916078815,0.008997867650033393,64.77926860097413,0.049780656092830826,-21.429392977317235,0.3467800082021424,-34.60309627469096,0.09581668438979117,-73.01436943307448,0.05315770591553132,17.512761914646923,0.06747749149731455,-49.18718961507673,0.005484040503423616,-81.95219341892806
81,1.62,0.11663770920917182,-16.313203912875334,0.31154886556898165,33.08006078958528,0.16534386537222498,69.16081185574501,0.010041969121125125,11.829778810965069,0.09083611559510829,27.483689725716722,0.007677448183028705,63.838657915753274,0.005766478841931585,-21.702299576489402,0.3481683971473882,-34.03528270754547,0.08696010600552492,-72.1850117719538,0.028879992522088754,15.593448420446501,0.06785851188509781,-49.18718961507673,0.005743520330459313,-78.96789713634217
82,1.64,0.09894413613035784,-17.141532267799303,0.33972852983893786,33.27715804204611,0.00170492498271301,69.27193459134111,0.017035198506809224,10.71985129332683,0.059253878249365344,27.43168617448287,0.00376435431177098,62.94298093579348,0.21856806208186305,-21.5212851312228,0.30054877171039684,-34.01843132549785,0.1412381495405129,-72.1850117719538,0.006902826441928944,11.515927676037157,0.07338180561002274,-38.86710730727542,0.002115063475288138,-71.22264721453736
83,1.66,0.11581031674841537,-17.610181616675625,0.4213479836914762,32.62421574670584,0.09390732178701522,69.27193459134111,0.026850720497805514,10.462151569967537,0.1362725744457022,29.335700273447312,0.05230379691397848,63.14429066473983,0.020583287451161208,-20.449857519500682,0.1772975356229819,-33.59413813583703,0.10569830983793034,-71.57885863554142,0.1982336302703259,11.546350402080579,0.590318894437139,-35.12619367354018,0.303947909659926,-67.23392460201981
84,1.68,0.08855753985274628,-17.51779078529238,0.10678630229746076,32.24597341130838,0.057743017869607845,68.72178382452323,0.044836223746772125,10.508128940097482,0.17728208391810732,29.667400164168754,0.04460497567315274,63.16749016276125,0.06506156601099983,-19.04151866994691,0.06687067374401401,-31.827677402839672,0.010977648126519501,-71.57885863554142,0.08230927514691941,11.060135369955214,0.1317788479545705,-32.643792490037505,0.002580977158065701,-64.90162171266833
85,1.7,0.06400926843677637,-17.458745503609887,0.11826458707489639,31.186257665004955,0.03692991535210264,68.72178382452323,0.02976869843597702,10.499255877662575,0.15445170718299497,29.826749701259196,0.08091479613567466,63.32725539295296,0.02648708750591284,-19.01128987203888,0.06878762226772793,-31.724391891129365,0.012390698148541362,-70.32050238602746,0.12773023139453457,11.108756796730317,0.17995685302011832,-31.46038060156749,0.024648662281835498,-63.72715675006146
86,1.72,0.038607010834794855,-17.429578141784866,0.13643182115573838,31.386640074731734,0.0316838744007172,68.72178382452323,0.024165981225250835,10.207457341791752,0.16448026329206775,30.124106587969752,0.09655019520237765,63.50089760832993,0.0184516872992127,-18.7522925348686,0.08433737826924002,-31.27772296610656,0.0003373681589877386,-69.6034820288135,0.11383551747901773,11.103229294401082,0.20460610523759826,-30.657333784188125,0.03239199574595999,-63.4816004371716
87,1.74,0.06739777646179014,-18.08892803784254,0.1703254116626883,31.477332237314922,0.09145524685360776,69.51661014106702,0.03422081405962754,9.90846460258141,0.2014817939314056,30.305220295082517,0.07556633738827366,63.4388025053716,0.08210124806789282,-18.7522925348686,0.07577544862220437,-31.264923761211723,0.03707611034175759,-69.47687844634355,0.12564786753482912,11.08736694118033,0.18607225768460992,-30.536910558519477,0.056277918523854296,-63.464174424465796
88,1.76,0.038456448022228154,-18.287864806372884,0.18117758801011372,31.648713898853508,0.06012156004605577,69.77446613513331,0.05408185533621673,9.71500992446372,0.19924516132399636,30.351663090710893,0.04257473723623141,63.13156603310287,0.06691943443862047,-17.63363610852039,0.08989727028851524,-31.265398190973762,0.03887089859434936,-69.20989553323287,0.1293838229067562,11.106824721803422,0.1918351003045164,-30.504041635700954,0.050724463907160754,-63.40614173596644
89,1.78,0.020955060818716884,-18.287864806372884,0.18527080503267118,31.71746557981033,0.045304728987362854,69.84126596996857,0.06252450216029565,9.557336469921813,0.2002244730012724,30.367815947186777,0.02034924465517612,62.88283674097697,0.03510672562212753,-17.318823334079237,0.09451870482032101,-31.312444294205054,0.035682952272561436,-69.11210071442254,0.12303395497493048,11.11056919648242,0.2032925734067951,-30.504441179372165,0.044280438334110224,-63.34769564647705
90,1.8,0.016930672506398063,-18.635848581483252,0.18600951552746262,31.748285037584772,0.04342469476341332,69.97275585553875,0.06340446963579688,9.527449928293489,0.20009112421688277,30.364826670781426,0.013453606399678394,62.783792856291804,0.02673425157702249,-17.179164642059188,0.09592710087271031,-31.32537569641335,0.03677665611920335,-69.11210071442254,0.11890452852774464,11.11056919648242,0.20381958184675134,-30.500335888814345,0.04372890256083129,-63.34769564647705
91,1.82,0.022042857671448902,-18.635848581483252,0.1861012120002911,32.2977787612013,0.0460082550407818,70.67583552303071,0.060184166788172504,13.134503612530969,0.1998839094831028,35.546734200568835,0.027423978930832555,68.47727447915885,0.035401648322898695,-16.274434434399893,0.09294628450889221,-31.733301846219234,0.044140526948421716,-68.802185065877,0.11975804127596743,11.89529197429367,0.20342419798198697,-29.61823634665284,0.04512483088039899,-63.94790949433871
92,1.84,0.14323207811761168,-18.95276848735709,0.378865829808437,33.57806754589789,0.02833435040642149,71.48230855979922,0.007224527443410936,16.635950849326843,0.07302038722272924,40.940558885001174,0.0033616583413368798,73.87109916788317,0.07028688459127441,-15.593538849992287,0.2914830435431443,-32.19918408714843,0.17791683024105087,-68.7987436801896,0.01703210962609904,11.839824222140743,0.06373306248583199,-28.463028032350145,0.00013516729233496207,-64.52762712371222
93,1.86,0.10181973004892715,-22.05821312482458,0.4509191224151821,34.14422858735732,0.052517337390419826,72.38027923529687,0.06650174577870524,17.279122625669803,0.11106898357875494,45.5196940926599,0.008739424782608063,78.86028816318168,0.08014800112308221,-15.532088617860955,0.4043159949566762,-33.76233000808962,0.1507922995156851,-68.7987436801896,0.012240622544311438,11.828972137601992,0.09691465680054763,-28.159314929381264,0.007813761429127219,-64.64827602384851
94,1.88,0.20698917055344182,-22.63576730868405,0.4044912867677702,34.14422858735732,0.1064810569419737,73.28628544806237,0.0797327938527108,18.583722670571067,0.052126405336041785,45.5196940926599,0.011333825575104652,80.45150058330029,0.10681765787396265,-15.532088617860955,0.4380667223209496,-33.76233000808962,0.041479024140148944,-67.670508667124,0.026004826475760974,12.009941158293959,0.06384947288722327,-28.159314929381264,0.0023614117548449638,-64.73140810256406
95,1.9,0.20521547488761147,-23.32832060908023,0.3716746325259668,34.11360679486247,0.15174610641922714,73.6128209267648,0.06624804904929252,18.707934917234226,0.06878464911790678,48.339616369408496,0.009453961532626157,80.65078061085013,0.0883525445540422,-15.532088617860955,0.4246100727388093,-34.611702410752414,0.032063064936646526,-66.9404171704233,0.06098934910356355,12.320622491397208,0.003310131525144156,-28.23937968331725,0.009310119569401115,-64.76797452542183
96,1.92,0.17275261062390812,-22.9236434184116,0.3410722975386215,34.212563121768156,0.14852673433690874,74.27056866329816,0.03819155063668106,21.26755994023156,0.06389158094736654,49.84056373266732,0.005962583101483906,81.21153649644414,0.08494697014647719,-14.54313055680246,0.39729321112582106,-34.238232498758435,0.04697837802695021,-66.38576823531506,0.08664872531915056,13.014232352370705,0.0024988599374376214,-28.528609009533323,0.015870926295051654,-65.69479519543816
97,1.94,0.10248443060463747,-22.939499405010537,0.3304631819712504,33.98704272814283,0.08924491909201177,74.33812571143427,0.0482006539191894,25.65917767624224,0.05716237497533289,50.18341472880462,0.009771734259324419,85.74450078520093,0.12917062929959314,-14.54313055680246,0.38168250615275656,-34.238232498758435,0.09050566547953584,-65.77733246006802,0.030934695241817023,13.697541130388496,0.09142834504759807,-28.31133330747383,0.01642174891812241,-66.4896503533235
98,1.96,0.05787759633260103,-24.173014390103145,0.3299539443974087,33.901834270950346,0.10229149062941938,74.4695652695825,0.07706266186188816,27.472281534485923,0.07011311646356082,50.265928482496044,0.006705786564724033,86.18435789865882,0.12073415886718009,-13.75309321838346,0.3736745379171774,-34.00428356164313,0.005316004848917233,-65.13425003124381,0.01046974678686112,14.027829936210313,0.0690358696234769,-28.31133330747588,0.007272557210991701,-66.66257747013339
99,1.98,0.1361735018551445,-24.84006714242696,0.3460508101346597,33.92357803650751,0.1315569727667015,74.80922502814958,0.056162385589096746,27.937839494993415,0.0856595022225249,50.26592848249605,0.006273564775497069,86.46368256957635,0.08222104862856083,-13.258766517458907,0.4102168012105812,-34.14043206274974,0.026943054299316465,-64.78216860586244,0.01256802256877495,14.123501119288372,0.06519903702120045,-28.388853160778734,0.003923753438888202,-66.80671778704081
100,2.0,0.15300951307207963,-25.408898485739417,0.33533500154614315,33.87028413850383,0.13975462590868795,74.90524437418283,0.042237911213168694,27.997682155062062,0.06745820898379346,50.36190852818783,0.005433518194684829,86.50708539502443,0.043688607544619534,-12.95077858603588,0.39274031380529245,-34.110422033283065,0.03843516813903001,-64.6057566787496,0.028243516119039053,14.188028947244309,0.016114057728275358,-28.73739531950882,0.04012865203452196,-67.02699794210018
101,2.02,0.12063930109196336,-24.748081988558038,0.33258859230901483,33.74450715504879,0.12292353066612267,75.19373715298677,0.01985566766215349,30.82021499931479,0.06979219855548166,45.09005590274945,0.006281629331291594,81.34131828025637,0.023548082809240284,-11.922791369400725,0.38155652333620654,-33.459960724999036,0.015910818689443267,-64.2927847574136,0.021939522670985874,14.188028947244309,0.017967600033930324,-29.2182932426937,0.026787530568763547,-67.5154703303143
102,2.04,0.1804653757983703,-24.798766360117114,0.299447443293295,33.63387969830985,0.05028939096315397,75.09442867757163,0.006914270466276776,36.487755887665465,0.03584085534577558,43.29211434092491,0.01278646599656572,78.2690281168341,0.05175057731998369,-11.333401914662424,0.3098440688099855,-33.086889133211514,0.0581422872489724,-63.79322898541023,0.01311398069817761,15.743488221474157,0.0040284095966287795,-29.23453389757433,0.026971361916248267,-68.34832146400893
103,2.06,0.04356711009371247,-25.924717257634473,0.31636544864572475,33.63387969830985,0.045161593502918984,75.08345055380848,0.08056159469835246,36.48280091190801,0.05835255251889144,37.80011978461008,0.003998892342170374,77.1450972993465,0.04458719160551686,-11.02101252577212,0.31897883285496514,-32.833859676758586,0.010254766745799278,-62.31498025051943,0.002599868699346947,16.169945727511404,0.01672044302925699,-29.511127593934134,0.05260360596040715,-69.26251999684723
104,2.08,0.09685064419873948,-25.835452455964244,0.13183808418698462,32.070983840918785,0.018648914375573686,74.84409426659582,0.1475670390735726,36.65045067021438,0.22179533338296517,34.73550514363213,0.13351747464079428,75.71678196110135,0.04571933303364915,-10.887863138481906,0.18092578375582608,-31.661887181338194,0.12526917264718615,-62.31498025051943,0.060943213452105995,16.169945727511404,0.20160545961738519,-31.090017465734846,0.09146669815525607,-69.34953333588051
105,2.1,0.12284345164361371,-25.64091102951867,0.12250252490151402,31.7544596921713,0.0156462906350773,74.66514885779428,0.12555107118028683,36.65045067021438,0.23525226410108802,33.318007586568925,0.12291452872432257,75.38127886923488,0.06644502879838493,-10.866317754311996,0.18384910829464077,-31.492514840957764,0.12355375298984023,-61.49233063505923,0.057749295830727444,16.169945727511404,0.17900677747051183,-31.252023498054907,0.047459466209290396,-69.29060619087339
106,2.12,0.14146696580604332,-25.8359862571281,0.13030497310868833,31.637185429556954,0.01684341618401298,75.00007796234138,0.10790015584368512,36.75626420180678,0.2616961879226566,33.128895955361806,0.09777804311586179,75.43175403734342,0.0861078532484063,-10.85943422147707,0.21615989003767141,-31.504660071344528,0.09308374628000819,-61.44203442613969,0.03002530030892558,16.95084735722884,0.17807694361815038,-31.4010281791893,0.03323469620817956,-69.29060619087339
107,2.14,0.19103619663712346,-26.926269853198797,0.1272005107568109,31.622013972623012,0.03669417997510646,75.50289239794182,0.164478131333965,36.58875997885788,0.27852273707485475,33.13211008575014,0.09792421860914705,75.34392192924281,0.007913539020171667,-10.43036514192169,0.25570620477442657,-31.825091444021623,0.11198306358817042,-61.39061224317268,0.08171430524392401,17.607953497406093,0.198836831035551,-31.717348042570144,0.020349348254597575,-69.685675981729
108,2.16,0.20508047658248746,-27.085166136238286,0.13139447942903987,31.62280754385751,0.03314104635956413,75.52867425680857,0.18648445077774295,36.31530657143274,0.27621015473311866,33.133994185442546,0.10720649080836982,75.28523957285896,0.014227925063004198,-10.249563486699236,0.2518633288597053,-31.855562073527743,0.12478472580348386,-61.39061224317268,0.05935968526753333,17.77539907590003,0.20349341648524336,-31.717348042570144,0.0027414444226385856,-70.06712309637635
109,2.18,0.1924997354591564,-27.085166136238286,0.13577272005925548,31.626139619207787,0.028700184275385947,75.58200543419369,0.1987895189290693,36.232665815320125,0.26890493099790863,33.133994185442546,0.11035635572764212,75.21406209329874,0.016447549847574953,-10.120603725700994,0.24601602016261753,-31.856318611440663,0.12981184271498036,-61.20803735965834,0.0600772655021276,17.855468486736093,0.20225608963823574,-31.86458822012177,0.006280832514537652,-70.17959420284562
110,2.2,0.1981769202748859,-27.256613201487703,0.14018690806208617,31.61717807850466,0.017245212807956174,75.55425431194115,0.19153046821400127,36.232665815320125,0.2725864809449027,33.1120126851033,0.10788505670926009,75.24642514826256,0.01531927999830899,-10.106693571098461,0.2360223464107364,-31.85315056218461,0.11599585738020796,-61.194588043482355,0.06425529583066916,17.881394694298102,0.20133378074338093,-31.885178650316004,0.00551191808938309,-70.19428445376748
111,2.22,0.20689895574505315,-29.685534861783985,0.12687576650940027,30.58167027603807,0.01978118803683345,75.95763053622662,0.1806236055777707,35.514538150754454,0.2719981108198614,33.022463132616245,0.09534354927494756,75.20406721021352,0.010050164467139085,-12.9109911553098,0.23779224379385527,-35.035200875035756,0.11924691008951674,-61.194588043482355,0.07632233939066471,18.027716765538678,0.20242830758965927,-32.431699399842074,0.0036373492582795547,-70.92999495371295
112,2.24,0.013100697159890613,-31.207926241988545,0.10518017741758083,29.722998041013913,0.01305870928852608,76.02252866461775,0.10911553613857375,34.845539712016745,0.3474995152299926,33.022463132616245,0.0990296021480192,76.55474040579541,0.022570635835176215,-16.59923954725632,0.07066783142677405,-42.226967121191585,0.007601955879113008,-68.96502260559264,0.1830140562185574,19.39116127725218,0.37889640307194133,-33.868561895192464,0.007156281733564525,-71.10709014576389
113,2.26,0.016463585451690303,-31.37727240265421,0.09294270562019138,29.46097067471557,0.002723133976910293,76.03319355247348,0.01181440540727104,34.845539712016745,0.4192886047209201,34.51274198369388,0.06135137410335181,76.53598582038698,0.07401341529604065,-18.02608760234954,0.08634418479730427,-47.12077815204111,0.007950778502941217,-76.1308541545398,0.08925883282772629,21.696656580706552,0.4564092391406401,-34.32614285948069,0.025390516407891115,-71.23431088790228
114,2.28,0.05089480264379126,-32.48910206490822,0.0709764048798644,29.369462388129275,0.0017985971446474625,76.0331935524251,0.08164843664411535,35.9908794039157,0.4575531444947444,34.98833610392647,0.004428168335714449,76.37139085796385,0.09427743682967407,-18.714752634725215,0.03364976361298599,-48.961299442399955,0.014130046736422328,-78.76278045809825,0.19357928143667294,21.696656580706552,0.45664944774564914,-34.32614285948069,0.046279306347061774,-71.26478887822483
115,2.3,0.04821400080312014,-32.68587008227971,0.08322666068210756,29.271473568311436,0.00044486908536238754,76.0331935524251,0.09956202293193187,36.18766013422308,0.4695929409088367,35.10991352936507,0.016194801126957117,76.12777756896936,0.07191820460315623,-18.840393435091887,0.06419918401987952,-49.63932225538826,0.00959602800203366,-80.98981395409403,0.1811526315282125,22.695763841178664,0.4520505548121315,-34.799894602029845,0.021018880009434346,-71.39332312618055
116,2.32,0.02262921890088232,-32.8213401386658,0.09218428690708057,29.08555141613602,0.0020370549479688956,76.31996942626262,0.08863436881905089,35.420409087961836,0.46607919339631715,35.15792863423824,0.016489536555703545,76.2389671194454,0.036492556382876774,-20.80693516636635,0.06836267045267073,-49.63932225538826,0.006740607899776463,-84.44350674255507,0.09925583897300093,21.87382862220103,0.4312224981955522,-34.91236397089781,0.0014368437492908498,-72.18381526739861
117,2.34,0.05935188195835683,-35.14235928453821,0.11589950088333426,28.986600164480873,0.012699044352783202,76.31996942626262,0.13360265331919272,35.420409087961836,0.41984913019131154,34.7956048826091,0.08468763145165702,76.09854225062048,0.023857574217594952,-25.42332803552843,0.04252529591556966,-52.01240991452557,0.011771584572492125,-85.71374632199313,0.20576993610388972,22.081689029987015,0.4130853282337591,-34.50756876228262,0.030774492787891253,-72.3452903958261
118,2.36,0.047433753924349994,-35.32714316897052,0.03481809235829754,29.450922719767828,0.00037558582289104876,76.53723171734524,0.09893032828975673,33.733650339720796,0.3738299889595118,34.532681923772984,0.012475129768049889,75.57919233015846,0.087735912099224,-26.113909860543824,0.0883491385192672,-52.292288114767814,0.010092111637286877,-86.32592149118703,0.11074420262299493,22.259925194454272,0.33480037936006984,-34.24417112072752,0.03991104665147462,-72.37192164594852
119,2.38,0.02409508107592035,-35.437285042089755,0.048821495502548225,29.467583169767618,0.003229896080955753,76.53723171734524,0.06068881714346181,33.33769261491711,0.3528949966699693,34.532681923772984,0.044946483850863916,75.17873010612742,0.09188963350124915,-26.439420186683854,0.047865213258719126,-52.558434382899705,0.000991472905920573,-86.55686663501513,0.14195632203791908,22.20822485906841,0.3000576309750583,-33.6817376320436,0.02006785219693687,-72.50314824926845
120,2.4,0.0022570871996347537,-35.36823658694425,0.06528418866683758,29.458552041331664,0.005210531113237845,76.53723171734524,0.042024150287257166,33.09175756224526,0.3811168578321155,34.272106899002104,0.04657961900570367,75.10823806445356,0.0928137738596632,-26.600132780782047,0.0245199590730938,-52.490394944707916,0.000883026104007414,-86.59757929871898,0.15061509655048255,22.187886123357362,0.30925296724197043,-33.6817376320436,0.00976274946548983,-72.91203517843906
121,2.42,0.0032382470050588263,-37.13963187706733,0.07288655181275502,29.458552041331664,0.00520341733362817,76.88220305547661,0.045132728159121636,32.054913598688245,0.4040104264315181,34.272106899002104,0.038407920880983076,75.06584181317912,0.08294769187984342,-28.655907566957712,0.005142411531088859,-48.91660728567766,0.0030411032954398578,-84.28317410788887,0.13226307573159482,21.66968610305972,0.3343829321955396,-33.04243893319266,0.022017621192663178,-73.4235780507643
122,2.44,0.059044591682944854,-38.05452647423929,0.056118219292797124,29.663147857369246,0.013927220433267341,76.94916850869537,0.14461348126670096,31.75598392021574,0.2630869652955541,33.24940533251319,0.06257928372207965,75.06584181317912,0.12767146965233123,-34.337584796185595,0.11174616748163219,-46.81900879684462,0.03245266548674519,-79.68875755631555,0.4182367486978699,22.20372892293813,0.16076792205841553,-32.098412152203075,0.07618800363716811,-74.35513969631005
123,2.46,0.02582528043774039,-38.197776017593355,0.03044696432451129,29.651748401653393,0.0023076724106729,76.96278445789986,0.20956551132258905,31.928500486455594,0.2493971801709744,33.17248337973826,0.00011814071158929543,74.94524605748381,0.19144012124634774,-34.713045875264754,0.23195159449894093,-36.342748269417726,0.21392968836882936,-79.68875755631555,0.24707374741931085,23.054064621597565,0.12383660984593936,-31.97158803675958,0.0768660893237938,-74.35513969631005
124,2.48,0.01781504403534864,-38.47076224085318,0.08339543322559313,30.77491815420354,0.0046153701426319945,77.34635022969432,0.2217490523164672,31.52267842195334,0.3230885733684642,32.67603869191268,0.02389841981674458,74.81022645357324,0.21364060624867542,-35.78627390008381,0.04090792980599466,-35.27025546126699,0.10123888107057159,-74.87795529177104,0.2628415780555178,24.163495796352322,0.22623280108253396,-32.06466763524766,0.09276444065569713,-74.7180969208143
125,2.5,0.13697714581337106,-39.35589391113188,0.07238975379169595,30.820012114947072,0.2204018429262296,79.19441401727872,0.06303538900907868,30.798035395991285,0.16315127628224452,32.67603869191268,0.03172776928783343,74.44649756902098,0.1635428821391226,-36.0641808162367,0.188982144828257,-33.975011674323476,0.20483693558426944,-74.55787490766139,0.0742809560493006,25.163195776267433,0.20247412267758308,-32.35845796969399,0.029506905988495803,-74.7180969208143
126,2.52,0.13800184491737785,-39.81642338037477,0.062023975004728844,30.684785129081845,0.19812409650325677,79.14005183802655,0.07217964879077612,30.02514733723381,0.1840632690623221,32.12438443810074,0.05266850286288675,74.01636933300239,0.1686858130973022,-36.237046114447836,0.20638794342846736,-33.63666673969944,0.1946812607010732,-74.50255563885399,0.057060056668714824,25.93775691595972,0.1834946351840636,-32.245922079325155,0.035456740820434623,-74.52467614644009
127,2.54,0.20772595095742985,-40.30907775014813,0.03822722065834594,30.701555749451632,0.1582374975616242,79.14005183802655,0.24465811922625638,29.816174904987275,0.2128868560490007,32.20463656470051,0.030785207458831523,73.62047623362199,0.266934028155043,-35.67485171297268,0.24110955230871695,-33.638451399912185,0.14656232101933395,-74.58784656876485,0.23208359831699504,26.29607438311409,0.16515405486304988,-32.12143698379239,0.029681197422957998,-75.20904029526508
128,2.56,0.22167089437403353,-40.47047630757329,0.059042941435119047,30.731932183828626,0.13788544500084793,78.70203454954903,0.23777189710443253,29.64260116714325,0.21013898939437484,32.27561777687319,0.05081664934239957,73.40891897217334,0.26449419388376705,-35.568113071795054,0.2282290189090967,-33.62795150833236,0.1320243626253236,-74.58784656876485,0.24595530842697486,26.35573223306057,0.17039045511578638,-32.075133023097656,0.05719546385514529,-75.41403574547061
129,2.58,0.21011226459239138,-40.47959454054152,0.0638081055283717,30.797086562918686,0.12446288863574118,78.60715890574076,0.25962510549521606,29.638261368242034,0.21826100701935397,32.29712410153657,0.05324507604530539,73.32955233287066,0.2596303008539095,-35.559602159094865,0.2322741455397712,-33.61328764619972,0.12157767736825686,-75.02272465616561,0.26516372922248194,26.34381424351553,0.164985975265476,-32.00319463592313,0.059437335774956794,-75.48289596295541
130,2.6,0.19597810198252263,-40.47175168398988,0.049914792412075214,30.796285404349454,0.12175266128236664,78.58513640685032,0.2618743625541889,29.657834675342794,0.22098867454725488,32.32758355735474,0.03799185718344091,73.3291890980989,0.2454248227127768,-35.580003796903746,0.23527894132550203,-33.6126442382779,0.12236851726380481,-75.03957811792839,0.2709830159022136,26.304063914005102,0.15692987668065977,-31.965027451507613,0.0491847959760977,-75.48358963529934
131,2.62,0.19415479144154768,-36.08061444265911,0.04986384097057996,34.80362609718313,0.12848229232951192,83.47920677995579,0.26268416821401347,29.665632233499593,0.21817761361289145,33.09582399053229,0.03501750356722591,72.82895767402849,0.24400176540905694,-34.562515955841256,0.23730571409814485,-33.6126442382779,0.13059732572468147,-75.07329014939016,0.27127355611717097,27.399558042221344,0.1638571232872267,-32.15626799070404,0.04155017161397377,-75.90997808966819
132,2.64,0.07729089877472992,-31.01114238838431,0.08673449163937999,37.50053843983699,0.006835246025634269,85.03644329012025,0.4009019842396159,28.859367020505825,0.4105356555578387,34.06384923544111,0.013034876835723687,73.11533431690867,0.19225082306672084,-34.562515955841256,0.128435973415963,-32.747641005970905,0.09645549611133518,-74.99299819318283,0.24340978453877893,28.934407042592554,0.25509238948674595,-32.637657172052016,0.037559863399695796,-76.34453320593497
133,2.66,0.08980279575917793,-29.56450427075467,0.08159356055029626,47.112331194605076,0.0009672105749551553,85.03644329012025,0.24789206244256123,27.977596260416878,0.42961577549386715,34.22520745597818,0.07266576015931306,73.28823067746337,0.18069722495884236,-34.562515955841256,0.07290287255471117,-31.969420656507815,0.11858299450322417,-74.83923240319203,0.15752911886320367,29.677579872832084,0.3287208829666999,-33.44625193672432,0.1182975854832626,-76.62806320664124
134,2.68,0.0667471179747671,-27.589798411231996,0.0005172219160202711,49.67999959682362,0.0007401907756702497,86.73707619773923,0.006219263225952294,27.977596260416878,0.3642930904770492,34.22520745597818,0.04995374803808498,73.28823067746337,0.07456875449649233,-34.65364404810135,0.023701560590410703,-30.87500882979644,0.01246082293392663,-75.7533768251828,0.03391139130161965,31.02051121946552,0.32848963468505366,-33.59809257231464,0.14946984817418785,-77.18074980052037
135,2.7,0.06337010746874726,-27.303487829259034,0.02386778143343432,50.0491664586028,0.0033132378578120828,87.04113377025571,0.13253088132520913,24.12558787693312,0.3352256538032446,33.8448581407865,0.01585184469469786,73.0435978657511,0.014457478881458258,-34.65364404810135,0.10433053839226501,-30.201378835282508,0.009140129435620583,-76.03229891916689,0.10106170412567088,32.06641681767459,0.3232390964173308,-33.730285219668296,0.13538403857122316,-77.21180116745649
136,2.72,0.05741261958151504,-26.24820299014817,0.031212791463916194,49.68233281695252,0.0015482538444560844,85.05259881363811,0.1524289035081741,23.217690157436845,0.3424945946552932,33.676141823284574,0.00548804158363499,72.44490329435109,0.04388527866354735,-33.97201934468397,0.11210487942743412,-30.112916492053966,0.008383304476018105,-75.77068411563978,0.18174950010292,34.85793915586785,0.34239223916879724,-33.955524960644986,0.11411025609553534,-77.09754185532331
137,2.74,0.053488193510356656,-19.685028060060727,0.072710714831884,49.51149766879058,0.009483139656041285,84.02830394242788,0.14283562252588655,22.65518096822131,0.3644153733467806,33.73931730235333,0.04543144576182379,72.33788720141222,0.00845014446082172,-33.22857729088876,0.08920174646912458,-30.112916492053966,0.004282868987921235,-75.71339400293917,0.15038664829635867,35.77090485143051,0.3812401177758349,-34.34487432107917,0.02094862279534381,-76.94987449582162
138,2.76,0.08015764223017285,-18.60790215509897,0.05834457282677025,49.46328811301503,0.0013882998753108027,82.52914453341216,0.020370304086835146,22.65518096822131,0.36939950997476045,33.82785159438588,0.06290739868069385,72.3092958192193,0.003884165132388357,-32.93426037051224,0.1157278674283371,-29.790807232304452,0.004026466138502322,-75.70689820509324,0.1481371630531932,36.142805969342795,0.39795197844612,-34.39145049840121,0.08715599414307475,-77.27783500817623
139,2.78,0.07078930761656313,-18.734555301910326,0.05567945755338011,49.69304616670368,0.010237826655248198,82.6962319053545,0.08899605848536064,22.65518096822131,0.34546134212116386,33.085556829452514,0.04898298300951655,71.83956952313267,0.00040734937214759675,-32.71778938502263,0.09754999290325342,-29.790807232304452,0.006160442402368848,-75.70146551993535,0.12807412275212268,36.40679210463689,0.2863041798588026,-34.39145049840121,0.08234355537532344,-77.2328360409222
140,2.8,0.10366674456570944,-18.882506813859642,0.1701430946337929,51.24765899522259,0.12953388133795998,83.39332523542362,0.13188543926750668,20.474110936008458,0.18705025875059866,32.420954572112805,0.02197313471468207,71.83956952313267,0.03744439426128694,-32.765131645924946,0.022278150733902158,-30.382367366432735,0.005035479671403902,-75.7004267317563,0.1660905102573654,36.40679210463689,0.3097838967773503,-33.76151679108458,0.019453795587447743,-76.62576219106442
141,2.82,0.049592906312956035,-16.312732337903263,0.09033735438354368,49.40227233904462,0.08443019359458277,80.15818033009478,0.09105710148766216,20.529560905291568,0.1876978539248682,31.22049581772194,0.01002126519730841,71.54135888441645,0.04492532267306209,-31.230236890536187,0.04019210969841349,-30.95011481342864,0.00525356389333396,-75.28145921544683,0.13965333179402573,36.40679210463689,0.28704663992529644,-33.54248775136386,0.025304757350886393,-76.62576219106442
142,2.84,0.1676647130433918,-14.511674334872458,0.019786887059493163,40.71222145642066,0.18852266918408267,73.86538485857265,0.15899393739108916,20.557254775632423,0.11670577853507128,31.118199513947804,0.037369112991993504,70.7651095574998,0.0005467206198613375,-30.410408887558944,0.009146131530599054,-30.644336224955783,0.0026227904760726525,-75.01152119558571,0.07712140299660557,38.29084432053919,0.26821226961772876,-33.47402704103985,0.16821120411536303,-75.3791538591606
143,2.86,0.03828291238772128,-11.619419795247776,0.010441582401312889,34.59911156134893,0.12044916312846109,66.60470373720418,0.04935623078299726,20.557254775632423,0.22249698243673252,31.471422531505993,0.10741191109754951,70.7651095574998,0.009797795938668854,-29.93129073513633,0.06532927806470762,-30.389571700353745,0.0038333625924656866,-75.76801091754297,0.06040759362324244,38.439299356252555,0.363462513269292,-33.83608992941459,0.052331926159573376,-75.79254843574097
144,2.88,0.09445309204047145,-11.720957383148168,0.150691893919169,32.24493032118636,0.062329914581152064,66.60470373720418,0.041736462895833035,20.557254775632423,0.26831807247601974,31.8695173395353,0.05518389212941087,70.48177823187213,0.027882577492304578,-30.07125000313179,0.22686971359301192,-31.648239881419478,0.25383701905801664,-76.4366733689435,0.008910773458854647,38.39069324598766,0.2163095814901555,-32.7235248985608,0.03232967533893907,-76.02821774775049
145,2.9,0.16652049795817514,-11.752494073458212,0.15155930838165882,30.850526264930334,0.07701378465796199,63.168190016213714,0.1059080104076497,20.045446965403034,0.15029039389186427,31.8695173395353,0.03000142396827089,70.03469267662824,0.058065964326938904,-30.160013064891814,0.07496209888943073,-31.86560624951755,0.1891670376813718,-76.76005069212485,0.02995290666595713,38.39069324598766,0.15482076993556998,-32.57694997041818,0.06160426000104534,-76.01481575494758
146,2.92,0.1462674009941673,-11.94619020725649,0.18177435938068903,30.464441313619698,0.04517104280313219,62.95834790259732,0.10239088328321803,19.644056803875227,0.15039181023429946,31.133676945331324,0.019118586029724223,69.17034067852074,0.05624056291755563,-29.559203375969958,0.08684681045362809,-31.86941801434433,0.16738592083564466,-76.41069608441441,0.023158094411731507,38.135641800674925,0.18074419952080392,-32.2915170973309,0.06260679900506134,-75.88901790973597
147,2.94,0.1958432019854742,-12.014300133636405,0.1599550707167099,30.35160957144553,0.022492224621761873,63.10014591373642,0.15734167836363996,18.96313947284775,0.13558597638909953,30.99179801958179,0.012328428086969354,68.89856756624776,0.17006293070466602,-29.322556205872413,0.09880033523698427,-31.92809354959313,0.1719102316310758,-76.41069608441441,0.10229322815471174,38.36555016852325,0.1797538065241056,-32.23385739278651,0.08279563529755302,-75.8419357650033
148,2.96,0.1691770376905954,-12.014300133636405,0.1810041183494372,30.361820551785904,0.03439770652027752,63.3277936489462,0.09569358201995255,18.186757660641387,0.12837302572733952,30.99179801958179,0.02099388913944085,68.80811954227431,0.14605313470015893,-28.670760244918142,0.09463360393117823,-31.9295438301538,0.12345233570303195,-75.8375963972098,0.13588784858068625,39.23816348639215,0.2013425638174558,-32.30086321883252,0.07459531393555295,-75.81505466891728
149,2.98,0.15249162383321424,-11.840096778674047,0.18951718740075124,30.375030614561275,0.030234195078828276,63.360866303372674,0.048399054011333445,17.705607274637526,0.1280728276666655,30.8736857638701,0.020984110626870837,68.74799420042216,0.13468913399554033,-28.529618324998513,0.09530676238420177,-31.933628944218036,0.09800628464614664,-75.42551166642228,0.15225946585933733,39.335736912307304,0.2082491816055566,-32.370189236081984,0.058099239908049126,-75.85358453468724
150,3.0,0.14921401420197652,-11.819493943303145,0.1952276104957667,30.432578472355747,0.02917990965881568,63.36581557142919,0.039326846683559624,17.705607274637526,0.12995593592502513,30.855537278268212,0.02060775959057434,68.73171273352436,0.13345544966107134,-28.479994275185135,0.09572075214843523,-31.933628944218036,0.09450653114002991,-75.42551166642228,0.15400475651864654,39.52733439195146,0.2118112685116355,-32.40573768140522,0.05262117510194509,-75.89398445590379
151,3.02,0.15321965371967847,-12.378800588077768,0.19419986794838534,30.432578472355747,0.01868463265315822,64.10190459068582,0.06534155584226241,17.705607274637526,0.13445754078483052,30.029960329220305,0.020487396320680282,68.40544295018353,0.14071323702519337,-28.32291284147111,0.09337788451327664,-31.993494463622415,0.11328234989868836,-74.90511535829214,0.1370044716243373,36.11965711064402,0.20763942218314052,-38.28349710995293,0.05349693686598196,-80.70277300754057
152,3.04,0.06545259397395638,-12.553715968781098,0.3400746632861774,32.27674370180816,0.0005008203045118179,65.17247148043839,0.0015918628854503388,15.16606328703269,0.03795428771667179,29.007453626857565,0.02105605637052899,67.31165907167235,0.30504855111341034,-27.66748699404082,0.30425193161922587,-31.993494463622415,0.1958846458671697,-75.29227931476845,0.053388269217000406,32.32198817981858,0.10665025314891485,-42.17903715971587,0.009772802958477635,-84.17856687675189
153,3.06,0.04545708878102897,-12.773182552125446,0.38929565288157586,32.771378186502965,0.1379479023082246,66.10959402140445,0.021934635921048787,14.665307316478557,0.06306557445250123,28.760997955669698,0.026577039243640917,66.66378998095253,0.19118104004713868,-26.29671337441354,0.37517953988663216,-34.374693790233216,0.25011587738716734,-75.5433246888245,0.10929934367941746,28.073578064492292,0.07531397555311121,-47.715441108973266,0.005441166294107104,-85.29832311789345
154,3.08,0.08966487638211312,-12.98427533486528,0.3627037660983244,32.712553312767746,0.13805498043132453,66.65187086975033,0.018620976490657044,14.454835352398796,0.06264504611854041,28.50804470191089,0.020011132389764204,66.5501985564955,0.0017545847690095956,-24.59259308072799,0.3143256319142456,-34.35507547016678,0.192038059018053,-75.23532796534754,0.07691035163572893,27.14890451779079,0.029301498427454258,-49.5879605033498,0.002265403683936175,-86.3658068601086
155,3.1,0.10737859792443595,-13.2053300779786,0.32115915079670476,32.62374201135216,0.13638162888535976,66.80847848600067,0.012421298362385676,14.380822188606242,0.08919772462034856,28.20812245965008,0.009703135916152792,66.58974352736223,0.08713167819119058,-24.217176904503035,0.2997541261097394,-34.33302534450765,0.142812105806335,-74.79413500645387,0.06189542589008668,26.959550343468372,0.04361913183963734,-49.5879605033498,0.003952502917866368,-86.4640770384966
156,3.12,0.11796150459031542,-13.707410445598647,0.31850138860950705,32.863245580451064,0.13980033862399815,66.81806924691543,0.003781092234195038,13.028169083686144,0.09280178940928575,27.930574887639143,0.009618452199720852,65.81252939265562,0.07973405506943104,-24.054655972830762,0.31714402604905767,-34.17213739806218,0.10923236340075063,-73.85694480581996,0.05175442980763659,23.026725827621533,0.05503877892022027,-49.48441276114182,0.004729431376888271,-86.4640770384966
157,3.14,0.0782831300777371,-14.633975787362457,0.35402397489386966,32.98561733475319,0.03964867689737613,67.729314212856,0.013191225665403244,12.570910114157577,0.04560479733521937,27.99823839516046,0.0021769795252367698,65.22371626847682,0.21195095131406733,-23.750580246973584,0.3347946292596334,-34.362820332919284,0.1431742264270693,-73.71927784315389,0.03853178919896439,19.3388678053445,0.08192607969268899,-49.23752049792592,0.004458707061104787,-83.32997110814308
158,3.16,0.06750945095304368,-14.945372311841979,0.3592262707386837,32.98561733475319,0.13068829819834055,68.44259701575048,0.007179927202511212,12.350665268824441,0.07911888174141651,27.76354650413671,0.00785421929222452,64.87266123127847,0.047530654764657135,-22.777488458239574,0.3528207837134776,-34.56447311084349,0.14056804279323518,-73.51116756779177,0.08529792650072208,18.36787159512128,0.08057156681849809,-49.18046243814018,0.0030409256398487897,-82.20400427104936
159,3.18,0.08947253606925308,-15.167287933875127,0.333189996553563,33.07397828385823,0.16326842589890259,68.9145944797106,0.008306042387677686,12.2747940395947,0.09810429008804815,27.648686614126856,0.008440594425473359,64.83189042797746,0.03945111068597763,-21.789099891361897,0.3495044226665057,-34.58175483616322,0.11438999610175472,-73.11993918660495,0.06982704455058739,17.647674853130205,0.07124804871727605,-49.18046243814018,0.005232862152916002,-82.05635749163297
160,3.2,0.10988604225264864,-15.167287933875127,0.3185731211960762,32.935770412141416,0.16877307659230867,69.11133455371537,0.0032714157936834885,12.252707334114318,0.09652658322211521,27.62481920352713,0.009039020235084181,64.7968742488208,0.051895283620338066,-21.377133235701066,0.34673439083418933,-34.58549090349711,0.09175754010973279,-72.93504491504419,0.05195715018813981,17.521781121954554,0.06671441399546124,-49.175542437860855,0.005327514432086663,-81.928811822717
161,3.22,0.11965402604063564,-16.456954822609198,0.31261571601366406,32.935770412141416,0.16091578876556525,69.1499103122996,0.010625225145705939,12.252707334114318,0.09069259344931294,27.477815735310738,0.007646529148514766,63.47571813365332,0.00691089981363414,-21.681202850484443,0.3489255317202478,-33.99440513357554,0.08348383536249124,-72.58840408661906,0.02837640272232686,16.290428090273547,0.06743445197305908,-47.55124014431456,0.0055617642144251064,-78.04638579986526
162,3.24,0.09946411608657926,-17.080903165955746,0.3424154935813185,33.388166099813084,0.00529256348298533,69.22323625629936,0.015868710764964,12.252707334114318,0.05947377141722885,27.39896097218603,0.004089880660024537,62.83651337840633,0.21722179139258435,-21.14121071594344,0.3045931685368501,-34.00270581267194,0.1382366691418649,-72.01546777240014,0.007620517120646548,16.290428090273547,0.07366245335526446,-38.904982206745366,0.0021127068584733356,-74.1508457445699
163,3.26,0.13589284092596438,-17.619017445825094,0.4293074443542303,32.31266930532517,0.07784770462782131,68.92280978428366,0.01683332867778797,10.487665956359162,0.06811845019622226,27.39896097218603,0.003285811099905757,63.207338299798586,0.0013934382476724137,-19.866114425052864,0.15863317422377046,-33.7641292577726,0.09660690802450073,-71.52147539753271,0.17213486814063791,11.65714488592717,0.5318952044163471,-34.35958476588641,0.45437087821906796,-74.1508457445699
164,3.28,0.08805044760602587,-17.619017445825094,0.10970025569423027,31.463090760813444,0.06472258128897544,68.92280978428366,0.04758212842831029,10.535294376442382,0.17644707656118827,29.55860101980253,0.048568275774934264,63.208624606786316,0.0668726901184155,-19.866114425052864,0.07070750296164394,-32.458927176630255,0.005142562832106892,-70.52760513214649,0.08625104562058522,11.108327911363256,0.13459669538105973,-31.603422112564047,0.0014754520754995434,-74.1508457445699
165,3.3,0.06434859508405544,-17.318999101325968,0.12194914562584752,31.211854743413603,0.045300027763957564,68.56387864151364,0.0321868609224002,10.516124759817414,0.15407399776202044,29.72543732327068,0.08490369276487235,63.43036259284438,0.026430540091207735,-19.866114425052864,0.07139786688822591,-31.65688158505927,0.017948530336467112,-70.31514728661557,0.12873808884537005,11.142494298297134,0.1824348090814163,-31.012727367479755,0.026034965363564238,-63.8081418561612
166,3.32,0.03741846772054557,-17.393088251569697,0.14124490504056877,31.38580707238923,0.036032635782098595,69.04160986076042,0.024641390316810265,10.516124759817414,0.16512765187589462,29.72543732327068,0.09572950287349008,63.510834156409686,0.01651367354835001,-18.555887845872135,0.08770977082455457,-31.42104920471978,0.004465532425938215,-70.31514728661557,0.1144187221257708,11.11779297651259,0.2063260668787526,-30.597467244268874,0.031649213727038314,-63.44202008993957
167,3.34,0.06779952520592328,-18.024076546579582,0.17470070674724913,31.58447043217411,0.09705328422257856,69.19788631792063,0.03436529668091574,9.955888202577958,0.19992739049314306,30.28601910212105,0.07572775636776129,63.468833861936794,0.08288654960695661,-17.98894104520165,0.07676443830426041,-31.258414885283486,0.035335211770156826,-69.26258703297057,0.12657828857099798,11.130453513556745,0.18662425222626522,-30.55132295202107,0.053295190530287494,-63.44202008993957
168,3.36,0.037726546703370695,-18.344532442509976,0.18762039866419725,31.58447043217411,0.06376993751908278,69.50993040451965,0.05600407511623828,9.746979025196088,0.19943923283328105,30.336946315980825,0.04331137274399499,63.13955412401265,0.06590258481019842,-17.61108466102058,0.08138527100176818,-31.278261667495734,0.03486228264559219,-69.14513346362087,0.131906678685187,11.172315019380232,0.2039880456488686,-30.518100217649163,0.0470234631091827,-63.44202008993957
169,3.38,0.01956474022825965,-18.616787128644035,0.19134148861126143,31.780585544094283,0.05221204641833245,69.50993040451965,0.06537832471004217,9.523832916033752,0.19996596640112668,30.363614120857672,0.02055902902344486,62.940616955780776,0.033875248855245114,-17.32015001684128,0.09592893195764125,-31.278261667495734,0.03137318376389113,-69.06940205808245,0.13159325828825127,11.174311108259714,0.20585669382193045,-30.519093806846875,0.041593428315376164,-63.294355593241576
170,3.4,0.015928993857756465,-18.660435438856798,0.19228149912758355,31.803517150763803,0.05183609431568102,69.83487173094957,0.06531190791115007,9.523832916033752,0.20016973791004677,30.372386100575035,0.014285272367924394,62.82448738809088,0.027062406819516903,-17.19245838003883,0.09694891906937915,-31.30244428397752,0.03341328541983269,-69.0531951894264,0.12557885278545705,11.174311108259714,0.20655038514472787,-30.52552853376837,0.04238765656338441,-63.29016089192395
171,3.42,0.03242617895706781,-18.659671914638782,0.1851840497742049,32.65770123727036,0.06587609329668884,70.49595499731154,0.05605512341561975,12.900631020567664,0.19979007041623292,35.85302383907718,0.030428362746186835,66.41915493084011,0.03601341182694161,-16.094843256219693,0.08586538711824455,-31.663993859874626,0.041940329698470585,-69.05345681321671,0.12136474389788436,11.939935370809659,0.2040860392932483,-29.485113813202503,0.05003739046735768,-63.69403853679531
172,3.44,0.14522206832287501,-18.659671914638782,0.3797164231758223,33.205968502622085,0.04068064905643272,71.329529128188,0.004051790302594632,15.756119085273957,0.06626794367499751,41.546505450287746,0.0038502680093839637,71.51332269500934,0.05935682191004177,-16.094843256219693,0.3056303674444889,-32.0981687553884,0.19884054931981054,-68.90857262303359,0.024761660291002047,11.890461031166927,0.0564823869752129,-28.487709368402417,0.0054643575432593286,-63.69403853679531
173,3.46,0.10271105365436022,-22.134207896258864,0.45657470417712664,33.205968502622085,0.04172674025675069,71.9828195785576,0.06674906236448779,17.017652171157586,0.11111835902781987,44.75678141233937,0.00869184337954052,76.25031428875957,0.08255585701923497,-16.094843256219693,0.403758793861331,-34.19171069585997,0.14988427805469645,-68.3434096369042,0.009527188210873042,11.929453283435814,0.09601615104967183,-28.17781854735954,0.007694264710094536,-64.64660113401246
174,3.48,0.20607532797300354,-23.00106345145551,0.4079749491192158,34.404733569680175,0.0989915118738675,72.83320864735637,0.08028340088186567,18.528939531347966,0.05237675249832469,47.5484970950825,0.011333080077763525,80.07712670137762,0.10783140191382103,-15.535645838640974,0.4399392763768516,-34.39300908356199,0.0389625926264548,-67.77157566618473,0.027973720137039665,11.929453283435814,0.06366576433599556,-28.114978272830285,0.0022929739613589163,-64.71270650684728
175,3.5,0.2018104114873971,-23.35505001988529,0.38024506908934,34.324074183155936,0.15704610386621173,73.21592071348098,0.06530202306997578,18.70484504524207,0.06899226838674287,48.29383664282913,0.009456145116288617,80.85937728926076,0.08774309626988055,-15.535645838640974,0.42912249174065187,-34.632514634124085,0.03760185362106247,-66.74425919687843,0.0657066180006726,12.468677965468792,0.007481329842837766,-28.397960935811675,0.00446592758085698,-64.72695969883247
176,3.52,0.18064875165127764,-23.031444203978868,0.34264271633295035,34.16074977375299,0.1449621542069568,74.16639782883632,0.039067563880142354,19.012697836789837,0.0639372574445101,49.660426507337114,0.005779783491865851,84.11308831555861,0.08807655002672407,-14.796697599522755,0.40054376373146894,-34.59296864657816,0.05257911238437407,-66.2845672465014,0.08851994035555168,13.691027297395559,0.002889121551969753,-28.471461846250676,0.018017346461442922,-65.87529832766498
177,3.54,0.1004974257457791,-23.031444203978868,0.34094609511117424,34.02232109891264,0.08983872008184189,74.26849545187602,0.04427447250156641,26.25579720388001,0.060032912540916326,50.16569481611722,0.01148381866321681,84.55483937455092,0.1344450418936629,-14.163667694516796,0.3687884637353956,-33.99661263984366,0.08453335847946378,-65.85265226708802,0.03172047380686844,13.91951123289747,0.09387335734845953,-28.305702082307832,0.015720629055693772,-66.34330075946141
178,3.56,0.05875619778227303,-24.01743559215124,0.32553897574580515,33.90802220720925,0.1000373465151969,74.46652948250646,0.0757364811632039,27.55401608140122,0.07127240463885415,50.26937996322451,0.008401521605905645,86.20634549245749,0.11166005136198226,-13.6655796018649,0.3010166512700639,-33.99661263984366,0.08058701120364832,-65.47501000446913,0.011997896917914636,14.045226474915925,0.06168255393391021,-28.307139673015467,0.007339284019381751,-66.5953904447247
179,3.58,0.13497688647419293,-25.18364082904985,0.34578116105021556,33.89859788140293,0.13115513590788322,74.79506942601677,0.05629507088546682,27.55401608140122,0.08544507042334494,50.31664775867437,0.006262806480222674,86.42060255906644,0.0807522423088206,-13.601505252346195,0.4102983451561055,-34.11178021194482,0.02893471559957853,-64.772222973298,0.011778935026910912,14.065357460509345,0.06506254227743904,-28.3071423445998,0.003962450235542256,-66.87495391461158
180,3.6,0.1519892223294254,-25.419410975709944,0.3365046966039525,33.880766617297766,0.1406967951002198,74.79506942601677,0.04125692124984617,27.99574747714321,0.0670127205560784,50.34486317323881,0.005473990683012601,86.42060255906644,0.042202565831932146,-12.900117520368863,0.3936446487783688,-34.07615960907293,0.040306889536044804,-64.60011445892339,0.029452866491062078,14.213857496492933,0.013463201500610377,-28.678416087283434,0.04081898515329512,-67.0172471436301
181,3.62,0.13093775440964628,-24.70668558813244,0.3335405434815793,33.67385665894262,0.12255157347349238,75.17534243535736,0.019536243379147705,30.777136009832557,0.06946207891289352,45.381580091017156,0.006306569238090598,85.07699170418906,0.022253959435591084,-11.800363165022908,0.38186261533877697,-34.07615960907293,0.017697276233178613,-64.24216798503,0.022209981736191285,15.141050246476214,0.01706688742070476,-29.203409084857398,0.027079875638708884,-67.48731055203201
182,3.64,0.1858180092384055,-25.129827791242853,0.29846349616955686,33.660523628504194,0.04892045962602859,75.08330743641343,0.0037697548472845864,35.31877896446893,0.034423381795241126,40.58706925974502,0.013882759586804693,78.45282909060981,0.04839727084302797,-11.800363165022908,0.3107476606855012,-33.100646241666944,0.05931893403970703,-63.79232608392758,0.011048027222682492,15.749621199754612,0.0067909525717607675,-29.247469868550585,0.030638126276898766,-68.34809411946975
183,3.66,0.03818716173821963,-26.09594236887198,0.31651089194634086,32.82441894877063,0.04345805630260369,74.94361744219755,0.08303577058151793,36.49823387746559,0.05770214745355865,38.48947077138907,0.004499725533167685,77.35483262404372,0.04496618855139292,-11.044902377557325,0.31614698202617914,-32.50819507159653,0.009960363161478136,-62.79384367278383,0.007227050678952962,15.749621199754612,0.017045823374151618,-29.341380838863884,0.05395653016331548,-68.34809411946975
184,3.68,0.09311755679425464,-25.951940448657655,0.1336240159197353,32.19033988609058,0.017885404610746065,74.79567169331928,0.14722836952114648,36.672327175794145,0.22402044473669835,34.01625891313947,0.12855100033631384,75.67157634253337,0.04614856360342275,-10.875134497905211,0.18605751787372343,-32.29995103917848,0.12461245147795975,-61.673554843929196,0.05929414328452171,16.665324949406166,0.20591993151355611,-30.91048018362473,0.09314768230949472,-68.34809411946975
185,3.7,0.12053953009450646,-25.50853349815983,0.12224208448822234,31.765943068093,0.014595064288679469,74.65431371441971,0.12401673420144359,36.84748919338238,0.23240690391204488,34.01625891313947,0.1229672806066862,75.51548421428011,0.0652315249922543,-10.906101849678764,0.18334905409509086,-31.47033102914415,0.1258460233854749,-61.45129690793596,0.05729871856692401,16.710710315605866,0.17903075859876785,-31.170754627432004,0.046380300360047956,-69.23624102236255
186,3.72,0.13830135782927475,-25.764494155264106,0.12906494853249462,31.65037765130166,0.014265337296056564,75.010621029076,0.10618380061075176,36.800692463966456,0.2571968136489543,33.14712488662973,0.09502704152497488,75.39126512459742,0.08288756495465217,-10.922335773218618,0.21388850392569142,-31.645776486858757,0.09305670455828353,-61.44452730578808,0.029679446694892166,16.989137348925993,0.17702123735497366,-31.59433040695983,0.033890716908178416,-69.61037919567923
187,3.74,0.18979510628279242,-26.870303103441458,0.12907100039101962,31.64696171394078,0.034415163655469795,75.4679779763919,0.1653992615882131,36.55385863025437,0.27644750841793975,33.14712488662973,0.10003540755560848,75.37369497830736,0.006963688914397034,-10.922335773218618,0.2583527520816057,-31.746604419929383,0.11318160798170522,-61.31205545748558,0.08220156229335752,17.38373834231989,0.20333011486589322,-31.774251268629907,0.019027685171815606,-69.61037919567923
188,3.76,0.20505480379795352,-27.12253621276844,0.14013896846828405,31.640514939148556,0.031655665653659196,75.4679779763919,0.1853920834690258,36.55385863025437,0.2738440581237893,33.10001858677859,0.10332358027768263,75.3160448213073,0.01776515625712268,-10.207745496345625,0.2498222305488096,-31.828415230858674,0.1263647456335223,-61.26873074831217,0.06002301789249466,17.651982234740395,0.20100183108857192,-31.815386033441847,0.0031309639938613522,-69.99330706146768
189,3.78,0.1920943279710536,-27.22799012544418,0.13540624068941448,31.640514939148556,0.025649135454299723,75.51006456933125,0.19651141732314065,36.253065802719235,0.26860135452847184,33.10001858677432,0.10693706356116299,75.28193311809858,0.020173302437953164,-10.093799101175934,0.2438902567755603,-31.82841523086141,0.1297605765965618,-61.18369017129071,0.060094919436425705,17.896155514114668,0.20363372985690747,-31.886001824927686,0.0074622877621709355,-70.16792075925635
190,3.8,0.1982188754814063,-27.25806322140307,0.14649399395260712,31.608400545253375,0.0268606966709174,75.4686547057936,0.1890648431370825,36.25271501161286,0.2809786227263403,33.08350556906358,0.10525740314966746,75.29694992064441,0.01817473666205857,-10.082493058731156,0.2346165820241552,-31.816479419111182,0.12072872724559719,-61.18291827425065,0.06466434398514448,17.896155514114668,0.20245730243086452,-31.89203295630181,0.005413724851564317,-70.16792075925635
191,3.82,0.20885586332378384,-28.953731798965997,0.13803294215333167,30.90227465852012,0.021017466669412132,75.88290189506445,0.1770413371778232,36.25271501161286,0.2666375667530394,33.24010467740057,0.09110453736458157,76.17647038238461,0.004683041459667909,-12.874631952122877,0.239745345934588,-37.393016362670544,0.1162240643914748,-65.97778884165203,0.06899936618620374,17.928276301058233,0.20544639229132736,-32.91510829486252,0.004558763990470112,-70.68904772563037
192,3.84,0.011425106081904479,-31.054974986903677,0.10533660409991903,29.600741238189674,0.012828574023727491,75.96962467426475,0.09997514827432723,34.9687304741973,0.34846271065585593,33.852193713192186,0.10481192114911736,76.5872190082383,0.013405780973804375,-15.041440073252458,0.0716495667183801,-43.38615490061371,0.007767230722529231,-72.5702412421338,0.1715124781859325,18.71742351920543,0.3834950180159645,-33.552856562096316,0.009991197282274985,-70.68904772563037
193,3.86,0.019270509394159505,-32.17523926484727,0.09268340866044382,29.508892800790303,0.0024689762948261265,75.96962467426475,0.01810675160742206,35.41806682080963,0.42047634350022545,34.56061696651462,0.06474065805657996,76.64344910820671,0.07493877906569064,-18.18508778385185,0.0765839494156223,-46.589861125858235,0.006824633681103344,-78.12431545989453,0.09793928812560145,21.139226848095806,0.4557297879692882,-34.415281376732985,0.027620661047287654,-70.68904772563037
194,3.88,0.05231249337431007,-32.540870007166106,0.07150094037249222,29.42095174614752,0.0017829662175752568,75.97759686936372,0.08424418244419554,36.02597874294894,0.45549178742943525,34.824249326644484,0.006410949472459551,76.64344910820671,0.09328753688106109,-18.368953341924655,0.03597715953745886,-49.06841829017324,0.013869641432258654,-79.6274710537724,0.1951976351516302,22.359944217830076,0.4557251140175887,-34.631629550828485,0.04535119251876788,-71.20641770805923
195,3.9,0.04736693458461093,-32.68457378557284,0.08339348495769132,29.35370364940274,0.0003732606999474891,75.97759686937391,0.10001342687202486,36.198996833765364,0.4674390463399662,35.057341648136266,0.014064160552002256,76.1509947111439,0.07064629744982313,-18.830034541679332,0.06495072753670467,-49.590538875117865,0.009424676030872397,-80.72873500605975,0.17972115873998892,22.359944217830076,0.4501252497916934,-34.75531053722526,0.018533914563666716,-71.41382939583315
196,3.92,0.022231987354426386,-34.041228275730326,0.09214507641141409,29.148756246398627,0.0021681210621256873,76.37546973716853,0.08783332634622643,35.54738534861113,0.46391579073433453,35.15059555913216,0.014671483601971617,76.02619075073908,0.035600039684940875,-18.830034541679332,0.06849124826400711,-50.790907922658995,0.006692135274793994,-84.55974413501357,0.09696893718487216,22.43968063877103,0.4288451968993788,-34.852722808816665,0.004954137111848946,-72.20244144136805
197,3.94,0.05847150949131337,-34.041228275730326,0.11600585445884436,29.07439378905743,0.012828913521177345,76.37546973716853,0.13237763034192354,34.41372138665864,0.417300899270105,34.72454765147217,0.0867069381862158,76.31970620677065,0.02320763433034077,-24.967053188242566,0.042354542291784446,-52.05800839473647,0.011750099717403758,-85.20690571048769,0.20746437078812188,22.079400627375225,0.40980511675626596,-34.56315032983156,0.02796951561383265,-72.28084411793331
198,3.96,0.046535009843033354,-34.041228275730326,0.03855781812453064,29.375389197758707,0.00111378091886318,76.49997102019962,0.10129032079977224,33.765905388613035,0.36764183877898315,34.3962230401173,0.012122662471602964,75.47560884879397,0.08837006938553474,-25.77284735206593,0.08556342765430722,-52.518563454437015,0.0008382367407041159,-86.18270628730336,0.12481383617880193,22.158602289089128,0.32813234749006115,-33.96829753782757,0.03759459026698252,-72.42224659427124
199,3.98,0.02338944744887633,-35.45022776019168,0.0493134686560066,29.463519803296183,0.0034397667733267055,76.52586095598808,0.06572246383728889,33.439759625620404,0.3521039346669628,34.2535918119807,0.04439299962516153,75.24636900723355,0.09622997644438587,-26.4656554805964,0.0518404206489814,-52.57181695222745,0.0062962531808645455,-86.18270628730336,0.14990028812409345,22.1522315533639,0.2963879909507143,-33.74498002066389,0.016358787638086392,-72.62503509415959
200,4.0,0.0028936021888874737,-35.38371475897935,0.06524391707975695,29.463392513481345,0.005281926604420981,76.52586095598808,0.04784345153621474,33.27340904992466,0.3806310594822283,34.27875312330854,0.046676075929340935,75.12446013838218,0.09724232581240846,-26.623184284016858,0.0281954177381255,-52.49828887248736,0.005708990387205831,-86.58067190821336,0.15533320234304634,22.1522315533639,0.30704204745152214,-33.56427143403052,0.013744070367741473,-72.95037354881043
201,4.02,0.0025531651665163966,-35.38371475897935,0.07341136862261934,29.76157319995602,0.005274797107247766,76.77225417061037,0.05059864518432183,33.27340904992466,0.40433248148383405,33.92708211954717,0.03903061763378838,75.18336979915631,0.0860072570340357,-28.91735276336963,0.00826136026465119,-48.330097799570424,0.008444395796708084,-81.75719557260803,0.13548659936124607,22.1522315533639,0.33190387591903603,-33.51346332450537,0.025679611085722764,-73.82107068863058
202,4.04,0.062021301934360486,-38.01082632207385,0.057293636398997205,29.65416676828445,0.013337060558328168,76.91346710496003,0.15014200958841978,31.81478135884636,0.2614050023736795,33.20734234239386,0.06300832626124726,75.10032049817146,0.12882069688568848,-28.91735276336963,0.13337445687097285,-42.33695926074934,0.022627591205262865,-81.75719557260803,0.42202922675516275,22.309681494774885,0.157321554699873,-32.74722652428531,0.07525491106556462,-74.53269528561164
203,4.06,0.025710456776418148,-38.01082632207385,0.02811512504759333,29.598694226471217,0.001911215654559079,76.92171173748798,0.213417857646417,31.965416142504466,0.25073045723157444,33.13879485550969,0.0011503574796037914,74.98888098020018,0.20333704103587769,-34.92731531789126,0.2395434053094554,-42.33695926074934,0.22267299168227658,-75.8340597169158,0.2515878169398058,23.02778319525295,0.12171171177291762,-32.00996758544256,0.07681565961801715,-74.53269528561164
204,4.08,0.016130455970849375,-38.69570779321976,0.08568545589739424,30.80116717646727,0.0047222952758007326,78.7203181987613,0.22328223841380546,31.49710227780872,0.3240156965886642,32.86116504786326,0.025800986146459703,74.98888098020018,0.22119921931487785,-35.81646611379719,0.03948670732342321,-35.26895516654276,0.10781575143885379,-75.09550166450883,0.26805754659749925,23.666943769262065,0.22148145581693782,-32.44980227792574,0.09326094556991783,-74.53269528561164
205,4.1,0.1400989774765722,-39.27659467974989,0.07560293118376242,30.839308790367724,0.22125944359146485,78.962211112274,0.06255044513197892,31.182596567975974,0.15960478659683236,32.206891957613934,0.03105479116284826,74.49968545718998,0.16777693835993143,-35.970160495057705,0.18917512186863963,-33.66791151080813,0.19889978868687852,-74.49210044896094,0.08113543810216692,25.129475479026397,0.20307064507744962,-32.42715643740301,0.02945771186383803,-74.54927653440637
206,4.12,0.14140940151341608,-39.77120676715106,0.06343912073595627,30.693178899511754,0.19977154452757268,78.962211112274,0.07172535564597066,30.29393878577406,0.17962947316420594,32.06746716369971,0.05047537622104941,74.13089225818398,0.17079566790122946,-35.9189383943581,0.2061928891501363,-33.5575779478223,0.1946327551983939,-74.66249896655478,0.06071671253965067,25.915745704358528,0.182764076134151,-32.21968815261816,0.03336963984344316,-74.91255814880003
207,4.14,0.21061483183163257,-40.36435591957265,0.036230901850540224,30.699976814494637,0.16226793006397164,79.01195274817071,0.24325544471781538,29.713482978146754,0.20624360450203688,32.13965321968209,0.028453090422256185,73.57607374885129,0.2652049609540323,-35.64624204390203,0.23832670418794197,-33.58264522424057,0.14081814132278747,-74.8258110113482,0.23244029375403777,25.915745704358528,0.1653516502143906,-32.21968815261816,0.02529928266621735,-75.0943543338474
208,4.16,0.20833896132955165,-40.47623809899591,0.023481963745379888,30.773462871526753,0.06896633680693856,78.74823906888464,0.23371352148725022,29.614303882419325,0.21613927380132808,32.2069809421043,0.044577470508397374,73.40185807418948,0.25612852589511254,-35.64624204390203,0.2215056981131833,-33.52678136575171,0.12515789916119602,-75.024121638356,0.24728557224237951,26.384919485992747,0.1604929005586809,-32.05398074348903,0.0525893841333048,-75.27096464413137
209,4.18,0.21545923040644124,-40.52065554922249,0.06098992783867264,30.785038912736255,0.12959195874452353,78.74823906888464,0.2454594556460421,29.625760984706897,0.2107948913118002,32.2069809421043,0.0498877783040152,73.3639313400914,0.2529550591443477,-35.62689867329988,0.22403684336023377,-33.524441633726155,0.11256330120318303,-75.09117729973151,0.26224736013807165,26.379373200752706,0.1645626806611665,-31.98441499535269,0.05448129343609215,-75.41688130829542
210,4.2,0.19858695861522543,-40.5057682366044,0.06295681031253629,30.793654250527776,0.12412696406412214,78.54643993262721,0.26012708836002163,29.634073375717225,0.2145417974611092,32.26923596050802,0.03620774350317204,73.3608948528391,0.24004094967941153,-35.6420429226331,0.2328024661109882,-33.52823126385838,0.11307761179650454,-75.15320244678861,0.2675639416869198,26.379373200752706,0.16311115980349336,-31.980786316387913,0.048502121361078544,-75.39547414611332
211,4.22,0.1984738169492997,-37.916537357129705,0.05111291021199381,35.10091068049639,0.13171761528619594,80.94369534851353,0.25945072368861627,29.617846910123262,0.21242321471865747,33.19494531284404,0.032446237350510714,72.76072638974011,0.23926154336992794,-34.63559298280502,0.2332550981843393,-32.787202368717644,0.12159684268813101,-75.2493784210267,0.2673314650462043,27.859671105545186,0.16460997094654656,-31.980786316387913,0.035753786699031086,-75.69509144862896
212,4.24,0.07830392453074961,-31.905906656751725,0.08621929319426816,36.59919531531354,0.0067909301742489995,84.57485797133883,0.3984952165261266,28.65047855694279,0.40759146956850506,33.99737738911232,0.011998251275919247,73.0383439596315,0.18815170374077628,-33.946935721343664,0.12415991175837938,-32.41662161783932,0.08614728807331248,-74.96276256025975,0.2442446147818662,28.72325518856601,0.25624964425229846,-32.98906340143777,0.030127308864510087,-76.00280878031104
213,4.26,0.08978235592044734,-28.58747691211568,0.08192047156185495,36.59919531531354,0.0009763327172866494,86.26586785586207,0.2441064930178721,27.2594393660153,0.4281430612297282,33.99737738911232,0.07525141243344628,73.36136955690145,0.17866478445457432,-34.00956527932244,0.0668424953463685,-31.610407806731793,0.11191249149542566,-75.20341545923307,0.1561314687801099,30.25734363295585,0.33195738423058624,-33.51037285860392,0.11257143763171668,-76.2924181147186
214,4.28,0.06508458667747369,-27.566816686851066,0.001565815930368595,36.59919531531354,0.00279780884121845,86.54512630839322,0.002239048147259094,24.493033737946135,0.3592035729845907,34.17422441271318,0.043069292274089836,73.31840086194771,0.0723917879874207,-34.62298247133555,0.03668592217690449,-30.776921817606002,0.08143299576572009,-75.66967824759217,0.030582301177152063,31.00832224598507,0.33379785997418593,-33.650938374250146,0.14470697784467623,-77.01239989407901
215,4.3,0.06366201983085938,-27.281690352820508,0.02313762108072401,50.24711764081705,0.003035745198842918,87.00096020454211,0.13590644438164914,23.38856471709626,0.3343064280929618,33.93861587879826,0.017779511269434396,73.20169033771138,0.01683112272977524,-35.26519040661672,0.10528399197288646,-30.776921817606002,0.009216548717484854,-75.82492513346601,0.10762746865505775,31.79473074791667,0.3266646265897938,-33.72900102354531,0.13141987956043294,-77.13571392081629
216,4.32,0.05641052315146357,-26.26296284688139,0.03019280370354309,49.70158428346099,0.0015561252822630985,84.28831528778993,0.1569607144644161,23.38856471709626,0.35666830959858276,33.93861587879826,0.0068925239778867085,72.40556423379206,0.04624137646805303,-34.4874460310575,0.11093300140787518,-30.07940971898374,0.005988754756585159,-75.75456520145681,0.18579187643370929,34.66409159222263,0.3412314260263728,-33.72900102354531,0.11222792276581679,-77.04270101010174
217,4.34,0.06410508200896535,-20.015068861883986,0.07165497487947432,49.469125565127015,0.009090087117555042,84.28831528778993,0.12874335482408356,22.659625336093995,0.3664262222216482,33.796308726279214,0.04478414362364072,72.3198421911509,0.007696252047045765,-33.08784813270901,0.09053957579756257,-29.897520354581346,0.004067462227294105,-75.7436470102884,0.1492200604090433,35.93989743752249,0.38320253047425223,-34.18422276626041,0.026738309986479167,-76.88171330804175
218,4.36,0.08124942873064235,-18.25772207564483,0.057641523457126226,49.46253829579547,0.0012066666200445946,82.55777912370911,0.03132634604836559,21.482486899930013,0.3722880912245422,33.84399145524335,0.059680513794382176,72.30288319311735,0.0023699744324273456,-32.8081011828961,0.11568379578024303,-29.858900680465617,0.004201553084897258,-75.7096399634101,0.14721907357902597,35.93989743752249,0.3958114371135973,-34.35195817830342,0.09245712793221868,-77.17057467771009
219,4.38,0.06046536749672449,-18.634654563921885,0.042441500285522654,51.065776668046425,0.0015964645277052048,83.27719518481564,0.0980141426796856,20.763893672767843,0.34727948231233435,32.92232713216908,0.04185571062703987,71.92700897106306,0.003960916108012979,-32.74368036790063,0.11459273549727589,-29.9276999971969,0.006828841755748793,-75.70338739137117,0.13068649702055576,36.49497457589727,0.37081617527252775,-34.368997703922844,0.11972534005286412,-77.12853030864866
220,4.4,0.10005283757818043,-18.90027255901214,0.15747972641056082,51.24533079354992,0.12315065106818152,83.33916456557816,0.12981281398184502,20.52928304027025,0.18298473071493115,32.57880727887473,0.027938480175105748,71.5815683863465,0.03923327919331727,-32.879720695970285,0.0253015077876695,-30.36089744785111,0.005024640958966326,-75.70338739132646,0.1692250253088008,36.656633079704676,0.30486607958604406,-33.79013231851632,0.011608753665610792,-76.45668840235284
221,4.42,0.0458640993928644,-16.361787796802584,0.08855922296020335,46.691142243002744,0.08096167421296639,79.14735142815752,0.08830726856362385,20.489300143612052,0.19532656931226372,32.57880727887473,0.01345526495880452,71.5815683863465,0.04541500832900282,-32.1181924939927,0.040724088044477545,-30.89347841270421,0.005149332067463434,-75.22497891395824,0.13896417063762687,36.662688625298664,0.28941002376240044,-33.907268048927556,0.027520682248798847,-75.56152762590406
222,4.44,0.04520348243308895,-13.320212216796042,0.01538052223321258,42.19628833818079,0.11580913068395828,72.25524210361407,0.1677473660350696,20.485842316489922,0.2309577984606941,31.480021246338527,0.10799384811787344,70.72388502333344,0.0018253837172595446,-30.39467502606407,0.008648140810816536,-30.66271701372272,0.002071220846925335,-75.04423063651612,0.05648099786973172,38.13689136466863,0.3674176131608863,-33.727278506393496,0.05803367278847352,-75.56152762590406
223,4.46,0.04520348243308895,-13.320212216796042,0.01538052223321258,35.90349287294545,0.11580913068395828,66.51431294477497,0.06036060574132441,19.9530551472054,0.2309577984606941,31.96135562945025,0.10799384811787344,71.08325481573156,0.013179066328272555,-30.03527310942948,0.06831178856199806,-30.599215133132883,0.003634883861643262,-75.76994410521722,0.05648099786973172,38.422195584810915,0.3674176131608863,-33.9831849149454,0.05803367278847352,-75.56152762590406
224,4.48,0.0990384146811209,-11.611262010290048,0.14850333760568785,32.04940142190925,0.0669449403271577,63.867331320465084,0.04646999011804568,19.861163269148392,0.2758294114070007,31.80825855663293,0.0551217492560861,70.6579899839443,0.02631543969279324,-30.031746677157756,0.22992087081944154,-31.623396019428995,0.2554125923273961,-76.57489116702598,0.004852421302152945,38.0842571000386,0.21985505255024065,-32.81142563844889,0.03643272464308709,-75.56152762590406
225,4.5,0.17704621888439967,-11.611262010290048,0.15102855624176695,30.878176093718103,0.07743349556910427,62.99823460080667,0.10335841168829751,19.93562640186368,0.14614929891637618,31.552128397033094,0.0323130621719849,69.99729441696189,0.06064647992752383,-30.18103730816515,0.0704649396470722,-31.80676902705494,0.19030258176650297,-76.92215539312608,0.03600019701520178,38.0842571000386,0.16094112263474075,-32.67277226847995,0.06938029095393418,-75.8552988563827
226,4.52,0.15475779817475943,-11.974837137970404,0.18191349888304584,30.878176093718103,0.03800158124906925,63.00782555147864,0.09616304712382791,19.39102126021892,0.14433514366077668,31.196541490469095,0.018223704100874698,69.14873904742035,0.0574517473270308,-29.521563118483492,0.08393595874386829,-31.8054546954818,0.16865102473709867,-76.54128889828547,0.025196884272298506,38.07374020571792,0.186205457499959,-32.34096245267651,0.07734736738610865,-75.77630881982095
227,4.54,0.1889279844531259,-12.00634458256841,0.15778940276913722,30.348962617948214,0.02721913359411944,63.00782555147864,0.14940718588967095,18.74391907752889,0.12976475954726102,30.953643914035037,0.016327512212038084,68.93902328873764,0.17208350588491914,-29.022591411822983,0.09878038471887314,-31.870202545256223,0.1730216215220656,-76.28057213974705,0.09890221958245521,38.82848896882154,0.17980966299401027,-32.259242588351555,0.09777303505608131,-75.68497589884042
228,4.56,0.16460754580544756,-11.988275246306442,0.18146078777798855,30.357844719570377,0.03919838173393035,63.31905902465416,0.08850365271862731,17.979525942089783,0.12316085900769567,30.83301615917246,0.024229432151680014,68.87926804683366,0.144488778141368,-28.701023102857665,0.09344845647248284,-31.88529344224669,0.12663269142109165,-75.88944561801357,0.13417882140198456,39.14278556773669,0.2026655584928391,-32.31818123248134,0.08378317245208722,-75.70349356450602
229,4.58,0.14961556091486647,-11.844985441438503,0.19090288552774037,30.357844719570377,0.03262083480445483,63.31905902465416,0.040016432665972324,17.46497422952111,0.12501041758062525,30.80990724657399,0.021865476807489844,68.7492753478835,0.13279859186924006,-28.521743058168695,0.08513067965803349,-31.89004409525296,0.10344114255961866,-75.88944561801357,0.1502441883894568,39.14278556773669,0.20888430375784428,-32.372607591440456,0.06261681859769064,-75.80094066318179
230,4.6,0.14849036802339474,-11.804910941303204,0.19767194307315425,30.357844719570377,0.028665507449959094,63.35858711119981,0.031483577676736124,17.25265433511109,0.1293277392420348,30.80990724657399,0.018270164876606477,68.71217382015199,0.13193702704635057,-28.471474422506862,0.09248038932505832,-31.89004409525977,0.10178614921739193,-75.88944561801357,0.15083898785554858,39.52428150414898,0.21272965146836958,-32.372607591440456,0.0546902896090322,-75.85491672725155
231,4.62,0.15203975070836534,-12.500176710490097,0.19656317156509845,30.94901408616385,0.020765318231002083,63.71426637356579,0.05883696365435936,15.793740775776234,0.13450163484713026,29.712942692016277,0.018144027242643714,67.64646573648623,0.1369203355714353,-28.467937498337996,0.0893534314469912,-32.28729643318346,0.12092132004743968,-75.37210195438139,0.1339683968853959,37.61341424527499,0.21068278520317793,-36.48956850556449,0.05619547492655487,-75.85491672725155
232,4.64,0.06588811827687237,-12.568664774983533,0.33467142871804645,32.05315295329045,0.005597529764572477,65.08260379394733,0.00048001205532261133,15.393380191264589,0.023654604830175004,29.341612540340957,0.020107599368750614,67.03039674293572,0.3140814181359504,-28.06818774631844,0.29358766676950737,-32.28729643318346,0.20285215887824842,-75.55550027493723,0.07245566393045332,37.61341424527499,0.09902290621876053,-42.482707043896774,0.009848731978293227,-83.74957510154013
233,4.66,0.045144179490081315,-12.568664774983533,0.38732876309906417,32.71058298370421,0.13463883286707262,65.79764484873945,0.016432790781697588,14.648880391052675,0.06914734126539167,28.675181655269633,0.004290561826599911,66.59009961035719,0.2034306456335466,-26.31377063804668,0.3670894240284843,-34.10627338544147,0.255618015746883,-75.66516521458789,0.1091507606923959,37.61341424527499,0.09765712676386971,-45.60749975047527,0.006749887451380885,-85.57969237525302
234,4.68,0.08501236045280684,-12.568664774983533,0.35136569639538406,32.68536617297796,0.1343743639810076,66.58584971457543,0.00918744683629209,14.422522631474411,0.05344441964516834,28.39783590441354,0.011065509965610251,66.51264167636604,0.0033751600644555133,-24.988738943628874,0.3365879785555266,-34.29094705882292,0.20198693937706844,-75.33656962610856,0.07554754097245289,27.601816115244723,0.02171065483817356,-49.208843824571524,0.0013039283301226818,-86.28735079306671
235,4.7,0.10766150843786992,-13.195975432412123,0.32215191817315625,32.59446961182258,0.13409390420982625,66.62383279062495,0.01368281508102831,14.380367717883283,0.08777206714192552,28.39783590441354,0.009258010868522954,66.58089069815178,0.08505448113867402,-24.092426039391288,0.2974670972504416,-34.282503527496,0.14572321964833876,-74.76775858482783,0.06248849807835291,27.601816115244723,0.042134954126115766,-49.78329096634678,0.0037466651410175784,-86.48655807638177
236,4.72,0.1180366700390711,-14.225141156111185,0.31937973906129935,32.8429069412955,0.13702022938092687,66.95422291921635,0.003725442901093196,13.05502414062348,0.09301658640605998,27.965818673678672,0.0097301379935786,66.08386041859471,0.08159325379291094,-23.75616904634134,0.31595393219677814,-34.089752172298006,0.10901731133176301,-74.76775858482783,0.051880523310281826,25.232749009828044,0.054398946097814725,-49.75646956913312,0.004678919983312725,-83.9420580194772
237,4.74,0.08598313066506356,-14.682588877463155,0.3497279397621803,32.95268205189066,0.04476974215874835,66.95422291921635,0.01620644226728925,12.551958684273837,0.03612287715806104,27.9831610108017,0.05181181804416004,65.09753776044957,0.21537911703588203,-23.75616904634134,0.3383585535541572,-34.322279440560166,0.13527106458409913,-73.68504630963558,0.03111249540447573,19.46258002858434,0.08528874088847609,-49.270785689314714,0.008737021042916408,-82.71409679768745
238,4.76,0.07083255219925685,-14.979136572325567,0.3571696513464652,33.08709412790174,0.1350517100797846,68.55792406371326,0.0052264245966536175,12.349276931584782,0.0785263780855292,27.9831610108017,0.007819326559714115,64.90028062004377,0.049413755641988626,-22.627813263430884,0.355281194047392,-34.53968918749156,0.13614056492884366,-73.38340454234398,0.08820959234709547,18.871664479986276,0.08095290145761778,-49.19110951934823,0.002686434894978622,-82.29827916198585
239,4.78,0.0906031836392128,-15.003338025505302,0.33345710720020516,33.027749010920274,0.16187212648793892,68.92696214506651,0.006401356381841365,12.265219251415909,0.09799981763146035,27.66305821087526,0.008380808466597733,64.84795695419277,0.04042840006661716,-22.627813263430884,0.3502628271675084,-34.564845491046036,0.11195080776591809,-73.08546543469325,0.0713547890671303,17.66480832441739,0.07113385164152958,-49.19110951934823,0.005127802949221567,-82.06925371960816
240,4.8,0.10873167808659999,-15.320496730842152,0.32057443975489425,32.937961874657894,0.166269756278014,69.06211057952956,0.0006946894195009918,12.265219251415909,0.09678162644590056,27.622713504152014,0.009096324189895035,64.78364014434038,0.054296798773828155,-21.364826105550208,0.347661135703241,-34.5764267878829,0.09067632162858691,-72.95026917477671,0.05288698528024496,17.66480832441739,0.06671902596687052,-49.17140188976448,0.005289439942358503,-81.91478969556938
241,4.82,0.11681337382711728,-15.58117660094404,0.314695577363979,33.12391970438307,0.16024345088611947,69.02267724517851,0.01056602642692455,11.146651307944145,0.09090505843950379,27.62185029770651,0.007716637315062376,63.4395050367959,0.009109921477695718,-21.45906478595248,0.35041228790074086,-34.06815421918384,0.08307471619670892,-72.09078656109565,0.02923185886725933,14.976608826708503,0.06755938787018692,-47.84039455886015,0.0056892228122198095,-78.9365858227364
242,4.84,0.09686346499187679,-17.248282744559766,0.34396192599677894,33.413258471680884,0.006073536218401015,69.1804269984366,0.016855668083794753,10.60413895792135,0.060053851661001335,27.354515932468402,0.004049734400496126,62.97015309229428,0.21626523271207956,-21.445453074671345,0.3007272836004641,-33.9211492953027,0.13817187154987062,-71.92256974226075,0.008454241230680774,11.657753972408882,0.07290834206903764,-41.54759909196216,0.0021119563033291885,-75.94001654862451
243,4.86,0.1331107750709109,-17.60400993421574,0.41974967638185234,33.04633181186877,0.07303307016292059,68.9054288925858,0.020205129227123562,10.474789948861373,0.07102174358700317,27.644844525289326,0.004107763269732387,63.046483952001154,0.0020811489921390334,-20.62417889645566,0.16909247580551928,-32.709533204386005,0.10081283200597328,-71.54738636191156,0.17218978296460916,11.282611130372057,0.5323208632137558,-33.95785604670211,0.45106675282896963,-67.2996707934281
244,4.88,0.08786612926033141,-17.515843750598037,0.11187780986922564,31.53223759588101,0.06552071567284931,68.52362158207082,0.04579687025972146,10.519576978775115,0.17682999321270054,29.404403264688938,0.04792567578678646,63.2506315093554,0.06810241015785633,-20.62417889645566,0.07091280308559181,-31.979776541716774,0.004602173277831006,-70.59340020524333,0.09012869509107953,11.144813136399012,0.13615077669294814,-32.48749945512315,0.0017156582773168087,-64.58928715905871
245,4.9,0.06433191784495801,-17.515843750598037,0.12345173272316183,31.225705523679594,0.04788336084005618,68.52362158207082,0.030728239392805744,10.501311867519775,0.15461166170644247,29.84129439187973,0.0845426143454598,63.45856524473108,0.02626021530009047,-19.053523723284336,0.07133580295851406,-31.65638067750792,0.017987781187000312,-70.28797458804165,0.1294332012782517,11.144813136399012,0.18301797218293978,-31.069695351600732,0.02638821159069873,-63.70949103145402
246,4.92,0.03650699997420062,-17.515843750598037,0.14306086347956248,31.413351023446246,0.03855097289153831,68.8487912038266,0.023986335415380245,10.231870644248664,0.165811770030993,30.08605487472907,0.09455264142978007,63.50537203336616,0.016244374533875887,-18.396271873077364,0.08761552268537309,-31.27713008148482,0.004261887678417301,-69.9676640448234,0.11502963667452805,11.14910489396697,0.20664857134788212,-31.069695351600732,0.031403908688442485,-63.55777552102778
247,4.94,0.06869331196185177,-17.7855344488199,0.17645008931002926,31.63786083120568,0.09903325073551775,69.22998646594571,0.035599846646477855,9.978038891800882,0.19962669191159807,30.280690040609073,0.07509744409191428,63.492214858476295,0.08330122664909957,-18.396271873077364,0.07634168480934658,-31.224981956956793,0.03663027846997777,-69.9676640448234,0.1262352643687783,11.169822774723654,0.18706878360400522,-30.516541418163552,0.051321876191769464,-63.39166875128541
248,4.96,0.038823797039960015,-18.4058454633846,0.18929800597663346,31.731964814058305,0.06827815718665764,69.35907086870405,0.058057084546911684,9.654509517281088,0.19863888378703937,30.34261315642825,0.04286704646493265,63.292979713533455,0.06601363745563708,-17.76874746525691,0.09192153829143075,-31.24139082707143,0.03507801091806519,-69.09659578676494,0.13717607780161736,11.228915158072839,0.19520789120812074,-30.518395734701237,0.04736716754939523,-63.39166875128541
249,4.98,0.02035424043238491,-18.53973707481119,0.19295449163881592,31.731964814058305,0.05437372413600321,69.70989657624855,0.06738398827253855,9.503335673926557,0.19996506550902632,30.359912815590974,0.02110663271653757,62.904458181346676,0.03575598093996837,-17.33360254264883,0.09568178262156202,-31.256412923552077,0.03152042986723714,-69.0566901493254,0.13434362537122016,11.228915158072839,0.20626056270402113,-30.52399303414125,0.040296154852225256,-63.39166875128541
250,5.0,0.01691228762313931,-18.63486831975963,0.1941822047789701,31.82342824042737,0.05406287845377153,69.77311493294505,0.06676765098006388,9.481326485421624,0.20010120501018266,30.367653409734583,0.014322185927183387,62.827957735720666,0.028391721449405296,-17.28628041285441,0.09672786053986232,-31.26806566246899,0.034090134173950334,-69.05425610528137,0.1272486679515057,11.233984104772231,0.20701337148358073,-30.525005042739934,0.041325150717980805,-63.26510842448799
251,5.02,0.02300880025449112,-18.63486831975963,0.18961032853371074,31.82342824042737,0.06347414244600616,70.56244496829416,0.05510877760643629,13.119676129150946,0.19935517896914262,32.55325663132509,0.01999065179195403,63.42373057930536,0.036781065396819176,-16.17037189951969,0.08891089933103802,-31.44546804315116,0.045131812894537486,-69.05425610528137,0.12362595245416311,11.233984104772231,0.20373276660058626,-29.46562368441402,0.04566274736358898,-63.705859833827404
252,5.04,0.15779196412587035,-18.63486831975963,0.38015319984332924,33.71315122937334,0.04378115993593885,70.76812244867942,0.019290373278117688,14.395872099046759,0.07051726254214169,41.54296443912473,0.002908706686972892,69.41686912889136,0.06800319784184493,-15.590711951096997,0.28620361468364397,-32.40483157649222,0.17368170772104682,-68.84804526434571,0.02626296388739362,12.007506898158844,0.05677533988331483,-28.847758869462375,0.01206579776425221,-64.3173327975606
253,5.06,0.0909016741737389,-21.648075486691408,0.45828467688409713,34.45727424186837,0.03671645862398493,72.20633580985057,0.06596693486158797,17.64122186453287,0.11103720528495926,45.339831806538875,0.008796988378116063,76.74535102826565,0.07942019355488161,-15.590711951096997,0.40286637405216297,-34.11887712594958,0.1532671222556813,-68.6532564857883,0.012235753465952163,11.969228699158723,0.09758526450172801,-28.14378094820714,0.008201002427521486,-64.54564100174606
254,5.08,0.20278327451460623,-22.384920235752865,0.413617189426606,34.380069410422934,0.09451201443628739,72.7025218705791,0.07993839453826729,17.64122186453287,0.050943830906218845,47.776186329169704,0.011573087471184202,79.35990541376918,0.1064064527171985,-15.542464064765888,0.4423214701290115,-34.54825903389889,0.04249539326024678,-67.70421483390685,0.026321109676291282,12.041580788228693,0.06404499389243558,-28.124429704835972,0.0023650010559811197,-64.68407575582617
255,5.1,0.20422383502891664,-23.23097530125138,0.3784228388425131,34.16688945674781,0.15350292649536984,73.35367904615704,0.06706847778488398,17.64122186453287,0.06891234603470653,48.61670801011456,0.009478495801946053,81.11815478407685,0.0876446512847927,-15.525450891754256,0.42972733276283676,-34.61902028899216,0.036862690526458505,-67.16331703308678,0.06358521481394533,12.34950563445163,0.0016603273983079433,-28.124429704835972,0.003715769940751337,-64.71179388231987
256,5.12,0.1785987061068276,-22.921841752193583,0.3506857971098483,34.28275596470524,0.14374452903428586,74.16834047391058,0.03842238816012959,22.057570650519335,0.06401694606076679,49.31952506014095,0.005991677014393407,84.00558056218927,0.08493032296399093,-15.525450891754256,0.399641532556884,-34.23447958615779,0.055402917084456556,-66.2547118788813,0.09181008377970751,12.527429868683434,0.0008439542709597469,-28.51826687809073,0.015597021225289087,-65.77547643626595
257,5.14,0.10686320653499014,-23.50337732697686,0.34356995397856865,34.00020005418242,0.09147763372446718,74.20763113633342,0.03488106495720833,24.718553500117036,0.06026661379543282,49.31952506014095,0.01205276474463414,85.41368419276216,0.1283268989925706,-14.145998203445409,0.37430133412739824,-34.23447958615779,0.0864190936581446,-65.65436093783224,0.03494312174593004,13.95943334182022,0.09466876138274512,-28.29378652234616,0.016213664237528052,-66.43138830944338
258,5.16,0.05221394604586134,-24.13586640744265,0.3188103228173394,33.90663395156796,0.09685786090452515,74.20763113633342,0.08329961042343116,27.021587039262755,0.07026317402113523,50.25675210171523,0.0013485233350869767,86.1044411036346,0.11710615289601525,-13.71165989817874,0.396072587642697,-33.96933951064583,0.005699608654866685,-65.49407093879388,0.00814600792706242,14.01725474269432,0.06573561912373872,-28.295390386133864,0.0064382011809725834,-66.62550429966294
259,5.18,0.13342255588576796,-24.9744629759453,0.3443916039060589,33.92799132603806,0.13204011202224653,74.7154961263249,0.05824477647175007,27.8851054679995,0.08507808139119277,50.294153138049765,0.006217840804317547,86.47607570076289,0.07898778011443226,-13.355068363700997,0.41074380849568326,-34.08926085230296,0.033734741173192674,-64.64436466599852,0.009877617701610622,14.173093503496675,0.06478646025082437,-28.33792367532052,0.004014872651608954,-66.63829142065022
260,5.2,0.15241762398995587,-25.404125422313562,0.33619386572790155,33.88048132290713,0.1399706283316897,74.81587709484702,0.043246142775277725,27.998848402832703,0.06800691252912631,50.3588029234559,0.005304366631338006,86.55281218585071,0.04064381733462391,-12.938769360266194,0.39525490380442324,-34.08926085230296,0.04471846762038375,-64.52798507340582,0.026799419774341176,14.225994094756517,0.015718574885178693,-28.633341213864668,0.03807790672030891,-66.97481694589865
261,5.22,0.13148529823524768,-24.677224302749035,0.3345988018582103,33.71915199272673,0.12231821290440233,75.11918621365635,0.020225837881814698,32.782512694790576,0.06960123436839233,45.08948678676717,0.0062937369361574114,82.66774918539228,0.021061798455336726,-11.750645857035787,0.3845658891993328,-33.5871961477109,0.02113647312112789,-63.96096670600886,0.021298265202279044,14.932168469630048,0.017213290634947982,-29.19468223024971,0.0275303341667863,-67.4599860826769
262,5.24,0.17864110229098296,-25.347589430443257,0.29994930682707716,33.654894590908704,0.04749834670600307,75.04337642641924,0.006180934600941659,34.599838167460234,0.03522213820678538,39.69566210172955,0.012814055100011705,82.66774918539228,0.0443226694654802,-11.750645857035787,0.3115310316494561,-32.93741500109364,0.05843039713659652,-63.5362466913863,0.01629431840682415,15.783376522705725,0.006058690182358526,-29.237913600401555,0.027733755873122903,-68.1451036727089
263,5.26,0.04407413783058135,-26.064406651530017,0.31828819522519,32.76957284465611,0.04349244534382901,74.85729117175748,0.082205203007913,34.599838167460234,0.058635984064277315,39.69566210172955,0.004207614064443639,78.00191554168607,0.04065453576669846,-11.048948609831806,0.3197162564879696,-32.49634907533452,0.015127379443972742,-63.28693021232408,0.007386577255020915,16.274735367734017,0.016243990504706467,-30.089085610606464,0.054297797380978494,-69.22090343806659
264,5.28,0.0977141066552545,-25.829041009813597,0.1321652052466916,32.10270697522223,0.016823371572082343,74.70333962428151,0.14632324250464454,36.675935204406834,0.2217631229791208,39.69566210172955,0.1319661876444154,75.90185076979971,0.04216591268851336,-10.841470050425329,0.18361472424010444,-32.03749939678057,0.12902780678101716,-61.5970627681225,0.05725105062319158,16.504617086635502,0.20307293939626928,-30.600075487185237,0.08949863526412703,-69.29705985680047
265,5.3,0.12344872709021412,-25.53510896154606,0.11922042012176085,31.771215270463617,0.012647579315594596,74.70333962428151,0.1121338712507706,36.675935204406834,0.18981075652543433,33.40999121695975,0.002656135979135677,75.45258936740585,0.05381230054803095,-10.865189048207991,0.1886739373376122,-31.482027689002532,0.12606069111077023,-61.41826907214018,0.05355934509830716,16.718280610915524,0.1798621777907239,-31.264450518163432,0.045032781329536184,-69.18311264986819
266,5.32,0.1413368763529124,-25.83663044174299,0.1310442571245674,31.707686773709177,0.014269384210198858,74.94166269396081,0.10613927175423601,36.71238109029548,0.258915528594026,33.14143007668629,0.09437596777295607,75.39612981058306,0.08038676145647387,-10.826602170941497,0.2170019995469049,-31.704500171653933,0.09528226835133335,-61.38720674484092,0.02607772209976327,17.068533643975492,0.1785506349677015,-31.591968380024735,0.03331143569876021,-69.44416029772395
267,5.34,0.18956364917686427,-26.867688708137734,0.13002476061854576,31.661267348571638,0.031039830397169094,75.18655818425135,0.16676524325585193,36.56977638434083,0.2763973802745513,33.141430076695656,0.10083665374488758,75.30521019491036,0.004077292903662089,-10.397136014338425,0.25914346052922094,-31.740168225043778,0.11608254430853714,-61.28211125512295,0.0844714780370184,17.601921032390713,0.20452192761815935,-31.772485665376472,0.021481261468570843,-69.74612956410087
268,5.36,0.20292834520601916,-27.019521578409122,0.1325322105214666,31.654363680285204,0.031234012335168006,75.45731732678333,0.1881025021062889,36.35856700491122,0.27773562198133644,33.14357460615247,0.10938438067219654,75.28502462044652,0.016965155337150994,-10.175308147656091,0.2541378918719528,-31.82156429534513,0.1293311169412845,-61.17167215515207,0.06325225946074867,17.84316781270833,0.20576839818178136,-31.858466025225184,0.006629295835799935,-69.96498163131427
269,5.38,0.19372030201202195,-27.249523656440402,0.13689789584378345,31.6629676202415,0.025607089588180244,75.46623330438193,0.19692426325865592,36.269526531638036,0.269672878777938,33.11275197720589,0.10935181136893404,75.27263807672661,0.021377634861040534,-10.091013646661986,0.24712530275387096,-31.82443492272865,0.13276859158671692,-61.17167215515207,0.062079532727916366,17.869260677349278,0.2057838947298207,-31.891490042673045,0.0025576724369279517,-70.05321465362474
270,5.4,0.17816923874863874,-27.253531857504225,0.10421556199037375,31.660821941688667,0.019857469750200248,75.4443412434235,0.1904583228792818,36.24975622228007,0.273137721925494,33.08618924684912,0.10826335867046433,75.25563935721213,0.017531548580986538,-10.08108922009702,0.23799746293478324,-31.82105682592331,0.1292470819170235,-61.15309314246079,0.06946190343137952,17.907249184723927,0.2096867355734409,-31.891490042673045,0.006315808289419462,-70.13005839620921
271,5.42,0.20933485663925586,-29.407588802843502,0.13104625438478898,30.770174545599055,0.012231549446297472,75.70419462443866,0.1796384485895804,35.994840123046764,0.273360588247508,33.05330383611992,0.09489918127574522,75.90637793142227,0.014839216134896263,-13.731299364563226,0.24207264407308324,-36.501160551386555,0.126853594010307,-61.15309314246079,0.07873372570671128,17.954574300873936,0.20600801444719316,-32.92962201712302,0.000992020510814471,-70.80717835569422
272,5.44,0.0071377538349430775,-30.80916398562461,0.10844019197510382,29.524732276915877,0.013115691421585304,75.93051301707433,0.09522943415291787,35.01566871516707,0.3574703665613741,33.87727394671909,0.1027302686576356,76.69945264883414,0.013650169348832718,-14.132226598888868,0.0712135044433724,-36.501160551386555,0.00772732917762893,-70.1428009670304,0.17178747293988156,19.630548118343253,0.388775790024132,-33.947242235989364,0.013543344808438516,-71.12315839445337
273,5.46,0.020954225565118303,-31.944071397240055,0.09376116727163405,29.43618796710851,0.0024397025819946384,75.93051301709005,0.024222173561769363,35.28279080083038,0.4250531820956912,34.43203729453513,0.06320014720688191,76.69945264883414,0.07532173828279305,-17.46348267289234,0.07332415542547986,-47.4963520697181,0.006304196531147494,-77.32426560225511,0.09883188949347878,21.804662962065976,0.45730032143272537,-34.46600191219095,0.03507530063342125,-71.12542873663345
274,5.48,0.05394668899126934,-32.54345046234441,0.07112417284396544,29.36636593296362,0.0018249939911746576,75.93051301709338,0.08678171845037448,36.03406216453789,0.4564692467620417,34.86663913599462,0.0030421216516308275,76.69945264883414,0.09416805843457836,-18.49509803178351,0.03597201418797295,-48.68417034730632,0.013821542914239057,-80.37144943708329,0.19472018984427644,22.574381858922084,0.4578237632360772,-34.77082550700527,0.05076125882243683,-71.12542873663345
275,5.5,0.04774703060889538,-32.68907243274607,0.08322148097944032,29.291697672362265,0.0003579681886622003,75.93051301711965,0.09843600492640019,36.1057016554343,0.4687278461066046,35.158619952499386,0.01706723612387081,76.06337367642668,0.07090833814308324,-18.49509803178351,0.06481893564089423,-49.50970896761917,0.009430096030148995,-81.22579240494241,0.1792455323427625,22.711287122263112,0.4517156563692347,-34.79925735811107,0.02222163981370016,-71.12542873663345
276,5.52,0.022195862765210347,-32.92918640891988,0.0917896492377074,29.291697672362265,0.0023918064085663828,75.93051301711965,0.07353354154155071,36.21138115653665,0.4653190081944228,35.159528001748434,0.017357936673635034,75.98415443732947,0.03557614343317874,-19.533222117388362,0.06868979475920532,-50.49860012589414,0.006797844106728656,-84.45520026225473,0.09673971415096316,21.93864674720459,0.4308324352666091,-34.85165662112825,0.0027778645091297103,-71.12542873663345
277,5.54,0.055230201975781525,-35.07859622621408,0.1162867880710625,29.011797100095894,0.012948745452878194,76.44920503600399,0.12655687957657097,34.273617668430774,0.4204793774534488,34.84867530417231,0.08353198611035169,76.045263608331,0.023382636468350412,-25.53895647648549,0.0428036771511823,-51.482324734121725,0.011822786682609958,-84.8633681590202,0.208326907328404,22.18938126319452,0.4118182337194772,-34.679075295129685,0.02762539483920145,-72.36148146400792
278,5.56,0.044400495222714484,-35.43557334734537,0.030618513072807333,29.42897695353134,0.0004316784459366696,76.46800146564377,0.09270959318056833,33.835661977851764,0.3806793749359106,34.56510000182259,0.014388714823149197,75.64062439997922,0.08824427035458753,-25.53895647648549,0.09580320551164286,-51.982046540014935,0.013182519909352892,-84.8633681590202,0.09415148138988384,22.18938126319452,0.33908824624650225,-33.97241458819054,0.03600032756237718,-72.38455103489598
279,5.58,0.024848401206376877,-35.439893948222135,0.04766581933416113,29.47070006796129,0.0030489010351044447,76.4859993269507,0.056334162508348704,33.36711469474663,0.3551790539611088,34.285108193491645,0.04900736956887081,75.22449437594535,0.08869350052755802,-26.563896502973062,0.04689478058481265,-52.48335219197364,0.00047443410225919556,-86.57109622703351,0.13251567503002418,22.36506298137335,0.3004567412599913,-33.75760394558432,0.01780716297435021,-72.38455103489598
280,5.6,0.0023054176825968364,-35.439893948222135,0.06489943688431861,29.456104848866374,0.005245430450850646,76.49986471703457,0.040330689345191385,33.07804509081338,0.38255756404078395,34.35740395010039,0.04964921191275259,75.08387640823834,0.0906610950471802,-26.624674912163567,0.022532324018157666,-52.417001346331695,0.0009916544674648693,-86.64027867245026,0.14810446118145823,22.292571899715558,0.3100499955625987,-33.75760394558432,0.012566703128909689,-72.93664743878347
281,5.62,0.0034623353980086794,-35.439893948222135,0.07362179142351141,29.80876547963344,0.005136538603781263,76.49986471703457,0.04599173764213891,32.05371162115011,0.40557654380887004,34.03123032763049,0.03177130550574662,75.07824818672864,0.0836211107808581,-26.624674912163567,0.005231667978301523,-47.3554546154583,0.003009459959023694,-86.64027867245026,0.13088586941543615,21.678682394581266,0.3344721024000342,-32.977953688579774,0.02300880738449507,-73.7425881255167
282,5.64,0.0617753058489377,-37.6546120150242,0.05630290703854576,29.659916503471894,0.013679520652895162,76.83910084397002,0.14809856867135712,31.789963849927847,0.2610864722966161,33.28513130657538,0.059717106353326464,75.09627309826303,0.12698561406252998,-34.49840647870257,0.12322830793858092,-43.459914565188065,0.02963830431162516,-86.64027867245026,0.42328628149612935,22.476864690302406,0.15711675439294448,-32.49547231126111,0.06756611653399212,-74.28516525964582
283,5.66,0.0263336651423068,-38.222286884339795,0.03082006514859541,29.614818337684785,0.002054879201241786,76.88803871479057,0.21313098138225658,31.958873178675624,0.2486998459408666,33.21435377942196,0.0028042341688271208,74.96578788930441,0.20857952227439114,-34.665938355963675,0.23450035076391712,-38.71984505879588,0.2248739416062641,-76.77344430396245,0.2544932709089281,22.916883305512073,0.13160496124438245,-31.944856490352457,0.07368067420073207,-74.61132170964792
284,5.68,0.018009421821757143,-38.567577920891246,0.08464775602244733,30.786199543379396,0.004945808673393042,76.88803871479057,0.2222137463664607,31.447130759437126,0.3245077050610798,32.75077288872255,0.024719581260460456,74.82638784621075,0.22278193646970748,-35.80993428996565,0.03737119249832813,-34.79973663732963,0.10569162371733384,-75.17174276525836,0.2778324116329859,22.916883305512073,0.2298396870348846,-32.485501667138394,0.09002878270698432,-74.6074304565643
285,5.7,0.14223864055140198,-39.3868538882057,0.07083655400533796,30.80813855538224,0.2232904924295334,79.1975499589478,0.059404424396519585,31.13607260452851,0.1562180448093211,32.18545349536624,0.028755281989019714,74.5055702914155,0.1660315055621662,-36.23186333594594,0.17504923461609687,-33.51043689190943,0.2263651859724218,-75.04138939281006,0.08899508584302804,22.916883305512073,0.20449454726682464,-32.47495097510271,0.020393208896681895,-74.41975219810074
286,5.72,0.14597598207701482,-39.3868538882057,0.05683262651923362,30.628514900366017,0.21142921743666626,79.2294586856,0.06366929600655916,30.14084104455302,0.17316099161312565,32.035223447840686,0.04500357605848368,74.02022142608615,0.15970606533630413,-36.03283703923761,0.1921589731072861,-33.46334282668643,0.18568214873670735,-74.70145964630142,0.06315514692374284,25.396173862435205,0.18823704019135723,-32.37528154794145,0.02003161769192529,-74.76436396646643
287,5.74,0.21594473941829695,-40.334542526238,0.03214799710567353,30.628514900366017,0.17359088912528095,79.08047978722863,0.23878301163443472,29.657899533753156,0.20272299943779384,32.091758474149856,0.027336391603950586,73.67592874939537,0.25839210838920657,-35.799426191212085,0.23069287877520728,-33.44022823260647,0.1337072411553301,-75.00395344698056,0.22955803509668762,26.30881375711178,0.17219889284589066,-32.13558853094638,0.013875139541398534,-74.76436396646643
288,5.76,0.2319161826098831,-40.5866688738205,0.054947330635711895,30.708655854259526,0.1537911420410328,78.92603549313748,0.2304321919059418,29.657899533753156,0.20312366801641502,32.121139605174676,0.046724869655256386,73.39419799132632,0.2500113079576065,-35.799426191212085,0.21568314408530956,-33.44022823260647,0.11060128707641716,-75.22896528403591,0.23832145505967853,26.44656959543556,0.1718245993853898,-32.10140364732765,0.041265400751929165,-75.23497518027665
289,5.78,0.22367798012390921,-40.61849952734523,0.056808049562378345,30.733223901959253,0.1416079577228995,78.7632625437157,0.24085895597778162,29.55802504343374,0.20596658543759847,32.20468669387128,0.05323658647313659,73.33444839165777,0.2475762487139794,-35.71360552278182,0.21275261085113806,-33.40243891142412,0.09414286358882433,-75.28840115413131,0.2629574730099498,26.41931993721232,0.16538646835230503,-32.01990217283019,0.04617890439028503,-75.28192384035624
290,5.8,0.20874406723026098,-40.60681889008551,0.050345418071630885,30.733223901960137,0.13775370534237577,78.7219907379451,0.25508895680941707,29.576615716624907,0.2112824431709727,32.222263755431456,0.047746163575596585,73.32699506612067,0.23065245629548747,-35.74451243122049,0.22357899681623344,-33.40308231400739,0.09301466050456199,-75.3900110156025,0.2716706513971024,26.344472753953365,0.1566141105151555,-31.955096033273623,0.03982331679493183,-75.29824762750106
291,5.82,0.20611671022376618,-37.10789325300612,0.050849215654760506,33.5457801887926,0.14065201260841934,83.51910077080029,0.2564710889900524,29.576220412475916,0.20494672178622114,32.222263755431456,0.036097719660286166,72.90814099194861,0.22772150149535508,-35.08056165452508,0.2251113277854532,-32.92733769427727,0.09490936341569821,-75.47300169277136,0.27341587775094556,27.451728969929036,0.16074664957031531,-32.065568169208674,0.02890124766701055,-75.75215090961628
292,5.84,0.07898109379162328,-34.11657725212157,0.08653438087409795,39.23926180093544,0.006602573678774855,83.51910077080029,0.3994098701219773,28.566528117186273,0.4077345973899076,33.42219548875674,0.0022493734233472217,73.10233918105129,0.17690140793754763,-34.079096388702496,0.1194217912431368,-32.31765104624654,0.06955996502409198,-75.15946933873373,0.24293979538321459,28.77705752951704,0.2545305152744642,-32.81142783831833,0.0267629188138856,-76.10387103189072
293,5.86,0.09055645551555876,-28.942795104763885,0.08206594726763033,44.91313228065341,0.000768141136698293,85.71421956695282,0.24077957587883544,27.016407557973064,0.42616388262529825,34.183816083233346,0.07680701342420572,73.38811707366159,0.175363107231556,-34.01891985324473,0.06052656637480084,-31.46869545857848,0.10371558422482516,-75.31085484558906,0.1545655070582986,29.868654956176307,0.33403749125119425,-33.44210679466416,0.10882278884013713,-76.59183520267618
294,5.88,0.06919277605668576,-27.80147234666422,0.0010140555821061888,49.66394753308115,0.0001826234361881382,86.75321869726213,0.0006686756999212346,24.618289496144254,0.3579621786770502,33.952309153124986,0.05542184123143094,73.31956883976505,0.06935047676854747,-34.01891985324473,0.03790563522633397,-30.73338638266357,0.01728210004642219,-75.79814012496902,0.026836986656381703,31.273368857911247,0.3383607019804661,-33.64142872965688,0.14068401183312365,-76.93817202888384
295,5.9,0.06498525795420802,-27.344946925999427,0.02231782461179309,49.7263698204637,0.002792811600718359,86.75321869726213,0.14107239515083447,23.41790022657423,0.33342197364072956,33.82911132822005,0.02095367413122315,73.08719115897259,0.01693629088347517,-35.38718367855238,0.1061790448123164,-30.37340913299373,0.009236191891326757,-76.02826845936703,0.11105872738633266,32.9431549989852,0.331178802871685,-33.64142872965688,0.12664064080977877,-77.07199380401559
296,5.922,0.06222112658823155,-22.939379662169923,0.07182452075086586,49.7263698204637,0.009182670395066346,84.47085396153386,0.1341503463999637,23.261024631181748,0.3682868769378737,33.691327500783345,0.04389028403395011,73.08719115897259,0.007118549512025519,-34.167515298105215,0.09018462741042206,-30.043950810598893,0.004303142056524029,-76.02826845936703,0.14823656864334075,34.79171475828314,0.38704157086827123,-34.07346703317442,0.021435659060631773,-76.83063728910241
297,5.94,0.06222112658823155,-20.88098627176665,0.07182452075086586,49.51776691087649,0.009182670395066346,82.8517143476283,0.1341503463999637,22.587221967548544,0.3682868769378737,33.83245663547931,0.04389028403395011,73.08719115897259,0.007118549512025519,-34.167515298105215,0.09018462741042206,-29.945179484582763,0.004303142056524029,-75.7131092117955,0.14823656864334075,35.925206108248,0.38704157086827123,-34.31876238062518,0.021435659060631773,-76.83063728910241
298,5.96,0.07847404641634428,-18.900084292958145,0.057872514324791104,49.51776691087649,0.0011559005111932627,82.4541648479597,0.025530780889783625,21.714724623301343,0.3740131944371192,33.84661476296398,0.059205632345305216,72.24296411472017,0.0021242192697873558,-32.84606526807147,0.11534940740187642,-29.729467329646884,0.004045021622109415,-75.70877972754758,0.14439933212171835,36.2582467109509,0.39905035137649986,-34.31876238062518,0.08687072653092727,-77.21412731956231
299,5.98,0.06271967719545889,-18.900084292958145,0.04763549893964239,50.95653909574651,0.0011559005111932627,82.64068914919204,0.0935364549803836,21.714724623301343,0.35583356441965963,33.15985357849936,0.04351287284485161,71.88110091970199,0.0013150817029723095,-32.76359173988573,0.11575515037973731,-30.0196699481328,0.006734326821509066,-75.70193711763173,0.13003450864510724,36.591093572133126,0.36722273304735586,-34.46484325891515,0.11284161905934931,-76.98574548305758
300,6.0,0.1014538238081185,-18.983343488787373,0.14610826059155302,51.230351817485186,0.11550847712142519,83.25027260398534,0.12243878099943807,20.533731415074055,0.18223489238020601,32.256330976626394,0.026825975931902526,71.5045949740057,0.0410790247854716,-32.879920152012495,0.028151610316766596,-30.0196699481328,0.005106228118673615,-75.70094238953173,0.17004337484001045,36.69464159332256,0.30358886820036207,-34.46484325891515,0.002634581336259573,-76.51150514896561
301,6.02,0.05055872382040284,-17.25733950119101,0.0850433328199264,48.160424322704856,0.07890368265259695,83.25027260398534,0.08207699356145795,20.500111499607797,0.1980342757020258,31.47924060648622,0.01721234692744989,70.73673511583988,0.044213436017061965,-32.900551827181374,0.0422513672485971,-30.857201532641295,0.00520701314118265,-75.1900531604783,0.13708170006292433,36.69464159332256,0.2983614766779735,-33.665735169655456,0.033231312885198705,-75.35863642869157
302,6.04,0.18422917268098193,-13.785979289554005,0.008680027499243011,40.66900114808333,0.18673361108868294,74.55569342538658,0.1755332809868505,20.726953638838317,0.13553509845408637,31.47924060648622,0.040306828276278586,70.9647424012789,0.003519323912220953,-30.320891319552793,0.010629034680531722,-30.601618901297364,0.0024347759583242465,-75.00838792264459,0.0695312247045926,38.205285950572744,0.285223017647559,-33.60545110091294,0.18002241671578417,-75.1294704881972
303,6.06,0.05087618471041632,-11.790637011455313,0.01830045126753556,34.62568273663537,0.11560751783707159,74.55569342538658,0.06936428957496427,20.37795827775423,0.2350916651041323,32.018475234766456,0.1086006866187281,71.10454350942499,0.013432499896148364,-29.89526610067407,0.06923494205080045,-30.312351548117423,0.003442054928655336,-75.96329441600889,0.054850803257605364,38.205285950572744,0.3739510705198149,-33.87954760743716,0.06341647615222991,-75.1294704881972
304,6.08,0.10812102809212348,-11.790637011455313,0.15819593154245004,33.25489180966641,0.06439743376568961,63.819962145622604,0.05395544836296136,19.946147076464364,0.2598604930539961,31.98553152622051,0.04334680667443141,70.33545032532518,0.034206018524771814,-30.01075069655992,0.21214772321282985,-30.312351548117423,0.24503570563836483,-76.72969052891827,0.004973707595345591,38.06058851706279,0.21220121774015288,-33.50916729061535,0.04633834468317962,-75.1294704881972
305,6.1,0.1868297075004136,-11.925206069978067,0.1544671618844834,30.894638636170004,0.07724198172393433,62.964918676780314,0.10635166403880025,20.018965219079227,0.1422985868569774,31.50292456355192,0.03872106222553077,70.33545032532518,0.060456552806318786,-30.158862342371492,0.07303434159400304,-30.312351548117423,0.1919082976356805,-76.85516514553704,0.03753020891891966,37.8490948093983,0.15980964204775983,-32.46685967173102,0.07646526791781329,-75.1294704881972
306,6.12,0.16082800662915242,-12.004351481180487,0.18628592332152125,30.515498123761336,0.04165548450160194,62.88563309576244,0.10829630893955004,19.27531602461507,0.15364054217637282,31.35884438273877,0.02286350911729402,69.6652923466283,0.05107655756153752,-29.486121770750465,0.09587052618314491,-31.847159926352145,0.16855675291321742,-76.40572179932981,0.02369808417256461,38.29539226411349,0.18932869284526752,-32.417282819224894,0.07820630043432142,-75.63964204732733
307,6.14,0.2019123227193533,-12.122767998582342,0.16382095875943317,30.414988981310366,0.021694537586446468,63.13899628227736,0.16295687069887818,18.578103417380333,0.13590661419136935,30.973518765981037,0.010482383292874889,68.81955962255851,0.17016166300393806,-29.208871157674423,0.10662568611242229,-31.895306460676956,0.16647493011323075,-76.19367238738128,0.09745747781878016,38.82704581537739,0.18559666284217285,-32.31118830611622,0.10088684184475673,-75.58109465647702
308,6.16,0.17618201920061163,-12.020080733735904,0.18649550995267392,30.41048104684838,0.03244274476743396,63.25117130548025,0.09654479417528392,18.248077268600458,0.13022005710850854,30.88802991477608,0.015285933140709975,68.81955962255851,0.1444724170982923,-28.733634026241425,0.10085766687596662,-31.940826290167976,0.12001253653226124,-75.8196239314128,0.1307737041039934,39.18150487035742,0.20668681559984692,-32.36632236213373,0.08123897723914908,-75.60183581022328
309,6.18,0.15497999159336787,-11.924812858918843,0.19231183354597586,30.420410826639447,0.026707585312997932,63.258254567681455,0.051112239185724787,17.48558961463923,0.1379073046800231,30.881637765121706,0.01438981399711356,68.65963786187753,0.12865404806981381,-28.501668990261006,0.10928593294433445,-31.956176644083293,0.09657698178464781,-75.8196239314128,0.14987991982837223,39.18150487035742,0.21668948045951633,-32.40002104697316,0.06675166461484357,-75.69335810150821
310,6.2,0.15386552266617423,-11.879516020010103,0.20034054338941326,30.50439781954935,0.02794868254885354,63.267648771115745,0.044155293153145335,17.3626377981922,0.1304954146410088,30.876728025214078,0.010575718598163033,68.63970815123155,0.1286683201974386,-28.486739828213228,0.104535383401062,-31.964022487685973,0.09100626443452506,-75.22256507469996,0.14880494769905683,39.518483945674426,0.21791773348147217,-32.40002104697316,0.055185580747173675,-75.69335810150821
311,6.22,0.15854699971354513,-12.429971838417712,0.19513667507469373,31.264829720492738,0.01631012077093851,63.70776021945986,0.06945003426500222,15.95711086646412,0.14192630624978142,30.2638942908236,0.012486922454268313,67.69768939086013,0.14195740789053643,-28.45345741438214,0.0968819801770433,-32.408406890917476,0.1083019976101192,-75.22256507469996,0.13114966628562344,39.51827274265184,0.2127849638345585,-38.00592109553486,0.05819749593151453,-75.69335810150821
312,6.24,0.0696955030758331,-12.429971838417712,0.34197922535994685,31.877032620775392,0.0016453048244712348,63.70776021945986,0.010843932727224443,15.170101646185334,0.016432116212072686,29.49123027936364,0.015550686289109444,67.46610010888968,0.3144645457386276,-27.817397021431372,0.31146363921664993,-33.722416399009724,0.19795426863227883,-75.42003625832514,0.06328400557589463,30.13794063433946,0.09784180029689737,-38.00592109553486,0.009049685874880486,-84.0023857577714
313,6.26,0.049839412573225106,-12.769198438204961,0.3902509911379777,31.877032620775392,0.135001279761356,65.87191622524688,0.022540995293058693,14.749033560196644,0.06008660014706506,28.675847711419088,0.025460343487767184,66.55463992985524,0.19282357030030886,-27.240727835534194,0.3765425667077642,-34.11021982180219,0.24240323557974489,-75.48809980333039,0.10894994868573118,28.53346226652135,0.07334925891706072,-47.251611701243014,0.005058458906065108,-85.92712687219769
314,6.28,0.08834322855476096,-12.962535465977915,0.3647877076043804,32.794893349448635,0.13217193952438466,66.2634713187788,0.01817516617027048,14.52944473648476,0.058566051766605356,28.675847711419088,0.025677595270563784,66.50978847201448,0.002255267001517867,-24.630357102145933,0.31746840775193846,-34.33115845411719,0.18484832308119364,-74.98138724116396,0.07606435191021596,27.354004709207064,0.029040594746401766,-49.5254026430796,0.002231016771417368,-86.22818112831555
315,6.3,0.10060539380249148,-13.089379188667852,0.31229483796606633,32.59538652126967,0.12686314009138291,66.57722890677903,0.006717415904215476,14.398470769089279,0.08523033838295764,28.18543857595114,0.014940473082474752,66.59014308913598,0.09176230255281509,-24.630357102145933,0.32665942524191277,-34.28719244534835,0.14125948140570652,-74.70074953919823,0.05818214754676355,27.354004709207064,0.03843112821194226,-49.5254026430796,0.004006165710595976,-86.55893113041942
316,6.32,0.11272929310102997,-13.089379188667852,0.3235101096171316,32.7831369555307,0.13309126316269082,66.94871623093007,0.002820256247688958,13.459421308658941,0.09257281341887452,28.003549894941116,0.009637366225762353,65.77233632399593,0.08392886650725566,-24.031143623139535,0.3217900135315678,-34.28719244534835,0.10157833269678748,-73.80235017289843,0.052506449116509625,23.096019929667506,0.05485681401384428,-49.5254026430796,0.004859082795976071,-84.38543810264953
317,6.34,0.07883771864256021,-14.69686681668217,0.3540392955055407,32.941523528992015,0.03407495077203695,67.2939880232951,0.016262655571486147,12.763998272344223,0.04535857067199882,27.971863452576887,0.0035565517543583317,65.18292546732572,0.21534576466924124,-24.031143623139535,0.33963367735545896,-34.38167961199101,0.1303002567894334,-73.4899012674339,0.029346795324452214,19.99488010139769,0.08317916985740295,-49.27856303591834,0.005231723533848784,-82.7418718031111
318,6.36,0.06620204007400884,-14.909566806838464,0.3633833603757558,33.14093130156612,0.125496524715983,68.16815069112921,0.006476890954299154,12.338270234683721,0.0771611279251066,27.971863452576887,0.00938612167873635,64.94771418412213,0.04995883967169576,-22.320891704880676,0.35887110770599845,-34.543003280616965,0.13197073727451422,-73.29153444037496,0.08734921356211363,18.352546589217216,0.08112740150588904,-49.16743253160454,0.0027165931212431655,-82.21069013538056
319,6.38,0.08717256267660904,-14.909566806838464,0.3388811922706111,33.073451335109766,0.15666464694383397,68.57129079099295,0.007526132355453993,12.26707443929846,0.09814652223884514,27.64248553618443,0.008318704013089455,64.94771418412213,0.04033910409213849,-21.615195757558126,0.3554058904928574,-34.585132288941374,0.10805241202270637,-73.27909013157046,0.07129585014188028,18.352546589217216,0.0726540719513326,-49.16743253160454,0.005365393618908367,-81.99321710893604
320,6.4,0.10787900066518036,-15.37949103524133,0.3252868682296919,33.073451335109766,0.1617227105749666,68.9567456059791,0.0007297336913369288,12.258736566255918,0.09699537322163096,27.620029900489612,0.009099499096202954,64.78966270831337,0.05534873484058526,-21.36928367144745,0.3519826090361845,-34.58708478440647,0.08651351183265783,-72.98290435403027,0.05285166908860959,17.609157521387225,0.06691676077245023,-49.16365260313069,0.005314552781518974,-81.91811509487587
321,6.42,0.11834493929219791,-16.494773157349915,0.31909183314684525,33.15548403890299,0.15131933950617693,68.9567456059791,0.01053424458778473,12.258736566255918,0.09073943263032731,27.48185928915563,0.00772967592797695,64.04967477358753,0.011125065030627941,-21.656153872544106,0.35352170704231045,-33.967678824291966,0.07852652977125225,-72.33512862769363,0.028833774393390597,14.98695992894835,0.06741938511770897,-49.16365260313438,0.0055608753192247975,-78.00213222359721
322,6.44,0.09586730957485894,-17.02618291213202,0.3493739142956979,33.15548403890299,0.00940621565621313,69.20248659245148,0.014483352217479498,10.580385752845102,0.06145646858896604,27.438658807820758,0.0035805739023109214,62.9199430948242,0.20366479699728654,-21.104174173667147,0.30713885874962327,-33.967678824291966,0.13623510071070216,-71.89010210534735,0.0015816379394675386,11.706384300218527,0.07327260685064564,-49.16365260313438,0.002049142044853537,-78.00213222359721
323,6.46,0.13453219297657326,-17.585178732053716,0.39480351835136107,33.15548403890299,0.05008344322589597,69.20248659245148,0.02821117154857065,10.516197074182836,0.2371667698278521,29.155270293480868,0.10255656671323027,63.22320237922532,0.012218301161450158,-19.969263927887063,0.15457340246018028,-32.69369255169841,0.08642537870776831,-71.82511733005605,0.15651667505534186,11.405635916952276,0.43730557323875197,-36.284451994421836,0.26171975209179127,-69.92189297641342
324,6.48,0.09738098521565149,-17.50180612504147,0.1182503704920764,31.87379032922022,0.06843614308472963,68.42751804205906,0.04518470480574113,10.516197074182836,0.1736505663486946,29.658393312854358,0.04844832695045302,63.22320237922532,0.07038367765861622,-18.996473649892376,0.06758707581159745,-31.962121381412548,0.004965178126431753,-70.45445297489874,0.09649568751553654,11.200923164516283,0.13994286524641,-31.879075019660952,0.0011172349748033868,-65.4332001236047
325,6.5,0.06326317260174215,-17.30690396360582,0.12915319283213333,31.32352272664881,0.05225114632210286,68.39973514087272,0.028721931312739556,10.496885716472217,0.15476179367519122,29.771799240681382,0.08502919395117997,63.46416736264196,0.02725432148970646,-19.0112622283704,0.07361056791187964,-31.59498556182282,0.022420903772039178,-70.22222067432999,0.13239337454936537,11.200923164516283,0.18744379279035708,-31.213744177307465,0.02739911669108059,-63.63239018272164
326,6.52,0.03413438743163995,-17.60511772126659,0.14811974841959225,31.468572939404876,0.04390341624754734,68.85981990495523,0.021241482800881485,10.32905859047009,0.16747545824605903,30.113526050766623,0.09204867350802134,63.50108978289132,0.015046093943875459,-18.472456062360454,0.0915170057331496,-31.2353743858963,0.006298505504141751,-69.50416975402847,0.11557846810195263,11.195636466885336,0.2085822296447847,-30.606839934686892,0.02887688090814442,-63.42272126695335
327,6.54,0.07161509936454945,-17.966618269630764,0.18151168481661545,31.468572939404876,0.10453378677274618,69.09409665425774,0.03656576528943251,9.964717054037592,0.20077168048201985,30.29950398763397,0.07429680448891154,63.50108978289132,0.08629417320374497,-18.380852699818785,0.0784198966318321,-31.221987384812554,0.03647128861110711,-69.25535750691897,0.12900833132244802,11.242267764251002,0.18772361668662077,-30.538115999639302,0.04898776592552456,-63.358716698769875
328,6.56,0.040569406876155525,-18.342824956946117,0.19402026788339505,31.797222812932056,0.07319950921295795,69.48390918212418,0.06033979085323965,9.964717054037592,0.1986850243550701,30.33905060862941,0.040707015065007096,63.1069462170065,0.06677669684061777,-18.380852699818785,0.08440992433370281,-31.219242474979943,0.03325728958462561,-69.15990298264427,0.13900222193249231,11.28318762049015,0.20624830743628,-30.520882942314447,0.042941323435904837,-63.23821223293151
329,6.58,0.020929072364823602,-18.56300389275643,0.19931516715550074,31.859225818492742,0.060473955049111676,69.60746743573178,0.0710252808067342,9.497989338699076,0.19995322759355055,30.352442111352538,0.018080989314292733,63.0150957406844,0.034729980107773284,-17.315292427703493,0.0990479313055754,-31.270167277751543,0.028992295630007343,-69.05490069847731,0.13723810433579592,11.28318762049015,0.20823659142692294,-30.535422573214294,0.03485427561070945,-63.202407864313855
330,6.6,0.01663802278258187,-18.659560098996177,0.20011080995436228,31.893989659990737,0.057934680624869984,69.68988804658566,0.07035451044326703,9.442962414941343,0.20090694130700126,30.368572568432906,0.010918788812262123,62.83977787567542,0.026956122859919062,-17.315292427703493,0.10011253050795432,-31.27517705935413,0.032222764535600516,-69.02538284001835,0.1282093005732308,11.284427220383435,0.20944196376857685,-30.53531539902239,0.037203280721850446,-63.197955413022285
331,6.62,0.033127157433967415,-18.849272896397014,0.191341377967272,32.89642700866559,0.07155117451480991,69.68988804658566,0.05647208211658806,11.900458844486193,0.20035165995460952,32.556501711763325,0.026353683283530126,63.975481105335234,0.039023076070728725,-16.771058931115817,0.08875144339058613,-31.813995406058446,0.03857841161394276,-68.7147943811778,0.12594048196580004,11.613127352522161,0.20628469718804893,-29.699683788433568,0.04579361977073373,-63.64814573940079
332,6.64,0.14066216352583483,-19.53685249970822,0.39120414667871584,33.91224522899366,0.04911955660967394,70.87993573206322,0.00646809363227409,15.885397445897201,0.07112095210649877,39.1489541045124,0.0033996160399498007,69.66896272696376,0.06289537438679357,-15.603243746111945,0.3028587706691021,-32.88847895729494,0.17706022944813174,-68.7147943811778,0.025711224600123112,11.98223894791135,0.050932209043270796,-28.960761952131307,0.0167278253572447,-64.41031794731916
333,6.66,0.10643571135137089,-21.6964711359253,0.4643349045859113,34.50868965141127,0.03041283969975515,71.45032729407991,0.06883688208405164,17.94279578276415,0.11197789726602492,45.1533771216727,0.00890772407485269,78.8633912014335,0.08023349932190167,-15.544538202688079,0.4065930024246039,-34.13117831017625,0.14830630408254047,-68.7147943811778,0.008476775200423307,12.027181018276915,0.09599642865533874,-28.155899020946798,0.007800090965722501,-64.5440189877642
334,6.68,0.2079318548559322,-23.035368751618805,0.41564436716001285,34.49804413679121,0.08894605767586883,72.26009587152672,0.0811832720758268,18.2177382395436,0.05300644907969565,47.896180012118535,0.011526118502441394,80.07192628186938,0.10559741883192322,-15.554306726842578,0.4427822666366685,-34.507375036129694,0.036669564255043495,-67.40963481495714,0.028067474951920995,12.15417176625302,0.06363722785291545,-28.119811592881568,0.002317223729165545,-64.68350602576535
335,6.7,0.21068267983674166,-23.29259815731125,0.37929423692594305,34.239675796464155,0.14203796417657708,73.35112084181034,0.06516342102836156,18.71744321496916,0.062303478169315155,47.896180012118535,0.007747162571636058,80.07192628186938,0.08696260196684727,-15.514941427826217,0.42327097738799274,-34.563557212873015,0.04248523125078957,-66.84262023401811,0.07419339122205629,12.592476017138434,0.003652209509546999,-28.43697028949326,0.0017664092893115236,-64.65969037491935
336,6.72,0.17370829184519648,-23.29259815731125,0.3466991455936707,34.23693565440152,0.13328628058993244,73.75469703569156,0.03858396156573798,18.71744321496916,0.06371745190369785,49.43073489214674,0.005575436565593952,83.72562099738957,0.0987482017689645,-14.962391353308155,0.39900209428704614,-34.17109040376897,0.05338818935195265,-66.24813741192483,0.0924144932553377,12.916372424852476,0.0013841991218757465,-28.457363470482935,0.020935400878046604,-65.87752147998266
337,6.74,0.10454883270952083,-23.09818922820124,0.3522985782209505,34.23693565440152,0.0782922493774408,73.99593584866415,0.04323126517586876,25.66029614649616,0.06051475237219509,50.16851428782224,0.011890662863032059,85.62184678844402,0.13342795210892183,-14.090815861397672,0.3747526423546671,-34.11132178980279,0.08508479637208619,-66.07669389966955,0.0325813604171887,12.916372424852476,0.09410195651427632,-28.299037213661766,0.016163710225820922,-66.43749746587075
338,6.76,0.05036517668047348,-24.168325289062178,0.3274865402265537,34.045805309118904,0.08896533762065563,74.11011568008661,0.07918760581394167,27.430214054024677,0.0712258767710632,50.251608627230496,0.0012929610359878226,86.21323904317892,0.11948173709919482,-13.719016889061118,0.40162634218612114,-33.948032431460824,0.005314972765653027,-64.99898623650122,0.010325798998220613,14.1049351909011,0.06983223052264531,-28.3002048978563,0.006499020269339172,-66.58687830510843
339,6.78,0.1283383754572172,-25.091218082148693,0.34968589109990583,33.99978501096713,0.12708816015926064,74.11011568008661,0.05510513663685909,27.87533158384094,0.08520297118968831,50.300377742013985,0.006147120104092192,86.48984909230236,0.08004729188494691,-13.502102161205887,0.41565485971549837,-34.066464229375434,0.035658085443042435,-64.77244313200126,0.010487639755502612,14.15384294092939,0.0655867353030141,-28.550201246218986,0.004140661879410828,-66.85895204034708
340,6.8,0.14948191392779564,-25.246457893634688,0.3426755950521732,33.959689418959506,0.13225670127072076,74.69016051778702,0.0417197476939283,27.99654606044483,0.07181477833435922,50.32079692408834,0.005499461012079251,86.48984909230236,0.04035949399116073,-12.880503999706583,0.3984613846529466,-34.06627182928266,0.048053346743081524,-64.48971170925604,0.027948992760994017,14.28867694400817,0.020236584448282215,-28.727595160334477,0.02668840170599831,-66.91593492313126
341,6.82,0.13041082083362593,-25.069381876767828,0.3420919980176048,33.95659977817613,0.11479301759011352,75.06008386849663,0.01942757809755506,30.4779611324874,0.07029761455258687,45.36590085584347,0.006211919590076338,82.6860286776187,0.023679163091070154,-12.76458866069118,0.38867971222838893,-33.40004860017185,0.023735311467174926,-63.885286815969756,0.025845154614085625,14.61168001808012,0.016606088558291453,-28.727595160334477,0.024449621033315223,-67.4750361636563
342,6.84,0.18660731912249062,-25.069381876767828,0.3044403226299373,33.70132691732295,0.043036791631589376,74.87793538552556,0.00349753488003963,36.2413837709818,0.0353953003079192,39.67241924382699,0.013861650026207503,79.2365054939981,0.04981676118269123,-11.2027668829459,0.3165256749088788,-33.08688878134117,0.0581357364863277,-63.318169834341404,0.012132699988004635,15.673339188193161,0.005247353048519711,-28.727595160334477,0.03365631198527964,-67.87663747595766
343,6.86,0.03555923093493698,-25.069381876767828,0.3210962256655458,33.483217868707676,0.03651385564746307,74.73013114023821,0.08408481190225114,36.512890567317925,0.05761130632491974,36.74152731588261,0.004353167170401998,76.89149825026946,0.044773936751124274,-11.02390513729812,0.32021009946462925,-32.54947970176901,0.01540830975806534,-62.3201807406429,0.006957938814604943,16.132841489160207,0.016329856543199413,-29.896532103631746,0.05266478007214993,-68.5339073783158
344,6.88,0.08804129584487258,-26.00779112743489,0.0979827483959986,33.483217868707676,0.0321110043769148,74.55021949050759,0.1471894605287734,36.638988812290684,0.2230721275157774,33.895554960147734,0.12826502752537997,76.89149825026946,0.04746382045842425,-10.886360329377771,0.1893785191307681,-31.631226284934037,0.13047641497252926,-61.75083864221982,0.059245877498347345,16.58370688065938,0.20728471936638485,-30.98497829449461,0.09293653330832949,-69.27097862754485
345,6.9,0.12285041032665586,-25.566937918014723,0.1272482335487532,33.483217868707676,0.00856306626979944,74.48437946410817,0.12369137903531295,36.858006770970086,0.23229850213008335,33.37157820335472,0.12181773558105373,75.47961737803752,0.06501459710077064,-10.956731903626428,0.18817559404056058,-31.631226284934037,0.13173502674980053,-61.75083864221982,0.05975096317391686,16.816153052649778,0.1803241864935763,-31.206433689397006,0.04541149813094921,-69.15402455158645
346,6.92,0.14119531427601512,-26.410581739644954,0.13464700268427454,31.716482143019476,0.009301077134270128,74.81654308355579,0.10606702584064323,36.79012362138175,0.25972893962516636,33.164964632748685,0.09663537595395141,75.3775449484389,0.0845575758346476,-10.83156576801551,0.21976810623092458,-31.697406930227505,0.10016626627261392,-61.34826035119353,0.03165781091393508,16.94972203666593,0.17919329025130873,-31.478454451746007,0.031602158970005526,-69.53305792182867
347,6.94,0.18992889922137324,-26.605545041755896,0.13508829535427738,31.71438569859501,0.02499337210793585,75.11522744656058,0.16452072149880662,36.57870269616224,0.27581423095252267,33.15950720191339,0.1017341602737458,75.33207013973816,0.009979180446482237,-10.450095028676685,0.2629129571652926,-31.761329335360667,0.12005108234180392,-61.34826035119353,0.08161958684080867,17.58700942697861,0.20578192839631243,-31.734486628724845,0.025642161402718067,-69.7709304490383
348,6.96,0.20243619704434096,-27.043073961521362,0.13749151472433932,31.714385698597187,0.026480378523047233,75.38466268698328,0.18568359660587977,36.480288732206866,0.27882613431057274,33.15348611306351,0.11094225305824724,75.20690738773175,0.012612657457657299,-10.23827235649498,0.25818231848676226,-31.842887291507775,0.13310921201768816,-61.16085894072904,0.05879091835302013,17.83411704788288,0.20754859146412838,-31.8575091900415,0.010383996300199552,-69.86074890274728
349,6.98,0.19295307295772063,-27.043073961521362,0.1468322496657624,31.716216510601246,0.022060748369535137,75.36551824546805,0.19745084035106772,36.2571546021187,0.26950099186155035,33.14996838791716,0.11514049167451214,75.15610732037312,0.014149164667211897,-10.158496867810276,0.2552361430233033,-31.842887291512017,0.13708814644017522,-61.08989094390981,0.06019543089330847,17.943243413363945,0.20961877037277601,-31.907049050013367,0.001176674484453931,-70.04388904479308
350,7.0,0.19824486041709016,-27.246546571343586,0.14700477493943134,31.707002243556637,0.01951545217780275,75.36790893060532,0.19107756642863863,36.244149659620476,0.2728933370925426,33.15262515859166,0.11568072657492169,75.15610732037312,0.012604709849041381,-10.155632937079876,0.24856992032318262,-31.840519813844672,0.12327401616137504,-61.08989094390981,0.0635721671294385,17.96924380058795,0.20911218280690608,-31.907487306130893,0.0005275993736409172,-70.0700538582924
351,7.02,0.20893704722445133,-27.466669095326964,0.1353524073243922,30.720920410359614,0.009872226703392889,75.79321166899825,0.1803015875446933,36.244149659620476,0.27761581134562646,33.30577639959914,0.10391523528594146,75.49832190534129,0.008158038097765802,-13.16309234173482,0.24723541908389263,-36.224979020900406,0.1307921952493859,-65.2731719146701,0.07539919159634541,17.968147761591126,0.20714716504020578,-32.857689415832816,0.003011890743688621,-70.938032414803
352,7.04,0.016399616356603273,-30.879717463168678,0.09404925735672867,29.788097732889838,0.0027829879885678654,75.79321166899825,0.010294788429644873,34.9705577357215,0.4256431413308922,33.97801961766052,0.05826159477643002,76.62774220985976,0.021171582112519044,-15.09156123564576,0.06916386947467248,-41.91846063228627,0.00781767466233935,-69.16871197137827,0.08645000616178214,19.344609798432725,0.45657606987322086,-33.70060414878972,0.03601226726267431,-71.120032554191
353,7.06,0.016399616356603273,-30.879717463168678,0.09404925735672867,29.455316790850006,0.0027829879885678654,75.9075774445992,0.010294788429644873,35.44442607773165,0.4256431413308922,33.97801961766052,0.05826159477643002,76.50998091956437,0.07221073452274109,-18.15253552831269,0.08492996943554575,-47.48974372219199,0.00781767466233935,-76.04270229517816,0.08645000616178214,21.428706640566226,0.45657606987322086,-34.448621282502245,0.03601226726267431,-71.11454558948984
354,7.08,0.05114700721981124,-32.53929429761508,0.07071476077639016,29.376506775984975,0.0017155304586760447,75.9075774445822,0.07890665425818835,35.849406585098684,0.45954542478530763,34.7885438088701,0.0008662708801195711,76.35766190627554,0.0934545789836173,-18.499852010358417,0.03411151435358974,-49.02881780135007,0.01431973467067831,-76.04270229517816,0.18937074528775066,22.58936922598899,0.46069175568210674,-34.67212438543697,0.054491707556163296,-71.12976315854729
355,7.1,0.04819817343471651,-32.68090788050092,0.08139910933757466,29.26090268457122,0.0005287649781211737,75.90757744459508,0.09579350759009814,36.09839435227674,0.47105174000826017,35.204295896806876,0.02142180188078904,76.05274912041719,0.0712762031260689,-18.499852010358417,0.06487001180807132,-49.10766496576642,0.009692542015885458,-80.96817714180615,0.17766894488447377,22.771717287812354,0.459622874872638,-34.82776395730241,0.02502729183069445,-71.14473122747383
356,7.12,0.022374056145268384,-33.11024842248197,0.09272486296511412,29.07896102240532,0.00211214645226002,76.25244836640475,0.08394606958264056,35.0929480787503,0.4707776822591245,35.164495608856235,0.021170796255636816,76.14754135304416,0.03632563663717738,-22.171096702355527,0.06868871537449782,-50.50439688463082,0.006820033726276454,-83.9296732123075,0.09812736864486957,22.28958037434535,0.4356556946084283,-34.90676899898501,0.003483989447458995,-71.93355004402702
357,7.14,0.05852553025853787,-35.022030327181575,0.11594072711332241,29.25122224987233,0.012800001328807174,76.41672076754594,0.13027466140166766,34.46457836200337,0.4244427649429407,34.95477396572072,0.07915983701218349,76.14754135304416,0.02430814063656819,-24.66571456571945,0.04313523962773623,-51.51184575548191,0.011773411532800426,-85.42868489204164,0.20653249022473621,22.12336212311285,0.418067427773942,-34.68430828663637,0.035080786138512614,-72.23963611766939
358,7.16,0.04536423518555005,-35.44437880333041,0.04116981819959445,29.35570974425822,0.0013469835613484687,76.41672076754594,0.10240183515604818,33.77762068173572,0.3748938968334148,34.74768464536613,0.020568312181580783,75.42527711514835,0.08824475728097772,-24.66571456571945,0.08481186807673029,-51.51184575548191,0.014170572297069233,-86.15426394939722,0.12887910718817283,22.18596180425091,0.3357374218824612,-33.98564763134988,0.044199643496196116,-72.28748253197647
359,7.18,0.023217512594823988,-35.44437880333041,0.05019603434534925,29.450495312279916,0.003369536801862797,76.41672076754594,0.06846186215481145,33.41307707201975,0.36181506205638364,34.34044301927222,0.05362817830493678,75.091278791925,0.10045317216966479,-26.350965806447988,0.05513331327529369,-52.54336903815387,0.015611323726998054,-86.2792432069016,0.15379574105526891,22.141028908687165,0.30364765394532955,-33.64914873669065,0.021716982277140088,-72.57120043080546
360,7.2,0.003317899058347823,-35.38094882454332,0.06600699560163936,29.427264304548043,0.005279039641991062,76.45834138693152,0.050835739078856704,33.24148056825262,0.38941011871450565,34.34044301927222,0.056531901289231946,75.02487069413215,0.10246313759931952,-26.506972446154894,0.031552648647877185,-52.483310753724304,0.014815301452082973,-86.2792432069016,0.16227317984755885,22.131869443312613,0.3129296207607481,-33.64914873669065,0.008456400038223715,-72.87824847945001
361,7.22,0.0019144325345353862,-37.07162300836254,0.07365594366029146,29.78946122553414,0.005266544504483846,76.71537674579122,0.05275698136173293,32.21960984054066,0.41224789481148855,34.04440566719328,0.04914453328630964,75.05548644108933,0.09283980929431404,-27.544102489781306,0.013716362622790043,-50.71131447488147,0.017945151609095024,-81.93001487264864,0.14374942346666364,21.545909571129233,0.336443098430605,-32.99425043887578,0.020074114146041912,-72.87824847945001
362,7.24,0.060423204154776,-38.05654197351231,0.05709794985036563,29.668791991161218,0.012804818694643503,76.8493069569172,0.14645828971183908,31.78509662254977,0.2624992437493058,33.29692381852486,0.052463296260162516,75.0650371270239,0.11710799248047396,-33.72850209157275,0.1616047197893635,-41.421949739584036,0.010646858695716716,-81.93001487264864,0.42131145798124986,21.80977815937583,0.1582852513519311,-32.13495493170218,0.06036392974306254,-74.10468547398945
363,7.26,0.02475871720912868,-38.25968344716454,0.02841121155698568,29.56639235107399,0.0012575768414366236,76.84930695693336,0.20971991145633054,31.818566925985223,0.25119280141608147,33.20417621311069,0.010786812085177143,74.86159871875331,0.23716337211604196,-34.70556860022553,0.2396384718104151,-36.53180994918855,0.24016781644851368,-75.63912357158712,0.25880251996788345,22.62884988060115,0.13668279364016395,-32.028029030815,0.06745252483777239,-74.5743500287253
364,7.28,0.004777226378625651,-38.829737457967774,0.07743712510974139,30.78285343705219,0.005276456197542275,78.00599510447658,0.21883673866985798,31.315688861658224,0.32883433908018583,32.57685192715503,0.01992491615056674,74.70276499063453,0.23766633310980143,-35.6271187673127,0.037771959207580974,-34.31517945435323,0.10303494558914486,-75.2919247658728,0.2949193438732811,22.62884988060115,0.22636357548419275,-32.155233186881674,0.08759924617412601,-74.69622276575863
365,7.3,0.13338077517764058,-39.38030646887776,0.0781419210012105,30.892399989999934,0.2122000845296184,79.01878222145437,0.06075948070348449,31.315688861658224,0.15931852762220788,32.26769687967139,0.03414679626508358,74.46114663121624,0.18488933282238934,-35.81000602811528,0.19290594297074826,-33.79991573131706,0.19693864382652568,-74.68044015355406,0.10406955973048843,24.846527351818825,0.20549032929091518,-32.3882350613381,0.017093077630847164,-74.33353099547301
366,7.32,0.13661502126815883,-39.84419449100538,0.06745997073344011,30.7531967228944,0.19672205159339862,78.90642298860254,0.06582566184539061,30.179761037994496,0.17828284683523135,32.10782765875575,0.050574757099352184,73.91199986808476,0.18572802851354528,-35.81000602811528,0.21015562453196399,-33.54693536341106,0.2042840613333986,-74.55595083923707,0.08292515348837722,25.848317273359513,0.18955754283639106,-32.3882350613381,0.01923151938331204,-74.70674383928106
367,7.34,0.20678095343705524,-40.26360788907706,0.04277924952716041,30.75248196301354,0.15716344990992834,78.87578156291359,0.23696758560404765,29.645504241752278,0.20442191147440297,32.14292760583161,0.02685725641760193,73.91199986808476,0.2747311473774628,-35.55870663950822,0.23491558096081352,-33.54693536341106,0.14737269915437634,-74.55595083923707,0.2475701853897552,26.170408682175193,0.17676199416652222,-32.17190492886279,0.011018340236737811,-74.92386773463774
368,7.36,0.22117180638694905,-40.47040064314718,0.062129080438162516,30.80578557491897,0.14109031244748654,78.78725213458395,0.2297443622882418,29.56071365757546,0.20637724321297374,32.17387507557549,0.046233174497702596,73.40285035738744,0.2686752223007877,-35.53029930143235,0.22843742764449695,-33.54693536341106,0.13046908478945285,-74.93384740068902,0.24719549251795883,26.275596673212277,0.17621382919472686,-32.135764805124275,0.035285923118535886,-75.1317389826815
369,7.38,0.2138289813474678,-40.49585568232786,0.06557658620497146,30.811907982595248,0.12966246975129553,78.61769132592251,0.24026060501620033,29.561724091491243,0.2108740267396307,32.17387507557549,0.05422458058922247,73.33858425456438,0.25965296309171904,-35.52951123396048,0.22704476511695307,-33.52753470307223,0.1173625910248112,-75.05813786145674,0.25871482586030176,26.36322608219213,0.1702833558012274,-32.08960726970459,0.04166411195270366,-75.25195714602286
370,7.4,0.1983317520052821,-40.4887473153264,0.06633032870066956,30.840998264033445,0.12105877701768457,78.45526138070605,0.2539439002998918,29.568508940079337,0.2167297063373314,32.282201710356674,0.048322511755847425,73.3277194272037,0.2512551997535211,-35.52951123396048,0.23788576899996497,-33.53002133089844,0.11632549901441049,-75.09799153650154,0.2765164611906146,26.30489870527514,0.16636758033047302,-32.05165308476516,0.038455300451636656,-75.25500715535708
371,7.42,0.19638639711811814,-36.10058783368373,0.06165731112113936,33.65350519467391,0.12219114271721465,82.38250680573674,0.25480842019423827,29.561928686969555,0.21029604946776737,32.465603026947406,0.036824904587379685,73.0795541718934,0.24825192456138082,-34.65783020340588,0.23783865163238163,-32.823659980235,0.1191879106694908,-75.04008979690273,0.2785291455256706,27.93023522761857,0.1676993191733533,-31.929930348143454,0.02619082705814693,-75.73807377634785
372,7.44,0.0824258916593661,-31.443253508191116,0.0877771149318243,41.74424222203526,0.007851530570696753,85.27508972602695,0.4150186700585503,29.366447795481783,0.4116445601629655,33.91528452338812,0.01871699961565345,73.02588804564506,0.1890208619968402,-34.05043695322433,0.12945831653175743,-32.5117065363996,0.08759395739337637,-74.98141638288885,0.2588988263138895,28.74924666537946,0.25120700389303213,-32.922695255735405,0.02255200921245755,-76.1004198641993
373,7.46,0.08758819739865092,-29.119522498760553,0.08324294989733524,42.94286992955122,0.0011713251511080345,85.92905579131939,0.2581691660625258,27.889694269915676,0.4285922516869846,34.23160160360645,0.07129713253926119,73.33307374556529,0.18851306012076754,-33.783537183769184,0.07006419303535713,-31.625115941717098,0.11643394151824672,-75.13661035322454,0.17318517692385735,30.000691917496138,0.33095386327640847,-33.36456831424067,0.1046735880533716,-76.30480964805079
374,7.48,0.06587409342598205,-27.703427519257303,0.006142296648305607,49.418485356108434,0.0005754686389350551,86.76581086967448,0.010701454420105234,24.63379572160382,0.3608240895364525,34.04694955328494,0.041471354363203296,73.27474159039555,0.08246816013953627,-34.30156615626873,0.0256042887747894,-30.746922854865176,0.024011696984891646,-75.77088770678203,0.050033596199341474,31.07717025821446,0.34306919722838775,-33.36456831424067,0.1395584869694488,-76.30480964805079
375,7.5,0.06580610496844823,-27.255327354136625,0.023502359333598743,50.2494482825331,0.0032472285856987794,86.90602423219661,0.13822746341384545,23.28923533535557,0.33925940109808767,33.91532256617866,0.015737176542925765,73.16456521620842,0.011139824624662474,-35.19196020936464,0.10406985380447599,-30.746922854865176,0.009276685122911917,-75.98622511031958,0.0922747561356138,32.73796189397073,0.3317518724473798,-33.81356884304896,0.12609082726758805,-77.02735624793652
376,7.52,0.05961189527153964,-27.255327354136625,0.030611401534118628,49.620423743867306,0.0014397839649816135,85.55350088996491,0.16063558728158928,23.211539346418746,0.3465071591714287,33.701649368230555,0.00015938358705392858,72.41858182185132,0.04386636307887996,-34.29503722617876,0.11264880741815826,-30.013727517643087,0.00847384321912575,-75.78041485322414,0.18063697923355831,33.796244523285274,0.348682338191759,-34.0383090028501,0.10555389201206518,-77.02735624793652
377,7.54,0.05510417754139238,-22.247926503042464,0.07171158355276411,49.47975026467864,0.009686726570486425,82.88554050311485,0.13452066054989348,22.83949298200318,0.36926578409482236,33.826260358078635,0.03616974144515281,72.41858182185132,0.0065831353037569314,-33.14442504853632,0.08975582001622084,-30.013727517643087,0.004297723381406668,-75.69760193514838,0.15279947573932545,35.62375473569127,0.38672605096609863,-34.3026603855175,0.01455604465453762,-76.75198654965699
378,7.56,0.0807954449457589,-18.289307567507205,0.0570509878454991,49.46561554045606,0.0016520048493585118,82.4045815077575,0.028909496246449267,21.739110563341654,0.37872775700141675,33.89136096133863,0.05346711383425659,72.41858182185132,0.006903533867448553,-32.91503614052852,0.11705502668993971,-29.699670057091442,0.004172291345776779,-75.69760193511425,0.14969470826225187,36.31070414783112,0.40562905077676564,-34.45474143676945,0.0839501169227345,-77.05572890852073
379,7.58,0.06593714221114953,-18.82529684479359,0.047110916248783406,51.105512618767186,0.0009689824300880249,82.4045815077575,0.09825289669427788,20.909666933650463,0.359060105875879,33.29533390057054,0.036836807358465784,72.14721988475951,0.004414347056088175,-32.7667030824591,0.11587863480431052,-29.787316721625807,0.006584815296008557,-75.69167676483929,0.13637428903584106,36.5695273343129,0.36893951455921103,-34.34871123768557,0.11178122556668167,-77.22059643028797
380,7.6,0.10495122729946983,-18.938655117337166,0.15825176685704562,51.162206774682694,0.1243142066860637,83.25990081716525,0.13144521148395322,20.467499832578646,0.18687162663475237,32.78528002635319,0.03379072900562105,71.46302591106473,0.040672264071890174,-32.905460524956304,0.024815359058346264,-30.28598915082246,0.005042688017048067,-75.6890968584681,0.16951476540309596,36.7217634982461,0.3085746208083731,-34.34871123768557,0.006988467833813102,-76.60712131918562
381,7.62,0.04633240797717158,-17.472064340325055,0.088023008156636,46.09169939046176,0.0795298167192247,78.15922867850868,0.08786536451542451,20.563057033298527,0.19461416191772246,31.2036844958819,0.0061616676273017115,70.83404061625866,0.04447287975879734,-31.5094978980743,0.04089918269862894,-30.28598915082246,0.004978017606641318,-75.23940461906702,0.13771144635333382,37.452231748077466,0.295233370836365,-34.34871123768557,0.032815257886795124,-76.60712131918562
382,7.64,0.19048835946301507,-14.872597304648291,0.01848031974115227,40.99753163185073,0.18428272657348357,74.56334555219745,0.17262837731277267,20.728899336048176,0.1252954657957561,31.2036844958819,0.03636555838483432,70.64847200660273,0.0036320359365773713,-30.45207513325572,0.011214094203985605,-30.663722039792205,0.0023566701287215035,-74.9966929960957,0.06661408261942688,38.2599375716344,0.2858494908848633,-34.34871123768557,0.1840401029098047,-75.1054492623475
383,7.66,0.05838388146003166,-14.872597304648291,0.020622036380643152,38.30061928950154,0.11559774698706196,67.13727780636269,0.06464626053119772,20.002636263774505,0.24194454480204222,31.950437303330272,0.10938500874256447,70.92517409330598,0.011789191982746515,-29.907971308641358,0.06807618042841868,-30.943272567330062,0.0037315624911853015,-74.97990880249338,0.04891449023003289,38.36367463443091,0.37531278918955263,-34.34871123768557,0.07753302193681215,-75.698060151581
384,7.68,0.10298169122633992,-11.870671223636762,0.15708636738388299,32.856976415598844,0.05882075787304015,64.40506263801824,0.05499175542295625,19.97382013305141,0.2567814887222805,31.999089732093765,0.045472165932354966,70.36157470544056,0.03512573591165115,-29.907971308641358,0.21355987411331293,-31.778076156689302,0.2437312849722661,-76.42760285898936,0.009529705302575743,38.053172679237846,0.21612921825594866,-32.900200102448025,0.05848610116943973,-75.698060151581
385,7.7,0.18773730199541663,-11.935888745196918,0.1542148870474449,30.990000444578182,0.0745909268466894,63.29757682627741,0.10533062218482792,20.008486729085472,0.1413265262601185,31.445187668056228,0.0376544940524915,70.04693185159006,0.060712485976601914,-30.185368649162218,0.07443004817175405,-31.778076156689302,0.19188026702373862,-76.73483045161414,0.04233157289574436,38.053172679237846,0.16287115183742132,-32.46166657876198,0.08545464110735851,-75.6818523256887
386,7.72,0.16231025406975624,-11.939629339087382,0.1867940151575039,30.781243493216582,0.03852757265044745,62.92553649019197,0.10605419819677413,19.26749660136727,0.14436211389960774,31.076307610913773,0.02526822733154001,69.6677860213085,0.052022554853048616,-29.595517357850117,0.09085134692920914,-31.789584532092285,0.17442970479223077,-76.883790207476,0.028653343538142917,38.053172679237846,0.18821050755832053,-32.46166657876198,0.08536802855856154,-75.5519335223367
387,7.74,0.20074061068591792,-12.124133018565836,0.16422331326022263,30.407156247042884,0.022050424078834948,62.92553649019197,0.16384489933066523,18.804087053745736,0.13836131364658905,30.97757465080955,0.012645534042895343,68.82005064175188,0.16611291967778918,-29.265997579084587,0.1103669059712746,-31.89219564823938,0.1694128861993262,-76.883790207476,0.09469737686909051,38.38282081850047,0.1866780521018485,-32.313181293044195,0.10391108946643535,-75.49355264059231
388,7.76,0.1767491727110899,-12.026230369718997,0.18736199494693737,30.410184037775238,0.032683383751102996,63.217926586174755,0.0961267161284671,18.804087053745736,0.12990785813404684,30.877024613334445,0.014549179005930368,68.80508727896262,0.14096615765993076,-28.768858924088388,0.10108866493232507,-31.915027797753655,0.12164707510167776,-76.883790207476,0.12778696144361404,39.15471864847524,0.2070245531282124,-32.33304251471534,0.08247296011393869,-75.53235416361468
389,7.78,0.16006548746426652,-11.928104090243872,0.19620670336742357,30.48673248667292,0.027715922308973864,63.22894066409487,0.0480720832799523,17.47486648622333,0.13007178727526011,30.866656320593403,0.011446083639064632,68.67222734100646,0.12948455978500067,-28.506891639664726,0.10017728823592524,-31.915027797758555,0.09883547922863414,-75.49402700358065,0.14286872566036626,39.405628862658105,0.21379534145653886,-32.41105776760445,0.07096160757956423,-75.64331151689821
390,7.8,0.1580720111381395,-11.907645798612903,0.2024138229877609,30.510233486010343,0.023744233016059643,63.22641167259735,0.039125909199724564,17.338441805655172,0.1335705970565526,30.86665632058825,0.009631225278344983,68.67222734100646,0.12800305859191882,-28.437334887267774,0.09952984054979246,-31.915027797758555,0.09669566102235964,-75.32793342219483,0.14420443246894307,39.50634604618175,0.21717369640957274,-32.46745950701368,0.06337600836116941,-75.73236915667158
391,7.82,0.16140253700790652,-12.455976791640174,0.20161918125487222,30.825985252018977,0.015655854105948618,63.22641167259735,0.06739198591046756,15.937218826230993,0.14044262060662593,29.925754088051647,0.0094328556004698,67.50926096731214,0.1321273678063395,-28.30406656061391,0.0982636651150906,-31.931949935310996,0.11027934096183561,-75.32793342219483,0.12764798508080932,39.50634604618175,0.21698469527985806,-34.748930368650484,0.06405272186794793,-80.81417224556645
392,7.84,0.07216436618880892,-12.626744454660848,0.342994377594668,32.34265897489298,0.002705834771440842,64.43500596859307,0.013618224201413898,15.937218826230993,0.015094822417701902,29.02990168244859,0.014814755858505148,67.38801482112638,0.32273025160322105,-27.901408905142283,0.31046723049653363,-33.73092240494716,0.2049794764162922,-75.00625082006273,0.06534510565364893,32.0694997329259,0.09865438279767819,-38.644470419134244,0.009051416303755227,-84.43728176807197
393,7.86,0.05236058384140246,-12.711743044213007,0.39002010619302735,32.34265897489298,0.13507629708352292,66.1443807206237,0.021567893941775208,14.752774681995593,0.06079849605620914,28.66972333453713,0.027086826730938506,67.38801482112638,0.1919387828113578,-27.481166289267108,0.37351051024686777,-34.29245414797713,0.24482535596517668,-75.48340946326046,0.10837471994743694,29.653843443376886,0.07072377513526454,-47.271262776856126,0.004469765703126452,-85.2269276278802
394,7.88,0.08882936245819538,-12.991032805635719,0.3640575228919372,32.73319959445873,0.13050961432743932,66.48640198137153,0.017972225609259273,14.648635751891108,0.05922921628522004,28.578613550660975,0.024671519593682745,66.50068247465293,0.004678806153995849,-25.89449316022268,0.3149863438865327,-34.25913988021287,0.18619851462175369,-75.16374107011721,0.07604751240904468,27.377214785880323,0.02889034518109118,-48.886197319895174,0.0022573409079901883,-86.38756355777646
395,7.9,0.10429631357765945,-13.148373093844615,0.3229019426603769,32.639732915549686,0.1282444129304484,66.59277405350687,0.013693210343852874,14.648635751891108,0.08995663258202266,28.258572828727335,0.009877589329711058,66.58174784400767,0.0883689730729647,-23.923641933241186,0.2980331186298958,-34.24693129179618,0.13819382810305714,-74.87141293305388,0.060829931611101264,27.04533848797478,0.04319722167375334,-50.26781761549087,0.003975874119599159,-86.56101971983409
396,7.92,0.11364670581363046,-13.898897782517784,0.32201594684632334,32.911801147470015,0.1310856068871471,66.99599802991544,0.0032775972290575045,13.114601777471439,0.09204219508823606,28.258572828727335,0.009573643540847712,65.61526725106928,0.08299636611145812,-24.079312566689875,0.3191478477130809,-34.10356136301843,0.10196574590910346,-74.0957922775294,0.051729092416072604,25.538318693689085,0.05437498898703961,-49.58059699147947,0.004769591342950013,-85.42296505630699
397,7.94,0.0782573980955309,-14.532412662048593,0.35251974603512143,33.0741912361309,0.03978834158698572,67.19679752670241,0.016209734719647897,12.669999050166778,0.03467583905880836,27.995035420823598,0.04777147781196296,65.21924599389486,0.2205166429735987,-24.079312566689875,0.3424226646050801,-34.306670460788645,0.13082562976508025,-73.51282756808519,0.02966722940529915,19.75776843714461,0.08467336307459117,-49.229125494564364,0.008281768059501194,-82.61070278775624
398,7.96,0.06487978128056246,-14.783780321824988,0.3498323269860575,33.115947561184335,0.11964629784774646,68.35828126156335,0.006305395052516171,12.363789862433752,0.076363444905543,27.86849429799957,0.010507155773364042,64.94720518265285,0.05384425607228505,-23.027978338741015,0.35799414396921037,-34.5421338503103,0.13179857733812497,-73.40831917064057,0.08680345238055362,18.50539840725145,0.08108567787043947,-49.17900285342716,0.0027598745453779744,-82.25145709877881
399,7.98,0.08258690502143456,-15.092644676431934,0.3401475528849197,33.115947561184335,0.15584715876911565,68.76071730899515,0.006063823655726069,12.28392436157321,0.09562308081643858,27.648125796189248,0.008230258769851218,64.94720518265285,0.04135156636290468,-21.578319963407246,0.3645442553496095,-34.601340950005095,0.10632121657384852,-72.98651601209865,0.07132662260589073,17.999110560801178,0.07488870397573152,-49.16761003198029,0.005670925647010019,-82.05578206778013
