frame_idx,sim_time_s,peak_joint,peak_value
0,1.9150,br_foot,1.0445
1,1.9480,br_foot,1.0445
2,1.9810,br_foot,1.0445
3,2.0140,br_foot,1.0445
4,2.0470,br_foot,1.0445
5,2.0800,br_foot,1.0445
6,2.1130,bl_foot,-0.9827
7,2.1460,bl_foot,-0.9870
8,2.1790,bl_foot,-1.0013
9,2.2120,bl_foot,-0.9839
10,2.2450,bl_foot,-0.9785
11,2.2780,bl_foot,-0.9779
12,2.3110,fl_knee,0.9883
13,2.3440,fl_foot,-0.9744
14,2.3770,fl_foot,-0.9843
15,2.4100,fl_foot,-0.9756
16,2.4430,fl_foot,-0.9627
17,2.4760,fl_foot,-0.9627
18,2.5090,fl_foot,-0.9639
19,2.5420,fl_foot,-0.9536
20,2.5750,fl_knee,0.9783
21,2.6080,fl_knee,0.9782
22,2.6410,fl_knee,0.9792
23,2.6740,fl_knee,0.9759
24,2.7070,fl_knee,0.9655
25,2.7400,fl_hip,1.0069
26,2.7730,bl_hip,-0.9699
27,2.8060,bl_hip,-0.9642
28,2.8390,bl_hip,-0.9588
29,2.8720,bl_hip,-0.9737
30,2.9050,fl_hip,0.8831
31,2.9380,br_knee,-0.9448
32,2.9710,fl_knee,0.9007
33,3.0040,fl_knee,0.9138
34,3.0370,fl_knee,0.8623
35,3.0700,fl_knee,0.8529
36,3.1030,fl_knee,0.8517
37,3.1360,fl_foot,-0.8143
38,3.1690,fl_foot,-0.7126
39,3.2020,fl_foot,-0.6529
40,3.2350,fl_foot,-0.6416
41,3.2680,fl_foot,-0.6672
42,3.3010,bl_knee,0.5505
43,3.3340,bl_knee,0.5511
44,3.3670,fr_knee,-0.4636
45,3.4000,fr_knee,-0.5225
46,3.4330,fr_knee,-0.5487
47,3.4660,fr_knee,-0.4856
48,3.4990,fr_knee,-0.4810
49,3.5320,br_knee,-0.2831
50,3.5650,fl_knee,0.2660
51,3.5980,fl_knee,0.2855
52,3.6310,fl_knee,0.2699
53,3.6640,fl_knee,0.2754
54,3.6970,fl_knee,0.2750
55,3.7300,fr_knee,-0.5397
56,3.7630,bl_knee,0.5138
57,3.7960,bl_knee,0.5005
58,3.8290,bl_knee,0.4535
59,3.8620,bl_knee,0.4856
60,3.8950,bl_knee,0.4707
61,3.9280,bl_knee,0.3743
62,3.9610,bl_foot,-0.2366
63,3.9940,br_knee,-0.2910
64,4.0270,bl_knee,0.3092
65,4.0600,bl_knee,0.3065
66,4.0930,bl_knee,0.3018
67,4.1260,fl_knee,0.4724
68,4.1590,br_knee,-0.4811
69,4.1920,br_knee,-0.4773
70,4.2250,br_knee,-0.3744
71,4.2580,br_knee,-0.3952
72,4.2910,br_knee,-0.4195
73,4.3240,br_knee,-0.2630
74,4.3570,fr_foot,-0.2749
75,4.3900,bl_knee,0.2340
76,4.4230,bl_hip,-0.2642
77,4.4560,bl_hip,-0.2549
78,4.4890,fl_hip,0.2654
79,4.5220,br_knee,-0.4167
80,4.5550,fl_knee,0.3350
81,4.5880,fl_knee,0.3505
82,4.6210,fl_knee,0.3990
83,4.6540,fl_knee,0.3815
84,4.6870,fl_knee,0.3201
85,4.7200,fl_knee,0.3597
86,4.7530,bl_foot,0.2321
87,4.7860,fr_knee,-0.1837
88,4.8190,bl_foot,0.1855
89,4.8520,fr_knee,-0.2005
90,4.8850,fr_knee,-0.2020
91,4.9180,fr_knee,-0.3345
92,4.9510,fr_knee,-0.3313
93,4.9840,bl_knee,0.2917
94,5.0170,fr_knee,-0.3357
95,5.0500,bl_knee,0.3275
96,5.0830,bl_knee,0.3259
97,5.1160,fr_knee,-0.3342
98,5.1490,br_knee,-0.1573
99,5.1820,fl_knee,0.1531
100,5.2150,fr_knee,-0.1685
101,5.2480,fr_knee,-0.1863
102,5.2810,fr_knee,-0.1843
103,5.3140,fr_knee,-0.4220
104,5.3470,fr_knee,-0.4220
105,5.3800,bl_knee,0.3706
106,5.4130,fr_knee,-0.3296
107,5.4460,bl_knee,0.3711
108,5.4790,bl_knee,0.3611
109,5.5120,bl_knee,0.2837
110,5.5450,bl_knee,0.2220
111,5.5780,bl_knee,0.1828
112,5.6110,bl_knee,0.2554
113,5.6440,bl_knee,0.2306
114,5.6770,bl_knee,0.2331
115,5.7100,fl_knee,0.3635
116,5.7430,fl_knee,0.4385
117,5.7760,br_knee,-0.4446
118,5.8090,br_knee,-0.3887
119,5.8420,br_knee,-0.3737
120,5.8750,br_knee,-0.3477
121,5.9080,fl_hip,0.3901
122,5.9410,fr_knee,-0.4100
123,5.9740,fr_foot,-0.2198
124,6.0070,fr_foot,-0.2030
125,6.0400,fr_hip,0.2239
126,6.0730,br_hip,-0.2417
127,6.1060,br_knee,-0.3819
128,6.1390,br_knee,-0.3949
129,6.1720,fl_knee,0.3283
130,6.2050,fl_knee,0.3709
131,6.2380,fl_knee,0.3758
132,6.2710,fl_knee,0.2756
133,6.3040,fl_knee,0.3042
134,6.3370,fl_knee,0.3501
135,6.3700,bl_foot,0.2002
136,6.4030,bl_foot,0.1858
137,6.4360,fr_knee,-0.1834
138,6.4690,fr_knee,-0.1979
139,6.5020,fr_knee,-0.1883
140,6.5350,fr_knee,-0.3277
141,6.5680,fr_knee,-0.2861
142,6.6010,fr_knee,-0.2861
143,6.6340,fr_knee,-0.3333
144,6.6670,bl_knee,0.3245
145,6.7000,fr_knee,-0.3147
146,6.7330,fr_knee,-0.3164
147,6.7660,br_knee,-0.1593
148,6.7990,fl_knee,0.1758
149,6.8320,fr_knee,-0.1776
150,6.8650,fr_knee,-0.1843
151,6.8980,fr_knee,-0.1789
152,6.9310,fr_knee,-0.4158
153,6.9640,bl_knee,0.4140
154,6.9970,bl_knee,0.3689
155,7.0300,bl_knee,0.3386
156,7.0630,bl_knee,0.3832
157,7.0960,bl_knee,0.3540
158,7.1290,bl_knee,0.2961
159,7.1620,bl_knee,0.1858
160,7.1950,bl_knee,0.2137
161,7.2280,bl_knee,0.2507
162,7.2610,bl_knee,0.2425
163,7.2940,bl_knee,0.2372
164,7.3270,fl_knee,0.4445
165,7.3600,br_knee,-0.4432
166,7.3930,br_knee,-0.4386
167,7.4260,fl_knee,0.3822
168,7.4590,br_knee,-0.3354
169,7.4920,fl_hip,0.3996
170,7.5250,fl_hip,0.2341
171,7.5580,fr_knee,-0.4174
172,7.5910,bl_knee,0.2010
173,7.6240,bl_hip,-0.2330
174,7.6570,fl_hip,0.2349
175,7.6900,br_hip,-0.2410
176,7.7230,br_knee,-0.3758
177,7.7560,fl_knee,0.3296
178,7.7890,fl_knee,0.3374
179,7.8220,fl_knee,0.3786
180,7.8550,fl_knee,0.3577
181,7.8880,fl_knee,0.3152
182,7.9210,fl_knee,0.2798
183,7.9540,bl_foot,0.2293
184,7.9870,bl_foot,0.1842
185,8.0200,bl_foot,0.1947
186,8.0530,fr_knee,-0.1894
187,8.0860,fr_knee,-0.1905
188,8.1190,fr_knee,-0.3758
189,8.1520,fr_knee,-0.3309
190,8.1850,fr_knee,-0.2905
191,8.2180,fr_knee,-0.3383
192,8.2510,fr_knee,-0.3397
193,8.2840,bl_knee,0.3346
194,8.3170,fr_knee,-0.3436
195,8.3500,br_knee,-0.1626
196,8.3830,fl_knee,0.1515
197,8.4160,fr_knee,-0.1735
198,8.4490,fr_knee,-0.1871
199,8.4820,fr_knee,-0.1915
200,8.5150,fr_knee,-0.3734
201,8.5480,bl_knee,0.4196
202,8.5810,bl_knee,0.4219
203,8.6140,bl_knee,0.3490
204,8.6470,bl_knee,0.3773
205,8.6800,bl_knee,0.3671
206,8.7130,bl_knee,0.2953
207,8.7460,bl_knee,0.2208
208,8.7790,bl_knee,0.1953
209,8.8120,br_knee,-0.2318
210,8.8450,bl_knee,0.2522
211,8.8780,bl_knee,0.2457
212,8.9110,fl_knee,0.3693
213,8.9440,fl_knee,0.4463
214,8.9770,br_knee,-0.4435
215,9.0100,br_knee,-0.4435
216,9.0430,br_knee,-0.3396
217,9.0760,br_knee,-0.3505
218,9.1090,fl_hip,0.3990
219,9.1420,fr_knee,-0.4062
220,9.1750,fr_foot,-0.2258
221,9.2080,fr_foot,-0.2074
222,9.2410,bl_hip,-0.2347
223,9.2740,fl_hip,0.2477
224,9.3070,br_knee,-0.3774
225,9.3400,fl_knee,0.3388
226,9.3730,fl_knee,0.3325
227,9.4060,fl_knee,0.3711
228,9.4390,fl_knee,0.3574
229,9.4720,fl_knee,0.2888
230,9.5050,fl_knee,0.3226
231,9.5380,fl_knee,0.3612
232,9.5710,bl_foot,0.2008
233,9.6040,bl_foot,0.1893
234,9.6370,fr_knee,-0.1768
235,9.6700,fr_knee,-0.2044
236,9.7030,bl_hip,0.3412
237,9.7360,fr_knee,-0.3303
238,9.7690,fr_knee,-0.2970
239,9.8020,fr_knee,-0.3462
240,9.8350,fr_knee,-0.3553
241,9.8680,bl_knee,0.3367
242,9.9010,bl_knee,0.3359
243,9.9340,fr_knee,-0.3308
244,9.9670,br_knee,-0.1612
245,10.0000,fl_knee,0.1796
246,10.0330,fl_knee,0.1902
247,10.0660,fl_knee,0.1906
248,10.0990,fl_knee,0.1927
249,10.1320,fl_knee,0.1934
250,10.1650,fl_knee,0.1951
251,10.1980,fl_knee,0.1952
252,10.2310,fl_knee,0.1956
253,10.2640,fl_knee,0.1958
254,10.2970,fl_knee,0.1960
255,10.3300,fl_knee,0.1961
256,10.3630,fl_knee,0.1961
257,10.3960,fl_knee,0.1961
258,10.4290,fl_knee,0.1960
259,10.4620,fl_knee,0.1960
260,10.4950,fl_knee,0.1959
261,10.5280,fl_knee,0.1958
262,10.5610,fl_knee,0.1957
263,10.5940,fl_knee,0.1956
264,10.6270,fl_knee,0.1956
265,10.6600,fl_knee,0.1955
266,10.6930,fl_knee,0.1954
267,10.7260,fl_knee,0.1953
268,10.7590,fl_knee,0.1953
269,10.7920,fl_knee,0.1964
270,10.8250,fl_knee,0.1973
271,10.8580,fl_knee,0.1973
272,10.8910,fl_knee,0.1973
273,10.9240,fl_knee,0.1974
274,10.9570,fl_knee,0.1974
275,10.9900,fl_knee,0.1974
276,11.0230,fl_knee,0.1974
277,11.0560,fl_knee,0.1966
278,11.0890,fl_knee,0.1942
279,11.1220,fl_knee,0.1940
280,11.1550,fl_knee,0.1939
281,11.1880,fl_knee,0.1938
282,11.2210,fl_knee,0.1937
283,11.2540,fl_knee,0.1938
284,11.2870,fl_knee,0.1939
285,11.3200,fl_knee,0.1940
286,11.3530,fl_knee,0.1941
287,11.3860,fl_knee,0.1942
288,11.4190,fl_knee,0.1942
289,11.4520,fl_knee,0.1943
290,11.4850,fl_knee,0.1944
291,11.5180,fl_knee,0.1945
292,11.5510,fl_knee,0.1946
293,11.5840,fl_knee,0.1947
294,11.6170,fl_knee,0.1948
295,11.6500,fl_knee,0.1948
296,11.6830,fl_knee,0.1949
297,11.7160,fl_knee,0.1950
298,11.7490,fl_knee,0.1950
299,11.7820,fl_knee,0.1950
300,11.8150,fl_knee,0.1950
301,11.8480,fl_knee,0.1950
302,11.8810,fl_knee,0.1941
303,11.9140,fl_knee,0.1943
304,11.9470,fl_knee,0.1933
305,11.9800,fl_knee,0.1930
306,12.0130,fl_knee,0.1926
307,12.0460,fl_knee,0.1919
308,12.0790,fl_knee,0.1918
309,12.1120,fl_knee,0.1918
310,12.1450,fl_knee,0.1916
311,12.1780,fl_knee,0.1915
312,12.2110,fl_knee,0.1912
313,12.2440,fl_knee,0.1912
314,12.2770,fl_knee,0.1911
315,12.3100,fl_knee,0.1910
316,12.3430,fl_knee,0.1910
317,12.3760,fl_knee,0.1910
318,12.4090,fl_knee,0.1910
319,12.4420,fl_knee,0.1910
320,12.4750,fl_knee,0.1911
321,12.5080,fl_knee,0.1911
322,12.5410,fl_knee,0.1912
323,12.5740,fl_knee,0.1913
324,12.6070,fl_knee,0.1913
325,12.6400,fl_knee,0.1914
326,12.6730,fl_knee,0.1914
327,12.7060,fl_knee,0.1915
328,12.7390,fl_knee,0.1916
329,12.7720,fl_knee,0.1917
330,12.8050,fl_knee,0.1918
331,12.8380,fl_knee,0.1919
332,12.8710,fl_knee,0.1919
333,12.9040,fl_knee,0.1920
334,12.9370,fl_knee,0.1921
335,12.9700,fl_knee,0.1922
336,13.0030,fl_knee,0.1922
337,13.0360,fl_knee,0.1921
338,13.0690,fl_knee,0.1921
339,13.1020,fl_knee,0.1921
340,13.1350,fl_knee,0.1921
341,13.1680,fl_knee,0.1921
342,13.2010,fl_knee,0.1914
343,13.2340,fl_knee,0.1913
344,13.2670,fl_knee,0.1911
345,13.3000,fl_knee,0.1906
346,13.3330,fl_knee,0.1905
347,13.3660,fl_knee,0.1904
348,13.3990,fl_knee,0.1904
349,13.4320,fl_knee,0.1899
350,13.4650,fl_knee,0.1900
351,13.4980,fl_knee,0.1899
352,13.5310,fl_knee,0.1898
353,13.5640,fl_knee,0.1898
354,13.5970,fl_knee,0.1898
355,13.6300,fl_knee,0.1898
356,13.6630,fl_knee,0.1898
357,13.6960,fl_knee,0.1899
358,13.7290,fl_knee,0.1900
359,13.7620,fl_knee,0.1900
360,13.7950,fl_knee,0.1901
361,13.8280,fl_knee,0.1901
362,13.8610,fl_knee,0.1902
363,13.8940,fl_knee,0.2009
364,13.9270,fl_knee,0.1895
365,13.9600,fl_knee,0.1885
366,13.9930,fl_knee,0.1883
367,14.0260,fl_knee,0.1888
368,14.0590,fl_knee,0.1884
369,14.0920,fl_knee,0.1882
370,14.1250,fl_knee,0.1881
371,14.1580,fl_knee,0.1880
372,14.1910,fl_knee,0.1880
373,14.2240,fl_knee,0.1893
374,14.2570,fl_knee,0.1885
375,14.2900,fl_knee,0.1883
376,14.3230,fl_knee,0.1882
377,14.3560,fl_knee,0.1881
378,14.3890,fl_knee,0.1881
379,14.4220,fl_knee,0.1881
380,14.4550,fl_knee,0.1882
381,14.4880,fl_knee,0.1883
382,14.5210,fl_knee,0.1883
383,14.5540,fl_knee,0.1884
384,14.5870,fl_knee,0.1884
385,14.6200,fl_knee,0.1885
386,14.6530,fl_knee,0.1886
387,14.6860,fl_knee,0.1887
388,14.7190,fl_knee,0.1887
389,14.7520,fl_knee,0.1888
390,14.7850,fl_knee,0.1889
391,14.8180,fl_knee,0.1890
392,14.8510,fl_knee,0.1891
393,14.8840,fl_knee,0.1891
394,14.9170,fl_knee,0.1892
395,14.9500,fl_knee,0.1893
396,14.9830,fl_knee,0.1894
397,15.0160,fl_knee,0.1894
398,15.0490,fl_knee,0.1895
399,15.0820,fl_knee,0.1895
400,15.1150,fl_knee,0.1895
401,15.1480,fl_knee,0.1895
402,15.1810,fl_knee,0.1896
403,15.2140,fl_knee,0.1897
404,15.2470,fl_knee,0.1897
405,15.2800,fl_knee,0.1891
406,15.3130,fl_knee,0.1890
407,15.3460,fl_knee,0.1889
408,15.3790,fl_knee,0.1889
409,15.4120,fl_knee,0.1889
410,15.4450,fl_knee,0.1889
411,15.4780,fl_knee,0.1889
412,15.5110,fl_knee,0.1889
413,15.5440,fl_knee,0.1882
414,15.5770,fl_knee,0.1881
415,15.6100,fl_knee,0.1882
416,15.6430,fl_knee,0.1882
417,15.6760,fl_knee,0.1882
418,15.7090,fl_knee,0.1883
419,15.7420,fl_knee,0.1884
420,15.7750,fl_knee,0.1881
421,15.8080,fl_knee,0.1880
422,15.8410,fl_knee,0.1986
423,15.8740,fl_knee,0.1876
424,15.9070,fl_knee,0.1873
425,15.9400,fl_knee,0.1873
426,15.9730,fl_knee,0.1872
427,16.0060,fl_knee,0.1872
428,16.0390,fl_knee,0.1872
429,16.0720,fl_knee,0.1873
430,16.1050,fl_knee,0.1873
431,16.1380,fl_knee,0.1897
432,16.1710,fl_knee,0.1871
433,16.2040,fl_knee,0.1870
434,16.2370,fl_knee,0.1869
435,16.2700,fl_knee,0.1869
436,16.3030,fl_knee,0.1869
437,16.3360,fl_knee,0.1870
438,16.3690,fl_knee,0.1870
439,16.4020,fl_knee,0.1870
440,16.4350,fl_knee,0.1870
441,16.4680,fl_knee,0.1870
442,16.5010,fl_knee,0.1869
443,16.5340,fl_knee,0.1869
444,16.5670,fl_knee,0.1866
445,16.6000,fl_knee,0.1866
446,16.6330,fl_knee,0.1866
447,16.6660,fl_knee,0.1866
448,16.6990,fl_knee,0.1867
449,16.7320,fl_knee,0.1867
450,16.7650,fl_knee,0.1867
451,16.7980,fl_knee,0.1867
452,16.8310,fl_knee,0.1867
453,16.8640,fl_knee,0.1867
454,16.8970,fl_knee,0.1867
455,16.9300,fl_knee,0.1868
456,16.9630,fl_knee,0.1868
457,16.9960,fl_knee,0.1868
458,17.0290,fl_knee,0.1869
459,17.0620,fl_knee,0.1869
460,17.0950,fl_knee,0.1869
461,17.1280,fl_knee,0.1869
462,17.1610,fl_knee,0.1869
463,17.1940,fl_knee,0.1870
464,17.2270,fl_knee,0.1870
465,17.2600,fl_knee,0.1870
466,17.2930,fl_knee,0.1870
467,17.3260,fl_knee,0.1871
468,17.3590,fl_knee,0.1871
469,17.3920,fl_knee,0.1871
470,17.4250,fl_knee,0.1871
471,17.4580,fl_knee,0.1872
472,17.4910,fl_knee,0.1872
473,17.5240,fl_knee,0.1872
474,17.5570,fl_knee,0.1872
475,17.5900,fl_knee,0.1873
476,17.6230,fl_knee,0.1873
477,17.6560,fl_knee,0.1873
478,17.6890,fl_knee,0.1873
479,17.7220,fl_knee,0.1981
480,17.7550,fl_knee,0.1867
481,17.7880,fl_knee,0.1866
482,17.8210,fl_knee,0.1866
483,17.8540,fl_knee,0.1862
484,17.8870,fl_knee,0.1859
485,17.9200,fl_knee,0.1857
486,17.9530,fl_knee,0.1857
487,17.9860,fl_knee,0.1856
488,18.0190,fl_knee,0.1856
489,18.0520,fl_knee,0.1856
490,18.0850,fl_knee,0.1856
491,18.1180,fl_knee,0.1856
492,18.1510,fl_knee,0.1856
493,18.1840,fl_knee,0.1856
494,18.2170,fl_knee,0.1857
495,18.2500,fl_knee,0.1857
496,18.2830,fl_knee,0.1857
497,18.3160,fl_knee,0.1856
498,18.3490,fl_knee,0.1854
499,18.3820,fl_knee,0.1855
500,18.4150,fl_knee,0.1852
501,18.4480,fl_knee,0.1846
502,18.4810,fl_knee,0.1842
503,18.5140,fl_knee,0.1841
504,18.5470,fl_knee,0.1840
505,18.5800,fl_knee,0.1839
506,18.6130,fl_knee,0.1837
507,18.6460,fl_knee,0.1834
508,18.6790,fl_knee,0.1833
509,18.7120,fl_knee,0.1832
510,18.7450,fl_knee,0.1832
511,18.7780,fl_knee,0.1832
512,18.8110,fl_knee,0.1831
513,18.8440,fl_knee,0.1830
514,18.8770,fl_knee,0.1830
515,18.9100,fl_knee,0.1829
516,18.9430,fl_knee,0.1830
517,18.9760,fl_knee,0.1830
518,19.0090,fl_knee,0.1831
519,19.0420,fl_knee,0.1831
520,19.0750,fl_knee,0.1831
521,19.1080,fl_knee,0.1832
522,19.1410,fl_knee,0.1832
523,19.1740,fl_knee,0.1833
524,19.2070,fl_knee,0.1833
525,19.2400,fl_knee,0.1833
526,19.2730,fl_knee,0.1834
527,19.3060,fl_knee,0.1834
528,19.3390,fl_knee,0.1834
529,19.3720,fl_knee,0.1835
530,19.4050,fl_knee,0.1835
531,19.4380,fl_knee,0.1835
532,19.4710,fl_knee,0.1836
533,19.5040,fl_knee,0.1836
534,19.5370,fl_knee,0.1834
535,19.5700,fl_knee,0.1833
536,19.6030,fl_knee,0.1831
537,19.6360,fl_knee,0.1830
538,19.6690,fl_knee,0.1828
539,19.7020,fl_knee,0.1828
540,19.7350,fl_knee,0.1828
541,19.7680,fl_knee,0.1828
542,19.8010,fl_knee,0.1828
543,19.8340,fl_knee,0.1829
544,19.8670,fl_knee,0.1830
545,19.9000,fl_knee,0.1830
546,19.9330,fl_knee,0.1830
547,19.9660,fl_knee,0.1830
548,19.9990,fl_knee,0.1830
549,20.0320,fl_knee,0.1831
550,20.0650,fl_knee,0.1831
551,20.0980,fl_knee,0.1831
552,20.1310,fl_knee,0.1831
553,20.1640,fl_knee,0.1831
554,20.1970,fl_knee,0.1832
555,20.2300,fl_knee,0.1832
556,20.2630,fl_knee,0.1832
557,20.2960,fl_knee,0.1832
558,20.3290,fl_knee,0.1832
559,20.3620,fl_knee,0.1832
560,20.3950,fl_knee,0.1833
561,20.4280,fl_knee,0.1833
562,20.4610,fl_knee,0.1833
563,20.4940,fl_knee,0.1833
564,20.5270,fl_knee,0.1833
565,20.5600,fl_knee,0.1833
566,20.5930,fl_knee,0.1833
567,20.6260,fl_knee,0.1833
568,20.6590,fl_knee,0.1833
569,20.6920,fl_knee,0.1833
570,20.7250,fl_knee,0.1833
571,20.7580,fl_knee,0.1834
572,20.7910,fl_knee,0.1834
573,20.8240,fl_knee,0.1834
574,20.8570,fl_knee,0.1834
575,20.8900,fl_knee,0.1834
576,20.9230,fl_knee,0.1834
577,20.9560,fl_knee,0.1834
578,20.9890,fl_knee,0.1834
579,21.0220,fl_knee,0.1834
580,21.0550,fl_knee,0.1834
581,21.0880,fl_knee,0.1835
582,21.1210,fl_knee,0.1835
583,21.1540,fl_knee,0.1835
584,21.1870,fl_knee,0.1835
585,21.2200,fl_knee,0.1835
586,21.2530,fl_knee,0.1835
587,21.2860,fl_knee,0.1835
588,21.3190,fl_knee,0.1835
589,21.3520,fl_knee,0.1835
590,21.3850,fl_knee,0.1835
591,21.4180,fl_knee,0.1836
592,21.4510,fl_knee,0.1836
593,21.4840,fl_knee,0.1836
594,21.5170,fl_knee,0.1836
595,21.5500,fl_knee,0.1836
596,21.5830,fl_knee,0.1836
597,21.6160,fl_knee,0.1836
598,21.6490,fl_knee,0.1836
599,21.6820,fl_knee,0.1836
600,21.7150,fl_knee,0.1836
601,21.7480,fl_knee,0.1837
602,21.7810,fl_knee,0.1837
603,21.8140,fl_knee,0.1837
604,21.8470,fl_knee,0.1837
605,21.8800,fl_knee,0.1837
606,21.9130,fl_knee,0.1833
607,21.9460,fl_knee,0.1830
608,21.9790,fl_knee,0.1830
609,22.0120,fl_knee,0.1828
610,22.0450,fl_knee,0.1828
611,22.0780,fl_knee,0.1828
612,22.1110,fl_knee,0.1828
613,22.1440,fl_knee,0.1828
614,22.1770,fl_knee,0.1828
615,22.2100,fl_knee,0.1828
616,22.2430,fl_knee,0.1828
617,22.2760,fl_knee,0.1828
618,22.3090,fl_knee,0.1828
619,22.3420,fl_knee,0.1828
620,22.3750,fl_knee,0.1828
621,22.4080,fl_knee,0.1828
622,22.4410,fl_knee,0.1829
623,22.4740,fl_knee,0.1829
624,22.5070,fl_knee,0.1829
625,22.5400,fl_knee,0.1829
626,22.5730,fl_knee,0.1829
627,22.6060,fl_knee,0.1829
628,22.6390,fl_knee,0.1829
629,22.6720,fl_knee,0.1829
630,22.7050,fl_knee,0.1829
631,22.7380,fl_knee,0.1829
632,22.7710,fl_knee,0.1829
633,22.8040,fl_knee,0.1829
634,22.8370,fl_knee,0.1830
635,22.8700,fl_knee,0.1830
636,22.9030,fl_knee,0.1830
637,22.9360,fl_knee,0.1828
638,22.9690,fl_knee,0.1822
639,23.0020,fl_knee,0.1863
640,23.0350,fl_knee,0.1862
641,23.0680,fl_knee,0.1861
642,23.1010,fl_knee,0.1859
643,23.1340,fl_knee,0.1858
644,23.1670,fl_knee,0.1873
645,23.2000,fl_knee,0.1879
646,23.2330,fl_knee,0.1881
647,23.2660,fl_knee,0.1823
648,23.2990,fl_knee,0.1808
649,23.3320,fl_knee,0.1806
650,23.3650,fl_knee,0.1806
651,23.3980,fl_knee,0.1805
652,23.4310,fl_knee,0.1805
653,23.4640,fl_knee,0.1805
654,23.4970,fl_knee,0.1805
655,23.5300,fl_knee,0.1805
656,23.5630,fl_knee,0.1806
657,23.5960,fl_knee,0.1806
658,23.6290,fl_knee,0.1807
659,23.6620,fl_knee,0.1807
660,23.6950,fl_knee,0.1808
661,23.7280,fl_knee,0.1808
662,23.7610,fl_knee,0.1809
663,23.7940,fl_knee,0.1810
664,23.8270,fl_knee,0.1810
665,23.8600,fl_knee,0.1811
666,23.8930,fl_knee,0.1811
667,23.9260,fl_knee,0.1812
668,23.9590,fl_knee,0.1914
669,23.9920,fl_knee,0.1933
670,24.0250,fl_knee,0.1808
671,24.0580,fl_knee,0.1805
672,24.0910,fl_knee,0.1804
673,24.1240,fl_knee,0.1803
674,24.1570,fl_knee,0.1803
675,24.1900,fl_knee,0.1803
676,24.2230,fl_knee,0.1803
677,24.2560,fl_knee,0.1803
678,24.2890,fl_knee,0.1803
679,24.3220,fl_knee,0.1803
680,24.3550,fl_knee,0.1804
681,24.3880,fl_knee,0.1804
682,24.4210,fl_knee,0.1802
683,24.4540,fl_knee,0.1803
684,24.4870,fl_knee,0.1802
685,24.5200,fl_knee,0.1801
686,24.5530,fl_knee,0.1800
687,24.5860,fl_knee,0.1799
688,24.6190,fl_knee,0.1799
689,24.6520,fl_knee,0.1799
690,24.6850,fl_knee,0.1799
691,24.7180,fl_knee,0.1800
692,24.7510,fl_knee,0.1800
693,24.7840,fl_knee,0.1800
694,24.8170,fl_knee,0.1801
695,24.8500,fl_knee,0.1801
696,24.8830,fl_knee,0.1802
697,24.9160,fl_knee,0.1803
698,24.9490,fl_knee,0.1803
699,24.9820,fl_knee,0.1804
700,25.0150,fl_knee,0.1804
701,25.0480,fl_knee,0.1805
702,25.0810,fl_knee,0.1805
703,25.1140,fl_knee,0.1805
704,25.1470,fl_knee,0.1805
705,25.1800,fl_knee,0.1806
706,25.2130,fl_knee,0.1806
707,25.2460,fl_knee,0.1806
708,25.2790,fl_knee,0.1807
709,25.3120,fl_knee,0.1807
710,25.3450,fl_knee,0.1807
711,25.3780,fl_knee,0.1807
712,25.4110,fl_knee,0.1807
713,25.4440,fl_knee,0.1807
714,25.4770,fl_knee,0.1807
715,25.5100,fl_knee,0.1808
716,25.5430,fl_knee,0.1808
717,25.5760,fl_knee,0.1808
718,25.6090,fl_knee,0.1808
719,25.6420,fl_knee,0.1808
720,25.6750,fl_knee,0.1883
721,25.7080,fl_knee,0.1885
722,25.7410,fl_knee,0.1887
723,25.7740,fl_knee,0.1887
724,25.8070,fl_knee,0.1887
725,25.8400,fl_knee,0.1887
726,25.8730,fl_knee,0.1886
727,25.9060,fl_knee,0.1885
728,25.9390,fl_knee,0.1884
729,25.9720,fl_knee,0.1883
730,26.0050,fl_knee,0.1884
731,26.0380,fl_knee,0.1888
732,26.0710,fl_knee,0.1879
733,26.1040,fl_knee,0.1873
734,26.1370,fl_knee,0.1860
735,26.1700,fl_knee,0.1846
736,26.2030,fl_knee,0.1839
737,26.2360,fl_knee,0.1816
738,26.2690,fl_knee,0.1806
739,26.3020,fl_knee,0.1806
740,26.3350,fl_knee,0.1807
741,26.3680,fl_knee,0.1807
742,26.4010,fl_knee,0.1808
743,26.4340,fl_knee,0.1808
744,26.4670,fl_knee,0.1809
745,26.5000,fl_knee,0.1809
746,26.5330,fl_knee,0.1810
747,26.5660,fl_knee,0.1810
748,26.5990,fl_knee,0.1811
749,26.6320,fl_knee,0.1811
750,26.6650,fl_knee,0.1811
751,26.6980,fl_knee,0.1811
752,26.7310,fl_knee,0.1812
753,26.7640,fl_knee,0.1812
754,26.7970,fl_knee,0.1812
755,26.8300,fl_knee,0.1812
756,26.8630,fl_knee,0.1812
757,26.8960,fl_knee,0.1812
758,26.9290,fl_knee,0.1813
759,26.9620,fl_knee,0.1813
760,26.9950,fl_knee,0.1813
761,27.0280,fl_knee,0.1813
762,27.0610,fl_knee,0.1813
763,27.0940,fl_knee,0.1813
764,27.1270,fl_knee,0.1813
765,27.1600,fl_knee,0.1813
766,27.1930,fl_knee,0.1814
767,27.2260,fl_knee,0.1814
768,27.2590,fl_knee,0.1814
769,27.2920,fl_knee,0.1814
770,27.3250,fl_knee,0.1814
771,27.3580,fl_knee,0.1848
772,27.3910,fl_knee,0.1851
773,27.4240,fl_knee,0.1854
774,27.4570,fl_knee,0.1905
775,27.4900,fl_knee,0.1801
776,27.5230,fl_knee,0.1917
777,27.5560,fl_knee,0.1801
778,27.5890,fl_knee,0.1801
779,27.6220,fl_knee,0.1800
780,27.6550,fl_knee,0.1900
781,27.6880,fl_knee,0.1800
782,27.7210,fl_knee,0.1800
783,27.7540,fl_knee,0.1799
784,27.7870,fl_knee,0.1799
785,27.8200,fl_knee,0.1799
786,27.8530,fl_knee,0.1892
787,27.8860,fl_knee,0.1889
788,27.9190,fl_knee,0.1890
789,27.9520,fl_knee,0.1891
790,27.9850,fl_knee,0.1891
791,28.0180,fl_knee,0.1891
792,28.0510,fl_knee,0.1891
793,28.0840,fl_knee,0.1890
794,28.1170,fl_knee,0.1890
795,28.1500,fl_knee,0.1890
796,28.1830,fl_knee,0.1889
797,28.2160,fl_knee,0.1888
798,28.2490,fl_knee,0.1889
799,28.2820,fl_knee,0.1892
800,28.3150,fl_knee,0.1891
801,28.3480,fl_knee,0.1866
802,28.3810,fl_knee,0.1844
803,28.4140,fl_knee,0.1825
804,28.4470,fl_knee,0.1817
805,28.4800,fl_knee,0.1801
806,28.5130,fl_knee,0.1800
807,28.5460,fl_knee,0.1800
808,28.5790,fl_knee,0.1801
809,28.6120,fl_knee,0.1802
810,28.6450,fl_knee,0.1802
811,28.6780,fl_knee,0.1802
812,28.7110,fl_knee,0.1803
813,28.7440,fl_knee,0.1803
814,28.7770,fl_knee,0.1804
815,28.8100,fl_knee,0.1804
816,28.8430,fl_knee,0.1805
817,28.8760,fl_knee,0.1805
818,28.9090,fl_knee,0.1806
819,28.9420,fl_knee,0.1806
820,28.9750,fl_knee,0.1807
821,29.0080,fl_knee,0.1807
822,29.0410,fl_knee,0.1807
823,29.0740,fl_knee,0.1807
824,29.1070,fl_knee,0.1808
825,29.1400,fl_knee,0.1808
826,29.1730,fl_knee,0.1808
827,29.2060,fl_knee,0.1809
828,29.2390,fl_knee,0.1809
829,29.2720,fl_knee,0.1809
830,29.3050,fl_knee,0.1809
831,29.3380,fl_knee,0.1810
832,29.3710,fl_knee,0.1814
833,29.4040,fl_knee,0.1809
834,29.4370,fl_knee,0.1808
835,29.4700,fl_knee,0.1808
836,29.5030,fl_knee,0.1807
837,29.5360,fl_knee,0.1807
838,29.5690,fl_knee,0.1804
839,29.6020,fl_knee,0.1805
840,29.6350,fl_knee,0.1799
841,29.6680,fl_knee,0.1798
842,29.7010,fl_knee,0.1797
843,29.7340,fl_knee,0.1796
844,29.7670,fl_knee,0.1796
845,29.8000,fl_knee,0.1796
846,29.8330,fl_knee,0.1796
847,29.8660,fl_knee,0.1796
848,29.8990,fl_knee,0.1796
849,29.9320,fl_knee,0.1797
850,29.9650,fl_knee,0.1797
851,29.9980,fl_knee,0.1797
852,30.0310,fl_knee,0.1797
853,30.0640,fl_knee,0.1797
854,30.0970,fl_knee,0.1797
855,30.1300,fl_knee,0.1797
856,30.1630,fl_knee,0.1797
857,30.1960,fl_knee,0.1798
858,30.2290,fl_knee,0.1798
859,30.2620,fl_knee,0.1798
860,30.2950,fl_knee,0.1798
861,30.3280,fl_knee,0.1798
862,30.3610,fl_knee,0.1798
863,30.3940,fl_knee,0.1798
864,30.4270,fl_knee,0.1798
865,30.4600,fl_knee,0.1799
866,30.4930,fl_knee,0.1799
867,30.5260,fl_knee,0.1799
868,30.5590,fl_knee,0.1799
869,30.5920,fl_knee,0.1799
870,30.6250,fl_knee,0.1799
871,30.6580,fl_knee,0.1799
872,30.6910,fl_knee,0.1800
873,30.7240,fl_knee,0.1800
874,30.7570,fl_knee,0.1800
875,30.7900,fl_knee,0.1800
876,30.8230,fl_knee,0.1800
877,30.8560,fl_knee,0.1800
878,30.8890,fl_knee,0.1800
879,30.9220,fl_knee,0.1800
880,30.9550,fl_knee,0.1801
881,30.9880,fl_knee,0.1801
882,31.0210,fl_knee,0.1801
883,31.0540,fl_knee,0.1801
884,31.0870,fl_knee,0.1801
885,31.1200,fl_knee,0.1801
886,31.1530,fl_knee,0.1801
887,31.1860,fl_knee,0.1802
888,31.2190,fl_knee,0.1802
889,31.2520,fl_knee,0.1802
890,31.2850,fl_knee,0.1802
891,31.3180,fl_knee,0.1802
892,31.3510,fl_knee,0.1802
893,31.3840,fl_knee,0.1802
894,31.4170,fl_knee,0.1803
895,31.4500,fl_knee,0.1803
896,31.4830,fl_knee,0.1803
897,31.5160,fl_knee,0.1803
898,31.5490,fl_knee,0.1803
899,31.5820,fl_knee,0.1803
900,31.6150,fl_knee,0.1803
901,31.6480,fl_knee,0.1804
902,31.6810,fl_knee,0.1804
903,31.7140,fl_knee,0.1804
904,31.7470,fl_knee,0.1804
905,31.7800,fl_knee,0.1804
906,31.8130,fl_knee,0.1804
907,31.8460,fl_knee,0.1804
908,31.8790,fl_knee,0.1805
909,31.9120,fl_knee,0.1805
910,31.9450,fl_knee,0.1805
911,31.9780,fl_knee,0.1805
912,32.0110,fl_knee,0.1805
913,35.5420,fl_knee,0.1791
914,35.5750,fl_knee,0.1792
915,35.6080,fl_knee,0.1792
916,35.6410,fl_knee,0.1792
917,35.6740,fl_knee,0.1793
918,35.7070,fl_knee,0.1793
919,35.7400,fl_knee,0.1794
920,35.7730,fl_knee,0.1794
921,35.8060,fl_knee,0.1794
922,35.8390,fl_knee,0.1794
923,35.8720,fl_knee,0.1794
924,35.9050,fl_knee,0.1794
925,35.9380,fl_knee,0.1794
926,35.9710,fl_knee,0.1794
927,36.0040,fl_knee,0.1794
928,36.0370,fl_knee,0.1794
929,36.0700,fl_knee,0.1794
930,36.1030,fl_knee,0.1794
931,36.1360,fl_knee,0.1794
932,36.1690,fl_knee,0.1794
933,36.2020,fl_knee,0.1794
934,36.2350,fl_knee,0.1794
935,36.2680,fl_knee,0.1794
936,36.3010,fl_knee,0.1794
937,36.3340,fl_knee,0.1794
938,36.3670,fl_knee,0.1794
939,36.4000,fl_knee,0.1794
940,36.4330,fl_knee,0.1794
941,36.4660,fl_knee,0.1794
942,36.4990,fl_knee,0.1794
943,36.5320,fl_knee,0.1795
944,36.5650,fl_knee,0.1795
945,36.5980,fl_knee,0.1795
946,36.6310,fl_knee,0.1795
947,36.6640,fl_knee,0.1795
948,36.6970,fl_knee,0.1795
949,36.7300,fl_knee,0.1795
950,36.7630,fl_knee,0.1795
951,36.7960,fl_knee,0.1795
952,36.8290,fl_knee,0.1795
953,36.8620,fl_knee,0.1795
954,36.8950,fl_knee,0.1795
955,36.9280,fl_knee,0.1795
956,36.9610,fl_knee,0.1795
957,36.9940,fl_knee,0.1795
958,37.0270,fl_knee,0.1795
959,37.0600,fl_knee,0.1795
960,37.0930,fl_knee,0.1795
961,37.1260,fl_knee,0.1795
962,37.1590,fl_knee,0.1795
963,37.1920,fl_knee,0.1795
964,37.2250,fl_knee,0.1795
965,37.2580,fl_knee,0.1796
966,37.2910,fl_knee,0.1795
967,37.3240,fl_knee,0.1795
968,37.3570,fl_knee,0.1896
969,37.3900,fl_knee,0.1794
970,37.4230,fl_knee,0.1792
971,37.4560,fl_knee,0.1789
972,37.4890,fl_knee,0.1787
973,37.5220,fl_knee,0.1786
974,37.5550,fl_knee,0.1785
975,37.5880,fl_knee,0.1785
976,37.6210,fl_knee,0.1785
977,37.6540,fl_knee,0.1785
978,37.6870,fl_knee,0.1785
979,37.7200,fl_knee,0.1785
980,37.7530,fl_knee,0.1785
981,37.7860,fl_knee,0.1786
982,37.8190,fl_knee,0.1786
983,37.8520,fl_knee,0.1786
984,37.8850,fl_knee,0.1786
985,37.9180,fl_knee,0.1786
986,37.9510,fl_knee,0.1786
987,37.9840,fl_knee,0.1786
988,38.0170,fl_knee,0.1786
989,38.0500,fl_knee,0.1786
990,38.0830,fl_knee,0.1786
991,38.1160,fl_knee,0.1786
992,38.1490,fl_knee,0.1787
993,38.1820,fl_knee,0.1786
994,38.2150,fl_knee,0.1786
995,38.2480,fl_knee,0.1786
996,38.2810,fl_knee,0.1786
997,38.3140,fl_knee,0.1786
998,38.3470,fl_knee,0.1786
999,38.3800,fl_knee,0.1786
1000,38.4130,fl_knee,0.1786
1001,38.4460,fl_knee,0.1786
1002,38.4790,fl_knee,0.1786
1003,38.5120,fl_knee,0.1786
1004,38.5450,fl_knee,0.1786
1005,38.5780,fl_knee,0.1781
1006,38.6110,fl_knee,0.1827
1007,38.6440,fl_knee,0.1830
1008,38.6770,fl_knee,0.1831
1009,38.7100,fl_knee,0.1772
1010,38.7430,fl_knee,0.1771
1011,38.7760,fl_knee,0.1772
1012,38.8090,fl_knee,0.1772
1013,38.8420,fl_knee,0.1772
1014,38.8750,fl_knee,0.1772
1015,38.9080,fl_knee,0.1892
1016,38.9410,fl_knee,0.1771
1017,38.9740,fl_knee,0.1770
1018,39.0070,fl_knee,0.1769
1019,39.0400,fl_knee,0.1768
1020,39.0730,fl_knee,0.1769
1021,39.1060,fl_knee,0.1769
1022,39.1390,fl_knee,0.1767
1023,39.1720,fl_knee,0.1766
1024,39.2050,fl_knee,0.1768
1025,39.2380,fl_knee,0.1765
1026,39.2710,fl_knee,0.1765
1027,39.3040,fl_knee,0.1766
1028,39.3370,fl_knee,0.1765
1029,39.3700,fl_knee,0.1764
1030,39.4030,fl_knee,0.1765
1031,39.4360,fl_knee,0.1764
1032,39.4690,fl_knee,0.1763
1033,39.5020,fl_knee,0.1764
1034,39.5350,fl_knee,0.1764
1035,39.5680,fl_knee,0.1762
1036,39.6010,fl_knee,0.1763
1037,39.6340,fl_knee,0.1763
1038,39.6670,fl_knee,0.1761
1039,39.7000,fl_knee,0.1762
1040,39.7330,fl_knee,0.1762
1041,39.7660,fl_knee,0.1761
1042,39.7990,fl_knee,0.1797
1043,39.8320,fl_knee,0.1761
1044,39.8650,fl_knee,0.1760
1045,39.8980,fl_knee,0.1758
1046,39.9310,fl_knee,0.1760
1047,39.9640,fl_knee,0.1759
1048,39.9970,fl_knee,0.1758
1049,40.0300,fl_knee,0.1792
1050,40.0630,fl_knee,0.1759
1051,40.0960,fl_knee,0.1757
1052,40.1290,fl_knee,0.1756
1053,40.1620,fl_knee,0.1758
1054,40.1950,fl_knee,0.1757
1055,40.2280,fl_knee,0.1756
1056,40.2610,fl_knee,0.1757
1057,40.2940,fl_knee,0.1757
1058,40.3270,fl_knee,0.1755
1059,40.3600,fl_knee,0.1756
1060,40.3930,fl_knee,0.1756
1061,40.4260,fl_knee,0.1755
1062,40.4590,fl_knee,0.1756
1063,40.4920,fl_knee,0.1756
1064,40.5250,fl_knee,0.1754
1065,40.5580,fl_knee,0.1760
1066,40.5910,fl_knee,0.1755
1067,40.6240,fl_knee,0.1754
1068,40.6570,fl_knee,0.1752
1069,40.6900,fl_knee,0.1754
1070,40.7230,fl_knee,0.1754
1071,40.7560,fl_knee,0.1752
1072,40.7890,fl_knee,0.1758
1073,40.8220,fl_knee,0.1743
1074,40.8550,fl_knee,0.1745
1075,40.8880,fl_knee,0.1744
1076,40.9210,fl_knee,0.1745
1077,40.9540,fl_knee,0.1749
1078,40.9870,fl_knee,0.1770
1079,41.0200,fl_knee,0.1740
1080,41.0530,fl_knee,0.1740
1081,41.0860,fl_knee,0.1754
1082,41.1190,fl_knee,0.1836
1083,41.1520,fl_knee,0.1742
1084,41.1850,fl_knee,0.1743
1085,41.2180,fl_knee,0.1746
1086,41.2510,fl_knee,0.1851
1087,41.2840,fl_knee,0.1745
1088,41.3170,fl_knee,0.1745
1089,41.3500,fl_knee,0.1745
1090,41.3830,fl_knee,0.1746
1091,41.4160,fl_knee,0.1747
1092,41.4490,fl_knee,0.1747
1093,41.4820,fl_knee,0.1829
1094,41.5150,fl_knee,0.1748
1095,41.5480,fl_knee,0.1748
1096,41.5810,fl_knee,0.1748
1097,41.6140,fl_knee,0.1855
1098,41.6470,fl_knee,0.1749
1099,41.6800,fl_knee,0.1749
1100,41.7130,fl_knee,0.1748
1101,41.7460,fl_knee,0.1749
1102,41.7790,fl_knee,0.1750
1103,41.8120,fl_knee,0.1749
1104,41.8450,fl_knee,0.1748
1105,41.8780,fl_knee,0.1750
1106,41.9110,fl_knee,0.1750
1107,41.9440,fl_knee,0.1749
1108,41.9770,fl_knee,0.1854
1109,42.0100,fl_knee,0.1750
1110,42.0430,fl_knee,0.1750
1111,42.0760,fl_knee,0.1749
1112,42.1090,fl_knee,0.1749
1113,42.1420,fl_knee,0.1750
1114,42.1750,fl_knee,0.1750
1115,45.9700,fl_knee,0.1750
1116,46.0030,fl_knee,0.1746
1117,46.0360,fl_knee,0.1746
1118,46.0690,fl_knee,0.1746
1119,46.1020,fl_knee,0.1746
1120,46.1350,fl_knee,0.1746
1121,46.1680,fl_knee,0.1747
1122,46.2010,fl_knee,0.1747
1123,46.2340,fl_knee,0.1747
1124,46.2670,fl_knee,0.1747
1125,46.3000,fl_knee,0.1746
1126,46.3330,fl_knee,0.1746
1127,46.3660,fl_knee,0.1747
1128,46.3990,fl_knee,0.1747
1129,46.4320,fl_knee,0.1748
1130,46.4650,fl_knee,0.1748
1131,46.4980,fl_knee,0.1748
1132,46.5310,fl_knee,0.1747
1133,46.5640,fl_knee,0.1747
1134,46.5970,fl_knee,0.1747
1135,46.6300,fl_knee,0.1747
1136,46.6630,fl_knee,0.1748
1137,46.6960,fl_knee,0.1749
1138,46.7290,fl_knee,0.1749
1139,46.7620,fl_knee,0.1749
1140,46.7950,fl_knee,0.1749
1141,46.8280,fl_knee,0.1748
1142,46.8610,fl_knee,0.1747
1143,46.8940,fl_knee,0.1747
1144,46.9270,fl_knee,0.1747
1145,46.9600,fl_knee,0.1746
1146,46.9930,fl_knee,0.1746
1147,47.0260,fl_knee,0.1747
1148,47.0590,fl_knee,0.1748
1149,47.0920,fl_knee,0.1747
1150,47.1250,fl_knee,0.1747
1151,47.1580,fl_knee,0.1746
1152,47.1910,fl_knee,0.1746
1153,47.2240,fl_knee,0.1745
1154,47.2570,fl_knee,0.1745
1155,47.2900,fl_knee,0.1745
1156,47.3230,fl_knee,0.1780
1157,47.3560,fl_knee,0.1746
1158,47.3890,fl_knee,0.1746
1159,47.4220,fl_knee,0.1746
1160,47.4550,fl_knee,0.1745
1161,47.4880,fl_knee,0.1745
1162,47.5210,fl_knee,0.1744
1163,47.5540,fl_knee,0.1744
1164,47.5870,fl_knee,0.1744
1165,47.6200,fl_knee,0.1744
1166,47.6530,fl_knee,0.1744
1167,47.6860,fl_knee,0.1756
1168,47.7190,fl_knee,0.1745
1169,47.7520,fl_knee,0.1745
1170,47.7850,fl_knee,0.1745
1171,47.8180,fl_knee,0.1744
1172,47.8510,fl_knee,0.1744
1173,47.8840,fl_knee,0.1743
1174,47.9170,fl_knee,0.1743
1175,47.9500,fl_knee,0.1743
1176,47.9830,fl_knee,0.1743
1177,48.0160,fl_knee,0.1743
1178,48.0490,fl_knee,0.1743
1179,48.0820,fl_knee,0.1766
1180,48.1150,fl_knee,0.1744
1181,48.1480,fl_knee,0.1744
1182,48.1810,fl_knee,0.1744
1183,48.2140,fl_knee,0.1744
1184,48.2470,fl_knee,0.1743
1185,48.2800,fl_knee,0.1743
1186,48.3130,fl_knee,0.1742
1187,48.3460,fl_knee,0.1742
1188,48.3790,fl_knee,0.1742
1189,48.4120,fl_knee,0.1742
1190,48.4450,fl_knee,0.1742
1191,48.4780,fl_knee,0.1742
1192,48.5110,fl_knee,0.1742
1193,48.5440,fl_knee,0.1742
1194,48.5770,fl_knee,0.1742
1195,48.6100,fl_knee,0.1743
1196,48.6430,fl_knee,0.1744
1197,48.6760,fl_knee,0.1744
1198,48.7090,fl_knee,0.1744
1199,48.7420,fl_knee,0.1743
1200,48.7750,fl_knee,0.1743
1201,48.8080,fl_knee,0.1742
1202,48.8410,fl_knee,0.1742
1203,48.8740,fl_knee,0.1742
1204,48.9070,fl_knee,0.1742
1205,48.9400,fl_knee,0.1742
1206,48.9730,fl_knee,0.1742
1207,49.0060,fl_knee,0.1742
1208,49.0390,fl_knee,0.1742
1209,49.0720,fl_knee,0.1742
1210,49.1050,fl_knee,0.1742
1211,49.1380,fl_knee,0.1742
1212,49.1710,fl_knee,0.1742
1213,49.2040,fl_knee,0.1742
1214,49.2370,fl_knee,0.1742
1215,49.2700,fl_knee,0.1742
1216,49.3030,fl_knee,0.1742
1217,49.3360,fl_knee,0.1742
1218,49.3690,fl_knee,0.1743
1219,49.4020,fl_knee,0.1743
1220,49.4350,fl_knee,0.1743
1221,49.4680,fl_knee,0.1743
1222,49.5010,fl_knee,0.1743
1223,49.5340,fl_knee,0.1743
1224,49.5670,fl_knee,0.1743
1225,49.6000,fl_knee,0.1743
1226,49.6330,fl_knee,0.1743
1227,49.6660,fl_knee,0.1743
1228,49.6990,fl_knee,0.1743
1229,49.7320,fl_knee,0.1743
1230,49.7650,fl_knee,0.1743
1231,49.7980,fl_knee,0.1743
1232,49.8310,fl_knee,0.1744
1233,49.8640,fl_knee,0.1744
1234,49.8970,fl_knee,0.1744
1235,49.9300,fl_knee,0.1744
1236,49.9630,fl_knee,0.1744
1237,49.9960,fl_knee,0.1744
1238,50.0290,fl_knee,0.1744
1239,50.0620,fl_knee,0.1744
1240,50.0950,fl_knee,0.1744
1241,50.1280,fl_knee,0.1744
1242,50.1610,fl_knee,0.1744
1243,50.1940,fl_knee,0.1744
1244,50.2270,fl_knee,0.1744
1245,50.2600,fl_knee,0.1745
1246,50.2930,fl_knee,0.1745
1247,50.3260,fl_knee,0.1745
1248,50.3590,fl_knee,0.1745
1249,50.3920,fl_knee,0.1745
1250,50.4250,fl_knee,0.1745
1251,50.4580,fl_knee,0.1745
1252,50.4910,fl_knee,0.1745
1253,50.5240,fl_knee,0.1745
1254,50.5570,fl_knee,0.1745
1255,50.5900,fl_knee,0.1745
1256,50.6230,fl_knee,0.1745
1257,50.6560,fl_knee,0.1745
1258,50.6890,fl_knee,0.1745
1259,50.7220,fl_knee,0.1746
1260,50.7550,fl_knee,0.1746
1261,50.7880,fl_knee,0.1746
1262,50.8210,fl_knee,0.1746
1263,50.8540,fl_knee,0.1746
1264,50.8870,fl_knee,0.1746
1265,50.9200,fl_knee,0.1746
1266,50.9530,fl_knee,0.1746
1267,50.9860,fl_knee,0.1746
1268,51.0190,fl_knee,0.1746
1269,51.0520,fl_knee,0.1746
1270,51.0850,fl_knee,0.1746
1271,51.1180,fl_knee,0.1746
1272,51.1510,fl_knee,0.1746
1273,51.1840,fl_knee,0.1746
1274,51.2170,fl_knee,0.1746
1275,51.2500,fl_knee,0.1746
1276,51.2830,fl_knee,0.1746
1277,51.3160,fl_knee,0.1747
1278,51.3490,fl_knee,0.1747
1279,51.3820,fl_knee,0.1747
1280,51.4150,fl_knee,0.1747
1281,51.4480,fl_knee,0.1747
1282,51.4810,fl_knee,0.1747
1283,51.5140,fl_knee,0.1747
1284,51.5470,fl_knee,0.1747
1285,51.5800,fl_knee,0.1747
1286,51.6130,fl_knee,0.1747
1287,51.6460,fl_knee,0.1747
1288,51.6790,fl_knee,0.1747
1289,51.7120,fl_knee,0.1747
1290,51.7450,fl_knee,0.1747
1291,51.7780,fl_knee,0.1747
1292,51.8110,fl_knee,0.1747
1293,51.8440,fl_knee,0.1747
1294,51.8770,fl_knee,0.1748
1295,51.9100,fl_knee,0.1748
1296,51.9430,fl_knee,0.1748
1297,51.9760,fl_knee,0.1748
1298,52.0090,fl_knee,0.1748
1299,52.0420,fl_knee,0.1748
1300,52.0750,fl_knee,0.1748
1301,54.2530,fl_knee,0.1745
1302,54.2860,fl_knee,0.1745
1303,54.3190,fl_knee,0.1745
1304,54.3520,fl_knee,0.1745
1305,54.3850,fl_knee,0.1745
1306,54.4180,fl_knee,0.1744
1307,54.4510,fl_knee,0.1744
1308,54.4840,fl_knee,0.1814
1309,54.5170,fl_knee,0.1817
1310,54.5500,fl_knee,0.1817
1311,54.5830,fl_knee,0.1817
1312,54.6160,fl_knee,0.1816
1313,54.6490,fl_knee,0.1816
1314,54.6820,fl_knee,0.1816
1315,54.7150,fl_knee,0.1815
1316,54.7480,fl_knee,0.1815
1317,54.7810,fl_knee,0.1814
1318,54.8140,fl_knee,0.1812
1319,54.8470,fl_knee,0.1810
1320,54.8800,fl_knee,0.1806
1321,54.9130,fl_knee,0.1804
1322,54.9460,fl_knee,0.1798
1323,54.9790,fl_knee,0.1793
1324,55.0120,fl_knee,0.1790
1325,55.0450,fl_knee,0.1783
1326,55.0780,fl_knee,0.1777
1327,55.1110,fl_knee,0.1774
1328,55.1440,fl_knee,0.1767
1329,55.1770,fl_knee,0.1760
1330,55.2100,fl_knee,0.1757
1331,55.2430,fl_knee,0.1751
1332,55.2760,fl_knee,0.1744
1333,55.3090,fl_knee,0.1743
1334,55.3420,fl_knee,0.1743
1335,55.3750,fl_knee,0.1743
1336,55.4080,fl_knee,0.1743
1337,55.4410,fl_knee,0.1743
1338,55.4740,fl_knee,0.1744
1339,55.5070,fl_knee,0.1744
1340,55.5400,fl_knee,0.1744
1341,55.5730,fl_knee,0.1744
1342,55.6060,fl_knee,0.1744
1343,55.6390,fl_knee,0.1744
1344,55.6720,fl_knee,0.1745
1345,55.7050,fl_knee,0.1745
1346,55.7380,fl_knee,0.1745
1347,55.7710,fl_knee,0.1745
1348,55.8040,fl_knee,0.1745
1349,55.8370,fl_knee,0.1746
1350,55.8700,fl_knee,0.1746
1351,55.9030,fl_knee,0.1746
1352,55.9360,fl_knee,0.1746
1353,55.9690,fl_knee,0.1746
1354,56.0020,fl_knee,0.1746
1355,56.0350,fl_knee,0.1747
1356,56.0680,fl_knee,0.1747
1357,56.1010,fl_knee,0.1747
1358,56.1340,fl_knee,0.1747
1359,56.1670,fl_knee,0.1747
1360,56.2000,fl_knee,0.1747
1361,56.2330,fl_knee,0.1747
1362,56.2660,fl_knee,0.1748
1363,56.2990,fl_knee,0.1748
1364,56.3320,fl_knee,0.1748
1365,56.3650,fl_knee,0.1748
1366,56.3980,fl_knee,0.1748
1367,56.4310,fl_knee,0.1748
1368,56.4640,fl_knee,0.1748
1369,56.4970,fl_knee,0.1748
1370,56.5300,fl_knee,0.1748
1371,56.5630,fl_knee,0.1748
1372,56.5960,fl_knee,0.1748
1373,56.6290,fl_knee,0.1748
1374,56.6620,fl_knee,0.1747
1375,56.6950,fl_knee,0.1747
1376,56.7280,fl_knee,0.1747
1377,56.7610,fl_knee,0.1747
1378,56.7940,fl_knee,0.1747
1379,56.8270,fl_knee,0.1747
1380,56.8600,fl_knee,0.1747
1381,56.8930,fl_knee,0.1747
1382,56.9260,fl_knee,0.1747
1383,56.9590,fl_knee,0.1746
1384,56.9920,fl_knee,0.1746
1385,57.0250,fl_knee,0.1746
1386,57.0580,fl_knee,0.1746
1387,57.0910,fl_knee,0.1746
1388,57.1240,fl_knee,0.1746
1389,57.1570,fl_knee,0.1746
1390,57.1900,fl_knee,0.1746
1391,57.2230,fl_knee,0.1746
1392,57.2560,fl_knee,0.1746
1393,57.2890,fl_knee,0.1745
1394,57.3220,fl_knee,0.1745
1395,57.3550,fl_knee,0.1745
1396,57.3880,fl_knee,0.1745
1397,57.4210,fl_knee,0.1745
1398,57.4540,fl_knee,0.1745
1399,57.4870,fl_knee,0.1745
1400,57.5200,fl_knee,0.1745
1401,57.5530,fl_knee,0.1745
1402,57.5860,fl_knee,0.1744
1403,57.6190,fl_knee,0.1744
1404,57.6520,fl_knee,0.1744
1405,57.6850,fl_knee,0.1744
1406,57.7180,fl_knee,0.1744
1407,57.7510,fl_knee,0.1744
1408,57.7840,fl_knee,0.1744
1409,57.8170,fl_knee,0.1744
1410,57.8500,fl_knee,0.1744
1411,57.8830,fl_knee,0.1744
1412,57.9160,fl_knee,0.1743
1413,57.9490,fl_knee,0.1743
1414,57.9820,fl_knee,0.1743
1415,58.0150,fl_knee,0.1743
1416,58.0480,fl_knee,0.1743
1417,58.0810,fl_knee,0.1743
1418,58.1140,fl_knee,0.1744
1419,58.1470,fl_knee,0.1737
1420,58.1800,fl_knee,0.1735
1421,58.2130,fl_knee,0.1735
1422,58.2460,fl_knee,0.1735
1423,58.2790,fl_knee,0.1734
1424,58.3120,fl_knee,0.1734
1425,58.3450,fl_knee,0.1734
1426,58.3780,fl_knee,0.1734
1427,58.4110,fl_knee,0.1734
1428,58.4440,fl_knee,0.1734
1429,58.4770,fl_knee,0.1734
1430,58.5100,fl_knee,0.1734
1431,58.5430,fl_knee,0.1734
1432,58.5760,fl_knee,0.1734
1433,58.6090,fl_knee,0.1734
1434,58.6420,fl_knee,0.1734
1435,58.6750,fl_knee,0.1734
1436,58.7080,fl_knee,0.1734
1437,58.7410,fl_knee,0.1734
1438,58.7740,fl_knee,0.1734
1439,58.8070,fl_knee,0.1735
1440,58.8400,fl_knee,0.1735
1441,58.8730,fl_knee,0.1735
1442,58.9060,fl_knee,0.1735
1443,58.9390,fl_knee,0.1735
1444,58.9720,fl_knee,0.1735
1445,59.0050,fl_knee,0.1735
1446,59.0380,fl_knee,0.1735
1447,59.0710,fl_knee,0.1735
1448,59.1040,fl_knee,0.1735
1449,59.1370,fl_knee,0.1735
1450,59.1700,fl_knee,0.1735
1451,59.2030,fl_knee,0.1735
1452,59.2360,fl_knee,0.1735
1453,59.2690,fl_knee,0.1735
1454,59.3020,fl_knee,0.1735
1455,59.3350,fl_knee,0.1735
1456,59.3680,fl_knee,0.1735
1457,59.4010,fl_knee,0.1735
1458,59.4340,fl_knee,0.1735
1459,59.4670,fl_knee,0.1734
1460,59.5000,fl_knee,0.1734
1461,59.5330,fl_knee,0.1734
1462,59.5660,fl_knee,0.1734
1463,59.5990,fl_knee,0.1734
1464,59.6320,fl_knee,0.1734
1465,59.6650,fl_knee,0.1734
1466,59.6980,fl_knee,0.1734
1467,59.7310,fl_knee,0.1734
1468,59.7640,fl_knee,0.1734
1469,59.7970,fl_knee,0.1734
1470,59.8300,fl_knee,0.1734
1471,59.8630,fl_knee,0.1734
1472,59.8960,fl_knee,0.1734
1473,59.9290,fl_knee,0.1734
1474,59.9620,fl_knee,0.1734
1475,59.9950,fl_knee,0.1734
1476,60.0280,fl_knee,0.1734
1477,60.0610,fl_knee,0.1734
1478,60.0940,fl_knee,0.1734
1479,60.1270,fl_knee,0.1734
1480,60.1600,fl_knee,0.1733
1481,60.1930,fl_knee,0.1733
1482,60.2260,fl_knee,0.1733
1483,60.2590,fl_knee,0.1733
1484,60.2920,fl_knee,0.1733
1485,60.3250,fl_knee,0.1733
1486,60.3580,fl_knee,0.1733
1487,60.3910,fl_knee,0.1733
1488,60.4240,fl_knee,0.1733
1489,60.4570,fl_knee,0.1733
1490,60.4900,fl_knee,0.1733
1491,60.5230,fl_knee,0.1733
1492,60.5560,fl_knee,0.1733
1493,60.5890,fl_knee,0.1733
1494,60.6220,fl_knee,0.1733
1495,60.6550,fl_knee,0.1733
1496,60.6880,fl_knee,0.1733
1497,60.7210,fl_knee,0.1733
1498,60.7540,fl_knee,0.1733
1499,60.7870,fl_knee,0.1733
1500,60.8200,fl_knee,0.1857
1501,60.8530,fl_knee,0.1759
1502,60.8860,fl_knee,0.1770
1503,60.9190,fl_knee,0.1777
1504,60.9520,fl_knee,0.1779
1505,60.9850,fl_knee,0.1783
1506,61.0180,fl_knee,0.1785
1507,61.0510,fl_knee,0.1786
1508,61.0840,fl_knee,0.1786
1509,61.1170,fl_knee,0.1785
1510,61.1500,fl_knee,0.1785
1511,61.1830,fl_knee,0.1784
1512,61.2160,fl_knee,0.1781
1513,61.2490,fl_knee,0.1779
1514,61.2820,fl_knee,0.1773
1515,61.3150,fl_knee,0.1765
1516,61.3480,fl_knee,0.1761
1517,61.3810,fl_knee,0.1751
1518,61.4140,fl_knee,0.1746
1519,61.4470,fl_knee,0.1736
1520,61.4800,fl_knee,0.1731
1521,61.5130,fl_knee,0.1729
1522,61.5460,fl_knee,0.1723
1523,61.5790,fl_knee,0.1723
1524,61.6120,fl_knee,0.1723
1525,61.6450,fl_knee,0.1723
1526,61.6780,fl_knee,0.1724
1527,61.7110,fl_knee,0.1724
1528,61.7440,fl_knee,0.1724
1529,61.7770,fl_knee,0.1724
1530,61.8100,fl_knee,0.1725
1531,61.8430,fl_knee,0.1725
1532,61.8760,fl_knee,0.1725
1533,61.9090,fl_knee,0.1726
1534,61.9420,fl_knee,0.1726
1535,61.9750,fl_knee,0.1726
1536,62.0080,fl_knee,0.1727
1537,62.0410,fl_knee,0.1727
1538,62.0740,fl_knee,0.1727
1539,62.1070,fl_knee,0.1728
1540,62.1400,fl_knee,0.1728
1541,62.1730,fl_knee,0.1728
1542,62.2060,fl_knee,0.1729
1543,62.2390,fl_knee,0.1729
1544,62.2720,fl_knee,0.1729
1545,62.3050,fl_knee,0.1730
1546,62.3380,fl_knee,0.1730
1547,62.3710,fl_knee,0.1730
1548,62.4040,fl_knee,0.1729
1549,62.4370,fl_knee,0.1729
1550,62.4700,fl_knee,0.1729
1551,62.5030,fl_knee,0.1729
1552,62.5360,fl_knee,0.1729
1553,62.5690,fl_knee,0.1729
1554,62.6020,fl_knee,0.1730
1555,62.6350,fl_knee,0.1730
1556,62.6680,fl_knee,0.1730
1557,62.7010,fl_knee,0.1730
1558,62.7340,fl_knee,0.1730
1559,62.7670,fl_knee,0.1730
1560,62.8000,fl_knee,0.1730
1561,62.8330,fl_knee,0.1730
1562,62.8660,fl_knee,0.1730
1563,62.8990,fl_knee,0.1730
1564,62.9320,fl_knee,0.1730
1565,65.1760,fl_knee,0.1727
1566,65.2090,fl_knee,0.1727
1567,65.2420,fl_knee,0.1727
1568,65.2750,fl_knee,0.1727
1569,65.3080,fl_knee,0.1727
1570,65.3410,fl_knee,0.1727
1571,65.3740,fl_knee,0.1727
1572,65.4070,fl_knee,0.1727
1573,65.4400,fl_knee,0.1727
1574,65.4730,fl_knee,0.1727
1575,65.5060,fl_knee,0.1727
1576,65.5390,fl_knee,0.1727
1577,65.5720,fl_knee,0.1727
1578,65.6050,fl_knee,0.1726
1579,65.6380,fl_knee,0.1726
1580,65.6710,fl_knee,0.1726
1581,65.7040,fl_knee,0.1726
1582,65.7370,fl_knee,0.1726
1583,65.7700,fl_knee,0.1726
1584,65.8030,fl_knee,0.1726
1585,65.8360,fl_knee,0.1726
1586,65.8690,fl_knee,0.1726
1587,65.9020,fl_knee,0.1726
1588,65.9350,fl_knee,0.1726
1589,65.9680,fl_knee,0.1744
1590,66.0010,fl_knee,0.1752
1591,66.0340,fl_knee,0.1757
1592,66.0670,fl_knee,0.1758
1593,66.1000,fl_knee,0.1752
1594,66.1330,fl_knee,0.1771
1595,66.1660,fl_knee,0.1774
1596,66.1990,fl_knee,0.1777
1597,66.2320,fl_knee,0.1778
1598,66.2650,fl_knee,0.1780
1599,66.2980,fl_knee,0.1781
1600,66.3310,fl_knee,0.1781
1601,66.3640,fl_knee,0.1781
1602,66.3970,fl_knee,0.1781
1603,66.4300,fl_knee,0.1781
1604,66.4630,fl_knee,0.1781
1605,66.4960,fl_knee,0.1781
1606,66.5290,fl_knee,0.1781
1607,66.5620,fl_knee,0.1780
1608,66.5950,fl_knee,0.1778
1609,66.6280,fl_knee,0.1778
1610,66.6610,fl_knee,0.1778
1611,66.6940,fl_knee,0.1779
1612,66.7270,fl_knee,0.1779
1613,66.7600,fl_knee,0.1778
1614,66.7930,fl_knee,0.1778
1615,66.8260,fl_knee,0.1778
1616,66.8590,fl_knee,0.1777
1617,66.8920,fl_knee,0.1777
1618,66.9250,fl_knee,0.1777
1619,66.9580,fl_knee,0.1776
1620,66.9910,fl_knee,0.1776
1621,67.0240,fl_knee,0.1775
1622,67.0570,fl_knee,0.1775
1623,67.0900,fl_knee,0.1775
1624,67.1230,fl_knee,0.1774
1625,67.1560,fl_knee,0.1774
1626,67.1890,fl_knee,0.1773
1627,67.2220,fl_knee,0.1773
1628,67.2550,fl_knee,0.1772
1629,67.2880,fl_knee,0.1772
1630,67.3210,fl_knee,0.1772
1631,67.3540,fl_knee,0.1771
1632,67.3870,fl_knee,0.1771
1633,67.4200,fl_knee,0.1770
1634,67.4530,fl_knee,0.1770
1635,67.4860,fl_knee,0.1770
1636,67.5190,fl_knee,0.1769
1637,67.5520,fl_knee,0.1769
1638,67.5850,fl_knee,0.1768
1639,67.6180,fl_knee,0.1768
1640,67.6510,fl_knee,0.1767
1641,67.6840,fl_knee,0.1767
1642,67.7170,fl_knee,0.1766
1643,67.7500,fl_knee,0.1766
1644,67.7830,fl_knee,0.1766
1645,67.8160,fl_knee,0.1765
1646,67.8490,fl_knee,0.1765
1647,67.8820,fl_knee,0.1765
1648,67.9150,fl_knee,0.1766
1649,67.9480,fl_knee,0.1766
1650,67.9810,fl_knee,0.1767
1651,68.0140,fl_knee,0.1767
1652,68.0470,fl_knee,0.1768
1653,68.0800,fl_knee,0.1768
1654,68.1130,fl_knee,0.1769
1655,68.1460,fl_knee,0.1769
1656,68.1790,fl_knee,0.1770
1657,68.2120,fl_knee,0.1770
1658,68.2450,fl_knee,0.1770
1659,68.2780,fl_knee,0.1770
1660,68.3110,fl_knee,0.1770
1661,68.3440,fl_knee,0.1769
1662,68.3770,fl_knee,0.1769
1663,68.4100,fl_knee,0.1769
1664,68.4430,fl_knee,0.1769
1665,68.4760,fl_knee,0.1769
1666,68.5090,fl_knee,0.1769
1667,68.5420,fl_knee,0.1769
1668,68.5750,fl_knee,0.1768
1669,68.6080,fl_knee,0.1768
1670,68.6410,fl_knee,0.1768
1671,68.6740,fl_knee,0.1768
1672,68.7070,fl_knee,0.1768
1673,68.7400,fl_knee,0.1768
1674,68.7730,fl_knee,0.1768
1675,68.8060,fl_knee,0.1768
1676,68.8390,fl_knee,0.1767
1677,68.8720,fl_knee,0.1767
1678,68.9050,fl_knee,0.1767
1679,68.9380,fl_knee,0.1767
1680,68.9710,fl_knee,0.1767
1681,69.0040,fl_knee,0.1767
1682,69.0370,fl_knee,0.1767
1683,69.0700,fl_knee,0.1767
1684,69.1030,fl_knee,0.1767
1685,69.1360,fl_knee,0.1767
1686,69.1690,fl_knee,0.1766
1687,69.2020,fl_knee,0.1766
1688,69.2350,fl_knee,0.1766
1689,69.2680,fl_knee,0.1766
1690,69.3010,fl_knee,0.1766
1691,69.3340,fl_knee,0.1766
1692,69.3670,fl_knee,0.1766
1693,69.4000,fl_knee,0.1766
1694,69.4330,fl_knee,0.1766
1695,69.4660,fl_knee,0.1766
1696,69.4990,fl_knee,0.1766
1697,69.5320,fl_knee,0.1766
1698,69.5650,fl_knee,0.1766
1699,69.5980,fl_knee,0.1766
1700,69.6310,fl_knee,0.1765
1701,69.6640,fl_knee,0.1765
1702,69.6970,fl_knee,0.1765
1703,69.7300,fl_knee,0.1765
1704,69.7630,fl_knee,0.1765
1705,69.7960,fl_knee,0.1765
1706,69.8290,fl_knee,0.1765
1707,69.8620,fl_knee,0.1765
1708,69.8950,fl_knee,0.1765
1709,69.9280,fl_knee,0.1765
1710,69.9610,fl_knee,0.1766
1711,69.9940,fl_knee,0.1766
1712,70.0270,fl_knee,0.1766
1713,70.0600,fl_knee,0.1766
1714,70.0930,fl_knee,0.1766
1715,70.1260,fl_knee,0.1767
1716,70.1590,fl_knee,0.1767
1717,70.1920,fl_knee,0.1767
1718,70.2250,fl_knee,0.1767
1719,70.2580,fl_knee,0.1768
1720,70.2910,fl_knee,0.1768
1721,70.3240,fl_knee,0.1768
1722,70.3570,fl_knee,0.1768
1723,70.3900,fl_knee,0.1768
1724,70.4230,fl_knee,0.1769
1725,70.4560,fl_knee,0.1769
1726,70.4890,fl_knee,0.1769
1727,70.5220,fl_knee,0.1769
1728,70.5550,fl_knee,0.1769
1729,70.5880,fl_knee,0.1770
1730,70.6210,fl_knee,0.1770
1731,70.6540,fl_knee,0.1770
1732,70.6870,fl_knee,0.1770
1733,70.7200,fl_knee,0.1770
1734,70.7530,fl_knee,0.1771
1735,70.7860,fl_knee,0.1771
1736,70.8190,fl_knee,0.1771
1737,70.8520,fl_knee,0.1771
1738,70.8850,fl_knee,0.1771
1739,70.9180,fl_knee,0.1772
1740,70.9510,fl_knee,0.1772
1741,70.9840,fl_knee,0.1772
1742,71.0170,fl_knee,0.1772
1743,71.0500,fl_knee,0.1772
1744,71.0830,fl_knee,0.1773
1745,71.1160,fl_knee,0.1773
1746,71.1490,fl_knee,0.1773
1747,71.1820,fl_knee,0.1773
1748,71.2150,fl_knee,0.1773
1749,71.2480,fl_knee,0.1774
1750,71.2810,fl_knee,0.1774
1751,71.3140,fl_knee,0.1821
1752,71.3470,fl_knee,0.1736
1753,71.3800,fl_knee,0.1733
1754,71.4130,fl_knee,0.1732
1755,71.4460,fl_knee,0.1731
1756,71.4790,fl_knee,0.1731
1757,71.5120,fl_knee,0.1731
1758,71.5450,fl_knee,0.1747
1759,71.5780,fl_knee,0.1775
1760,71.6110,fl_knee,0.1768
1761,71.6440,fl_knee,0.1809
1762,71.6770,fl_knee,0.1804
1763,71.7100,fl_knee,0.1798
1764,71.7430,fl_knee,0.1795
1765,71.7760,fl_knee,0.1792
1766,71.8090,fl_knee,0.1790
1767,71.8420,fl_knee,0.1786
1768,71.8750,fl_knee,0.1785
1769,71.9080,fl_knee,0.1784
1770,71.9410,fl_knee,0.1784
1771,71.9740,fl_knee,0.1784
1772,72.0070,fl_knee,0.1784
1773,72.0400,fl_knee,0.1784
1774,72.0730,fl_knee,0.1784
1775,72.1060,fl_knee,0.1784
1776,72.1390,fl_knee,0.1784
1777,72.1720,fl_knee,0.1784
1778,72.2050,fl_knee,0.1738
1779,72.2380,fl_knee,0.1736
1780,72.2710,fl_knee,0.1735
1781,72.3040,fl_knee,0.1735
1782,72.3370,fl_knee,0.1735
1783,72.3700,fl_knee,0.1735
1784,72.4030,fl_knee,0.1737
1785,72.4360,fl_knee,0.1773
1786,72.4690,fl_knee,0.1781
1787,72.5020,fl_knee,0.1772
1788,72.5350,fl_knee,0.1820
1789,72.5680,fl_knee,0.1820
1790,72.6010,fl_knee,0.1814
1791,72.6340,fl_knee,0.1810
1792,72.6670,fl_knee,0.1808
1793,72.7000,fl_knee,0.1806
1794,72.7330,fl_knee,0.1804
1795,72.7660,fl_knee,0.1802
1796,72.7990,fl_knee,0.1800
1797,72.8320,fl_knee,0.1798
1798,72.8650,fl_knee,0.1795
1799,72.8980,fl_knee,0.1792
1800,72.9310,fl_knee,0.1791
1801,72.9640,fl_knee,0.1847
1802,72.9970,fl_knee,0.1782
1803,73.0300,fl_knee,0.1779
1804,73.0630,fl_knee,0.1774
1805,73.0960,fl_knee,0.1772
1806,73.1290,fl_knee,0.1771
1807,73.1620,fl_knee,0.1771
1808,73.1950,fl_knee,0.1771
1809,73.2280,fl_knee,0.1771
1810,73.2610,fl_knee,0.1772
1811,73.2940,fl_knee,0.1772
1812,73.3270,fl_knee,0.1773
1813,73.3600,fl_knee,0.1774
1814,73.3930,fl_knee,0.1774
1815,73.4260,fl_knee,0.1774
1816,73.4590,fl_knee,0.1774
1817,73.4920,fl_knee,0.1775
1818,73.5250,fl_knee,0.1775
1819,73.5580,fl_knee,0.1775
1820,73.5910,fl_knee,0.1775
1821,73.6240,fl_knee,0.1776
1822,73.6570,fl_knee,0.1776
1823,73.6900,fl_knee,0.1776
1824,73.7230,fl_knee,0.1776
1825,73.7560,fl_knee,0.1777
1826,73.7890,fl_knee,0.1777
1827,73.8220,fl_knee,0.1777
1828,73.8550,fl_knee,0.1778
1829,73.8880,fl_knee,0.1778
1830,73.9210,fl_knee,0.1778
1831,73.9540,fl_knee,0.1778
1832,73.9870,fl_knee,0.1779
1833,74.0200,fl_knee,0.1779
1834,74.0530,fl_knee,0.1779
1835,74.0860,fl_knee,0.1779
1836,76.3300,fl_knee,0.1797
1837,76.3630,fl_knee,0.1795
1838,76.3960,fl_knee,0.1793
1839,76.4290,fl_knee,0.1791
1840,76.4620,fl_knee,0.1789
1841,76.4950,fl_knee,0.1787
1842,76.5280,fl_knee,0.1787
1843,76.5610,fl_knee,0.1787
1844,76.5940,fl_knee,0.1787
1845,76.6270,fl_knee,0.1787
1846,76.6600,fl_knee,0.1787
1847,76.6930,fl_knee,0.1787
1848,76.7260,fl_knee,0.1786
1849,76.7590,fl_knee,0.1786
1850,76.7920,fl_knee,0.1786
1851,76.8250,fl_knee,0.1786
1852,76.8580,fl_knee,0.1786
1853,76.8910,fl_knee,0.1786
1854,76.9240,fl_knee,0.1785
1855,76.9570,fl_knee,0.1785
1856,76.9900,fl_knee,0.1785
1857,77.0230,fl_knee,0.1785
1858,77.0560,fl_knee,0.1785
1859,77.0890,fl_knee,0.1785
1860,77.1220,fl_knee,0.1784
1861,77.1550,fl_knee,0.1784
1862,77.1880,fl_knee,0.1784
1863,77.2210,fl_knee,0.1784
1864,77.2540,fl_knee,0.1784
1865,77.2870,fl_knee,0.1784
1866,77.3200,fl_knee,0.1784
1867,77.3530,fl_knee,0.1783
1868,77.3860,fl_knee,0.1783
1869,77.4190,fl_knee,0.1783
1870,77.4520,fl_knee,0.1783
1871,77.4850,fl_knee,0.1783
1872,77.5180,fl_knee,0.1783
1873,77.5510,fl_knee,0.1783
1874,77.5840,fl_knee,0.1783
1875,77.6170,fl_knee,0.1783
1876,77.6500,fl_knee,0.1783
1877,77.6830,fl_knee,0.1783
1878,77.7160,fl_knee,0.1783
1879,77.7490,fl_knee,0.1782
1880,77.7820,fl_knee,0.1782
1881,77.8150,fl_knee,0.1782
1882,77.8480,fl_knee,0.1782
1883,77.8810,fl_knee,0.1782
1884,77.9140,fl_knee,0.1782
1885,77.9470,fl_knee,0.1782
1886,77.9800,fl_knee,0.1782
1887,78.0130,fl_knee,0.1782
1888,78.0460,fl_knee,0.1782
1889,78.0790,fl_knee,0.1782
1890,78.1120,fl_knee,0.1782
1891,78.1450,fl_knee,0.1782
1892,78.1780,fl_knee,0.1781
1893,78.2110,fl_knee,0.1781
1894,78.2440,fl_knee,0.1781
1895,78.2770,fl_knee,0.1781
1896,78.3100,fl_knee,0.1781
1897,78.3430,fl_knee,0.1781
1898,78.3760,fl_knee,0.1781
1899,78.4090,fl_knee,0.1782
1900,78.4420,fl_knee,0.1782
1901,78.4750,fl_knee,0.1782
1902,78.5080,fl_knee,0.1782
1903,78.5410,fl_knee,0.1773
1904,78.5740,fl_knee,0.1775
1905,78.6070,fl_knee,0.1773
1906,78.6400,fl_knee,0.1771
1907,78.6730,fl_knee,0.1900
1908,78.7060,fl_knee,0.1776
1909,78.7390,fl_knee,0.1788
1910,78.7720,fl_knee,0.1786
1911,78.8050,fl_knee,0.1783
1912,78.8380,fl_knee,0.1780
1913,78.8710,fl_knee,0.1778
1914,78.9040,fl_knee,0.1776
1915,78.9370,fl_knee,0.1776
1916,78.9700,fl_knee,0.1776
1917,79.0030,fl_knee,0.1776
1918,79.0360,fl_knee,0.1776
1919,79.0690,fl_knee,0.1776
1920,79.1020,fl_knee,0.1777
1921,79.1350,fl_knee,0.1777
1922,79.1680,fl_knee,0.1777
1923,79.2010,fl_knee,0.1777
1924,79.2340,fl_knee,0.1786
1925,79.2670,fl_knee,0.1781
1926,79.3000,fl_knee,0.1780
1927,79.3330,fl_knee,0.1779
1928,79.3660,fl_knee,0.1778
1929,79.3990,fl_knee,0.1778
1930,79.4320,fl_knee,0.1778
1931,79.4650,fl_knee,0.1779
1932,79.4980,fl_knee,0.1779
1933,79.5310,fl_knee,0.1779
1934,79.5640,fl_knee,0.1779
1935,79.5970,fl_knee,0.1780
1936,79.6300,fl_knee,0.1780
1937,79.6630,fl_knee,0.1780
1938,79.6960,fl_knee,0.1782
1939,79.7290,fl_knee,0.1785
1940,79.7620,fl_knee,0.1791
1941,79.7950,fl_knee,0.1797
1942,79.8280,fl_knee,0.1800
1943,79.8610,fl_knee,0.1806
1944,79.8940,fl_knee,0.1808
1945,79.9270,fl_knee,0.1814
1946,79.9600,fl_knee,0.1820
1947,79.9930,fl_knee,0.1823
1948,80.0260,fl_knee,0.1828
1949,80.0590,fl_knee,0.1832
1950,80.0920,fl_knee,0.1837
1951,80.1250,fl_knee,0.1839
1952,80.1580,fl_knee,0.1840
1953,80.1910,fl_knee,0.1841
1954,80.2240,fl_knee,0.1842
1955,80.2570,fl_knee,0.1839
1956,80.2900,fl_knee,0.1838
1957,80.3230,fl_knee,0.1836
1958,80.3560,fl_knee,0.1834
1959,80.3890,fl_knee,0.1833
1960,80.4220,fl_knee,0.1831
1961,80.4550,fl_knee,0.1829
1962,80.4880,fl_knee,0.1828
1963,80.5210,fl_knee,0.1826
1964,80.5540,fl_knee,0.1825
1965,80.5870,fl_knee,0.1823
1966,80.6200,fl_knee,0.1821
1967,80.6530,fl_knee,0.1820
1968,80.6860,fl_knee,0.1819
1969,80.7190,fl_knee,0.1817
1970,80.7520,fl_knee,0.1817
1971,80.7850,fl_knee,0.1815
1972,80.8180,fl_knee,0.1814
1973,80.8510,fl_knee,0.1813
1974,80.8840,fl_knee,0.1812
1975,80.9170,fl_knee,0.1810
1976,80.9500,fl_knee,0.1810
1977,80.9830,fl_knee,0.1808
1978,81.0160,fl_knee,0.1807
1979,81.0490,fl_knee,0.1805
1980,81.0820,fl_knee,0.1803
1981,81.1150,fl_knee,0.1800
1982,81.1480,fl_knee,0.1799
1983,81.1810,fl_knee,0.1796
1984,81.2140,fl_knee,0.1796
1985,81.2470,fl_knee,0.1796
1986,81.2800,fl_knee,0.1796
1987,81.3130,fl_knee,0.1796
1988,81.3460,fl_knee,0.1796
1989,81.3790,fl_knee,0.1796
1990,81.4120,fl_knee,0.1795
1991,81.4450,fl_knee,0.1795
1992,81.4780,fl_knee,0.1795
1993,81.5110,fl_knee,0.1795
1994,81.5440,fl_knee,0.1795
1995,81.5770,fl_knee,0.1795
1996,81.6100,fl_knee,0.1795
1997,81.6430,fl_knee,0.1794
1998,81.6760,fl_knee,0.1794
1999,81.7090,fl_knee,0.1794
2000,81.7420,fl_knee,0.1794
2001,81.7750,fl_knee,0.1794
2002,81.8080,fl_knee,0.1794
2003,81.8410,fl_knee,0.1794
2004,81.8740,fl_knee,0.1794
2005,81.9070,fl_knee,0.1794
2006,81.9400,fl_knee,0.1794
2007,81.9730,fl_knee,0.1794
2008,82.0060,fl_knee,0.1794
2009,82.0390,fl_knee,0.1794
2010,82.0720,fl_knee,0.1794
2011,82.1050,fl_knee,0.1792
2012,82.1380,fl_knee,0.1791
2013,82.1710,fl_knee,0.1791
2014,82.2040,fl_knee,0.1791
2015,82.2370,fl_knee,0.1791
2016,82.2700,fl_knee,0.1791
2017,82.3030,fl_knee,0.1791
2018,82.3360,fl_knee,0.1791
2019,82.3690,fl_knee,0.1791
2020,82.4020,fl_knee,0.1791
2021,82.4350,fl_knee,0.1791
2022,82.4680,fl_knee,0.1793
2023,82.5010,fl_knee,0.1790
2024,82.5340,fl_knee,0.1789
2025,82.5670,fl_knee,0.1786
2026,82.6000,fl_knee,0.1785
2027,82.6330,fl_knee,0.1784
2028,82.6660,fl_knee,0.1783
2029,82.6990,fl_knee,0.1783
2030,82.7320,fl_knee,0.1783
2031,82.7650,fl_knee,0.1783
2032,82.7980,fl_knee,0.1783
2033,82.8310,fl_knee,0.1783
2034,82.8640,fl_knee,0.1783
2035,82.8970,fl_knee,0.1783
2036,82.9300,fl_knee,0.1783
2037,82.9630,fl_knee,0.1783
2038,82.9960,fl_knee,0.1783
2039,83.0290,fl_knee,0.1783
2040,83.0620,fl_knee,0.1784
2041,83.0950,fl_knee,0.1784
2042,83.1280,fl_knee,0.1788
2043,83.1610,fl_knee,0.1792
2044,83.1940,fl_knee,0.1792
2045,83.2270,fl_knee,0.1792
2046,83.2600,fl_knee,0.1792
2047,83.2930,fl_knee,0.1792
2048,83.3260,fl_knee,0.1792
2049,83.3590,fl_knee,0.1792
2050,83.3920,fl_knee,0.1792
2051,83.4250,fl_knee,0.1792
2052,83.4580,fl_knee,0.1792
2053,83.4910,fl_knee,0.1792
2054,83.5240,fl_knee,0.1792
2055,83.5570,fl_knee,0.1792
2056,83.5900,fl_knee,0.1792
2057,83.6230,fl_knee,0.1792
2058,83.6560,fl_knee,0.1792
2059,83.6890,fl_knee,0.1792
2060,83.7220,fl_knee,0.1791
2061,83.7550,fl_knee,0.1791
2062,83.7880,fl_knee,0.1791
2063,83.8210,fl_knee,0.1790
2064,83.8540,fl_knee,0.1790
2065,83.8870,fl_knee,0.1790
2066,83.9200,fl_knee,0.1790
2067,83.9530,fl_knee,0.1789
2068,83.9860,fl_knee,0.1789
2069,84.0190,fl_knee,0.1789
2070,84.0520,fl_knee,0.1790
2071,84.0850,fl_knee,0.1790
2072,84.1180,fl_knee,0.1790
2073,84.1510,fl_knee,0.1790
2074,84.1840,fl_knee,0.1790
2075,84.2170,fl_knee,0.1791
2076,84.2500,fl_knee,0.1791
2077,84.2830,fl_knee,0.1791
2078,84.3160,fl_knee,0.1791
2079,84.3490,fl_knee,0.1791
2080,84.3820,fl_knee,0.1791
2081,84.4150,fl_knee,0.1791
2082,84.4480,fl_knee,0.1791
2083,84.4810,fl_knee,0.1791
2084,84.5140,fl_knee,0.1789
2085,84.5470,fl_knee,0.1788
2086,84.5800,fl_knee,0.1787
2087,84.6130,fl_knee,0.1787
2088,84.6460,fl_knee,0.1786
2089,84.6790,fl_knee,0.1786
2090,84.7120,fl_knee,0.1786
2091,84.7450,fl_knee,0.1786
2092,84.7780,fl_knee,0.1786
2093,84.8110,fl_knee,0.1786
2094,84.8440,fl_knee,0.1786
2095,84.8770,fl_knee,0.1787
2096,84.9100,fl_knee,0.1787
2097,84.9430,fl_knee,0.1787
2098,84.9760,fl_knee,0.1787
2099,85.0090,fl_knee,0.1787
2100,85.0420,fl_knee,0.1787
2101,85.0750,fl_knee,0.1788
2102,85.1080,fl_knee,0.1788
2103,85.1410,fl_knee,0.1788
2104,85.1740,fl_knee,0.1788
2105,85.2070,fl_knee,0.1788
2106,85.2400,fl_knee,0.1789
2107,85.2730,fl_knee,0.1789
2108,85.3060,fl_knee,0.1789
2109,85.3390,fl_knee,0.1789
2110,85.3720,fl_knee,0.1789
2111,85.4050,fl_knee,0.1790
2112,85.4380,fl_knee,0.1790
2113,85.4710,fl_knee,0.1790
2114,85.5040,fl_knee,0.1790
2115,85.5370,fl_knee,0.1790
2116,85.5700,fl_knee,0.1790
2117,85.6030,fl_knee,0.1791
2118,88.5730,fl_knee,0.1786
2119,88.6060,fl_knee,0.1786
2120,88.6390,fl_knee,0.1786
2121,88.6720,fl_knee,0.1786
2122,88.7050,fl_knee,0.1786
2123,88.7380,fl_knee,0.1786
2124,88.7710,fl_knee,0.1787
2125,88.8040,fl_knee,0.1787
2126,88.8370,fl_knee,0.1787
2127,88.8700,fl_knee,0.1787
2128,88.9030,fl_knee,0.1787
2129,88.9360,fl_knee,0.1787
2130,88.9690,fl_knee,0.1788
2131,89.0020,fl_knee,0.1788
2132,89.0350,fl_knee,0.1788
2133,89.0680,fl_knee,0.1788
2134,89.1010,fl_knee,0.1788
2135,89.1340,fl_knee,0.1788
2136,89.1670,fl_knee,0.1788
2137,89.2000,fl_knee,0.1788
2138,89.2330,fl_knee,0.1788
2139,89.2660,fl_knee,0.1823
2140,89.2990,fl_knee,0.1789
2141,89.3320,fl_knee,0.1788
2142,89.3650,fl_knee,0.1786
2143,89.3980,fl_knee,0.1786
2144,89.4310,fl_knee,0.1786
2145,89.4640,fl_knee,0.1785
2146,89.4970,fl_knee,0.1785
2147,89.5300,fl_knee,0.1785
2148,89.5630,fl_knee,0.1785
2149,89.5960,fl_knee,0.1786
2150,89.6290,fl_knee,0.1786
2151,89.6620,fl_knee,0.1786
2152,89.6950,fl_knee,0.1786
2153,89.7280,fl_knee,0.1786
2154,89.7610,fl_knee,0.1786
2155,89.7940,fl_knee,0.1799
2156,89.8270,fl_knee,0.1799
2157,89.8600,fl_knee,0.1800
2158,89.8930,fl_knee,0.1800
2159,89.9260,fl_knee,0.1800
2160,89.9590,fl_knee,0.1800
2161,89.9920,fl_knee,0.1800
2162,90.0250,fl_knee,0.1800
2163,90.0580,fl_knee,0.1798
2164,90.0910,fl_knee,0.1796
2165,90.1240,fl_knee,0.1793
2166,90.1570,fl_knee,0.1790
2167,90.1900,fl_knee,0.1789
2168,90.2230,fl_knee,0.1789
2169,90.2560,fl_knee,0.1789
2170,90.2890,fl_knee,0.1789
2171,90.3220,fl_knee,0.1789
2172,90.3550,fl_knee,0.1789
2173,90.3880,fl_knee,0.1789
2174,90.4210,fl_knee,0.1789
2175,90.4540,fl_knee,0.1790
2176,90.4870,fl_knee,0.1790
2177,90.5200,fl_knee,0.1790
2178,90.5530,fl_knee,0.1790
2179,90.5860,fl_knee,0.1790
2180,90.6190,fl_knee,0.1790
2181,90.6520,fl_knee,0.1790
2182,90.6850,fl_knee,0.1791
2183,90.7180,fl_knee,0.1791
2184,90.7510,fl_knee,0.1791
2185,90.7840,fl_knee,0.1791
2186,90.8170,fl_knee,0.1791
2187,90.8500,fl_knee,0.1791
2188,90.8830,fl_knee,0.1791
2189,90.9160,fl_knee,0.1792
2190,90.9490,fl_knee,0.1792
2191,90.9820,fl_knee,0.1792
2192,91.0150,fl_knee,0.1792
2193,91.0480,fl_knee,0.1792
2194,91.0810,fl_knee,0.1792
2195,91.1140,fl_knee,0.1792
2196,91.1470,fl_knee,0.1792
2197,91.1800,fl_knee,0.1792
2198,91.2130,fl_knee,0.1792
2199,91.2460,fl_knee,0.1792
2200,91.2790,fl_knee,0.1792
2201,91.3120,fl_knee,0.1792
2202,91.3450,fl_knee,0.1793
2203,91.3780,fl_knee,0.1793
2204,91.4110,fl_knee,0.1793
2205,91.4440,fl_knee,0.1793
2206,91.4770,fl_knee,0.1793
2207,91.5100,fl_knee,0.1793
2208,91.5430,fl_knee,0.1793
2209,91.5760,fl_knee,0.1793
2210,91.6090,fl_knee,0.1793
2211,91.6420,fl_knee,0.1793
2212,91.6750,fl_knee,0.1793
2213,91.7080,fl_knee,0.1793
2214,91.7410,fl_knee,0.1793
2215,91.7740,fl_knee,0.1793
2216,91.8070,fl_knee,0.1793
2217,91.8400,fl_knee,0.1793
2218,91.8730,fl_knee,0.1794
2219,91.9060,fl_knee,0.1794
2220,91.9390,fl_knee,0.1794
2221,91.9720,fl_knee,0.1794
2222,92.0050,fl_knee,0.1794
2223,92.0380,fl_knee,0.1794
2224,92.0710,fl_knee,0.1794
2225,92.1040,fl_knee,0.1794
2226,92.1370,fl_knee,0.1794
2227,92.1700,fl_knee,0.1794
2228,92.2030,fl_knee,0.1794
2229,92.2360,fl_knee,0.1794
2230,92.2690,fl_knee,0.1794
2231,92.3020,fl_knee,0.1794
2232,92.3350,fl_knee,0.1794
2233,92.3680,fl_knee,0.1794
2234,92.4010,fl_knee,0.1794
2235,92.4340,fl_knee,0.1794
2236,92.4670,fl_knee,0.1794
2237,92.5000,fl_knee,0.1794
2238,92.5330,fl_knee,0.1794
2239,92.5660,fl_knee,0.1794
2240,92.5990,fl_knee,0.1794
2241,92.6320,fl_knee,0.1794
2242,92.6650,fl_knee,0.1794
2243,92.6980,fl_knee,0.1795
2244,92.7310,fl_knee,0.1795
2245,92.7640,fl_knee,0.1795
2246,92.7970,fl_knee,0.1795
2247,92.8300,fl_knee,0.1795
2248,92.8630,fl_knee,0.1795
2249,92.8960,fl_knee,0.1795
2250,92.9290,fl_knee,0.1795
2251,92.9620,fl_knee,0.1795
2252,92.9950,fl_knee,0.1795
2253,93.0280,fl_knee,0.1795
2254,93.0610,fl_knee,0.1795
2255,93.0940,fl_knee,0.1795
2256,93.1270,fl_knee,0.1795
2257,93.1600,fl_knee,0.1795
2258,93.1930,fl_knee,0.1795
2259,93.2260,fl_knee,0.1795
2260,93.2590,fl_knee,0.1795
2261,93.2920,fl_knee,0.1795
2262,93.3250,fl_knee,0.1795
2263,93.3580,fl_knee,0.1795
2264,93.3910,fl_knee,0.1795
2265,93.4240,fl_knee,0.1795
2266,93.4570,fl_knee,0.1795
2267,93.4900,fl_knee,0.1795
2268,93.5230,fl_knee,0.1795
2269,93.5560,fl_knee,0.1795
2270,93.5890,fl_knee,0.1793
2271,93.6220,fl_knee,0.1789
2272,93.6550,fl_knee,0.1788
2273,93.6880,fl_knee,0.1787
2274,93.7210,fl_knee,0.1786
2275,93.7540,fl_knee,0.1784
2276,93.7870,fl_knee,0.1781
2277,93.8200,fl_knee,0.1801
2278,93.8530,fl_knee,0.1781
2279,93.8860,fl_knee,0.1777
2280,93.9190,fl_knee,0.1775
2281,93.9520,fl_knee,0.1774
2282,93.9850,fl_knee,0.1773
2283,94.0180,fl_knee,0.1773
2284,94.0510,fl_knee,0.1772
2285,94.0840,fl_knee,0.1772
2286,94.1170,fl_knee,0.1772
2287,94.1500,fl_knee,0.1772
2288,94.1830,fl_knee,0.1772
2289,94.2160,fl_knee,0.1772
2290,94.2490,fl_knee,0.1772
2291,94.2820,fl_knee,0.1772
2292,94.3150,fl_knee,0.1772
2293,94.3480,fl_knee,0.1772
2294,94.3810,fl_knee,0.1772
2295,94.4140,fl_knee,0.1788
2296,94.4470,fl_knee,0.1820
2297,94.4800,fl_knee,0.1835
2298,94.5130,fl_knee,0.1835
2299,94.5460,fl_knee,0.1835
2300,94.5790,fl_knee,0.1835
2301,94.6120,fl_knee,0.1835
2302,94.6450,fl_knee,0.1835
2303,94.6780,fl_knee,0.1835
2304,94.7110,fl_knee,0.1835
2305,94.7440,fl_knee,0.1835
2306,94.7770,fl_knee,0.1835
2307,94.8100,fl_knee,0.1835
2308,94.8430,fl_knee,0.1835
2309,94.8760,fl_knee,0.1835
2310,94.9090,fl_knee,0.1835
2311,94.9420,fl_knee,0.1833
2312,94.9750,fl_knee,0.1831
2313,95.0080,fl_knee,0.1829
2314,95.0410,fl_knee,0.1827
2315,95.0740,fl_knee,0.1824
2316,95.1070,fl_knee,0.1823
2317,95.1400,fl_knee,0.1810
2318,95.1730,fl_knee,0.1774
2319,95.2060,fl_knee,0.1772
2320,95.2390,fl_knee,0.1771
2321,95.2720,fl_knee,0.1770
2322,95.3050,fl_knee,0.1770
2323,95.3380,fl_knee,0.1770
2324,95.3710,fl_knee,0.1769
2325,95.4040,fl_knee,0.1769
2326,95.4370,fl_knee,0.1769
2327,95.4700,fl_knee,0.1769
2328,95.5030,fl_knee,0.1769
2329,95.5360,fl_knee,0.1769
2330,95.5690,fl_knee,0.1769
2331,95.6020,fl_knee,0.1770
2332,95.6350,fl_knee,0.1770
2333,95.6680,fl_knee,0.1770
2334,95.7010,fl_knee,0.1770
2335,95.7340,fl_knee,0.1820
2336,95.7670,fl_knee,0.1818
2337,95.8000,fl_knee,0.1816
2338,95.8330,fl_knee,0.1813
2339,95.8660,fl_knee,0.1812
2340,95.8990,fl_knee,0.1809
2341,95.9320,fl_knee,0.1807
2342,95.9650,fl_knee,0.1806
2343,95.9980,fl_knee,0.1803
2344,96.0310,fl_knee,0.1801
2345,96.0640,fl_knee,0.1800
2346,96.0970,fl_knee,0.1797
2347,96.1300,fl_knee,0.1795
2348,96.1630,fl_knee,0.1794
2349,96.1960,fl_knee,0.1791
2350,96.2290,fl_knee,0.1790
2351,96.2620,fl_knee,0.1788
2352,96.2950,fl_knee,0.1785
2353,96.3280,fl_knee,0.1784
2354,96.3610,fl_knee,0.1782
2355,96.3940,fl_knee,0.1780
2356,96.4270,fl_knee,0.1779
2357,96.4600,fl_knee,0.1776
2358,96.4930,fl_knee,0.1774
2359,96.5260,fl_knee,0.1774
2360,96.5590,fl_knee,0.1774
2361,96.5920,fl_knee,0.1774
2362,96.6250,fl_knee,0.1774
2363,96.6580,fl_knee,0.1774
2364,96.6910,fl_knee,0.1774
2365,96.7240,fl_knee,0.1774
2366,96.7570,fl_knee,0.1774
2367,96.7900,fl_knee,0.1774
2368,96.8230,fl_knee,0.1775
2369,96.8560,fl_knee,0.1775
2370,96.8890,fl_knee,0.1882
2371,96.9220,fl_knee,0.1780
2372,96.9550,fl_knee,0.1780
2373,96.9880,fl_knee,0.1780
2374,97.0210,fl_knee,0.1779
2375,97.0540,fl_knee,0.1879
2376,97.0870,fl_knee,0.1779
2377,97.1200,fl_knee,0.1816
2378,97.1530,fl_knee,0.1778
2379,97.1860,fl_knee,0.1777
2380,97.2190,fl_knee,0.1778
2381,97.2520,fl_knee,0.1776
2382,97.2850,fl_knee,0.1778
2383,97.3180,fl_knee,0.1777
2384,97.3510,fl_knee,0.1776
2385,97.3840,fl_knee,0.1778
2386,97.4170,fl_knee,0.1776
2387,97.4500,fl_knee,0.1777
2388,97.4830,fl_knee,0.1777
2389,97.5160,fl_knee,0.1777
2390,97.5490,fl_knee,0.1777
2391,97.5820,fl_knee,0.1776
2392,97.6150,fl_knee,0.1777
2393,97.6480,fl_knee,0.1777
2394,97.6810,fl_knee,0.1777
2395,97.7140,fl_knee,0.1777
2396,97.7470,fl_knee,0.1776
2397,97.7800,fl_knee,0.1777
2398,97.8130,fl_knee,0.1777
2399,97.8460,fl_knee,0.1842
2400,97.8790,fl_knee,0.1777
2401,97.9120,fl_knee,0.1776
2402,97.9450,fl_knee,0.1776
2403,97.9780,fl_knee,0.1776
2404,98.0110,fl_knee,0.1776
2405,98.0440,fl_knee,0.1776
2406,98.0770,fl_knee,0.1775
2407,98.1100,fl_knee,0.1810
2408,98.1430,fl_knee,0.1776
2409,98.1760,fl_knee,0.1774
2410,98.2090,fl_knee,0.1776
2411,98.2420,fl_knee,0.1775
2412,98.2750,fl_knee,0.1776
2413,98.3080,fl_knee,0.1776
2414,98.3410,fl_knee,0.1775
2415,98.3740,fl_knee,0.1775
2416,98.4070,fl_knee,0.1775
2417,98.4400,fl_knee,0.1774
2418,98.4730,fl_knee,0.1775
2419,98.5060,fl_knee,0.1775
2420,98.5390,fl_knee,0.1773
2421,98.5720,fl_knee,0.1775
2422,98.6050,fl_knee,0.1775
2423,98.6380,fl_knee,0.1883
2424,98.6710,fl_knee,0.1775
2425,98.7040,fl_knee,0.1774
2426,98.7370,fl_knee,0.1774
2427,98.7700,fl_knee,0.1774
2428,98.8030,fl_knee,0.1774
2429,98.8360,fl_knee,0.1774
2430,98.8690,fl_knee,0.1774
2431,98.9020,fl_knee,0.1773
2432,98.9350,fl_knee,0.1774
2433,98.9680,fl_knee,0.1774
2434,99.0010,fl_knee,0.1773
2435,99.0340,fl_knee,0.1774
2436,99.0670,fl_knee,0.1774
2437,99.1000,fl_knee,0.1772
2438,99.1330,fl_knee,0.1831
2439,99.1660,fl_knee,0.1774
2440,99.1990,fl_knee,0.1772
2441,99.2320,fl_knee,0.1773
2442,103.8520,fl_knee,0.1773
2443,103.8850,fl_knee,0.1773
2444,103.9180,fl_knee,0.1873
2445,103.9510,fl_knee,0.1774
2446,103.9840,fl_knee,0.1774
2447,104.0170,fl_knee,0.1773
2448,104.0500,fl_knee,0.1772
2449,104.0830,fl_knee,0.1774
2450,104.1160,fl_knee,0.1773
2451,104.1490,fl_knee,0.1773
2452,104.1820,fl_knee,0.1773
2453,104.2150,fl_knee,0.1774
2454,104.2480,fl_knee,0.1773
2455,104.2810,fl_knee,0.1772
2456,104.3140,fl_knee,0.1881
2457,104.3470,fl_knee,0.1773
2458,104.3800,fl_knee,0.1772
2459,104.4130,fl_knee,0.1772
2460,104.4460,fl_knee,0.1773
2461,104.4790,fl_knee,0.1773
2462,104.5120,fl_knee,0.1772
2463,104.5450,fl_knee,0.1790
2464,104.5780,fl_knee,0.1785
2465,104.6110,fl_knee,0.1779
2466,104.6440,fl_knee,0.1778
2467,104.6770,fl_knee,0.1777
2468,104.7100,fl_knee,0.1779
2469,104.7430,fl_knee,0.1779
2470,104.7760,fl_knee,0.1777
2471,104.8090,fl_knee,0.1776
2472,104.8420,fl_knee,0.1778
2473,104.8750,fl_knee,0.1778
2474,104.9080,fl_knee,0.1778
2475,104.9410,fl_knee,0.1777
2476,104.9740,fl_knee,0.1777
2477,105.0070,fl_knee,0.1778
2478,105.0400,fl_knee,0.1778
2479,105.0730,fl_knee,0.1777
2480,105.1060,fl_knee,0.1776
2481,105.1390,fl_knee,0.1778
2482,105.1720,fl_knee,0.1778
2483,105.2050,fl_knee,0.1812
2484,105.2380,fl_knee,0.1798
2485,105.2710,fl_knee,0.1793
2486,105.3040,fl_knee,0.1784
2487,105.3370,fl_knee,0.1782
2488,105.3700,fl_knee,0.1782
2489,105.4030,fl_knee,0.1781
2490,105.4360,fl_knee,0.1782
2491,105.4690,fl_knee,0.1782
2492,105.5020,fl_knee,0.1782
2493,105.5350,fl_knee,0.1781
2494,105.5680,fl_knee,0.1780
2495,105.6010,fl_knee,0.1782
2496,105.6340,fl_knee,0.1782
2497,105.6670,fl_knee,0.1782
2498,105.7000,fl_knee,0.1780
2499,105.7330,fl_knee,0.1780
2500,105.7660,fl_knee,0.1781
2501,105.7990,fl_knee,0.1782
2502,105.8320,fl_knee,0.1782
2503,105.8650,fl_knee,0.1781
2504,105.8980,fl_knee,0.1781
2505,105.9310,fl_knee,0.1782
2506,105.9640,fl_knee,0.1782
2507,105.9970,fl_knee,0.1782
2508,106.0300,fl_knee,0.1781
2509,106.0630,fl_knee,0.1781
2510,106.0960,fl_knee,0.1782
2511,106.1290,fl_knee,0.1782
2512,106.1620,fl_knee,0.1782
2513,106.1950,fl_knee,0.1781
2514,106.2280,fl_knee,0.1781
2515,106.2610,fl_knee,0.1782
2516,106.2940,fl_knee,0.1782
2517,106.3270,fl_knee,0.1782
2518,106.3600,fl_knee,0.1781
2519,106.3930,fl_knee,0.1781
2520,106.4260,fl_knee,0.1782
2521,106.4590,fl_knee,0.1782
2522,106.4920,fl_knee,0.1782
2523,106.5250,fl_knee,0.1781
2524,106.5580,fl_knee,0.1781
2525,106.5910,fl_knee,0.1782
2526,106.6240,fl_knee,0.1782
2527,106.6570,fl_knee,0.1814
2528,106.6900,fl_knee,0.1810
2529,106.7230,fl_knee,0.1799
2530,106.7560,fl_knee,0.1789
2531,106.7890,fl_knee,0.1788
2532,106.8220,fl_knee,0.1787
2533,106.8550,fl_knee,0.1786
2534,106.8880,fl_knee,0.1786
2535,106.9210,fl_knee,0.1785
2536,106.9540,fl_knee,0.1786
2537,106.9870,fl_knee,0.1787
2538,107.0200,fl_knee,0.1786
2539,107.0530,fl_knee,0.1785
2540,107.0860,fl_knee,0.1785
2541,107.1190,fl_knee,0.1786
2542,107.1520,fl_knee,0.1786
2543,107.1850,fl_knee,0.1786
2544,107.2180,fl_knee,0.1785
2545,107.2510,fl_knee,0.1785
2546,107.2840,fl_knee,0.1785
2547,107.3170,fl_knee,0.1786
2548,107.3500,fl_knee,0.1786
2549,107.3830,fl_knee,0.1786
2550,107.4160,fl_knee,0.1785
2551,107.4490,fl_knee,0.1785
2552,107.4820,fl_knee,0.1785
2553,107.5150,fl_knee,0.1786
2554,107.5480,fl_knee,0.1786
2555,107.5810,fl_knee,0.1786
2556,107.6140,fl_knee,0.1785
2557,107.6470,fl_knee,0.1785
2558,107.6800,fl_knee,0.1844
2559,107.7130,fl_knee,0.1786
2560,107.7460,fl_knee,0.1786
2561,107.7790,fl_knee,0.1785
2562,107.8120,fl_knee,0.1785
2563,107.8450,fl_knee,0.1785
2564,107.8780,fl_knee,0.1786
2565,107.9110,fl_knee,0.1786
2566,107.9440,fl_knee,0.1786
2567,107.9770,fl_knee,0.1785
2568,108.0100,fl_knee,0.1784
2569,108.0430,fl_knee,0.1784
2570,108.0760,fl_knee,0.1785
2571,108.1090,fl_knee,0.1785
2572,108.1420,fl_knee,0.1785
2573,108.1750,fl_knee,0.1784
2574,108.2080,fl_knee,0.1784
2575,108.2410,fl_knee,0.1785
2576,108.2740,fl_knee,0.1785
2577,108.3070,fl_knee,0.1785
2578,108.3400,fl_knee,0.1784
2579,108.3730,fl_knee,0.1783
2580,108.4060,fl_knee,0.1818
2581,108.4390,fl_knee,0.1790
2582,108.4720,fl_knee,0.1790
2583,108.5050,fl_knee,0.1790
2584,108.5380,fl_knee,0.1789
2585,108.5710,fl_knee,0.1788
2586,108.6040,fl_knee,0.1788
2587,108.6370,fl_knee,0.1789
2588,108.6700,fl_knee,0.1789
2589,108.7030,fl_knee,0.1789
2590,108.7360,fl_knee,0.1888
2591,108.7690,fl_knee,0.1831
2592,108.8020,fl_knee,0.1820
2593,108.8350,fl_knee,0.1813
2594,108.8680,fl_knee,0.1809
2595,108.9010,fl_knee,0.1794
2596,108.9340,fl_knee,0.1794
2597,108.9670,fl_knee,0.1793
2598,109.0000,fl_knee,0.1792
2599,109.0330,fl_knee,0.1792
2600,109.0660,fl_knee,0.1792
2601,109.0990,fl_knee,0.1836
2602,109.1320,fl_knee,0.1832
2603,109.1650,fl_knee,0.1824
2604,109.1980,fl_knee,0.1798
2605,109.2310,fl_knee,0.1798
2606,109.2640,fl_knee,0.1798
2607,109.2970,fl_knee,0.1797
2608,109.3300,fl_knee,0.1797
2609,109.3630,fl_knee,0.1796
2610,109.3960,fl_knee,0.1796
2611,109.4290,fl_knee,0.1796
2612,109.4620,fl_knee,0.1796
2613,109.4950,fl_knee,0.1796
2614,109.5280,fl_knee,0.1797
2615,109.5610,fl_knee,0.1797
2616,109.5940,fl_knee,0.1797
2617,109.6270,fl_knee,0.1796
2618,109.6600,fl_knee,0.1796
2619,109.6930,fl_knee,0.1796
2620,109.7260,fl_knee,0.1796
2621,109.7590,fl_knee,0.1795
2622,109.7920,fl_knee,0.1795
2623,109.8250,fl_knee,0.1795
2624,109.8580,fl_knee,0.1797
2625,109.8910,fl_knee,0.1797
2626,109.9240,fl_knee,0.1797
2627,109.9570,fl_knee,0.1796
2628,109.9900,fl_knee,0.1796
2629,110.0230,fl_knee,0.1795
2630,110.0560,fl_knee,0.1795
2631,110.0890,fl_knee,0.1795
2632,110.1220,fl_knee,0.1795
2633,110.1550,fl_knee,0.1795
2634,110.1880,fl_knee,0.1795
2635,110.2210,fl_knee,0.1791
2636,110.2540,fl_knee,0.1791
2637,110.2870,fl_knee,0.1791
2638,110.3200,fl_knee,0.1791
2639,110.3530,fl_knee,0.1809
2640,110.3860,fl_knee,0.1812
2641,110.4190,fl_knee,0.1874
2642,110.4520,fl_knee,0.1841
2643,110.4850,fl_knee,0.1837
2644,110.5180,fl_knee,0.1834
2645,110.5510,fl_knee,0.1833
2646,110.5840,fl_knee,0.1840
2647,110.6170,fl_knee,0.1857
2648,110.6500,fl_knee,0.1855
2649,110.6830,fl_knee,0.1851
2650,110.7160,fl_knee,0.1874
2651,110.7490,fl_knee,0.1871
2652,110.7820,fl_knee,0.1867
2653,111.5410,fl_knee,0.1919
2654,111.5740,fl_knee,0.1922
2655,111.6070,fl_knee,0.1923
2656,111.6400,fl_knee,0.1925
2657,111.6730,fl_knee,0.1926
2658,111.7060,fl_knee,0.1926
2659,111.7390,fl_knee,0.1927
2660,111.7720,fl_knee,0.1927
2661,111.8050,fl_knee,0.1927
2662,111.8380,fl_knee,0.1928
2663,111.8710,fl_knee,0.1928
2664,111.9040,fl_knee,0.1928
2665,111.9370,fl_knee,0.1928
2666,111.9700,fl_knee,0.1928
2667,112.0030,fl_knee,0.1895
2668,112.0360,fl_knee,0.1928
2669,112.0690,fl_knee,0.1929
2670,112.1020,fl_knee,0.1929
2671,112.1350,fl_knee,0.1929
2672,112.1680,fl_knee,0.1929
2673,112.2010,fl_knee,0.1929
2674,112.2340,fl_knee,0.1929
2675,112.2670,fl_knee,0.1918
2676,112.3000,fl_knee,0.1915
2677,112.3330,fl_knee,0.1913
2678,112.3660,fl_knee,0.1912
2679,112.3990,fl_knee,0.1910
2680,112.4320,fl_knee,0.1909
2681,112.4650,fl_knee,0.1909
2682,112.4980,fl_knee,0.1908
2683,112.5310,fl_knee,0.1908
2684,112.5640,fl_knee,0.1907
2685,112.5970,fl_knee,0.1907
2686,112.6300,fl_knee,0.1906
2687,112.6630,fl_knee,0.1906
2688,112.6960,fl_knee,0.1906
2689,112.7290,fl_knee,0.1905
2690,112.7620,fl_knee,0.1905
2691,112.7950,fl_knee,0.1905
2692,112.8280,fl_knee,0.1905
2693,112.8610,fl_knee,0.1905
2694,112.8940,fl_knee,0.1904
2695,112.9270,fl_knee,0.1904
2696,112.9600,fl_knee,0.1904
2697,112.9930,fl_knee,0.1904
2698,113.0260,fl_knee,0.1904
2699,113.0590,fl_knee,0.1904
2700,113.0920,fl_knee,0.1903
2701,113.1250,fl_knee,0.1903
2702,113.1580,fl_knee,0.1903
2703,113.1910,fl_knee,0.1903
2704,113.2240,fl_knee,0.1903
2705,113.2570,fl_knee,0.1903
2706,113.2900,fl_knee,0.1903
2707,113.3230,fl_knee,0.1903
2708,113.3560,fl_knee,0.1902
2709,113.3890,fl_knee,0.1902
2710,113.4220,fl_knee,0.1902
2711,113.4550,fl_knee,0.1902
2712,113.4880,fl_knee,0.1902
2713,113.5210,fl_knee,0.1902
2714,113.5540,fl_knee,0.1902
2715,113.5870,fl_knee,0.1902
2716,113.6200,fl_knee,0.1901
2717,113.6530,fl_knee,0.1901
2718,113.6860,fl_knee,0.1901
2719,113.7190,fl_knee,0.1901
2720,113.7520,fl_knee,0.1901
2721,113.7850,fl_knee,0.1901
2722,113.8180,fl_knee,0.1901
2723,113.8510,fl_knee,0.1901
2724,113.8840,fl_knee,0.1901
2725,113.9170,fl_knee,0.1900
2726,113.9500,fl_knee,0.1900
2727,113.9830,fl_knee,0.1900
2728,114.0160,fl_knee,0.1900
2729,114.0490,fl_knee,0.1900
2730,114.0820,fl_knee,0.1900
2731,114.1150,fl_knee,0.1900
2732,114.1480,fl_knee,0.1900
2733,114.1810,fl_knee,0.1900
2734,114.2140,fl_knee,0.1900
2735,114.2470,fl_knee,0.1899
2736,114.2800,fl_knee,0.1899
2737,114.3130,fl_knee,0.1899
2738,114.3460,fl_knee,0.1899
2739,114.3790,fl_knee,0.1899
2740,114.4120,fl_knee,0.1899
2741,114.4450,fl_knee,0.1899
2742,114.4780,fl_knee,0.1899
2743,114.5110,fl_knee,0.1899
2744,114.5440,fl_knee,0.1899
2745,114.5770,fl_knee,0.1899
2746,114.6100,fl_knee,0.1898
2747,114.6430,fl_knee,0.1898
2748,114.6760,fl_knee,0.1898
2749,114.7090,fl_knee,0.1898
2750,114.7420,fl_knee,0.1898
2751,114.7750,fl_knee,0.1898
2752,114.8080,fl_knee,0.1898
2753,114.8410,fl_knee,0.1898
2754,114.8740,fl_knee,0.1898
2755,114.9070,fl_knee,0.1898
2756,114.9400,fl_knee,0.1897
2757,114.9730,fl_knee,0.1897
2758,115.0060,fl_knee,0.1897
2759,115.0390,fl_knee,0.1897
2760,115.0720,fl_knee,0.1897
2761,115.1050,fl_knee,0.1897
2762,115.1380,fl_knee,0.1897
2763,115.1710,fl_knee,0.1897
2764,115.2040,fl_knee,0.1897
2765,115.2370,fl_knee,0.1897
2766,115.2700,fl_knee,0.1897
2767,115.3030,fl_knee,0.1896
2768,115.3360,fl_knee,0.1896
2769,115.3690,fl_knee,0.1896
2770,115.4020,fl_knee,0.1896
2771,115.4350,fl_knee,0.1896
2772,115.4680,fl_knee,0.1896
2773,115.5010,fl_knee,0.1896
2774,115.5340,fl_knee,0.1896
2775,115.5670,fl_knee,0.1896
2776,115.6000,fl_knee,0.1896
2777,115.6330,fl_knee,0.1896
2778,115.6660,fl_knee,0.1895
2779,115.6990,fl_knee,0.1895
2780,115.7320,fl_knee,0.1895
2781,115.7650,fl_knee,0.1895
2782,115.7980,fl_knee,0.1895
2783,115.8310,fl_knee,0.1895
2784,115.8640,fl_knee,0.1895
2785,115.8970,fl_knee,0.1895
2786,115.9300,fl_knee,0.1895
2787,115.9630,fl_knee,0.1895
2788,115.9960,fl_knee,0.1895
2789,116.0290,fl_knee,0.1894
2790,116.0620,fl_knee,0.1894
2791,116.0950,fl_knee,0.1894
2792,116.1280,fl_knee,0.1894
2793,116.1610,fl_knee,0.1894
2794,116.1940,fl_knee,0.1894
2795,116.2270,fl_knee,0.1894
2796,116.2600,fl_knee,0.1894
2797,116.2930,fl_knee,0.1894
2798,116.3260,fl_knee,0.1894
2799,116.3590,fl_knee,0.1894
2800,116.3920,fl_knee,0.1893
2801,116.4250,fl_knee,0.1893
2802,116.4580,fl_knee,0.1893
2803,116.4910,fl_knee,0.1893
2804,116.5240,fl_knee,0.1893
2805,116.5570,fl_knee,0.1893
2806,116.5900,fl_knee,0.1893
2807,116.6230,fl_knee,0.1893
2808,116.6560,fl_knee,0.1893
2809,116.6890,fl_knee,0.1893
2810,116.7220,fl_knee,0.1893
2811,116.7550,fl_knee,0.1892
2812,116.7880,fl_knee,0.1892
2813,116.8210,fl_knee,0.1892
2814,116.8540,fl_knee,0.1892
2815,116.8870,fl_knee,0.1892
2816,116.9200,fl_knee,0.1892
2817,116.9530,fl_knee,0.1892
2818,116.9860,fl_knee,0.1892
2819,117.0190,fl_knee,0.1892
2820,117.0520,fl_knee,0.1892
2821,117.0850,fl_knee,0.1892
2822,117.1180,fl_knee,0.1891
2823,117.1510,fl_knee,0.1891
2824,117.1840,fl_knee,0.1891
2825,117.2170,fl_knee,0.1891
2826,117.2500,fl_knee,0.1891
2827,117.2830,fl_knee,0.1891
2828,117.3160,fl_knee,0.1891
2829,117.3490,fl_knee,0.1891
2830,117.3820,fl_knee,0.1891
2831,117.4150,fl_knee,0.1891
2832,117.4480,fl_knee,0.1891
2833,117.4810,fl_knee,0.1890
2834,117.5140,fl_knee,0.1890
2835,117.5470,fl_knee,0.1890
2836,117.5800,fl_knee,0.1890
2837,117.6130,fl_knee,0.1890
2838,117.6460,fl_knee,0.1890
2839,117.6790,fl_knee,0.1890
2840,117.7120,fl_knee,0.1890
2841,117.7450,fl_knee,0.1890
2842,117.7780,fl_knee,0.1890
2843,117.8110,fl_knee,0.1890
2844,117.8440,fl_knee,0.1889
2845,117.8770,fl_knee,0.1889
2846,117.9100,fl_knee,0.1889
2847,117.9430,fl_knee,0.1889
2848,117.9760,fl_knee,0.1889
2849,118.0090,fl_knee,0.1889
2850,118.0420,fl_knee,0.1889
2851,118.0750,fl_knee,0.1889
2852,118.1080,fl_knee,0.1889
2853,118.1410,fl_knee,0.1889
2854,118.1740,fl_knee,0.1889
2855,118.2070,fl_knee,0.1888
2856,118.2400,fl_knee,0.1888
2857,118.2730,fl_knee,0.1888
2858,118.3060,fl_knee,0.1888
2859,118.3390,fl_knee,0.1888
2860,118.3720,fl_knee,0.1888
2861,118.4050,fl_knee,0.1888
2862,118.4380,fl_knee,0.1888
2863,118.4710,fl_knee,0.1888
2864,118.5040,fl_knee,0.1888
2865,118.5370,fl_knee,0.1888
2866,118.5700,fl_knee,0.1887
2867,118.6030,fl_knee,0.1887
2868,118.6360,fl_knee,0.1887
2869,118.6690,fl_knee,0.1887
2870,118.7020,fl_knee,0.1887
2871,118.7350,fl_knee,0.1887
2872,118.7680,fl_knee,0.1887
2873,118.8010,fl_knee,0.1887
2874,118.8340,fl_knee,0.1887
2875,118.8670,fl_knee,0.1887
2876,118.9000,fl_knee,0.1887
2877,118.9330,fl_knee,0.1886
2878,118.9660,fl_knee,0.1886
2879,118.9990,fl_knee,0.1886
2880,119.0320,fl_knee,0.1886
2881,119.0650,fl_knee,0.1886
2882,119.0980,fl_knee,0.1886
2883,119.1310,fl_knee,0.1886
2884,119.1640,fl_knee,0.1886
2885,119.1970,fl_knee,0.1886
2886,119.2300,fl_knee,0.1886
2887,119.2630,fl_knee,0.1886
2888,119.2960,fl_knee,0.1886
2889,119.3290,fl_knee,0.1885
2890,119.3620,fl_knee,0.1885
2891,119.3950,fl_knee,0.1885
2892,119.4280,fl_knee,0.1885
2893,119.4610,fl_knee,0.1885
2894,119.4940,fl_knee,0.1885
2895,119.5270,fl_knee,0.1885
2896,119.5600,fl_knee,0.1885
2897,119.5930,fl_knee,0.1885
2898,119.6260,fl_knee,0.1885
2899,119.6590,fl_knee,0.1885
2900,119.6920,fl_knee,0.1884
2901,119.7250,fl_knee,0.1884
2902,119.7580,fl_knee,0.1884
2903,119.7910,fl_knee,0.1884
2904,119.8240,fl_knee,0.1884
2905,119.8570,fl_knee,0.1884
2906,119.8900,fl_knee,0.1884
2907,119.9230,fl_knee,0.1884
2908,119.9560,fl_knee,0.1884
2909,119.9890,fl_knee,0.1884
2910,120.0220,fl_knee,0.1883
2911,120.0550,fl_knee,0.1883
2912,120.0880,fl_knee,0.1883
2913,120.1210,fl_knee,0.1883
2914,120.1540,fl_knee,0.1883
2915,120.1870,fl_knee,0.1883
2916,120.2200,fl_knee,0.1883
2917,120.2530,fl_knee,0.1883
2918,120.2860,fl_knee,0.1883
2919,120.3190,fl_knee,0.1883
2920,120.3520,fl_knee,0.1883
2921,120.3850,fl_knee,0.1883
2922,120.4180,fl_knee,0.1882
2923,120.4510,fl_knee,0.1882
2924,120.4840,fl_knee,0.1882
2925,120.5170,fl_knee,0.1882
2926,120.5500,fl_knee,0.1882
2927,120.5830,fl_knee,0.1882
2928,120.6160,fl_knee,0.1882
2929,120.6490,fl_knee,0.1882
2930,120.6820,fl_knee,0.1882
2931,120.7150,fl_knee,0.1882
2932,120.7480,fl_knee,0.1882
2933,120.7810,fl_knee,0.1881
2934,120.8140,fl_knee,0.1881
2935,120.8470,fl_knee,0.1881
2936,120.8800,fl_knee,0.1881
2937,120.9130,fl_knee,0.1881
2938,120.9460,fl_knee,0.1881
2939,120.9790,fl_knee,0.1881
2940,121.0120,fl_knee,0.1881
2941,121.0450,fl_knee,0.1881
2942,121.0780,fl_knee,0.1881
2943,121.1110,fl_knee,0.1881
2944,121.1440,fl_knee,0.1881
2945,121.1770,fl_knee,0.1880
2946,121.2100,fl_knee,0.1880
2947,121.2430,fl_knee,0.1880
2948,121.2760,fl_knee,0.1880
2949,121.3090,fl_knee,0.1880
2950,121.3420,fl_knee,0.1880
2951,121.3750,fl_knee,0.1880
2952,121.4080,fl_knee,0.1880
2953,121.4410,fl_knee,0.1880
2954,121.4740,fl_knee,0.1880
2955,121.5070,fl_knee,0.1879
2956,121.5400,fl_knee,0.1879
2957,121.5730,fl_knee,0.1879
2958,121.6060,fl_knee,0.1879
2959,121.6390,fl_knee,0.1879
2960,121.6720,fl_knee,0.1879
2961,121.7050,fl_knee,0.1879
2962,121.7380,fl_knee,0.1879
2963,121.7710,fl_knee,0.1879
2964,121.8040,fl_knee,0.1879
2965,121.8370,fl_knee,0.1878
2966,121.8700,fl_knee,0.1878
2967,121.9030,fl_knee,0.1878
2968,121.9360,fl_knee,0.1878
2969,121.9690,fl_knee,0.1878
2970,122.0020,fl_knee,0.1877
2971,122.0350,fl_knee,0.1877
2972,122.0680,fl_knee,0.1877
2973,122.1010,fl_knee,0.1877
2974,122.1340,fl_knee,0.1877
2975,122.1670,fl_knee,0.1876
2976,122.2000,fl_knee,0.1876
2977,122.2330,fl_knee,0.1876
2978,122.2660,fl_knee,0.1876
2979,122.2990,fl_knee,0.1876
2980,122.3320,fl_knee,0.1875
2981,122.3650,fl_knee,0.1875
2982,122.3980,fl_knee,0.1875
2983,122.4310,fl_knee,0.1875
2984,122.4640,fl_knee,0.1875
2985,122.4970,fl_knee,0.1874
2986,122.5300,fl_knee,0.1874
2987,122.5630,fl_knee,0.1874
2988,122.5960,fl_knee,0.1874
2989,122.6290,fl_knee,0.1874
2990,122.6620,fl_knee,0.1874
2991,122.6950,fl_knee,0.1874
2992,122.7280,fl_knee,0.1874
2993,122.7610,fl_knee,0.1874
2994,122.7940,fl_knee,0.1874
2995,122.8270,fl_knee,0.1875
2996,122.8600,fl_knee,0.1875
2997,122.8930,fl_knee,0.1875
2998,122.9260,fl_knee,0.1875
2999,122.9590,fl_knee,0.1875
3000,122.9920,fl_knee,0.1875
3001,123.0250,fl_knee,0.1875
3002,123.0580,fl_knee,0.1875
3003,123.0910,fl_knee,0.1876
3004,123.1240,fl_knee,0.1876
3005,123.1570,fl_knee,0.1876
3006,123.1900,fl_knee,0.1876
3007,123.2230,fl_knee,0.1876
3008,123.2560,fl_knee,0.1876
3009,123.2890,fl_knee,0.1876
3010,123.3220,fl_knee,0.1877
3011,123.3550,fl_knee,0.1877
3012,123.3880,fl_knee,0.1877
3013,123.4210,fl_knee,0.1877
3014,123.4540,fl_knee,0.1877
3015,123.4870,fl_knee,0.1877
3016,123.5200,fl_knee,0.1877
3017,123.5530,fl_knee,0.1878
3018,123.5860,fl_knee,0.1878
3019,123.6190,fl_knee,0.1878
3020,123.6520,fl_knee,0.1878
3021,123.6850,fl_knee,0.1878
3022,123.7180,fl_knee,0.1878
3023,123.7510,fl_knee,0.1878
3024,123.7840,fl_knee,0.1879
3025,123.8170,fl_knee,0.1879
3026,123.8500,fl_knee,0.1879
3027,123.8830,fl_knee,0.1879
3028,123.9160,fl_knee,0.1879
3029,123.9490,fl_knee,0.1879
3030,123.9820,fl_knee,0.1879
3031,124.0150,fl_knee,0.1879
3032,124.0480,fl_knee,0.1880
3033,124.0810,fl_knee,0.1880
3034,124.1140,fl_knee,0.1880
3035,124.1470,fl_knee,0.1880
3036,124.1800,fl_knee,0.1880
3037,124.2130,fl_knee,0.1880
3038,124.2460,fl_knee,0.1880
3039,124.2790,fl_knee,0.1881
3040,124.3120,fl_knee,0.1881
3041,124.3450,fl_knee,0.1881
3042,124.3780,fl_knee,0.1881
3043,124.4110,fl_knee,0.1881
3044,124.4440,fl_knee,0.1881
3045,124.4770,fl_knee,0.1881
3046,124.5100,fl_knee,0.1882
3047,124.5430,fl_knee,0.1882
3048,124.5760,fl_knee,0.1882
3049,124.6090,fl_knee,0.1882
3050,124.6420,fl_knee,0.1882
3051,124.6750,fl_knee,0.1882
3052,124.7080,fl_knee,0.1882
3053,124.7410,fl_knee,0.1882
3054,124.7740,fl_knee,0.1883
3055,124.8070,fl_knee,0.1883
3056,124.8400,fl_knee,0.1883
3057,124.8730,fl_knee,0.1883
3058,124.9060,fl_knee,0.1883
3059,124.9390,fl_knee,0.1883
3060,124.9720,fl_knee,0.1883
3061,125.0050,fl_knee,0.1884
3062,125.0380,fl_knee,0.1884
3063,125.0710,fl_knee,0.1884
3064,125.1040,fl_knee,0.1884
3065,125.1370,fl_knee,0.1884
3066,125.1700,fl_knee,0.1884
3067,125.2030,fl_knee,0.1884
3068,125.2360,fl_knee,0.1885
3069,125.2690,fl_knee,0.1885
3070,125.3020,fl_knee,0.1885
3071,125.3350,fl_knee,0.1885
3072,125.3680,fl_knee,0.1885
3073,125.4010,fl_knee,0.1885
3074,125.4340,fl_knee,0.1885
3075,125.4670,fl_knee,0.1886
3076,125.5000,fl_knee,0.1886
3077,125.5330,fl_knee,0.1886
3078,125.5660,fl_knee,0.1886
3079,125.5990,fl_knee,0.1886
3080,125.6320,fl_knee,0.1886
3081,125.6650,fl_knee,0.1886
3082,125.6980,fl_knee,0.1886
3083,125.7310,fl_knee,0.1887
3084,125.7640,fl_knee,0.1887
3085,125.7970,fl_knee,0.1887
3086,125.8300,fl_knee,0.1887
3087,125.8630,fl_knee,0.1887
3088,125.8960,fl_knee,0.1887
3089,125.9290,fl_knee,0.1887
3090,125.9620,fl_knee,0.1888
3091,125.9950,fl_knee,0.1888
3092,126.0280,fl_knee,0.1888
3093,126.0610,fl_knee,0.1888
3094,126.0940,fl_knee,0.1888
3095,126.1270,fl_knee,0.1888
3096,126.1600,fl_knee,0.1888
3097,126.1930,fl_knee,0.1889
3098,126.2260,fl_knee,0.1889
3099,126.2590,fl_knee,0.1889
3100,126.2920,fl_knee,0.1889
3101,126.3250,fl_knee,0.1889
3102,126.3580,fl_knee,0.1889
3103,126.3910,fl_knee,0.1889
3104,126.4240,fl_knee,0.1889
3105,126.4570,fl_knee,0.1890
3106,126.4900,fl_knee,0.1890
3107,126.5230,fl_knee,0.1890
3108,126.5560,fl_knee,0.1890
3109,126.5890,fl_knee,0.1890
3110,126.6220,fl_knee,0.1890
3111,126.6550,fl_knee,0.1890
3112,126.6880,fl_knee,0.1891
3113,126.7210,fl_knee,0.1891
3114,126.7540,fl_knee,0.1891
3115,126.7870,fl_knee,0.1891
3116,126.8200,fl_knee,0.1891
3117,126.8530,fl_knee,0.1891
3118,126.8860,fl_knee,0.1891
3119,126.9190,fl_knee,0.1892
3120,126.9520,fl_knee,0.1892
3121,126.9850,fl_knee,0.1892
3122,127.0180,fl_knee,0.1892
3123,127.0510,fl_knee,0.1892
3124,127.0840,fl_knee,0.1892
3125,127.1170,fl_knee,0.1892
3126,127.1500,fl_knee,0.1892
3127,127.1830,fl_knee,0.1892
3128,127.2160,fl_knee,0.1892
3129,127.2490,fl_knee,0.1892
3130,127.2820,fl_knee,0.1892
3131,127.3150,fl_knee,0.1892
3132,127.3480,fl_knee,0.1892
3133,127.3810,fl_knee,0.1892
3134,127.4140,fl_knee,0.1892
3135,127.4470,fl_knee,0.1892
3136,127.4800,fl_knee,0.1892
3137,127.5130,fl_knee,0.1892
3138,127.5460,fl_knee,0.1892
3139,127.5790,fl_knee,0.1892
3140,127.6120,fl_knee,0.1892
3141,127.6450,fl_knee,0.1892
3142,127.6780,fl_knee,0.1892
3143,127.7110,fl_knee,0.1892
3144,127.7440,fl_knee,0.1892
3145,127.7770,fl_knee,0.1892
3146,127.8100,fl_knee,0.1892
3147,127.8430,fl_knee,0.1892
3148,127.8760,fl_knee,0.1892
3149,127.9090,fl_knee,0.1892
3150,127.9420,fl_knee,0.1892
3151,127.9750,fl_knee,0.1892
3152,128.0080,fl_knee,0.1892
3153,128.0410,fl_knee,0.1892
3154,128.0740,fl_knee,0.1893
3155,128.1070,fl_knee,0.1893
3156,128.1400,fl_knee,0.1893
3157,128.1730,fl_knee,0.1893
3158,128.2060,fl_knee,0.1893
3159,128.2390,fl_knee,0.1893
3160,128.2720,fl_knee,0.1893
3161,128.3050,fl_knee,0.1893
3162,128.3380,fl_knee,0.1893
3163,128.3710,fl_knee,0.1893
3164,128.4040,fl_knee,0.1893
3165,128.4370,fl_knee,0.1893
3166,128.4700,fl_knee,0.1893
3167,128.5030,fl_knee,0.1893
3168,128.5360,fl_knee,0.1893
3169,128.5690,fl_knee,0.1893
3170,128.6020,fl_knee,0.1893
3171,128.6350,fl_knee,0.1893
3172,128.6680,fl_knee,0.1893
3173,128.7010,fl_knee,0.1893
3174,128.7340,fl_knee,0.1893
3175,128.7670,fl_knee,0.1893
3176,128.8000,fl_knee,0.1893
3177,128.8330,fl_knee,0.1893
3178,128.8660,fl_knee,0.1893
3179,128.8990,fl_knee,0.1893
3180,128.9320,fl_knee,0.1893
3181,128.9650,fl_knee,0.1893
3182,128.9980,fl_knee,0.1893
3183,129.0310,fl_knee,0.1893
3184,129.0640,fl_knee,0.1893
3185,129.0970,fl_knee,0.1893
3186,129.1300,fl_knee,0.1893
3187,129.1630,fl_knee,0.1893
3188,129.1960,fl_knee,0.1893
3189,129.2290,fl_knee,0.1893
3190,129.2620,fl_knee,0.1893
3191,129.2950,fl_knee,0.1893
3192,129.3280,fl_knee,0.1893
3193,129.3610,fl_knee,0.1893
3194,129.3940,fl_knee,0.1893
3195,129.4270,fl_knee,0.1893
3196,129.4600,fl_knee,0.1893
3197,129.4930,fl_knee,0.1893
3198,129.5260,fl_knee,0.1893
3199,129.5590,fl_knee,0.1893
3200,129.5920,fl_knee,0.1893
3201,129.6250,fl_knee,0.1893
3202,129.6580,fl_knee,0.1893
3203,129.6910,fl_knee,0.1893
3204,129.7240,fl_knee,0.1893
3205,129.7570,fl_knee,0.1893
3206,129.7900,fl_knee,0.1893
3207,129.8230,fl_knee,0.1893
3208,129.8560,fl_knee,0.1893
3209,129.8890,fl_knee,0.1893
3210,129.9220,fl_knee,0.1893
3211,129.9550,fl_knee,0.1893
3212,129.9880,fl_knee,0.1893
3213,130.0210,fl_knee,0.1893
3214,130.0540,fl_knee,0.1893
3215,130.0870,fl_knee,0.1893
3216,130.1200,fl_knee,0.1893
3217,130.1530,fl_knee,0.1893
3218,130.1860,fl_knee,0.1893
3219,130.2190,fl_knee,0.1893
3220,130.2520,fl_knee,0.1893
3221,130.2850,fl_knee,0.1894
3222,130.3180,fl_knee,0.1894
3223,130.3510,fl_knee,0.1894
3224,130.3840,fl_knee,0.1894
3225,130.4170,fl_knee,0.1894
3226,130.4500,fl_knee,0.1894
3227,130.4830,fl_knee,0.1894
3228,130.5160,fl_knee,0.1894
3229,130.5490,fl_knee,0.1894
3230,130.5820,fl_knee,0.1894
3231,130.6150,fl_knee,0.1894
3232,130.6480,fl_knee,0.1894
3233,130.6810,fl_knee,0.1894
3234,130.7140,fl_knee,0.1894
3235,130.7470,fl_knee,0.1894
3236,130.7800,fl_knee,0.1894
3237,130.8130,fl_knee,0.1894
3238,130.8460,fl_knee,0.1894
3239,130.8790,fl_knee,0.1894
3240,130.9120,fl_knee,0.1894
3241,130.9450,fl_knee,0.1894
3242,130.9780,fl_knee,0.1894
3243,131.0110,fl_knee,0.1894
3244,131.0440,fl_knee,0.1894
3245,131.0770,fl_knee,0.1894
3246,131.1100,fl_knee,0.1894
3247,131.1430,fl_knee,0.1894
3248,131.1760,fl_knee,0.1894
3249,131.2090,fl_knee,0.1894
3250,131.2420,fl_knee,0.1894
3251,131.2750,fl_knee,0.1894
3252,131.3080,fl_knee,0.1894
3253,131.3410,fl_knee,0.1894
3254,131.3740,fl_knee,0.1894
3255,131.4070,fl_knee,0.1894
3256,131.4400,fl_knee,0.1894
3257,131.4730,fl_knee,0.1894
3258,131.5060,fl_knee,0.1894
3259,131.5390,fl_knee,0.1894
3260,131.5720,fl_knee,0.1895
3261,131.6050,fl_knee,0.1895
3262,131.6380,fl_knee,0.1895
3263,131.6710,fl_knee,0.1895
3264,131.7040,fl_knee,0.1895
3265,131.7370,fl_knee,0.1895
3266,131.7700,fl_knee,0.1895
3267,131.8030,fl_knee,0.1895
3268,131.8360,fl_knee,0.1895
3269,131.8690,fl_knee,0.1895
3270,131.9020,fl_knee,0.1895
3271,131.9350,fl_knee,0.1895
3272,131.9680,fl_knee,0.1895
3273,132.0010,fl_knee,0.1895
3274,132.0340,fl_knee,0.1895
3275,132.0670,fl_knee,0.1895
3276,132.1000,fl_knee,0.1895
3277,132.1330,fl_knee,0.1895
3278,132.1660,fl_knee,0.1895
3279,132.1990,fl_knee,0.1895
3280,132.2320,fl_knee,0.1895
3281,132.2650,fl_knee,0.1895
3282,132.2980,fl_knee,0.1896
3283,132.3310,fl_knee,0.1896
3284,132.3640,fl_knee,0.1896
3285,132.3970,fl_knee,0.1896
3286,132.4300,fl_knee,0.1896
3287,132.4630,fl_knee,0.1896
3288,132.4960,fl_knee,0.1896
3289,132.5290,fl_knee,0.1896
3290,132.5620,fl_knee,0.1896
3291,132.5950,fl_knee,0.1896
3292,132.6280,fl_knee,0.1896
3293,132.6610,fl_knee,0.1896
3294,132.6940,fl_knee,0.1896
3295,132.7270,fl_knee,0.1896
3296,132.7600,fl_knee,0.1896
3297,132.7930,fl_knee,0.1896
3298,132.8260,fl_knee,0.1896
3299,132.8590,fl_knee,0.1896
3300,132.8920,fl_knee,0.1896
3301,132.9250,fl_knee,0.1896
3302,132.9580,fl_knee,0.1896
3303,132.9910,fl_knee,0.1897
3304,133.0240,fl_knee,0.1897
3305,133.0570,fl_knee,0.1897
3306,133.0900,fl_knee,0.1897
3307,133.1230,fl_knee,0.1897
3308,133.1560,fl_knee,0.1897
3309,133.1890,fl_knee,0.1897
3310,133.2220,fl_knee,0.1897
3311,133.2550,fl_knee,0.1897
3312,133.2880,fl_knee,0.1897
3313,133.3210,fl_knee,0.1897
3314,133.3540,fl_knee,0.1897
3315,133.3870,fl_knee,0.1897
3316,133.4200,fl_knee,0.1897
3317,133.4530,fl_knee,0.1897
3318,133.4860,fl_knee,0.1897
3319,133.5190,fl_knee,0.1897
3320,133.5520,fl_knee,0.1897
3321,133.5850,fl_knee,0.1897
3322,133.6180,fl_knee,0.1897
3323,133.6510,fl_knee,0.1897
3324,133.6840,fl_knee,0.1897
3325,133.7170,fl_knee,0.1898
3326,133.7500,fl_knee,0.1898
3327,133.7830,fl_knee,0.1898
3328,133.8160,fl_knee,0.1898
3329,133.8490,fl_knee,0.1898
3330,133.8820,fl_knee,0.1898
3331,133.9150,fl_knee,0.1898
3332,133.9480,fl_knee,0.1898
3333,133.9810,fl_knee,0.1898
3334,134.0140,fl_knee,0.1898
3335,134.0470,fl_knee,0.1898
3336,134.0800,fl_knee,0.1898
3337,134.1130,fl_knee,0.1898
3338,134.1460,fl_knee,0.1898
3339,134.1790,fl_knee,0.1898
3340,134.2120,fl_knee,0.1898
3341,134.2450,fl_knee,0.1898
3342,134.2780,fl_knee,0.1898
3343,134.3110,fl_knee,0.1898
3344,134.3440,fl_knee,0.1898
3345,134.3770,fl_knee,0.1898
3346,134.4100,fl_knee,0.1899
3347,134.4430,fl_knee,0.1899
3348,134.4760,fl_knee,0.1899
3349,134.5090,fl_knee,0.1899
3350,134.5420,fl_knee,0.1899
3351,134.5750,fl_knee,0.1899
3352,134.6080,fl_knee,0.1899
3353,134.6410,fl_knee,0.1899
3354,134.6740,fl_knee,0.1899
3355,134.7070,fl_knee,0.1899
3356,134.7400,fl_knee,0.1899
3357,134.7730,fl_knee,0.1899
3358,134.8060,fl_knee,0.1899
3359,134.8390,fl_knee,0.1899
3360,134.8720,fl_knee,0.1899
3361,134.9050,fl_knee,0.1899
3362,134.9380,fl_knee,0.1899
3363,134.9710,fl_knee,0.1899
3364,135.0040,fl_knee,0.1899
3365,135.0370,fl_knee,0.1899
3366,135.0700,fl_knee,0.1899
3367,135.1030,fl_knee,0.1899
3368,135.1360,fl_knee,0.1900
3369,135.1690,fl_knee,0.1900
3370,135.2020,fl_knee,0.1900
3371,135.2350,fl_knee,0.1900
3372,135.2680,fl_knee,0.1900
3373,135.3010,fl_knee,0.1900
3374,135.3340,fl_knee,0.1900
3375,135.3670,fl_knee,0.1900
3376,135.4000,fl_knee,0.1900
3377,135.4330,fl_knee,0.1900
3378,135.4660,fl_knee,0.1900
3379,135.4990,fl_knee,0.1900
3380,135.5320,fl_knee,0.1900
3381,135.5650,fl_knee,0.1900
3382,135.5980,fl_knee,0.1900
3383,135.6310,fl_knee,0.1900
3384,135.6640,fl_knee,0.1900
3385,135.6970,fl_knee,0.1900
3386,135.7300,fl_knee,0.1900
3387,135.7630,fl_knee,0.1900
3388,135.7960,fl_knee,0.1900
3389,135.8290,fl_knee,0.1901
3390,135.8620,fl_knee,0.1901
3391,135.8950,fl_knee,0.1901
3392,135.9280,fl_knee,0.1901
3393,135.9610,fl_knee,0.1901
3394,135.9940,fl_knee,0.1901
3395,136.0270,fl_knee,0.1901
3396,136.0600,fl_knee,0.1901
3397,136.0930,fl_knee,0.1901
3398,136.1260,fl_knee,0.1901
3399,136.1590,fl_knee,0.1901
3400,136.1920,fl_knee,0.1901
3401,136.2250,fl_knee,0.1901
3402,136.2580,fl_knee,0.1901
3403,136.2910,fl_knee,0.1901
3404,136.3240,fl_knee,0.1901
3405,136.3570,fl_knee,0.1901
3406,136.3900,fl_knee,0.1901
3407,136.4230,fl_knee,0.1901
3408,136.4560,fl_knee,0.1901
3409,136.4890,fl_knee,0.1901
3410,136.5220,fl_knee,0.1901
3411,136.5550,fl_knee,0.1902
3412,136.5880,fl_knee,0.1902
3413,136.6210,fl_knee,0.1902
3414,136.6540,fl_knee,0.1902
3415,136.6870,fl_knee,0.1902
3416,136.7200,fl_knee,0.1902
3417,136.7530,fl_knee,0.1902
3418,136.7860,fl_knee,0.1902
3419,136.8190,fl_knee,0.1902
3420,136.8520,fl_knee,0.1902
3421,136.8850,fl_knee,0.1902
3422,136.9180,fl_knee,0.1902
3423,136.9510,fl_knee,0.1902
3424,136.9840,fl_knee,0.1902
3425,137.0170,fl_knee,0.1902
3426,137.0500,fl_knee,0.1902
3427,137.0830,fl_knee,0.1902
3428,137.1160,fl_knee,0.1902
3429,137.1490,fl_knee,0.1902
3430,137.1820,fl_knee,0.1902
3431,137.2150,fl_knee,0.1902
3432,137.2480,fl_knee,0.1903
3433,137.2810,fl_knee,0.1903
3434,137.3140,fl_knee,0.1903
3435,137.3470,fl_knee,0.1903
3436,137.3800,fl_knee,0.1903
3437,137.4130,fl_knee,0.1903
3438,137.4460,fl_knee,0.1903
3439,137.4790,fl_knee,0.1903
3440,137.5120,fl_knee,0.1903
3441,137.5450,fl_knee,0.1903
3442,137.5780,fl_knee,0.1903
3443,137.6110,fl_knee,0.1903
3444,137.6440,fl_knee,0.1903
3445,137.6770,fl_knee,0.1903
3446,137.7100,fl_knee,0.1903
3447,137.7430,fl_knee,0.1903
3448,137.7760,fl_knee,0.1903
3449,137.8090,fl_knee,0.1903
3450,137.8420,fl_knee,0.1903
3451,137.8750,fl_knee,0.1903
3452,137.9080,fl_knee,0.1903
3453,137.9410,fl_knee,0.1903
3454,137.9740,fl_knee,0.1904
3455,138.0070,fl_knee,0.1904
3456,138.0400,fl_knee,0.1904
3457,138.0730,fl_knee,0.1904
3458,138.1060,fl_knee,0.1904
3459,138.1390,fl_knee,0.1904
3460,138.1720,fl_knee,0.1904
3461,138.2050,fl_knee,0.1904
3462,138.2380,fl_knee,0.1904
3463,138.2710,fl_knee,0.1904
3464,138.3040,fl_knee,0.1904
3465,138.3370,fl_knee,0.1904
3466,138.3700,fl_knee,0.1904
3467,138.4030,fl_knee,0.1904
3468,138.4360,fl_knee,0.1904
3469,138.4690,fl_knee,0.1904
3470,138.5020,fl_knee,0.1904
3471,138.5350,fl_knee,0.1904
3472,138.5680,fl_knee,0.1904
3473,138.6010,fl_knee,0.1904
3474,138.6340,fl_knee,0.1904
3475,138.6670,fl_knee,0.1905
3476,138.7000,fl_knee,0.1905
3477,138.7330,fl_knee,0.1905
3478,138.7660,fl_knee,0.1905
3479,138.7990,fl_knee,0.1905
3480,138.8320,fl_knee,0.1905
3481,138.8650,fl_knee,0.1905
3482,138.8980,fl_knee,0.1905
3483,138.9310,fl_knee,0.1905
3484,138.9640,fl_knee,0.1905
3485,138.9970,fl_knee,0.1905
3486,139.0300,fl_knee,0.1905
3487,139.0630,fl_knee,0.1905
3488,139.0960,fl_knee,0.1905
3489,139.1290,fl_knee,0.1905
3490,139.1620,fl_knee,0.1905
3491,139.1950,fl_knee,0.1905
3492,139.2280,fl_knee,0.1905
3493,139.2610,fl_knee,0.1905
3494,139.2940,fl_knee,0.1905
3495,139.3270,fl_knee,0.1905
3496,139.3600,fl_knee,0.1905
3497,139.3930,fl_knee,0.1906
3498,139.4260,fl_knee,0.1906
3499,139.4590,fl_knee,0.1906
3500,139.4920,fl_knee,0.1906
3501,139.5250,fl_knee,0.1906
3502,139.5580,fl_knee,0.1906
3503,139.5910,fl_knee,0.1906
3504,139.6240,fl_knee,0.1906
3505,139.6570,fl_knee,0.1906
3506,139.6900,fl_knee,0.1906
3507,139.7230,fl_knee,0.1906
3508,139.7560,fl_knee,0.1906
3509,139.7890,fl_knee,0.1906
3510,139.8220,fl_knee,0.1906
3511,139.8550,fl_knee,0.1906
3512,139.8880,fl_knee,0.1906
3513,139.9210,fl_knee,0.1906
3514,139.9540,fl_knee,0.1906
3515,139.9870,fl_knee,0.1906
3516,140.0200,fl_knee,0.1906
3517,140.0530,fl_knee,0.1906
3518,140.0860,fl_knee,0.1907
3519,140.1190,fl_knee,0.1907
3520,140.1520,fl_knee,0.1907
3521,140.1850,fl_knee,0.1907
3522,140.2180,fl_knee,0.1907
3523,140.2510,fl_knee,0.1907
3524,140.2840,fl_knee,0.1907
3525,140.3170,fl_knee,0.1907
3526,140.3500,fl_knee,0.1907
3527,140.3830,fl_knee,0.1907
3528,140.4160,fl_knee,0.1907
3529,140.4490,fl_knee,0.1907
3530,140.4820,fl_knee,0.1907
3531,140.5150,fl_knee,0.1907
3532,140.5480,fl_knee,0.1907
3533,140.5810,fl_knee,0.1907
3534,140.6140,fl_knee,0.1907
3535,140.6470,fl_knee,0.1907
3536,140.6800,fl_knee,0.1907
3537,140.7130,fl_knee,0.1907
3538,140.7460,fl_knee,0.1907
3539,140.7790,fl_knee,0.1907
3540,140.8120,fl_knee,0.1908
3541,140.8450,fl_knee,0.1908
3542,140.8780,fl_knee,0.1908
3543,140.9110,fl_knee,0.1908
3544,140.9440,fl_knee,0.1908
3545,140.9770,fl_knee,0.1908
3546,141.0100,fl_knee,0.1908
3547,141.0430,fl_knee,0.1908
3548,141.0760,fl_knee,0.1908
3549,141.1090,fl_knee,0.1908
3550,141.1420,fl_knee,0.1908
3551,141.1750,fl_knee,0.1908
3552,141.2080,fl_knee,0.1908
3553,141.2410,fl_knee,0.1908
3554,141.2740,fl_knee,0.1908
3555,141.3070,fl_knee,0.1908
3556,141.3400,fl_knee,0.1908
3557,141.3730,fl_knee,0.1908
3558,141.4060,fl_knee,0.1908
3559,141.4390,fl_knee,0.1908
3560,141.4720,fl_knee,0.1908
3561,141.5050,fl_knee,0.1909
3562,141.5380,fl_knee,0.1909
3563,141.5710,fl_knee,0.1909
3564,141.6040,fl_knee,0.1909
3565,141.6370,fl_knee,0.1909
3566,141.6700,fl_knee,0.1909
3567,141.7030,fl_knee,0.1909
3568,141.7360,fl_knee,0.1909
3569,141.7690,fl_knee,0.1909
3570,141.8020,fl_knee,0.1909
3571,141.8350,fl_knee,0.1909
3572,141.8680,fl_knee,0.1909
3573,141.9010,fl_knee,0.1909
3574,141.9340,fl_knee,0.1909
3575,141.9670,fl_knee,0.1909
3576,142.0000,fl_knee,0.1909
3577,142.0330,fl_knee,0.1909
3578,142.0660,fl_knee,0.1909
3579,142.0990,fl_knee,0.1909
3580,142.1320,fl_knee,0.1909
3581,142.1650,fl_knee,0.1909
3582,142.1980,fl_knee,0.1909
3583,142.2310,fl_knee,0.1910
3584,142.2640,fl_knee,0.1910
3585,142.2970,fl_knee,0.1910
3586,142.3300,fl_knee,0.1910
3587,142.3630,fl_knee,0.1910
3588,142.3960,fl_knee,0.1910
3589,142.4290,fl_knee,0.1910
3590,142.4620,fl_knee,0.1910
3591,142.4950,fl_knee,0.1910
3592,142.5280,fl_knee,0.1910
3593,142.5610,fl_knee,0.1910
3594,142.5940,fl_knee,0.1910
3595,142.6270,fl_knee,0.1910
3596,142.6600,fl_knee,0.1910
3597,142.6930,fl_knee,0.1910
3598,142.7260,fl_knee,0.1910
3599,142.7590,fl_knee,0.1910
3600,142.7920,fl_knee,0.1910
3601,142.8250,fl_knee,0.1910
3602,142.8580,fl_knee,0.1910
3603,142.8910,fl_knee,0.1910
3604,142.9240,fl_knee,0.1911
3605,142.9570,fl_knee,0.1911
3606,142.9900,fl_knee,0.1911
3607,143.0230,fl_knee,0.1911
3608,143.0560,fl_knee,0.1911
3609,143.0890,fl_knee,0.1911
3610,143.1220,fl_knee,0.1911
3611,143.1550,fl_knee,0.1911
3612,143.1880,fl_knee,0.1911
3613,143.2210,fl_knee,0.1911
3614,143.2540,fl_knee,0.1911
3615,143.2870,fl_knee,0.1911
3616,143.3200,fl_knee,0.1911
3617,143.3530,fl_knee,0.1911
3618,143.3860,fl_knee,0.1911
3619,143.4190,fl_knee,0.1911
3620,143.4520,fl_knee,0.1911
3621,143.4850,fl_knee,0.1911
3622,143.5180,fl_knee,0.1911
3623,143.5510,fl_knee,0.1911
3624,143.5840,fl_knee,0.1911
3625,143.6170,fl_knee,0.1911
3626,143.6500,fl_knee,0.1912
3627,143.6830,fl_knee,0.1912
3628,143.7160,fl_knee,0.1912
3629,143.7490,fl_knee,0.1912
3630,143.7820,fl_knee,0.1912
3631,143.8150,fl_knee,0.1912
3632,143.8480,fl_knee,0.1912
3633,143.8810,fl_knee,0.1912
3634,143.9140,fl_knee,0.1912
3635,143.9470,fl_knee,0.1912
3636,143.9800,fl_knee,0.1912
3637,144.0130,fl_knee,0.1912
3638,144.0460,fl_knee,0.1912
3639,144.0790,fl_knee,0.1912
3640,144.1120,fl_knee,0.1912
3641,144.1450,fl_knee,0.1912
3642,144.1780,fl_knee,0.1912
3643,144.2110,fl_knee,0.1912
3644,144.2440,fl_knee,0.1912
3645,144.2770,fl_knee,0.1912
3646,144.3100,fl_knee,0.1912
3647,144.3430,fl_knee,0.1912
3648,144.3760,fl_knee,0.1913
3649,144.4090,fl_knee,0.1913
3650,144.4420,fl_knee,0.1913
3651,144.4750,fl_knee,0.1913
3652,144.5080,fl_knee,0.1913
3653,144.5410,fl_knee,0.1913
3654,144.5740,fl_knee,0.1913
3655,144.6070,fl_knee,0.1913
3656,144.6400,fl_knee,0.1913
3657,144.6730,fl_knee,0.1913
3658,144.7060,fl_knee,0.1913
3659,144.7390,fl_knee,0.1913
3660,144.7720,fl_knee,0.1913
3661,144.8050,fl_knee,0.1913
3662,144.8380,fl_knee,0.1913
3663,144.8710,fl_knee,0.1913
3664,144.9040,fl_knee,0.1913
3665,144.9370,fl_knee,0.1913
3666,144.9700,fl_knee,0.1913
3667,145.0030,fl_knee,0.1913
3668,145.0360,fl_knee,0.1913
3669,145.0690,fl_knee,0.1914
3670,145.1020,fl_knee,0.1914
3671,145.1350,fl_knee,0.1914
3672,145.1680,fl_knee,0.1914
3673,145.2010,fl_knee,0.1914
3674,145.2340,fl_knee,0.1914
3675,145.2670,fl_knee,0.1914
3676,145.3000,fl_knee,0.1914
3677,145.3330,fl_knee,0.1914
3678,145.3660,fl_knee,0.1914
3679,145.3990,fl_knee,0.1914
3680,145.4320,fl_knee,0.1914
3681,145.4650,fl_knee,0.1914
3682,145.4980,fl_knee,0.1914
3683,145.5310,fl_knee,0.1914
3684,145.5640,fl_knee,0.1914
3685,145.5970,fl_knee,0.1914
3686,145.6300,fl_knee,0.1914
3687,145.6630,fl_knee,0.1914
3688,145.6960,fl_knee,0.1914
3689,145.7290,fl_knee,0.1914
3690,145.7620,fl_knee,0.1914
3691,145.7950,fl_knee,0.1915
3692,145.8280,fl_knee,0.1915
3693,145.8610,fl_knee,0.1915
3694,145.8940,fl_knee,0.1915
3695,145.9270,fl_knee,0.1915
3696,145.9600,fl_knee,0.1915
3697,145.9930,fl_knee,0.1915
3698,146.0260,fl_knee,0.1915
3699,146.0590,fl_knee,0.1915
3700,146.0920,fl_knee,0.1915
3701,146.1250,fl_knee,0.1915
3702,146.1580,fl_knee,0.1915
3703,146.1910,fl_knee,0.1915
3704,146.2240,fl_knee,0.1915
3705,146.2570,fl_knee,0.1915
3706,146.2900,fl_knee,0.1915
3707,146.3230,fl_knee,0.1915
3708,146.3560,fl_knee,0.1915
3709,146.3890,fl_knee,0.1915
3710,146.4220,fl_knee,0.1915
3711,146.4550,fl_knee,0.1915
3712,146.4880,fl_knee,0.1916
3713,146.5210,fl_knee,0.1916
3714,146.5540,fl_knee,0.1916
3715,146.5870,fl_knee,0.1916
3716,146.6200,fl_knee,0.1916
3717,146.6530,fl_knee,0.1916
3718,146.6860,fl_knee,0.1916
3719,146.7190,fl_knee,0.1916
3720,146.7520,fl_knee,0.1916
3721,146.7850,fl_knee,0.1916
3722,146.8180,fl_knee,0.1916
3723,146.8510,fl_knee,0.1916
3724,146.8840,fl_knee,0.1916
3725,146.9170,fl_knee,0.1916
3726,146.9500,fl_knee,0.1916
3727,146.9830,fl_knee,0.1916
3728,147.0160,fl_knee,0.1916
3729,147.0490,fl_knee,0.1916
3730,147.0820,fl_knee,0.1916
3731,147.1150,fl_knee,0.1916
3732,147.1480,fl_knee,0.1916
3733,147.1810,fl_knee,0.1916
3734,147.2140,fl_knee,0.1917
3735,147.2470,fl_knee,0.1917
3736,147.2800,fl_knee,0.1917
3737,147.3130,fl_knee,0.1917
3738,147.3460,fl_knee,0.1917
3739,147.3790,fl_knee,0.1917
3740,147.4120,fl_knee,0.1917
3741,147.4450,fl_knee,0.1917
3742,147.4780,fl_knee,0.1917
3743,147.5110,fl_knee,0.1917
3744,147.5440,fl_knee,0.1917
3745,147.5770,fl_knee,0.1914
3746,147.6100,fl_knee,0.1913
3747,147.6430,fl_knee,0.1912
3748,147.6760,fl_knee,0.1912
3749,147.7090,fl_knee,0.1911
3750,147.7420,fl_knee,0.1911
3751,147.7750,fl_knee,0.1911
3752,147.8080,fl_knee,0.1911
3753,147.8410,fl_knee,0.1911
3754,147.8740,fl_knee,0.1911
3755,147.9070,fl_knee,0.1911
3756,147.9400,fl_knee,0.1911
3757,147.9730,fl_knee,0.1911
3758,148.0060,fl_knee,0.1911
3759,148.0390,fl_knee,0.1911
3760,148.0720,fl_knee,0.1911
3761,148.1050,fl_knee,0.1911
3762,148.1380,fl_knee,0.1911
3763,148.1710,fl_knee,0.1911
3764,148.2040,fl_knee,0.1912
3765,148.2370,fl_knee,0.1912
3766,148.2700,fl_knee,0.1912
3767,148.3030,fl_knee,0.1912
3768,148.3360,fl_knee,0.1912
3769,148.3690,fl_knee,0.1912
3770,148.4020,fl_knee,0.1912
3771,148.4350,fl_knee,0.1912
3772,148.4680,fl_knee,0.1912
3773,148.5010,fl_knee,0.1912
3774,148.5340,fl_knee,0.1912
3775,148.5670,fl_knee,0.1913
3776,148.6000,fl_knee,0.1913
3777,148.6330,fl_knee,0.1913
3778,148.6660,fl_knee,0.1913
3779,148.6990,fl_knee,0.1913
3780,148.7320,fl_knee,0.1913
3781,148.7650,fl_knee,0.1913
3782,148.7980,fl_knee,0.1913
3783,148.8310,fl_knee,0.1913
3784,148.8640,fl_knee,0.1913
3785,148.8970,fl_knee,0.1914
3786,148.9300,fl_knee,0.1914
3787,148.9630,fl_knee,0.1914
3788,148.9960,fl_knee,0.1914
3789,149.0290,fl_knee,0.1914
3790,149.0620,fl_knee,0.1914
3791,149.0950,fl_knee,0.1914
3792,149.1280,fl_knee,0.1914
3793,149.1610,fl_knee,0.1914
3794,149.1940,fl_knee,0.1914
3795,149.2270,fl_knee,0.1915
3796,149.2600,fl_knee,0.1915
3797,149.2930,fl_knee,0.1915
3798,149.3260,fl_knee,0.1915
3799,149.3590,fl_knee,0.1915
3800,149.3920,fl_knee,0.1915
3801,149.4250,fl_knee,0.1915
3802,149.4580,fl_knee,0.1915
3803,149.4910,fl_knee,0.1915
3804,149.5240,fl_knee,0.1915
3805,149.5570,fl_knee,0.1916
3806,149.5900,fl_knee,0.1916
3807,149.6230,fl_knee,0.1916
3808,149.6560,fl_knee,0.1916
3809,149.6890,fl_knee,0.1916
3810,149.7220,fl_knee,0.1916
3811,149.7550,fl_knee,0.1916
3812,149.7880,fl_knee,0.1916
3813,149.8210,fl_knee,0.1916
3814,149.8540,fl_knee,0.1916
3815,149.8870,fl_knee,0.1916
3816,149.9200,fl_knee,0.1916
3817,149.9530,fl_knee,0.1916
3818,149.9860,fl_knee,0.1917
3819,150.0190,fl_knee,0.1917
3820,150.0520,fl_knee,0.1917
3821,150.0850,fl_knee,0.1917
3822,150.1180,fl_knee,0.1917
3823,150.1510,fl_knee,0.1917
3824,150.1840,fl_knee,0.1917
3825,150.2170,fl_knee,0.1917
3826,150.2500,fl_knee,0.1917
3827,150.2830,fl_knee,0.1917
3828,150.3160,fl_knee,0.1917
3829,150.3490,fl_knee,0.1917
3830,150.3820,fl_knee,0.1917
3831,150.4150,fl_knee,0.1918
3832,150.4480,fl_knee,0.1918
3833,150.4810,fl_knee,0.1918
3834,150.5140,fl_knee,0.1918
3835,150.5470,fl_knee,0.1918
3836,150.5800,fl_knee,0.1918
3837,150.6130,fl_knee,0.1918
3838,150.6460,fl_knee,0.1918
3839,150.6790,fl_knee,0.1918
3840,150.7120,fl_knee,0.1918
3841,150.7450,fl_knee,0.1919
3842,150.7780,fl_knee,0.1919
3843,150.8110,fl_knee,0.1919
3844,150.8440,fl_knee,0.1919
3845,150.8770,fl_knee,0.1919
3846,150.9100,fl_knee,0.1919
3847,150.9430,fl_knee,0.1919
3848,150.9760,fl_knee,0.1919
3849,151.0090,fl_knee,0.1919
3850,151.0420,fl_knee,0.1919
3851,151.0750,fl_knee,0.1919
3852,151.1080,fl_knee,0.1920
3853,151.1410,fl_knee,0.1920
3854,151.1740,fl_knee,0.1920
3855,151.2070,fl_knee,0.1920
3856,151.2400,fl_knee,0.1920
3857,151.2730,fl_knee,0.1920
3858,151.3060,fl_knee,0.1920
3859,151.3390,fl_knee,0.1920
3860,151.3720,fl_knee,0.1920
3861,151.4050,fl_knee,0.1920
3862,151.4380,fl_knee,0.1920
3863,151.4710,fl_knee,0.1921
3864,151.5040,fl_knee,0.1921
3865,151.5370,fl_knee,0.1921
3866,151.5700,fl_knee,0.1921
3867,151.6030,fl_knee,0.1921
3868,151.6360,fl_knee,0.1921
3869,151.6690,fl_knee,0.1921
3870,151.7020,fl_knee,0.1921
3871,151.7350,fl_knee,0.1921
3872,151.7680,fl_knee,0.1921
3873,151.8010,fl_knee,0.1922
3874,151.8340,fl_knee,0.1922
3875,151.8670,fl_knee,0.1922
3876,151.9000,fl_knee,0.1922
3877,151.9330,fl_knee,0.1922
3878,151.9660,fl_knee,0.1922
3879,151.9990,fl_knee,0.1922
3880,152.0320,fl_knee,0.1922
3881,152.0650,fl_knee,0.1922
3882,152.0980,fl_knee,0.1922
3883,152.1310,fl_knee,0.1922
3884,152.1640,fl_knee,0.1922
3885,152.1970,fl_knee,0.1923
3886,152.2300,fl_knee,0.1923
3887,152.2630,fl_knee,0.1923
3888,152.2960,fl_knee,0.1923
3889,152.3290,fl_knee,0.1923
3890,152.3620,fl_knee,0.1923
3891,152.3950,fl_knee,0.1923
3892,152.4280,fl_knee,0.1923
3893,152.4610,fl_knee,0.1923
3894,152.4940,fl_knee,0.1923
3895,152.5270,fl_knee,0.1924
3896,152.5600,fl_knee,0.1924
3897,152.5930,fl_knee,0.1924
3898,152.6260,fl_knee,0.1924
3899,152.6590,fl_knee,0.1924
3900,152.6920,fl_knee,0.1924
3901,152.7250,fl_knee,0.1924
3902,152.7580,fl_knee,0.1924
3903,152.7910,fl_knee,0.1924
3904,152.8240,fl_knee,0.1924
3905,152.8570,fl_knee,0.1924
3906,152.8900,fl_knee,0.1924
3907,152.9230,fl_knee,0.1924
3908,152.9560,fl_knee,0.1924
3909,152.9890,fl_knee,0.1924
3910,153.0220,fl_knee,0.1925
3911,153.0550,fl_knee,0.1925
3912,153.0880,fl_knee,0.1925
3913,153.1210,fl_knee,0.1925
3914,153.1540,fl_knee,0.1925
3915,153.1870,fl_knee,0.1925
3916,153.2200,fl_knee,0.1925
3917,153.2530,fl_knee,0.1925
3918,153.2860,fl_knee,0.1925
3919,153.3190,fl_knee,0.1925
3920,153.3520,fl_knee,0.1925
3921,153.3850,fl_knee,0.1925
3922,153.4180,fl_knee,0.1925
3923,153.4510,fl_knee,0.1925
3924,153.4840,fl_knee,0.1925
3925,153.5170,fl_knee,0.1926
3926,153.5500,fl_knee,0.1926
3927,153.5830,fl_knee,0.1926
3928,153.6160,fl_knee,0.1926
3929,153.6490,fl_knee,0.1926
3930,153.6820,fl_knee,0.1926
3931,153.7150,fl_knee,0.1926
3932,153.7480,fl_knee,0.1926
3933,153.7810,fl_knee,0.1926
3934,153.8140,fl_knee,0.1926
3935,153.8470,fl_knee,0.1926
3936,153.8800,fl_knee,0.1926
3937,153.9130,fl_knee,0.1926
3938,153.9460,fl_knee,0.1926
3939,153.9790,fl_knee,0.1926
3940,154.0120,fl_knee,0.1927
3941,154.0450,fl_knee,0.1927
3942,154.0780,fl_knee,0.1927
3943,154.1110,fl_knee,0.1927
3944,154.1440,fl_knee,0.1927
3945,154.1770,fl_knee,0.1927
3946,154.2100,fl_knee,0.1927
3947,154.2430,fl_knee,0.1927
3948,154.2760,fl_knee,0.1927
3949,154.3090,fl_knee,0.1927
3950,154.3420,fl_knee,0.1927
3951,154.3750,fl_knee,0.1927
3952,154.4080,fl_knee,0.1927
3953,154.4410,fl_knee,0.1927
3954,154.4740,fl_knee,0.1927
3955,154.5070,fl_knee,0.1927
3956,154.5400,fl_knee,0.1928
3957,154.5730,fl_knee,0.1928
3958,154.6060,fl_knee,0.1928
3959,154.6390,fl_knee,0.1928
3960,154.6720,fl_knee,0.1928
3961,154.7050,fl_knee,0.1928
3962,154.7380,fl_knee,0.1928
3963,154.7710,fl_knee,0.1928
3964,154.8040,fl_knee,0.1928
3965,154.8370,fl_knee,0.1928
3966,154.8700,fl_knee,0.1928
3967,154.9030,fl_knee,0.1928
3968,154.9360,fl_knee,0.1928
3969,154.9690,fl_knee,0.1928
3970,155.0020,fl_knee,0.1928
3971,155.0350,fl_knee,0.1929
3972,155.0680,fl_knee,0.1929
3973,155.1010,fl_knee,0.1929
3974,155.1340,fl_knee,0.1929
3975,155.1670,fl_knee,0.1929
3976,155.2000,fl_knee,0.1929
3977,155.2330,fl_knee,0.1929
3978,155.2660,fl_knee,0.1929
3979,155.2990,fl_knee,0.1929
3980,155.3320,fl_knee,0.1929
3981,155.3650,fl_knee,0.1929
3982,155.3980,fl_knee,0.1929
3983,155.4310,fl_knee,0.1929
3984,155.4640,fl_knee,0.1929
3985,155.4970,fl_knee,0.1929
3986,155.5300,fl_knee,0.1930
3987,155.5630,fl_knee,0.1930
3988,155.5960,fl_knee,0.1930
3989,155.6290,fl_knee,0.1930
3990,155.6620,fl_knee,0.1930
3991,155.6950,fl_knee,0.1930
3992,155.7280,fl_knee,0.1930
3993,155.7610,fl_knee,0.1930
3994,155.7940,fl_knee,0.1930
3995,155.8270,fl_knee,0.1930
3996,155.8600,fl_knee,0.1930
3997,155.8930,fl_knee,0.1930
3998,155.9260,fl_knee,0.1930
3999,155.9590,fl_knee,0.1930
4000,155.9920,fl_knee,0.1930
4001,156.0250,fl_knee,0.1930
4002,156.0580,fl_knee,0.1931
4003,156.0910,fl_knee,0.1931
4004,156.1240,fl_knee,0.1931
4005,156.1570,fl_knee,0.1931
4006,156.1900,fl_knee,0.1931
4007,156.2230,fl_knee,0.1931
4008,156.2560,fl_knee,0.1931
4009,156.2890,fl_knee,0.1931
4010,156.3220,fl_knee,0.1931
4011,156.3550,fl_knee,0.1931
4012,156.3880,fl_knee,0.1931
4013,156.4210,fl_knee,0.1931
4014,156.4540,fl_knee,0.1931
4015,156.4870,fl_knee,0.1931
4016,156.5200,fl_knee,0.1931
4017,156.5530,fl_knee,0.1931
4018,156.5860,fl_knee,0.1931
4019,156.6190,fl_knee,0.1931
4020,156.6520,fl_knee,0.1931
4021,156.6850,fl_knee,0.1931
4022,156.7180,fl_knee,0.1932
4023,156.7510,fl_knee,0.1932
4024,156.7840,fl_knee,0.1932
4025,156.8170,fl_knee,0.1932
4026,156.8500,fl_knee,0.1932
4027,156.8830,fl_knee,0.1932
4028,156.9160,fl_knee,0.1932
4029,156.9490,fl_knee,0.1932
4030,156.9820,fl_knee,0.1932
4031,157.0150,fl_knee,0.1932
4032,157.0480,fl_knee,0.1932
4033,157.0810,fl_knee,0.1932
4034,157.1140,fl_knee,0.1932
4035,157.1470,fl_knee,0.1932
4036,157.1800,fl_knee,0.1932
4037,157.2130,fl_knee,0.1932
4038,157.2460,fl_knee,0.1932
4039,157.2790,fl_knee,0.1932
4040,157.3120,fl_knee,0.1932
4041,157.3450,fl_knee,0.1932
4042,157.3780,fl_knee,0.1932
4043,157.4110,fl_knee,0.1932
4044,157.4440,fl_knee,0.1932
4045,157.4770,fl_knee,0.1932
4046,157.5100,fl_knee,0.1933
4047,157.5430,fl_knee,0.1933
4048,157.5760,fl_knee,0.1933
4049,157.6090,fl_knee,0.1933
4050,157.6420,fl_knee,0.1933
4051,157.6750,fl_knee,0.1933
4052,157.7080,fl_knee,0.1933
4053,157.7410,fl_knee,0.1933
4054,157.7740,fl_knee,0.1933
4055,157.8070,fl_knee,0.1933
4056,157.8400,fl_knee,0.1933
4057,157.8730,fl_knee,0.1933
4058,157.9060,fl_knee,0.1933
4059,157.9390,fl_knee,0.1933
4060,157.9720,fl_knee,0.1933
4061,158.0050,fl_knee,0.1933
4062,158.0380,fl_knee,0.1933
4063,158.0710,fl_knee,0.1933
4064,158.1040,fl_knee,0.1933
4065,158.1370,fl_knee,0.1933
4066,158.1700,fl_knee,0.1933
4067,158.2030,fl_knee,0.1933
4068,158.2360,fl_knee,0.1933
4069,158.2690,fl_knee,0.1933
4070,158.3020,fl_knee,0.1933
4071,158.3350,fl_knee,0.1933
4072,158.3680,fl_knee,0.1933
4073,158.4010,fl_knee,0.1934
4074,158.4340,fl_knee,0.1934
4075,158.4670,fl_knee,0.1934
4076,158.5000,fl_knee,0.1934
4077,158.5330,fl_knee,0.1934
4078,158.5660,fl_knee,0.1934
4079,158.5990,fl_knee,0.1934
4080,158.6320,fl_knee,0.1934
4081,158.6650,fl_knee,0.1934
4082,158.6980,fl_knee,0.1934
4083,158.7310,fl_knee,0.1934
4084,158.7640,fl_knee,0.1934
4085,158.7970,fl_knee,0.1934
4086,158.8300,fl_knee,0.1934
4087,158.8630,fl_knee,0.1934
4088,158.8960,fl_knee,0.1934
4089,158.9290,fl_knee,0.1934
4090,158.9620,fl_knee,0.1934
4091,158.9950,fl_knee,0.1934
4092,159.0280,fl_knee,0.1934
4093,159.0610,fl_knee,0.1934
4094,159.0940,fl_knee,0.1934
4095,159.1270,fl_knee,0.1934
4096,159.1600,fl_knee,0.1934
4097,159.1930,fl_knee,0.1934
4098,159.2260,fl_knee,0.1934
4099,159.2590,fl_knee,0.1934
4100,159.2920,fl_knee,0.1935
4101,159.3250,fl_knee,0.1935
4102,159.3580,fl_knee,0.1935
4103,159.3910,fl_knee,0.1935
4104,159.4240,fl_knee,0.1935
4105,159.4570,fl_knee,0.1935
4106,159.4900,fl_knee,0.1935
4107,159.5230,fl_knee,0.1935
4108,159.5560,fl_knee,0.1935
4109,159.5890,fl_knee,0.1935
4110,159.6220,fl_knee,0.1935
4111,159.6550,fl_knee,0.1935
4112,159.6880,fl_knee,0.1935
4113,159.7210,fl_knee,0.1935
4114,159.7540,fl_knee,0.1935
4115,159.7870,fl_knee,0.1935
4116,159.8200,fl_knee,0.1935
4117,159.8530,fl_knee,0.1935
4118,159.8860,fl_knee,0.1935
4119,159.9190,fl_knee,0.1935
4120,159.9520,fl_knee,0.1935
4121,159.9850,fl_knee,0.1935
4122,160.0180,fl_knee,0.1935
4123,160.0510,fl_knee,0.1935
4124,160.0840,fl_knee,0.1935
4125,160.1170,fl_knee,0.1935
4126,160.1500,fl_knee,0.1935
4127,160.1830,fl_knee,0.1936
4128,160.2160,fl_knee,0.1936
4129,160.2490,fl_knee,0.1936
4130,160.2820,fl_knee,0.1936
4131,160.3150,fl_knee,0.1936
4132,160.3480,fl_knee,0.1936
4133,160.3810,fl_knee,0.1936
4134,160.4140,fl_knee,0.1936
4135,160.4470,fl_knee,0.1936
4136,160.4800,fl_knee,0.1936
4137,160.5130,fl_knee,0.1936
4138,160.5460,fl_knee,0.1936
4139,160.5790,fl_knee,0.1936
4140,160.6120,fl_knee,0.1936
4141,160.6450,fl_knee,0.1936
4142,160.6780,fl_knee,0.1936
4143,160.7110,fl_knee,0.1936
4144,160.7440,fl_knee,0.1936
4145,160.7770,fl_knee,0.1936
4146,160.8100,fl_knee,0.1936
4147,160.8430,fl_knee,0.1936
4148,160.8760,fl_knee,0.1936
4149,160.9090,fl_knee,0.1936
4150,160.9420,fl_knee,0.1936
4151,160.9750,fl_knee,0.1936
4152,161.0080,fl_knee,0.1936
4153,161.0410,fl_knee,0.1936
4154,161.0740,fl_knee,0.1937
4155,161.1070,fl_knee,0.1937
4156,161.1400,fl_knee,0.1937
4157,161.1730,fl_knee,0.1937
4158,161.2060,fl_knee,0.1937
4159,161.2390,fl_knee,0.1937
4160,161.2720,fl_knee,0.1937
4161,161.3050,fl_knee,0.1937
4162,161.3380,fl_knee,0.1937
4163,161.3710,fl_knee,0.1937
4164,161.4040,fl_knee,0.1937
4165,161.4370,fl_knee,0.1937
4166,161.4700,fl_knee,0.1937
4167,161.5030,fl_knee,0.1937
4168,161.5360,fl_knee,0.1937
4169,161.5690,fl_knee,0.1937
4170,161.6020,fl_knee,0.1937
4171,161.6350,fl_knee,0.1937
4172,161.6680,fl_knee,0.1937
4173,161.7010,fl_knee,0.1937
4174,161.7340,fl_knee,0.1937
4175,161.7670,fl_knee,0.1937
4176,161.8000,fl_knee,0.1937
4177,161.8330,fl_knee,0.1937
4178,161.8660,fl_knee,0.1937
4179,161.8990,fl_knee,0.1937
4180,161.9320,fl_knee,0.1937
4181,161.9650,fl_knee,0.1938
4182,161.9980,fl_knee,0.1938
4183,162.0310,fl_knee,0.1938
4184,162.0640,fl_knee,0.1938
4185,162.0970,fl_knee,0.1938
4186,162.1300,fl_knee,0.1938
4187,162.1630,fl_knee,0.1938
4188,162.1960,fl_knee,0.1938
4189,162.2290,fl_knee,0.1938
4190,162.2620,fl_knee,0.1938
4191,162.2950,fl_knee,0.1938
4192,162.3280,fl_knee,0.1938
4193,162.3610,fl_knee,0.1938
4194,162.3940,fl_knee,0.1938
4195,162.4270,fl_knee,0.1938
4196,162.4600,fl_knee,0.1938
4197,162.4930,fl_knee,0.1938
4198,162.5260,fl_knee,0.1938
4199,162.5590,fl_knee,0.1938
4200,162.5920,fl_knee,0.1938
4201,162.6250,fl_knee,0.1938
4202,162.6580,fl_knee,0.1938
4203,162.6910,fl_knee,0.1938
4204,162.7240,fl_knee,0.1938
4205,162.7570,fl_knee,0.1938
4206,162.7900,fl_knee,0.1938
4207,162.8230,fl_knee,0.1938
4208,162.8560,fl_knee,0.1939
4209,162.8890,fl_knee,0.1939
4210,162.9220,fl_knee,0.1939
4211,162.9550,fl_knee,0.1939
4212,162.9880,fl_knee,0.1939
4213,163.0210,fl_knee,0.1939
4214,163.0540,fl_knee,0.1939
4215,163.0870,fl_knee,0.1939
4216,163.1200,fl_knee,0.1939
4217,163.1530,fl_knee,0.1939
4218,163.1860,fl_knee,0.1939
4219,163.2190,fl_knee,0.1939
4220,163.2520,fl_knee,0.1939
4221,163.2850,fl_knee,0.1939
4222,163.3180,fl_knee,0.1939
4223,163.3510,fl_knee,0.1939
4224,163.3840,fl_knee,0.1939
4225,163.4170,fl_knee,0.1939
4226,163.4500,fl_knee,0.1939
4227,163.4830,fl_knee,0.1939
4228,163.5160,fl_knee,0.1939
4229,163.5490,fl_knee,0.1939
4230,163.5820,fl_knee,0.1939
4231,163.6150,fl_knee,0.1939
4232,163.6480,fl_knee,0.1939
4233,163.6810,fl_knee,0.1939
4234,163.7140,fl_knee,0.1940
4235,163.7470,fl_knee,0.1940
4236,163.7800,fl_knee,0.1940
4237,163.8130,fl_knee,0.1940
4238,163.8460,fl_knee,0.1940
4239,163.8790,fl_knee,0.1940
4240,163.9120,fl_knee,0.1940
4241,163.9450,fl_knee,0.1940
4242,163.9780,fl_knee,0.1940
4243,164.0110,fl_knee,0.1940
4244,164.0440,fl_knee,0.1940
4245,164.0770,fl_knee,0.1940
4246,164.1100,fl_knee,0.1940
4247,164.1430,fl_knee,0.1940
4248,164.1760,fl_knee,0.1940
4249,164.2090,fl_knee,0.1940
4250,164.2420,fl_knee,0.1940
4251,164.2750,fl_knee,0.1940
4252,164.3080,fl_knee,0.1940
4253,164.3410,fl_knee,0.1940
4254,164.3740,fl_knee,0.1940
4255,164.4070,fl_knee,0.1940
4256,164.4400,fl_knee,0.1940
4257,164.4730,fl_knee,0.1940
4258,164.5060,fl_knee,0.1940
4259,164.5390,fl_knee,0.1940
4260,164.5720,fl_knee,0.1940
4261,164.6050,fl_knee,0.1940
4262,164.6380,fl_knee,0.1941
4263,164.6710,fl_knee,0.1941
4264,164.7040,fl_knee,0.1941
4265,164.7370,fl_knee,0.1941
4266,164.7700,fl_knee,0.1941
4267,164.8030,fl_knee,0.1941
4268,164.8360,fl_knee,0.1941
4269,164.8690,fl_knee,0.1941
4270,164.9020,fl_knee,0.1941
4271,164.9350,fl_knee,0.1941
4272,164.9680,fl_knee,0.1941
4273,165.0010,fl_knee,0.1941
4274,165.0340,fl_knee,0.1941
4275,165.0670,fl_knee,0.1941
4276,165.1000,fl_knee,0.1941
4277,165.1330,fl_knee,0.1941
4278,165.1660,fl_knee,0.1941
4279,165.1990,fl_knee,0.1941
4280,165.2320,fl_knee,0.1941
4281,165.2650,fl_knee,0.1941
4282,165.2980,fl_knee,0.1941
4283,165.3310,fl_knee,0.1941
4284,165.3640,fl_knee,0.1941
4285,165.3970,fl_knee,0.1941
4286,165.4300,fl_knee,0.1941
4287,165.4630,fl_knee,0.1941
4288,165.4960,fl_knee,0.1942
4289,165.5290,fl_knee,0.1942
4290,165.5620,fl_knee,0.1942
4291,165.5950,fl_knee,0.1942
4292,165.6280,fl_knee,0.1942
4293,165.6610,fl_knee,0.1942
4294,165.6940,fl_knee,0.1942
4295,165.7270,fl_knee,0.1942
4296,165.7600,fl_knee,0.1942
4297,165.7930,fl_knee,0.1942
4298,165.8260,fl_knee,0.1942
4299,165.8590,fl_knee,0.1942
4300,165.8920,fl_knee,0.1942
4301,165.9250,fl_knee,0.1942
4302,165.9580,fl_knee,0.1942
4303,165.9910,fl_knee,0.1942
4304,166.0240,fl_knee,0.1942
4305,166.0570,fl_knee,0.1942
4306,166.0900,fl_knee,0.1942
4307,166.1230,fl_knee,0.1942
4308,166.1560,fl_knee,0.1942
4309,166.1890,fl_knee,0.1942
4310,166.2220,fl_knee,0.1942
4311,166.2550,fl_knee,0.1942
4312,166.2880,fl_knee,0.1942
4313,166.3210,fl_knee,0.1942
4314,166.3540,fl_knee,0.1942
4315,166.3870,fl_knee,0.1943
4316,166.4200,fl_knee,0.1943
4317,166.4530,fl_knee,0.1943
4318,166.4860,fl_knee,0.1943
4319,166.5190,fl_knee,0.1943
4320,166.5520,fl_knee,0.1943
4321,166.5850,fl_knee,0.1943
4322,166.6180,fl_knee,0.1943
4323,166.6510,fl_knee,0.1943
4324,166.6840,fl_knee,0.1943
4325,166.7170,fl_knee,0.1943
4326,166.7500,fl_knee,0.1943
4327,166.7830,fl_knee,0.1943
4328,166.8160,fl_knee,0.1943
4329,166.8490,fl_knee,0.1943
4330,166.8820,fl_knee,0.1943
4331,166.9150,fl_knee,0.1943
4332,166.9480,fl_knee,0.1943
4333,166.9810,fl_knee,0.1943
4334,167.0140,fl_knee,0.1943
4335,167.0470,fl_knee,0.1943
4336,167.0800,fl_knee,0.1943
4337,167.1130,fl_knee,0.1943
4338,167.1460,fl_knee,0.1943
4339,167.1790,fl_knee,0.1943
4340,167.2120,fl_knee,0.1943
4341,167.2450,fl_knee,0.1943
4342,167.2780,fl_knee,0.1944
4343,167.3110,fl_knee,0.1944
4344,167.3440,fl_knee,0.1944
4345,167.3770,fl_knee,0.1944
4346,167.4100,fl_knee,0.1944
4347,167.4430,fl_knee,0.1944
4348,167.4760,fl_knee,0.1944
4349,167.5090,fl_knee,0.1944
4350,167.5420,fl_knee,0.1944
4351,167.5750,fl_knee,0.1944
4352,167.6080,fl_knee,0.1944
4353,167.6410,fl_knee,0.1944
4354,167.6740,fl_knee,0.1944
4355,167.7070,fl_knee,0.1944
4356,167.7400,fl_knee,0.1944
4357,167.7730,fl_knee,0.1944
4358,167.8060,fl_knee,0.1944
4359,167.8390,fl_knee,0.1944
4360,167.8720,fl_knee,0.1944
4361,167.9050,fl_knee,0.1944
4362,167.9380,fl_knee,0.1944
4363,167.9710,fl_knee,0.1944
4364,168.0040,fl_knee,0.1944
4365,168.0370,fl_knee,0.1944
4366,168.0700,fl_knee,0.1944
4367,168.1030,fl_knee,0.1944
4368,168.1360,fl_knee,0.1944
4369,168.1690,fl_knee,0.1945
4370,168.2020,fl_knee,0.1945
4371,168.2350,fl_knee,0.1945
4372,168.2680,fl_knee,0.1945
4373,168.3010,fl_knee,0.1945
4374,168.3340,fl_knee,0.1945
4375,168.3670,fl_knee,0.1945
4376,168.4000,fl_knee,0.1945
4377,168.4330,fl_knee,0.1945
4378,168.4660,fl_knee,0.1945
4379,168.4990,fl_knee,0.1945
4380,168.5320,fl_knee,0.1945
4381,168.5650,fl_knee,0.1945
4382,168.5980,fl_knee,0.1945
4383,168.6310,fl_knee,0.1945
4384,168.6640,fl_knee,0.1945
4385,168.6970,fl_knee,0.1945
4386,168.7300,fl_knee,0.1945
4387,168.7630,fl_knee,0.1945
4388,168.7960,fl_knee,0.1945
4389,168.8290,fl_knee,0.1945
4390,168.8620,fl_knee,0.1945
4391,168.8950,fl_knee,0.1945
4392,168.9280,fl_knee,0.1945
4393,168.9610,fl_knee,0.1945
4394,168.9940,fl_knee,0.1945
4395,169.0270,fl_knee,0.1945
4396,169.0600,fl_knee,0.1946
4397,169.0930,fl_knee,0.1946
4398,169.1260,fl_knee,0.1946
4399,169.1590,fl_knee,0.1946
4400,169.1920,fl_knee,0.1946
4401,169.2250,fl_knee,0.1946
4402,169.2580,fl_knee,0.1946
4403,169.2910,fl_knee,0.1946
4404,169.3240,fl_knee,0.1946
4405,169.3570,fl_knee,0.1946
4406,169.3900,fl_knee,0.1946
4407,169.4230,fl_knee,0.1946
4408,169.4560,fl_knee,0.1946
4409,169.4890,fl_knee,0.1946
4410,169.5220,fl_knee,0.1946
4411,169.5550,fl_knee,0.1946
4412,169.5880,fl_knee,0.1946
4413,169.6210,fl_knee,0.1946
4414,169.6540,fl_knee,0.1946
4415,169.6870,fl_knee,0.1946
4416,169.7200,fl_knee,0.1946
4417,169.7530,fl_knee,0.1946
4418,169.7860,fl_knee,0.1946
4419,169.8190,fl_knee,0.1946
4420,169.8520,fl_knee,0.1946
4421,169.8850,fl_knee,0.1946
4422,169.9180,fl_knee,0.1947
4423,169.9510,fl_knee,0.1947
4424,169.9840,fl_knee,0.1947
4425,170.0170,fl_knee,0.1947
4426,170.0500,fl_knee,0.1947
4427,170.0830,fl_knee,0.1947
4428,170.1160,fl_knee,0.1947
4429,170.1490,fl_knee,0.1947
4430,170.1820,fl_knee,0.1947
4431,170.2150,fl_knee,0.1947
4432,170.2480,fl_knee,0.1947
4433,170.2810,fl_knee,0.1947
4434,170.3140,fl_knee,0.1947
4435,170.3470,fl_knee,0.1947
4436,170.3800,fl_knee,0.1947
4437,170.4130,fl_knee,0.1947
4438,170.4460,fl_knee,0.1947
4439,170.4790,fl_knee,0.1947
4440,170.5120,fl_knee,0.1947
4441,170.5450,fl_knee,0.1947
4442,170.5780,fl_knee,0.1947
4443,170.6110,fl_knee,0.1947
4444,170.6440,fl_knee,0.1947
4445,170.6770,fl_knee,0.1947
4446,170.7100,fl_knee,0.1947
4447,170.7430,fl_knee,0.1947
4448,170.7760,fl_knee,0.1947
4449,170.8090,fl_knee,0.1948
4450,170.8420,fl_knee,0.1948
4451,170.8750,fl_knee,0.1948
4452,170.9080,fl_knee,0.1948
4453,170.9410,fl_knee,0.1948
4454,170.9740,fl_knee,0.1948
4455,171.0070,fl_knee,0.1948
4456,171.0400,fl_knee,0.1948
4457,171.0730,fl_knee,0.1948
4458,171.1060,fl_knee,0.1948
4459,171.1390,fl_knee,0.1948
4460,171.1720,fl_knee,0.1948
4461,171.2050,fl_knee,0.1948
4462,171.2380,fl_knee,0.1948
4463,171.2710,fl_knee,0.1948
4464,171.3040,fl_knee,0.1948
4465,171.3370,fl_knee,0.1948
4466,171.3700,fl_knee,0.1948
4467,171.4030,fl_knee,0.1948
4468,171.4360,fl_knee,0.1948
4469,171.4690,fl_knee,0.1948
4470,171.5020,fl_knee,0.1948
4471,171.5350,fl_knee,0.1948
4472,171.5680,fl_knee,0.1948
4473,171.6010,fl_knee,0.1948
4474,171.6340,fl_knee,0.1948
4475,171.6670,fl_knee,0.1949
4476,171.7000,fl_knee,0.1949
4477,171.7330,fl_knee,0.1949
4478,171.7660,fl_knee,0.1949
4479,171.7990,fl_knee,0.1949
4480,171.8320,fl_knee,0.1949
4481,171.8650,fl_knee,0.1949
4482,171.8980,fl_knee,0.1949
4483,171.9310,fl_knee,0.1949
4484,171.9640,fl_knee,0.1949
4485,171.9970,fl_knee,0.1949
4486,172.0300,fl_knee,0.1949
4487,172.0630,fl_knee,0.1949
4488,172.0960,fl_knee,0.1949
4489,172.1290,fl_knee,0.1949
4490,172.1620,fl_knee,0.1949
4491,172.1950,fl_knee,0.1949
4492,172.2280,fl_knee,0.1949
4493,172.2610,fl_knee,0.1949
4494,172.2940,fl_knee,0.1949
4495,172.3270,fl_knee,0.1949
4496,172.3600,fl_knee,0.1949
4497,172.3930,fl_knee,0.1949
4498,172.4260,fl_knee,0.1949
4499,172.4590,fl_knee,0.1949
4500,172.4920,fl_knee,0.1949
4501,172.5250,fl_knee,0.1949
4502,172.5580,fl_knee,0.1950
4503,172.5910,fl_knee,0.1950
4504,172.6240,fl_knee,0.1950
4505,172.6570,fl_knee,0.1950
4506,172.6900,fl_knee,0.1950
4507,172.7230,fl_knee,0.1950
4508,172.7560,fl_knee,0.1950
4509,172.7890,fl_knee,0.1950
4510,172.8220,fl_knee,0.1950
4511,172.8550,fl_knee,0.1950
4512,172.8880,fl_knee,0.1950
4513,172.9210,fl_knee,0.1950
4514,172.9540,fl_knee,0.1950
4515,172.9870,fl_knee,0.1950
4516,173.0200,fl_knee,0.1950
4517,173.0530,fl_knee,0.1950
4518,173.0860,fl_knee,0.1950
4519,173.1190,fl_knee,0.1950
4520,173.1520,fl_knee,0.1950
4521,173.1850,fl_knee,0.1950
4522,173.2180,fl_knee,0.1950
4523,173.2510,fl_knee,0.1950
4524,173.2840,fl_knee,0.1950
4525,173.3170,fl_knee,0.1950
4526,173.3500,fl_knee,0.1950
4527,173.3830,fl_knee,0.1950
4528,173.4160,fl_knee,0.1950
4529,173.4490,fl_knee,0.1951
4530,173.4820,fl_knee,0.1951
4531,173.5150,fl_knee,0.1951
4532,173.5480,fl_knee,0.1951
4533,173.5810,fl_knee,0.1951
4534,173.6140,fl_knee,0.1951
4535,173.6470,fl_knee,0.1951
4536,173.6800,fl_knee,0.1951
4537,173.7130,fl_knee,0.1951
4538,173.7460,fl_knee,0.1951
4539,173.7790,fl_knee,0.1951
4540,173.8120,fl_knee,0.1951
4541,173.8450,fl_knee,0.1951
4542,173.8780,fl_knee,0.1951
4543,173.9110,fl_knee,0.1951
4544,173.9440,fl_knee,0.1951
4545,173.9770,fl_knee,0.1951
4546,174.0100,fl_knee,0.1951
4547,174.0430,fl_knee,0.1951
4548,174.0760,fl_knee,0.1951
4549,174.1090,fl_knee,0.1951
4550,174.1420,fl_knee,0.1951
4551,174.1750,fl_knee,0.1951
4552,174.2080,fl_knee,0.1951
4553,174.2410,fl_knee,0.1951
4554,174.2740,fl_knee,0.1951
4555,174.3070,fl_knee,0.1951
4556,174.3400,fl_knee,0.1952
4557,174.3730,fl_knee,0.1952
4558,174.4060,fl_knee,0.1952
4559,174.4390,fl_knee,0.1952
4560,174.4720,fl_knee,0.1952
4561,174.5050,fl_knee,0.1952
4562,174.5380,fl_knee,0.1952
4563,174.5710,fl_knee,0.1952
4564,174.6040,fl_knee,0.1952
4565,174.6370,fl_knee,0.1952
4566,174.6700,fl_knee,0.1952
4567,174.7030,fl_knee,0.1952
4568,174.7360,fl_knee,0.1952
4569,174.7690,fl_knee,0.1952
4570,174.8020,fl_knee,0.1952
4571,174.8350,fl_knee,0.1952
4572,174.8680,fl_knee,0.1952
4573,174.9010,fl_knee,0.1952
4574,174.9340,fl_knee,0.1952
4575,174.9670,fl_knee,0.1952
4576,175.0000,fl_knee,0.1952
4577,175.0330,fl_knee,0.1952
4578,175.0660,fl_knee,0.1952
4579,175.0990,fl_knee,0.1952
4580,175.1320,fl_knee,0.1952
4581,175.1650,fl_knee,0.1952
4582,175.1980,fl_knee,0.1953
4583,175.2310,fl_knee,0.1953
4584,175.2640,fl_knee,0.1953
4585,175.2970,fl_knee,0.1953
4586,175.3300,fl_knee,0.1953
4587,175.3630,fl_knee,0.1953
4588,175.3960,fl_knee,0.1953
4589,175.4290,fl_knee,0.1953
4590,175.4620,fl_knee,0.1953
4591,175.4950,fl_knee,0.1953
4592,175.5280,fl_knee,0.1953
4593,175.5610,fl_knee,0.1953
4594,175.5940,fl_knee,0.1953
4595,175.6270,fl_knee,0.1953
4596,175.6600,fl_knee,0.1953
4597,175.6930,fl_knee,0.1953
4598,175.7260,fl_knee,0.1953
4599,175.7590,fl_knee,0.1953
4600,175.7920,fl_knee,0.1953
4601,175.8250,fl_knee,0.1953
4602,175.8580,fl_knee,0.1953
4603,175.8910,fl_knee,0.1953
4604,175.9240,fl_knee,0.1953
4605,175.9570,fl_knee,0.1953
4606,175.9900,fl_knee,0.1953
4607,176.0230,fl_knee,0.1953
4608,176.0560,fl_knee,0.1954
4609,176.0890,fl_knee,0.1954
4610,176.1220,fl_knee,0.1954
4611,176.1550,fl_knee,0.1954
4612,176.1880,fl_knee,0.1954
4613,176.2210,fl_knee,0.1954
4614,176.2540,fl_knee,0.1954
4615,176.2870,fl_knee,0.1954
4616,176.3200,fl_knee,0.1954
4617,176.3530,fl_knee,0.1954
4618,176.3860,fl_knee,0.1954
4619,176.4190,fl_knee,0.1954
4620,176.4520,fl_knee,0.1954
4621,176.4850,fl_knee,0.1954
4622,176.5180,fl_knee,0.1954
4623,176.5510,fl_knee,0.1954
4624,176.5840,fl_knee,0.1954
4625,176.6170,fl_knee,0.1954
4626,176.6500,fl_knee,0.1954
4627,176.6830,fl_knee,0.1954
4628,176.7160,fl_knee,0.1954
4629,176.7490,fl_knee,0.1954
4630,176.7820,fl_knee,0.1954
4631,176.8150,fl_knee,0.1954
4632,176.8480,fl_knee,0.1954
4633,176.8810,fl_knee,0.1954
4634,176.9140,fl_knee,0.1954
4635,176.9470,fl_knee,0.1955
4636,176.9800,fl_knee,0.1955
4637,177.0130,fl_knee,0.1955
4638,177.0460,fl_knee,0.1955
4639,177.0790,fl_knee,0.1955
4640,177.1120,fl_knee,0.1955
4641,177.1450,fl_knee,0.1955
4642,177.1780,fl_knee,0.1955
4643,177.2110,fl_knee,0.1955
4644,177.2440,fl_knee,0.1955
4645,177.2770,fl_knee,0.1955
4646,177.3100,fl_knee,0.1955
4647,177.3430,fl_knee,0.1955
4648,177.3760,fl_knee,0.1955
4649,177.4090,fl_knee,0.1955
4650,177.4420,fl_knee,0.1955
4651,177.4750,fl_knee,0.1955
4652,177.5080,fl_knee,0.1955
4653,177.5410,fl_knee,0.1955
4654,177.5740,fl_knee,0.1955
4655,177.6070,fl_knee,0.1955
4656,177.6400,fl_knee,0.1955
4657,177.6730,fl_knee,0.1955
4658,177.7060,fl_knee,0.1955
4659,177.7390,fl_knee,0.1955
4660,177.7720,fl_knee,0.1955
4661,177.8050,fl_knee,0.1956
4662,177.8380,fl_knee,0.1956
4663,177.8710,fl_knee,0.1956
4664,177.9040,fl_knee,0.1956
4665,177.9370,fl_knee,0.1956
4666,177.9700,fl_knee,0.1956
4667,178.0030,fl_knee,0.1956
4668,178.0360,fl_knee,0.1956
4669,178.0690,fl_knee,0.1956
4670,178.1020,fl_knee,0.1956
4671,178.1350,fl_knee,0.1956
4672,178.1680,fl_knee,0.1956
4673,178.2010,fl_knee,0.1956
4674,178.2340,fl_knee,0.1956
4675,178.2670,fl_knee,0.1956
4676,178.3000,fl_knee,0.1956
4677,178.3330,fl_knee,0.1956
4678,178.3660,fl_knee,0.1956
4679,178.3990,fl_knee,0.1956
4680,178.4320,fl_knee,0.1956
4681,178.4650,fl_knee,0.1956
4682,178.4980,fl_knee,0.1956
4683,178.5310,fl_knee,0.1956
4684,178.5640,fl_knee,0.1956
4685,178.5970,fl_knee,0.1956
4686,178.6300,fl_knee,0.1956
4687,178.6630,fl_knee,0.1956
4688,178.6960,fl_knee,0.1957
4689,178.7290,fl_knee,0.1957
4690,178.7620,fl_knee,0.1957
4691,178.7950,fl_knee,0.1957
4692,178.8280,fl_knee,0.1957
4693,178.8610,fl_knee,0.1957
4694,178.8940,fl_knee,0.1957
4695,178.9270,fl_knee,0.1957
4696,178.9600,fl_knee,0.1957
4697,178.9930,fl_knee,0.1957
4698,179.0260,fl_knee,0.1957
4699,179.0590,fl_knee,0.1957
4700,179.0920,fl_knee,0.1957
4701,179.1250,fl_knee,0.1957
4702,179.1580,fl_knee,0.1957
4703,179.1910,fl_knee,0.1957
4704,179.2240,fl_knee,0.1957
4705,179.2570,fl_knee,0.1957
4706,179.2900,fl_knee,0.1957
4707,179.3230,fl_knee,0.1957
4708,179.3560,fl_knee,0.1957
4709,179.3890,fl_knee,0.1957
4710,179.4220,fl_knee,0.1957
4711,179.4550,fl_knee,0.1957
4712,179.4880,fl_knee,0.1957
4713,179.5210,fl_knee,0.1957
4714,179.5540,fl_knee,0.1957
4715,179.5870,fl_knee,0.1958
4716,179.6200,fl_knee,0.1958
4717,179.6530,fl_knee,0.1958
4718,179.6860,fl_knee,0.1958
4719,179.7190,fl_knee,0.1958
4720,179.7520,fl_knee,0.1958
4721,179.7850,fl_knee,0.1958
4722,179.8180,fl_knee,0.1958
4723,179.8510,fl_knee,0.1958
4724,179.8840,fl_knee,0.1958
4725,179.9170,fl_knee,0.1958
4726,179.9500,fl_knee,0.1958
4727,179.9830,fl_knee,0.1958
4728,180.0160,fl_knee,0.1958
4729,180.0490,fl_knee,0.1958
4730,180.0820,fl_knee,0.1958
4731,180.1150,fl_knee,0.1958
4732,180.1480,fl_knee,0.1958
4733,180.1810,fl_knee,0.1958
4734,180.2140,fl_knee,0.1958
4735,180.2470,fl_knee,0.1958
4736,180.2800,fl_knee,0.1958
4737,180.3130,fl_knee,0.1958
4738,180.3460,fl_knee,0.1958
4739,180.3790,fl_knee,0.1958
4740,180.4120,fl_knee,0.1958
4741,180.4450,fl_knee,0.1959
4742,180.4780,fl_knee,0.1959
4743,180.5110,fl_knee,0.1959
4744,180.5440,fl_knee,0.1959
4745,180.5770,fl_knee,0.1959
4746,180.6100,fl_knee,0.1959
4747,180.6430,fl_knee,0.1959
4748,180.6760,fl_knee,0.1959
4749,180.7090,fl_knee,0.1959
4750,180.7420,fl_knee,0.1959
4751,180.7750,fl_knee,0.1959
4752,180.8080,fl_knee,0.1959
4753,180.8410,fl_knee,0.1959
4754,180.8740,fl_knee,0.1959
4755,180.9070,fl_knee,0.1959
4756,180.9400,fl_knee,0.1959
4757,180.9730,fl_knee,0.1959
4758,181.0060,fl_knee,0.1959
4759,181.0390,fl_knee,0.1959
4760,181.0720,fl_knee,0.1959
4761,181.1050,fl_knee,0.1959
4762,181.1380,fl_knee,0.1959
4763,181.1710,fl_knee,0.1959
4764,181.2040,fl_knee,0.1959
4765,181.2370,fl_knee,0.1959
4766,181.2700,fl_knee,0.1959
4767,181.3030,fl_knee,0.1959
4768,181.3360,fl_knee,0.1960
4769,181.3690,fl_knee,0.1960
4770,181.4020,fl_knee,0.1960
4771,181.4350,fl_knee,0.1960
4772,181.4680,fl_knee,0.1960
4773,181.5010,fl_knee,0.1960
4774,181.5340,fl_knee,0.1960
4775,181.5670,fl_knee,0.1960
4776,181.6000,fl_knee,0.1960
4777,181.6330,fl_knee,0.1960
4778,181.6660,fl_knee,0.1960
4779,181.6990,fl_knee,0.1960
4780,181.7320,fl_knee,0.1960
4781,181.7650,fl_knee,0.1960
4782,181.7980,fl_knee,0.1960
4783,181.8310,fl_knee,0.1960
4784,181.8640,fl_knee,0.1960
4785,181.8970,fl_knee,0.1960
4786,181.9300,fl_knee,0.1960
4787,181.9630,fl_knee,0.1960
4788,181.9960,fl_knee,0.1960
4789,182.0290,fl_knee,0.1960
4790,182.0620,fl_knee,0.1960
4791,182.0950,fl_knee,0.1960
4792,182.1280,fl_knee,0.1960
4793,182.1610,fl_knee,0.1960
4794,182.1940,fl_knee,0.1961
4795,182.2270,fl_knee,0.1961
4796,182.2600,fl_knee,0.1961
4797,182.2930,fl_knee,0.1961
4798,182.3260,fl_knee,0.1961
4799,182.3590,fl_knee,0.1961
4800,182.3920,fl_knee,0.1961
4801,182.4250,fl_knee,0.1961
4802,182.4580,fl_knee,0.1961
4803,182.4910,fl_knee,0.1961
4804,182.5240,fl_knee,0.1961
4805,182.5570,fl_knee,0.1961
4806,182.5900,fl_knee,0.1961
4807,182.6230,fl_knee,0.1961
4808,182.6560,fl_knee,0.1961
4809,182.6890,fl_knee,0.1961
4810,182.7220,fl_knee,0.1961
4811,182.7550,fl_knee,0.1961
4812,182.7880,fl_knee,0.1961
4813,182.8210,fl_knee,0.1961
4814,182.8540,fl_knee,0.1961
4815,182.8870,fl_knee,0.1961
4816,182.9200,fl_knee,0.1961
4817,182.9530,fl_knee,0.1961
4818,182.9860,fl_knee,0.1961
4819,183.0190,fl_knee,0.1961
4820,183.0520,fl_knee,0.1962
4821,183.0850,fl_knee,0.1962
4822,183.1180,fl_knee,0.1962
4823,183.1510,fl_knee,0.1962
4824,183.1840,fl_knee,0.1962
4825,183.2170,fl_knee,0.1962
4826,183.2500,fl_knee,0.1962
4827,183.2830,fl_knee,0.1962
4828,183.3160,fl_knee,0.1962
4829,183.3490,fl_knee,0.1962
4830,183.3820,fl_knee,0.1962
4831,183.4150,fl_knee,0.1962
4832,183.4480,fl_knee,0.1962
4833,183.4810,fl_knee,0.1962
4834,183.5140,fl_knee,0.1962
4835,183.5470,fl_knee,0.1962
4836,183.5800,fl_knee,0.1962
4837,183.6130,fl_knee,0.1962
4838,183.6460,fl_knee,0.1962
4839,183.6790,fl_knee,0.1962
4840,183.7120,fl_knee,0.1962
4841,183.7450,fl_knee,0.1962
4842,183.7780,fl_knee,0.1962
4843,183.8110,fl_knee,0.1962
4844,183.8440,fl_knee,0.1962
4845,183.8770,fl_knee,0.1962
4846,183.9100,fl_knee,0.1962
4847,183.9430,fl_knee,0.1962
4848,183.9760,fl_knee,0.1963
4849,184.0090,fl_knee,0.1963
4850,184.0420,fl_knee,0.1963
4851,184.0750,fl_knee,0.1963
4852,184.1080,fl_knee,0.1963
4853,184.1410,fl_knee,0.1963
4854,184.1740,fl_knee,0.1963
4855,184.2070,fl_knee,0.1963
4856,184.2400,fl_knee,0.1963
4857,184.2730,fl_knee,0.1963
4858,184.3060,fl_knee,0.1963
4859,184.3390,fl_knee,0.1963
4860,184.3720,fl_knee,0.1963
4861,184.4050,fl_knee,0.1963
4862,184.4380,fl_knee,0.1963
4863,184.4710,fl_knee,0.1963
4864,184.5040,fl_knee,0.1963
4865,184.5370,fl_knee,0.1963
4866,184.5700,fl_knee,0.1963
4867,184.6030,fl_knee,0.1963
4868,184.6360,fl_knee,0.1963
4869,184.6690,fl_knee,0.1963
4870,184.7020,fl_knee,0.1963
4871,184.7350,fl_knee,0.1963
4872,184.7680,fl_knee,0.1963
4873,184.8010,fl_knee,0.1963
4874,184.8340,fl_knee,0.1963
4875,184.8670,fl_knee,0.1963
4876,184.9000,fl_knee,0.1963
4877,184.9330,fl_knee,0.1963
4878,184.9660,fl_knee,0.1964
4879,184.9990,fl_knee,0.1964
4880,185.0320,fl_knee,0.1964
4881,185.0650,fl_knee,0.1964
4882,185.0980,fl_knee,0.1964
4883,185.1310,fl_knee,0.1964
4884,185.1640,fl_knee,0.1964
4885,185.1970,fl_knee,0.1964
4886,185.2300,fl_knee,0.1964
4887,185.2630,fl_knee,0.1964
4888,185.2960,fl_knee,0.1964
4889,185.3290,fl_knee,0.1964
4890,185.3620,fl_knee,0.1964
4891,185.3950,fl_knee,0.1964
4892,185.4280,fl_knee,0.1964
4893,185.4610,fl_knee,0.1964
4894,185.4940,fl_knee,0.1964
4895,185.5270,fl_knee,0.1964
4896,185.5600,fl_knee,0.1964
4897,185.5930,fl_knee,0.1964
4898,185.6260,fl_knee,0.1964
4899,185.6590,fl_knee,0.1964
4900,185.6920,fl_knee,0.1964
4901,185.7250,fl_knee,0.1964
4902,185.7580,fl_knee,0.1964
4903,185.7910,fl_knee,0.1964
4904,185.8240,fl_knee,0.1964
4905,185.8570,fl_knee,0.1964
4906,185.8900,fl_knee,0.1964
4907,185.9230,fl_knee,0.1964
4908,185.9560,fl_knee,0.1965
4909,185.9890,fl_knee,0.1965
4910,186.0220,fl_knee,0.1965
4911,186.0550,fl_knee,0.1965
4912,186.0880,fl_knee,0.1965
4913,186.1210,fl_knee,0.1965
4914,186.1540,fl_knee,0.1965
4915,186.1870,fl_knee,0.1965
4916,186.2200,fl_knee,0.1965
4917,186.2530,fl_knee,0.1965
4918,186.2860,fl_knee,0.1965
4919,186.3190,fl_knee,0.1965
4920,186.3520,fl_knee,0.1965
4921,186.3850,fl_knee,0.1965
4922,186.4180,fl_knee,0.1965
4923,186.4510,fl_knee,0.1965
4924,186.4840,fl_knee,0.1965
4925,186.5170,fl_knee,0.1965
4926,186.5500,fl_knee,0.1965
4927,186.5830,fl_knee,0.1965
4928,186.6160,fl_knee,0.1965
4929,186.6490,fl_knee,0.1965
4930,186.6820,fl_knee,0.1965
4931,186.7150,fl_knee,0.1965
4932,186.7480,fl_knee,0.1965
4933,186.7810,fl_knee,0.1965
4934,186.8140,fl_knee,0.1965
4935,186.8470,fl_knee,0.1965
4936,186.8800,fl_knee,0.1965
4937,186.9130,fl_knee,0.1966
4938,186.9460,fl_knee,0.1966
4939,186.9790,fl_knee,0.1966
4940,187.0120,fl_knee,0.1966
4941,187.0450,fl_knee,0.1966
4942,187.0780,fl_knee,0.1966
4943,187.1110,fl_knee,0.1966
4944,187.1440,fl_knee,0.1966
4945,187.1770,fl_knee,0.1966
4946,187.2100,fl_knee,0.1966
4947,187.2430,fl_knee,0.1966
4948,187.2760,fl_knee,0.1966
4949,187.3090,fl_knee,0.1966
4950,187.3420,fl_knee,0.1966
4951,187.3750,fl_knee,0.1966
4952,187.4080,fl_knee,0.1966
4953,187.4410,fl_knee,0.1966
4954,187.4740,fl_knee,0.1966
4955,187.5070,fl_knee,0.1966
4956,187.5400,fl_knee,0.1966
4957,187.5730,fl_knee,0.1966
4958,187.6060,fl_knee,0.1966
4959,187.6390,fl_knee,0.1966
4960,187.6720,fl_knee,0.1966
4961,187.7050,fl_knee,0.1966
4962,187.7380,fl_knee,0.1966
4963,187.7710,fl_knee,0.1966
4964,187.8040,fl_knee,0.1966
4965,187.8370,fl_knee,0.1966
4966,187.8700,fl_knee,0.1967
4967,187.9030,fl_knee,0.1967
4968,187.9360,fl_knee,0.1967
4969,187.9690,fl_knee,0.1967
4970,188.0020,fl_knee,0.1967
4971,188.0350,fl_knee,0.1967
4972,188.0680,fl_knee,0.1967
4973,188.1010,fl_knee,0.1967
4974,188.1340,fl_knee,0.1967
4975,188.1670,fl_knee,0.1967
4976,188.2000,fl_knee,0.1967
4977,188.2330,fl_knee,0.1967
4978,188.2660,fl_knee,0.1967
4979,188.2990,fl_knee,0.1967
4980,188.3320,fl_knee,0.1967
4981,188.3650,fl_knee,0.1967
4982,188.3980,fl_knee,0.1967
4983,188.4310,fl_knee,0.1967
4984,188.4640,fl_knee,0.1967
4985,188.4970,fl_knee,0.1967
4986,188.5300,fl_knee,0.1967
4987,188.5630,fl_knee,0.1967
4988,188.5960,fl_knee,0.1967
4989,188.6290,fl_knee,0.1967
4990,188.6620,fl_knee,0.1967
4991,188.6950,fl_knee,0.1967
4992,188.7280,fl_knee,0.1967
4993,188.7610,fl_knee,0.1967
4994,188.7940,fl_knee,0.1967
4995,188.8270,fl_knee,0.1967
4996,188.8600,fl_knee,0.1968
4997,188.8930,fl_knee,0.1968
4998,188.9260,fl_knee,0.1968
4999,188.9590,fl_knee,0.1968
5000,188.9920,fl_knee,0.1968
5001,189.0250,fl_knee,0.1968
5002,189.0580,fl_knee,0.1968
5003,189.0910,fl_knee,0.1968
5004,189.1240,fl_knee,0.1968
5005,189.1570,fl_knee,0.1968
5006,189.1900,fl_knee,0.1968
5007,189.2230,fl_knee,0.1968
5008,189.2560,fl_knee,0.1968
5009,189.2890,fl_knee,0.1968
5010,189.3220,fl_knee,0.1968
5011,189.3550,fl_knee,0.1968
5012,189.3880,fl_knee,0.1968
5013,189.4210,fl_knee,0.1968
5014,189.4540,fl_knee,0.1968
5015,189.4870,fl_knee,0.1968
5016,189.5200,fl_knee,0.1968
5017,189.5530,fl_knee,0.1968
5018,189.5860,fl_knee,0.1968
5019,189.6190,fl_knee,0.1968
5020,189.6520,fl_knee,0.1968
5021,189.6850,fl_knee,0.1968
5022,189.7180,fl_knee,0.1968
5023,189.7510,fl_knee,0.1968
5024,189.7840,fl_knee,0.1968
5025,189.8170,fl_knee,0.1968
5026,189.8500,fl_knee,0.1969
5027,189.8830,fl_knee,0.1969
5028,189.9160,fl_knee,0.1969
5029,189.9490,fl_knee,0.1969
5030,189.9820,fl_knee,0.1969
5031,190.0150,fl_knee,0.1969
5032,190.0480,fl_knee,0.1969
5033,190.0810,fl_knee,0.1969
5034,190.1140,fl_knee,0.1969
5035,190.1470,fl_knee,0.1969
5036,190.1800,fl_knee,0.1969
5037,190.2130,fl_knee,0.1969
5038,190.2460,fl_knee,0.1969
5039,190.2790,fl_knee,0.1969
5040,190.3120,fl_knee,0.1969
