Time_Step,Time_s,FR_hip_torque,FR_hip_angle_deg,FR_knee_torque,FR_knee_angle_deg,FR_foot_torque,FR_foot_angle_deg,BR_hip_torque,BR_hip_angle_deg,BR_knee_torque,BR_knee_angle_deg,BR_foot_torque,BR_foot_angle_deg,BL_hip_torque,BL_hip_angle_deg,BL_knee_torque,BL_knee_angle_deg,BL_foot_torque,BL_foot_angle_deg,FL_hip_torque,FL_hip_angle_deg,FL_knee_torque,FL_knee_angle_deg,FL_foot_torque,FL_foot_angle_deg
0,0.0,0.3272415896571104,-15.984189396427956,0.7753383439340193,38.24555411762909,0.9647820106934268,40.12564554828289,0.21884771388076568,8.290192502187299,0.8417330245852543,37.55031456955403,1.044457503188256,40.690871500531074,0.27803306973815983,-14.552743804713923,0.7776402107829223,-39.41124206416508,1.0034590687768676,-43.14633923832318,0.23204525770186554,8.661423650235774,0.8185589366676757,-38.65229094475633,1.0102568319906318,-39.51189611751583
1,0.02,0.32729857029169973,-15.9845823511727,0.7755148625388332,38.24555411762909,0.964612557887785,40.12562916926439,0.2189629996083921,8.289700687787125,0.841798429167713,37.547594310869066,1.0444667864920947,40.689529885872716,0.2772954627027977,-14.552743804715965,0.7776337996890847,-39.41000797022397,1.0034701410008309,-43.14505329945635,0.23152536329787107,8.661503075141042,0.8187404344882011,-38.651225344915254,1.0100792722996341,-39.51189611746474
2,0.04,0.3281670959568892,-15.984582351173705,0.7756805048695324,38.24428188532397,0.9664537022439554,40.12562916926439,0.2151820273525065,8.28952980671679,0.8418645956883803,37.54598583075346,1.044470067613503,40.6879040567058,0.2786311476040647,-14.552743804715965,0.7778631966394843,-39.40784099040756,1.0034733053669738,-43.144778536036924,0.22911852629112472,8.661502980852532,0.8190920562389076,-38.651150765941786,1.0121706483407025,-39.511896117437004
3,0.06,0.3331026137117127,-15.984582351173705,0.7759335761350786,38.244223095027415,0.9659210493677334,40.12552216071103,0.21067927833899347,8.289529988814737,0.8421083758185972,37.54496732087434,1.0444759818943348,40.68757766458639,0.28323469638879706,-14.552743508583529,0.7780943258744066,-39.40756357949132,1.0034805187687603,-43.14418040034169,0.23916642655628917,8.661502107834641,0.8193735726740626,-38.651150765941786,1.0122602481430385,-39.511896117381056
4,0.08,0.3302426158548211,-15.984582351177338,0.7761538812808289,38.244223095027415,0.9663818262767895,40.12551972891202,0.20911684942262765,8.289533445673195,0.8422599318324355,37.544255143955176,1.044483067319187,40.68697145365831,0.2820133483544303,-14.552743508583529,0.7782649909237699,-39.40531263610958,1.0034885319600628,-43.14341520493282,0.23695221885947002,8.661502107834641,0.8196545886455023,-38.65063891572902,1.0127682382921794,-39.51189611731848
5,0.1,0.3289524959760941,-15.98458235118281,0.7763616754264329,38.24381606693099,0.9664747377240928,40.12549579548543,0.20917571934580434,8.289533445673195,0.8423663963917916,37.544255143955176,1.0444902521099968,40.685736500896745,0.2836054404376128,-14.552743508576478,0.7784011896960183,-39.403879806765865,1.0034964698419904,-43.14295508904963,0.23780374064477963,8.6615014328562,0.8199338673720532,-38.6504750285828,1.0133565676633167,-39.511896117247986
6,0.12,0.3284531264125151,-15.98458235118281,0.7765978133353733,38.24350980722983,0.9664171639863554,40.12493231923228,0.2092328427718698,8.289611745895638,0.8424121030745024,37.54023697755785,1.0444974769833177,40.68397880102469,0.28510214824053265,-14.552646821124355,0.7784459434507857,-39.402572637438304,1.003504467231706,-43.14120348232503,0.2393078548505324,8.661486941585757,0.8202093481600744,-38.6504750285828,1.0138195792636853,-39.51189611718171
7,0.14,0.3288678551189963,-15.984582351189395,0.7766219113035371,38.241535778892796,0.9664929097775479,40.12380059317776,0.20927071867395133,8.289723837821674,0.8421613999559503,37.53505137951135,1.0445076838325797,40.681001052578544,0.28458865608747724,-14.552644919927573,0.7783605218262799,-39.39822869292592,1.0035108510574728,-43.14059009336249,0.2393617153936891,8.661412851239431,0.8204399206671135,-38.649404690055164,1.0145430968654645,-39.51189611708014
8,0.16,0.32977627127485787,-15.984582351189395,0.7766901247784288,38.23970282457297,0.9665039444149138,40.12231262028238,0.20929609656886933,8.289980143829252,0.8420690102226551,37.53002163775618,1.0445139714456593,40.67930520035966,0.282947510072409,-14.552644919927573,0.778368204393681,-39.39647919565193,1.003512775724255,-43.13952805668764,0.23943886873884304,8.661078855715946,0.8206528658122133,-38.64847440068734,1.0146765075102846,-39.511896117041616
9,0.18,0.3293105290170185,-15.984582351203542,0.7767904840522372,38.23970282457297,0.9665135486377819,40.120668324013295,0.20932334433559802,8.290449248168345,0.8420721927603241,37.52738063598908,1.0445198398119881,40.67682941983922,0.28312682030800407,-14.552644919919612,0.7784430037860054,-39.39647919565193,1.0035156347968937,-43.13846040171951,0.23951555686223497,8.660871546563051,0.8208690981193244,-38.64847440068734,1.015048410892287,-39.511896116918095
10,0.2,0.3285208337688016,-15.98462547050093,0.7769842856378952,38.2378041125423,0.9665153352106415,40.12052431327341,0.2093884970787467,8.290449248168345,0.8421633635004722,37.5255414893488,1.0445222743704237,40.676510700554225,0.28072278049283783,-14.552644919920102,0.7785901492084942,-39.390489701239154,1.003524929011921,-43.13820270756911,0.23895547668709466,8.660765335759738,0.821161831317364,-38.64721525185423,1.0153823897559875,-39.511896116918095
11,0.22,0.3291150027659133,-15.772817214411349,0.7772381214750813,39.06623079676156,0.9665248347657012,40.390467704842976,0.2094337882982871,11.566325047564973,0.8423673595390286,39.48838349215881,1.0445294401199632,45.470264960029105,0.2781269326819187,-13.302146267199364,0.7787342628147242,-39.36659813667456,1.003529450838141,-44.267290584927444,0.2396217056526576,8.97994147360587,0.8213983349832582,-38.563998775887924,1.014462953904116,-39.511896116918095
12,0.24,0.5528340976529968,-15.977816497925232,0.8616294293295599,38.90289281472019,0.9733070153548496,39.57357329067678,0.12920448669452672,14.752556526386927,0.5699142211609032,46.380492812035776,0.5821581047439007,45.470264960029105,0.4196480001290747,-11.501443770970745,0.82989450066267,-39.443645377973425,0.9827457438128081,-44.267290584927444,0.20673896820711746,10.133072517272238,0.6778589290899446,-37.800962144603304,0.6558879940892246,-50.072878621692084
13,0.26,0.40345672300019814,-17.40526712152217,0.7856418630240324,38.90289281472019,0.9747147502828469,39.498322286955144,0.1265316666696399,15.559346808159885,0.5038336018968413,52.38487858932902,0.5251239169072476,57.45654204877267,0.4837704526056295,-10.591034138265337,0.7731641225878081,-39.19343580308876,0.9870269609008312,-44.998144792229844,0.18808694440397705,10.943105898700853,0.5197992083992329,-36.45591499734134,0.5350845337376029,-50.072878621692084
14,0.28,0.3515633537564224,-17.87377671966884,0.6948417990340743,37.94177842934087,0.9707894093469382,38.91121508639118,0.25382740951690747,16.03469246888252,0.5978743885466246,54.344472274861275,0.6562391878603849,61.95139595503435,0.46285591216464445,-10.591034138265337,0.8050562100079782,-39.19343580308876,1.0017316321048708,-44.610425204937705,0.19437060029964448,10.943105898700853,0.5657386289291398,-36.883806460803214,0.8565785959013484,-55.70610129159695
15,0.3,0.36684042154804586,-17.833086722059026,0.7156445548618893,37.76527709543075,0.958506925404899,38.91121508639118,0.2598422180460699,16.001855010283585,0.6222399548201973,56.01091463682362,0.698536455490207,69.6860009376972,0.4745830757561611,-10.280156739069392,0.7303592003004007,-38.915156132409514,1.001295090066761,-44.090731845811234,0.17879356103477437,11.14173602599076,0.7781985410137563,-38.310809724691524,0.7592890503763511,-56.119877045734796
16,0.32,0.4188913692431912,-17.0421916798568,0.701001119912118,37.774963608359414,0.9585018423120424,39.36019229419575,0.31345881823804767,19.038357102135024,0.5265252379065932,56.941958183298304,0.8851439875964285,69.76135309633725,0.4551588812785796,-9.949439420920811,0.6591095629769677,-38.19596089308683,0.999806512555198,-43.94142735914099,0.17808287116465643,11.950064343288126,0.792009995332199,-38.310809724691524,0.8065472415867326,-56.29574128270757
17,0.34,0.7296153792865584,-16.898192163353798,0.7839914468249813,37.774963608359414,0.9598542758887126,39.28066079137091,0.6380180291507315,19.038357102135024,0.4999638595901377,57.142449253160855,0.8946446215113869,72.78375745924652,0.4035095432443973,-9.288509332059418,0.7029783224506027,-38.15330581581344,0.9839352748958303,-44.36283941952602,0.27703640239032856,12.125982950672968,0.753808584288359,-38.63645029345858,0.9234525613551281,-56.385596580653065
18,0.36,0.7537867573688225,-16.649165583033778,0.7980613549652098,38.4730910891477,0.9744739689023698,38.73188550361127,0.6853679743417472,20.39661583351715,0.5674507269566653,57.38567074715414,0.900631272490811,72.62170445642883,0.4172181643410608,-8.858184149170537,0.7905051785530025,-38.15330581581344,0.9785175322348174,-46.02860986717279,0.3092146130116555,12.136880932279325,0.7451780095441743,-38.65677263401449,0.9124337510001755,-56.574835668589
19,0.38,0.767238881577018,-16.37745718797932,0.7925730486445823,38.520017257036514,0.9770059973693659,38.24282374866913,0.6553190119603571,20.39661583351715,0.5869317063592416,57.6341935090413,0.8995237284498604,72.61232902821075,0.3841361110743053,-8.95440581469642,0.8141121422637515,-38.69041738216514,0.9772499461144339,-46.02860986717279,0.3513100194995836,11.737939334662583,0.7514348177090153,-38.69523596853819,0.915224218886756,-56.63664444095305
20,0.4,0.7743001979338274,-16.31146021699934,0.7820114446616739,38.52000835073156,0.977035669978905,37.95115615192979,0.6435127595098991,20.903609418546594,0.5795286126783853,57.69191151069763,0.8890949173322042,72.62656634791624,0.36948886062410563,-9.038059703247844,0.8086953894311962,-38.69041738216514,0.9779098097590855,-46.811575913424804,0.37116963953254123,11.559304159509244,0.7542328083307902,-38.71176171910306,0.9320986729228664,-56.635108037794396
21,0.42,0.7741653430853593,-16.31146021699934,0.7790206887383632,38.291434102186884,0.9755519362798085,38.16531079391128,0.6486386525201971,20.903609418546594,0.5706755154989069,53.9565198967698,0.8887113030592261,69.69149284876869,0.366760274282297,-8.284513503927009,0.7997831059599192,-38.679858030907575,0.9795178583221065,-46.71924726776517,0.3684661049922367,12.030063934528313,0.7532340414552468,-40.57000034228479,0.938022545278289,-56.74835133150048
22,0.44,0.8954941524364489,-16.31146021699934,0.7898222465342719,38.56562957442412,0.9305935623033782,45.07171488636413,0.9247414800563036,22.759018555038292,0.7510526659197095,48.2630382856567,0.9496278599414488,66.9251079049955,0.46161179047165396,-6.459609152500499,0.7024514880475988,-37.869164647436776,0.9742173769215186,-47.10355346979705,0.2984211049756876,13.882902558990128,0.9883383490782494,-41.384246422077965,0.9317030703495052,-56.74835133150048
23,0.46,0.4409250133688582,-21.340565272348943,0.7287718142030521,38.11349462838946,0.7315237785614983,45.07171488636413,0.9109884035289614,26.05001382091821,0.7430875565008056,41.35808360992987,0.9672232849223695,63.3100975842613,0.5165374848352715,-6.341830349034676,0.722436025198013,-37.801412108924886,0.9599090867435416,-50.938478822129106,0.27387888085331163,14.149502772798114,0.9401394460168642,-41.13156652156575,0.9571815407697681,-55.67646847468177
24,0.48,0.36749626232469007,-21.77060679489596,0.7255222565001422,37.81045038695436,0.7101558629756202,45.07171488636413,0.7124034787185495,29.64597442553097,0.5261072225157615,39.56847277952752,0.9727516205402016,60.920486102773125,0.3615868097985761,-6.9599673905248265,0.6906205162966993,-37.36580222689004,0.7275967964397096,-53.03130731376137,0.3512721698730562,13.943172102062293,0.7175208255785192,-39.04066809064015,0.9744108666068961,-53.245282590776334
25,0.5,0.4427182786205164,-22.590280174513776,0.737818925402348,38.03369910321256,0.854521819431612,57.85609986734955,0.5569424443965049,29.64597442553097,0.5582701395644887,39.56847277952752,0.9329027286130889,64.06933637656861,0.29480586456654845,-7.801907270252034,0.6853633913960923,-37.60897644075167,0.6781437010925423,-54.92430645940401,0.4547473356899052,13.535667926161985,0.6031637850097974,-38.53106546293437,0.9842922743562865,-51.32448386571872
26,0.52,0.41762269496009474,-22.861169291210466,0.6558012049752218,37.714892575252236,0.8139290548368432,57.85609986734955,0.4328885430088533,32.653961041055474,0.4733174813766406,36.27110682315695,0.5729117168181963,67.76128944401233,0.25413338614271697,-7.801907270252034,0.7077137212165012,-37.38882206799632,0.6321687233219324,-54.92430645940401,0.4432743475068667,13.182907957864671,0.6995983274971239,-38.50974231548933,0.9859286886289071,-49.319530692879404
27,0.54,0.6508161472511385,-23.143268484439044,0.7148094729499114,37.919442773590895,0.8569732636152689,62.446205284791155,0.5641081138372793,32.400368164067004,0.6093029479788845,36.51104661602222,0.8165373138180577,67.8340747715076,0.32301130812548634,-7.491367893908061,0.7206439714364249,-37.750833285936345,0.7206636315606432,-54.92430645940401,0.5897552903694931,13.824747430283091,0.6559420903162857,-38.45400134357726,0.9755750579785897,-49.319530692879404
28,0.56,0.5609620865084453,-23.143268484439044,0.7672940449724883,38.42555569776603,0.8481339113962888,64.3897452540757,0.6952801892595528,31.416645680915405,0.6529810921044599,36.98179894494547,0.7560692025393795,67.8340747715076,0.3782698564271557,-7.224276191135119,0.7804898340312614,-37.77098986346246,0.8309668749924257,-54.25274288903603,0.4879346435621979,14.457581704402948,0.7860033326264899,-39.47243497538143,0.962235288282688,-49.418793967183845
29,0.58,0.5377088058238233,-23.143268484439044,0.7896589135676756,38.55584769171325,0.8377924803098268,65.41146925548502,0.742647575045955,31.416645680915405,0.6536624296915015,37.202086904526844,0.754830730748748,68.84363634616155,0.4407767104275094,-6.518580903441444,0.7907263137918499,-38.168345014501284,0.9010902744430579,-53.46288823031138,0.39813124056312943,15.342414712035852,0.8312167853612527,-39.717634444196804,0.9627231032110267,-49.418793967183845
30,0.6,0.5253535165920346,-23.143268484439044,0.7796509534701486,38.63076790481204,0.8275806789365423,65.5283599063632,0.7481124745774657,30.820581829487,0.6519362482658811,37.25864996088345,0.7793925033640665,68.84363634616155,0.4493529532911619,-6.396161621943712,0.7800405182687601,-38.16810778682595,0.9036685797997616,-53.28069862467104,0.397332967814116,15.499754689148578,0.820639773787473,-39.85665212346914,0.9626512508251494,-50.08491182301642
31,0.62,0.5474725702843332,-25.35021389256681,0.7781676523465628,37.66735969671155,0.8579408798164624,66.36663664769073,0.7205143758556962,28.858748164706263,0.6503603590279184,37.25864996088345,0.7801672304034696,68.8790381738753,0.4229573588973753,-9.940108030346591,0.7706258720511793,-39.857471895366594,0.8726350503573285,-56.28151341483395,0.4308922944317711,15.41440922258672,0.801103007079031,-40.43878846329259,0.9635745870291522,-50.45190246048781
32,0.64,0.5372554957488226,-26.250517859942956,0.3748096906182743,35.29045754189322,0.6544975307330713,68.34478708081645,0.8174297146632714,27.79522859191278,0.7275675858199577,38.34107929922208,0.5116916994287135,68.8790381738753,0.29942870568154295,-14.794574457821598,0.14434166072920654,-48.626765928051825,0.22944329498609398,-63.1657299392044,0.4736348067941881,15.41440922258672,0.9455369469979553,-40.43878846329259,0.9638560325705178,-50.446605671014964
33,0.66,0.4959323335984781,-26.91486166932379,0.34234524467597194,34.75063569088593,0.540098441952619,69.08633799401784,0.7871131307121939,27.620286155293538,0.8227696273409391,38.917764848363404,0.605646393676058,70.89419688332033,0.09719931079240735,-16.81673268784143,0.28973161706587724,-50.97263603583419,0.3662133053809547,-70.35749619151095,0.1626199862557836,20.420596042716873,0.9493754114127609,-41.374878280342735,0.9632854183376565,-50.446605671014964
34,0.68,0.5099057040285945,-27.199309782227726,0.4605455782235008,35.096524398231644,0.5227382824893279,69.75418707778235,0.7556974811695913,27.620286155293538,0.8465118714042047,39.36870371614297,0.7907903506415098,68.46325832578353,0.10427133992143228,-16.85888457048829,0.35579440803508133,-53.67602016078135,0.05002881993095938,-73.2102224444179,0.023773462529561338,21.514001151773225,0.9197649228490634,-41.39648201340271,0.9535918414042699,-50.446605671014964
35,0.7,0.44044315264458805,-27.56817871483034,0.4879028180369716,35.31923611503689,0.6475592781634845,68.62319382553808,0.7526537776046056,27.76854292039474,0.8736186931571693,39.587310227315996,0.9056929803388796,67.81222776985761,0.3449942640923553,-16.409181019052365,0.2722402611728182,-53.67602016078135,0.6700833573572635,-74.37788041545406,0.0625390308220457,21.316225211909718,0.9782819895356707,-41.69450515942464,0.943812381493244,-53.91677900760548
36,0.72,0.4536848217407098,-28.82606446705522,0.5211570217795081,35.292551054838256,0.7718653509397242,68.3349363130946,0.6866487888206522,27.311682136447807,0.9195492451950695,40.006999415702936,0.903407141480677,67.70615376494251,0.2631420058278689,-17.958179272915125,0.2915010068525194,-55.212067859475724,0.5424782276984871,-78.15851527996524,0.1988745611855934,20.680843724110527,0.9765767973892185,-42.3760546601294,0.9407346712705722,-54.81565144172884
37,0.74,0.5727595398315855,-29.26485916644353,0.47150863796329606,35.267549347613524,0.8302750747533749,67.49195761033285,0.5755958822872428,27.311682136447807,0.9226439184498731,40.1869143652227,0.8026938879572462,67.60314548782459,0.48287015908521974,-21.089825779986455,0.32932030771717324,-55.85066184288842,0.6658851147466317,-78.9494464693052,0.6064820948829196,20.680843724110527,0.9782463215827994,-42.3760546601294,0.9334734553122023,-56.6986950293435
38,0.76,0.5841900689888111,-29.30761550403096,0.48500202157453653,35.345623716108726,0.8472074606843262,67.16705989145207,0.5606857324134186,26.9761043155572,0.9162704675688953,40.22588439453859,0.7940544309897309,67.60937308642343,0.6365154649468917,-21.378208585724984,0.32981109146269494,-55.98423079820315,0.7306415687869944,-79.14302014571554,0.6120981247708189,18.81172651771828,0.9792196260566204,-43.22547448576266,0.9344050633011399,-56.98317872178273
39,0.78,0.6185530163744071,-29.28463692939306,0.48828239667014084,35.37595881508721,0.8242865863558521,67.18426712672137,0.5399773705642876,26.992165040912962,0.9084532126275289,40.227454052917274,0.7685102290528757,67.85301784758012,0.6235012630304532,-21.611133608208647,0.3484080467167631,-56.36537529572555,0.7391517710702458,-79.0920675512593,0.6081325209795552,18.71339473247187,0.9777740928859759,-43.62283349852622,0.9373686326797495,-56.953242665051604
40,0.8,0.628323972656364,-29.149525261476974,0.4730202691347092,35.36704635518078,0.8046926211449722,67.35603619408167,0.5400878818605578,26.99412787220543,0.90514786235481,40.22511524236102,0.751950016873303,68.08087999258126,0.6238994956249655,-21.72031232238945,0.34663429707941296,-56.39517458360771,0.766823722816518,-78.97539433896786,0.5858248537019256,18.734948900065525,0.9759348341095735,-43.64840422622892,0.9492176895087544,-56.78881874274709
41,0.82,0.632370873775834,-30.021878511795375,0.4659710367658711,36.273366889314524,0.7976081005960989,67.84227576651304,0.5469004921945564,25.196182504094715,0.8987932624500913,39.524993649878404,0.7474305298947699,67.80947624865047,0.6260831053216422,-23.624686373672677,0.3436784259644593,-54.1804307143762,0.7765640097451475,-75.85968210222565,0.5785902571332436,18.578032043004352,0.9654937877807535,-42.72584741846363,0.9497083960312823,-56.28527646384545
42,0.84,0.5725811794347856,-31.409662239725147,0.6305848126987204,37.167681427831766,0.7590767571494901,68.32954764525232,0.6635415721979789,24.695838493280878,0.622641227404039,38.15244243926414,0.6383448209067772,68.40391661472485,0.9600626952837894,-24.75486246045283,0.5003971128910852,-50.58454759131051,0.6581866322557178,-73.38276587239504,1.0237364263208182,17.16899035722568,0.8284618727916938,-40.931933823271855,0.9556504781134557,-55.9745154575357
43,0.86,0.5714444461167707,-32.21390440667265,0.7467182712092257,37.779600961891504,0.6474215324970648,69.26485891206387,0.6734404105211711,23.48376995175309,0.46499928202791285,36.276046917787795,0.7347070367612248,68.15250784911659,0.9655779628802135,-25.0327571883894,0.7009656738742931,-50.58454759131051,0.9125074894422348,-70.2623510454334,1.0068807744166237,17.13538977849225,0.616504933289122,-39.096065846268324,0.959056812574808,-54.20608469541281
44,0.88,0.5615236374167801,-32.7142296009306,0.7229888054721042,37.96649307257148,0.6497619849886385,69.57967195408811,0.5722070624189548,23.48376995175309,0.43516689515130774,35.55554431395685,0.7180733813142195,68.06956652790095,0.9809851872882698,-24.993708881167716,0.6888292707773431,-40.36069473926562,0.9071755042537453,-70.2623510454334,0.9142700204051433,17.818653337003603,0.6367283424364275,-38.93494042059236,0.9413829588307647,-54.73276971977228
45,0.9,0.5278611813194488,-32.85140689319104,0.7567181942375141,37.96649307257148,0.6969028598778289,69.41246885415184,0.6001614117779155,23.64796276137183,0.5242744380064359,35.591114756629615,0.708988498564312,68.0470158134112,0.9698793230915814,-25.154441226757683,0.7333582065165143,-40.04082524361845,0.9006313288977431,-67.08942949423266,0.7853476197894327,17.818653337003603,0.7261970605715571,-39.1854887969083,0.9257525901837341,-56.46562096417995
46,0.92,0.5631454423780753,-32.85140689319104,0.7643949930265433,38.392131869406676,0.7734531335486384,68.39388330231905,0.5610241881655271,23.652018706061742,0.5667160631977007,36.06710484534492,0.6859831121865052,67.785359910077,0.9644506152467279,-25.154441226757683,0.7561665661659676,-39.89893786866226,0.8596652682354735,-67.32358667872924,0.807620434444908,19.68027827333068,0.7421185030013315,-39.72882752236217,0.9223086135689418,-59.396255001884725
47,0.94,0.4805277340939915,-33.50014020513779,0.7535313853270106,38.343400820185,0.8419263625401961,67.61524082333283,0.3826830011024876,23.367924055005037,0.6038462890479401,36.436629190136266,0.6304920745629182,67.86959328898358,0.9642397171221134,-26.185676826006006,0.7207997913155922,-39.567382207659996,0.874556790296015,-67.37162467965554,0.7483743762195479,20.83058401422089,0.8040224624326656,-39.986649203657606,0.8995140161818796,-60.74884891590919
48,0.96,0.47974653524791583,-33.50272068370939,0.7200163812010091,38.308829424060505,0.8545589983340001,66.76703701989945,0.3764871213299899,23.473105461533297,0.6067673137848913,36.55214738947077,0.6048824136393488,68.17858027927014,0.958774074250855,-27.005321221079548,0.7053786672768767,-39.49833302517558,0.8636595130493911,-67.41095681903943,0.824535943365683,21.096881607656606,0.7925515573495812,-39.994266490130215,0.9028186315944216,-62.21525467333586
49,0.98,0.5231324670458269,-33.322618998684405,0.7165955966131526,38.16408382653994,0.8535313383860401,66.64619379111892,0.3294852682453405,23.641313070172643,0.5989327025078238,36.56626296239067,0.6089861625885953,68.19829812306202,0.9606849461932893,-27.16681748545469,0.7174079718802483,-39.49210612577797,0.8356472755572366,-67.41095681903943,0.9338745578720831,20.78661066622445,0.7723596642854553,-39.99361420927501,0.90959798524895,-62.25433660489779
50,1.0,0.5244599350751489,-33.316464229722826,0.7339149490496464,38.17610473960863,0.8411326043859,66.73749310630464,0.3318837363111098,23.64091971252683,0.5982288170724989,36.567577609351815,0.6228393877653428,68.1867421711945,0.9736625096897775,-27.09936397656696,0.7288018329904035,-39.49855402050715,0.842781433815509,-67.74478434335137,0.8944239159031407,20.812796257743273,0.780615758255001,-39.993614209284374,0.9202693237988825,-62.25018829059414
51,1.02,0.5086306525618226,-31.677544386362268,0.7390083636720426,39.22321715600548,0.8394275421609014,69.45519483386656,0.3523166916027872,24.05941486045367,0.5950286615585233,37.52238363143693,0.6254530986444679,67.6830388629963,0.9754757400842576,-27.266779713537787,0.7305095737840206,-39.49855402050715,0.8645276966965743,-68.61997306811762,0.8634624682575693,21.840565391193582,0.7841873608665552,-39.99417129690341,0.9206669586164794,-62.23283934203137
52,1.04,0.020876479493049438,-29.458706148808655,0.05091215569166995,47.96056724463259,0.0009610802691889631,73.3507348911945,0.12597487532837653,25.188974121414255,0.8544748820894795,38.73678918815847,0.6578324144137909,67.40600703494673,0.6038345297165626,-27.564820956560315,0.3048930131579876,-35.94951794646302,0.23788858366350982,-69.9284066810332,0.8830734476789823,23.250703994524507,0.8318065321151381,-40.62080194029134,0.8807373944619034,-64.7108852859667
53,1.06,0.01341860297129688,-29.325467611230007,0.21342024721637792,51.23971733968814,0.24706602894292712,80.10545835487915,0.1316372629334015,25.715144558322326,0.9447726830964486,38.73678918815847,0.7539480065747923,65.87290727370028,0.42350621795834087,-30.586624981998003,0.24697866122271675,-35.07299277070049,0.4564378436649439,-71.31207057621506,0.7937987095217484,24.107659483334817,0.8764454768805322,-40.93755762761013,0.6603717197469398,-67.33021966068654
54,1.08,0.10946145128815084,-29.519043392027164,0.19517815494838558,52.5467525302773,0.4075329427353755,82.19081121700157,0.07744619298141572,25.577157563546557,0.9230317128696072,38.73678918815847,0.8388150635724712,64.95376075799184,0.47343115713346207,-30.826156656644567,0.27004216324381736,-34.83769369897649,0.42340765580873124,-71.73459019207934,0.6582290706180616,26.29778581630224,0.8801493895591594,-41.16125265178688,0.6948994797454063,-68.05477627567089
55,1.1,0.1434680048995011,-29.849249056207917,0.20732774729738465,52.81288824535982,0.2709000352826141,84.012994741119,0.015549706775720885,25.28367324991991,0.8787876621176844,39.653638661683914,0.8272268880444905,64.82976491962553,0.45093869640656153,-31.209652620585196,0.2950478914804011,-34.79187081193031,0.4786023651313356,-71.73459019207934,0.5137158907160204,27.444061907658668,0.9006774598658202,-41.272329371489334,0.764773791838149,-67.77538387909586
56,1.12,0.16329681022178993,-26.17988700940834,0.18597463049768675,52.46179647676541,0.22140361201454972,84.012994741119,0.023641762084632888,25.08015837990706,0.8488198122704984,39.131020886148086,0.7909616909266985,64.140564761046,0.46014089914161854,-31.209652620585196,0.2989397683770283,-34.83636994351939,0.5376478188860571,-71.51304045740264,0.4818380739582466,28.510668522895934,0.9138308182150319,-40.95286208072371,0.8026220705247098,-67.07163488175814
57,1.14,0.20652624576444442,-24.698526221211576,0.09510996246593234,51.57516336978068,0.12742652719369232,81.89933565494627,0.22195961123586672,24.606405534307996,0.8169781966349371,39.004948664664695,0.799736515326976,64.140564761046,0.3790353210617105,-29.783217624635515,0.353061836697198,-35.14767587870281,0.46960573982582154,-71.37271114502765,0.6500237481199337,28.941432598556638,0.8144299356798892,-40.8355992485384,0.8950982148325003,-67.05870141275926
58,1.16,0.2823923385408992,-22.85229313334574,0.1371887874228275,51.57056444826744,0.1516173451190568,81.51777447258507,0.13694821752181377,24.032220861141823,0.8411559312004241,39.01622480646578,0.8083843163108193,64.140564761046,0.3925977008178815,-29.369114081698026,0.32880949045512337,-35.13553124820073,0.5004363915270632,-71.37271114502765,0.6479801454311832,29.253387605760857,0.8622558993319422,-40.91015352554872,0.8125924412711307,-67.2782450348826
59,1.18,0.3231487751005892,-22.841475689610107,0.15729085842538018,51.57056444826744,0.13752889128137624,81.44017551790728,0.1333948636242451,23.915870960942485,0.8441604194273008,39.052140748534256,0.8219001025327266,63.49242927642994,0.41130697208880734,-29.17645330036047,0.33132538286526747,-35.13329278330794,0.4940166750956489,-71.24140691665578,0.6337062096779554,29.33164770482369,0.8662247744587499,-40.929952580952026,0.8019204661929913,-67.6815452153564
60,1.2,0.329688484051845,-22.676705953452295,0.1516474828363112,51.57056444826744,0.13211018184847173,81.42727118144376,0.17089976736825646,24.0989122522798,0.843115687143492,39.05768911585097,0.818764781050363,63.48692534984601,0.386716126377852,-29.21313767429026,0.3372071036667049,-35.130071141809225,0.47310319655751154,-71.33480622825154,0.6570428754708862,29.33164770482369,0.8529212012873283,-40.9250615598306,0.8234022615136415,-67.66815390779652
61,1.22,0.30459483352271133,-22.676705953452295,0.14571474109874644,47.36554003548145,0.1418562033578843,77.26344589632215,0.1953624421182386,24.16832198224451,0.8453540916077964,38.028040269886866,0.8053501292614296,62.75355159465378,0.3719371126308956,-29.118797327920745,0.33475652894137725,-35.130071141809225,0.4612032910982403,-71.94468040510516,0.6717126792032568,29.639030062625125,0.8516727452793398,-39.76571189934631,0.8303012493832188,-67.03235528978169
62,1.24,0.4184095722040474,-17.50492131179323,0.26022356036439864,43.46999998497581,0.13502378885124372,70.38216668346391,0.34375210234602105,22.947765069511092,0.6225938420986469,36.59403238450134,0.9035829931718005,61.90025409101313,0.2034212843052721,-29.118797327920745,0.5855524682326629,-37.50852103898822,0.2732064467800926,-72.64779829911409,0.884922919830638,29.683485059935453,0.5225974516404597,-37.90617808260909,0.8915260857801707,-66.78342157083893
63,1.26,0.4376700214296456,-16.649927618757502,0.446957772771075,35.79661091362198,0.015025531864084124,65.72002136499259,0.11419006279274238,21.45980318782704,0.4535864948107997,35.242773606306194,0.7066615041060449,63.10628942762956,0.19002134063596277,-28.6448923456715,0.6247817126205756,-37.595537045165855,0.2746011705759376,-72.73699703899518,0.6689649668542131,31.511618840532606,0.4667973474774492,-36.88921852775652,0.8143111133142544,-68.22230578586831
64,1.28,0.4385379725362247,-16.118369662495756,0.34756706447873653,34.60060985054173,0.17639371615881003,63.48984518100484,0.07558255152025352,21.167502891414433,0.35742186666814046,33.93382995025986,0.5706712201270064,64.75864619151375,0.21868090987224323,-28.382086294197133,0.4942956934468959,-37.595537045165855,0.26828934804783006,-73.23393673730511,0.48655790489444306,33.15298267295767,0.4069023328351631,-36.35914278109108,0.7125605686343218,-68.22230578586831
65,1.3,0.41317541473895175,-16.118369662495756,0.3962722125526886,33.315502764783275,0.18453486768327476,62.18575672518682,0.15450160764180004,21.382326964605493,0.32652614589715184,33.53666578659938,0.49613838620431117,65.25933494963674,0.23161886723924155,-28.382086294197133,0.45505086807281236,-36.95467049523832,0.1745282506596567,-73.91554892665839,0.5387502406157598,33.25793117319022,0.4375543937617071,-36.33276077706562,0.7052211748827301,-69.17990973222628
66,1.32,0.3954966966885838,-15.578064099072627,0.44647837907386106,33.10002733728659,0.1898760316681191,62.18575672518682,0.1989009294165724,21.417309438564068,0.34994131225305014,33.21552168964735,0.51730224646096,65.08555466457233,0.25436907279461946,-28.382086294197133,0.44989601570655147,-36.49676356512606,0.12335910591759773,-74.24973950782007,0.5620428551070573,33.503954057629606,0.4601036202270241,-36.36293165019187,0.6788877009795574,-69.41902608890906
67,1.34,0.48833180158642403,-16.19343325134477,0.42243175535771704,33.07786745155776,0.1417949577784367,62.18575672518682,0.3010648836680716,20.749909313833818,0.3267652801709299,33.07166860950513,0.4614607364464862,64.79390308732083,0.13913669049317226,-26.90998205565107,0.4394154945342508,-36.44839330600204,0.09546459032879975,-74.20297718408227,0.44079342874199057,34.46393458869195,0.4437279258473256,-36.32508046010498,0.652865396813876,-69.91059477058526
68,1.36,0.5317426030326775,-16.19343325134477,0.44121492433099607,33.1036580385559,0.11697143491842905,62.18575672518682,0.24826223119759513,20.278229654950387,0.33512390612905746,33.0533638159015,0.49278716935531264,64.56910992892784,0.16545524577720291,-26.375729439614,0.45644426330504034,-36.43478789569858,0.13503320074771127,-74.0337652943456,0.4106393797072119,34.46393458869195,0.4563834121675784,-36.35135090295845,0.6416066445109814,-70.03094815358476
69,1.38,0.5104060181636861,-16.401428517515356,0.4433191334287166,33.11339965922279,0.11349825686265459,62.39541509193498,0.22700608716786227,20.057753551925764,0.333804886982439,33.01628477580169,0.4648429190021214,64.53669667803531,0.15671400015371398,-26.375729439614,0.461072344105417,-36.46605389729398,0.15949943349910814,-73.7733354597817,0.41038669308156095,34.85120618476555,0.46758821048644184,-36.394660276303924,0.6493179900726208,-70.03911197894733
70,1.4,0.49591893276442167,-16.35421849352443,0.4401073071571567,33.09492475261167,0.10579298206635167,62.449330978660335,0.23007851694059342,20.057753551925764,0.33089361677404,32.94238409061267,0.4538867945376823,64.87624169497832,0.13598473830785313,-26.338885558132247,0.46503646997259945,-36.464657064200956,0.16463003382517427,-73.69094668212729,0.4168720893201633,34.87329829216737,0.4735500786967707,-36.497785762498516,0.6672153382738887,-69.995822382185
71,1.42,0.4901853170567154,-16.42717273076467,0.43028611252765814,33.19286530924305,0.11980849204785406,62.95769348410461,0.2530810248349735,19.192180596408527,0.3325552594100158,32.94238409061267,0.4371980634800939,64.87624169497832,0.1364957647002961,-27.13034893523811,0.45188001529689004,-36.69461272196022,0.1469935350539116,-73.0685886262354,0.4289023471971247,34.87329829216737,0.4729292024260074,-41.18055048582482,0.6670434370617266,-73.32184562002065
72,1.44,0.2552357252582401,-15.741636437312428,0.48028921848112893,34.07433335309031,0.1337240504274091,64.58466643142523,0.23166621079559285,18.15923560046373,0.0058538991913246515,29.600104198943626,0.037617983617887533,64.87624169497832,0.23858324585173235,-27.16165967558127,0.5505271835743553,-37.13523273070307,0.16004858117105455,-72.94679649001276,0.013817138423604174,30.960436465399273,0.07819359213636358,-41.18055048582482,0.003406866428733032,-79.01532723770407
73,1.46,0.09320851041761968,-14.27440391013194,0.5364356062584593,34.259858620404984,0.0013397823643830934,64.58466643142523,0.023869720814009825,15.84260535679295,0.09742855098650867,28.560408707020354,0.005677579505582019,68.10001366053079,0.05667558962987011,-25.896768329892467,0.5511139871326934,-37.160544343521366,0.10846370466378857,-73.08750140548307,0.032059784820121125,30.960436465399273,0.024301736837812477,-49.85372776083202,0.0002867413351321188,-85.7615779613778
74,1.48,0.02490982040341136,-13.093351663078847,0.47968522310989425,34.23078321559809,0.005678932293995382,65.66807632615408,0.04197581432773481,15.103814660873342,0.08935801874779242,28.367522111258495,0.007157114131297942,68.29957185076759,0.087892347327954,-24.63564844386554,0.4966423756343535,-37.070938578065416,0.06542083040522911,-73.41727475747844,0.058674777083523144,28.68192749094127,0.05684553934362623,-50.66142013693795,0.015647864571784156,-85.7615779613778
75,1.5,0.061054465251633105,-12.736358087662362,0.4635735065346386,33.91740445284787,0.036294684412301194,65.43379791418218,0.056431390221254936,14.70274032513898,0.07396197945832175,28.367522111258495,0.009563518917995392,68.4067189822648,0.1365456550242522,-24.429345525538714,0.43121499709235894,-36.470527248930104,0.049147704713114596,-73.41727475747844,0.06129329401004617,28.58644946486103,0.06286042709404728,-51.50558413291087,0.007345757127519122,-87.85122078363331
76,1.52,0.03811830214321133,-13.726242552911597,0.4517276693994454,34.1248424001987,0.08497793600793499,65.37964763569336,0.04462310294909884,13.766601428812317,0.07687633918427313,27.962647377123567,0.007193604942945935,67.3133818290415,0.11949246853132972,-24.54176615172995,0.4176300132519219,-35.853754240161315,0.029911512731638775,-73.34243060146139,0.0379366055113109,24.414612804711865,0.05782939419252765,-50.973642969112426,0.007450834623906262,-85.36634700245764
77,1.54,0.02560009529951631,-14.342802247155252,0.5224952459464336,34.749016303364854,0.2136852884792014,65.69886167874415,0.04933832921159848,13.766601428812317,0.06279043214338371,27.898436622924116,0.004059356970007901,66.92400200242237,0.14739656651027835,-23.686859846158125,0.42818590579671884,-35.835836819830114,0.037402799735736195,-73.34243060146139,0.03734818190338785,21.12040138125158,0.09187772914130239,-50.366685188265954,0.005666396315369911,-84.82706015536438
78,1.56,0.015885167041427242,-14.970563730167953,0.548736434158088,34.916722822139945,0.12671254037076676,65.73152662909516,0.02310745274757704,12.756288499729846,0.09710615550446863,27.71862414336058,0.005831231035237461,66.75415768091467,0.030162452298511812,-22.86929219997391,0.45616709668279676,-36.05086328449135,0.050235940460107605,-73.34243060146139,0.07444019985284546,19.610271218487565,0.08150368141192828,-50.33988140507323,0.002313153920847162,-83.56470117265101
79,1.58,0.0713631065760129,-15.675735602310056,0.5142431665045726,34.85759577283652,0.07887629544272215,66.58270004179502,0.01321658711264223,12.752071665654205,0.10629236054772849,27.54544283199988,0.010798549614667747,66.70859261137491,0.12443855422532735,-21.74016988772263,0.451410885921499,-36.150591383951244,0.0025272133141806758,-73.20071568281583,0.06002822909174465,19.28708741608185,0.07003456657719591,-50.34515989673845,0.003512373238691766,-83.47372652578977
80,1.6,0.1077764661841247,-16.000440406049787,0.4855607825395594,34.588938950197246,0.05544047122260911,67.08236298940123,0.004112130706246287,12.752071665654205,0.10446230826902102,27.502640803658938,0.010161453026647404,66.70859261137491,0.1386093263833447,-21.524762267048366,0.4641983275118284,-36.25305029511949,0.045565544974565525,-73.02234058957639,0.045232573044420056,19.23584518160937,0.06375521092361923,-50.35385684824142,0.0033588800973426095,-83.33654148151045
81,1.62,0.11020096610695909,-17.07514587084468,0.46659934175276074,34.67124210493709,0.046500211200311586,67.3805981682066,0.018798825950167363,11.823824611187838,0.09540656321007752,27.502640803658938,0.008251943584986628,66.70859261137491,0.09574741084586644,-21.811556500095612,0.47076082267228236,-36.05366192684393,0.07792886927195328,-71.67677983693659,0.0229536382517672,18.365782363062657,0.06241385132037312,-47.20878980082951,0.003954749272182562,-81.21446435801066
82,1.64,0.05961533533551055,-17.375030562958774,0.4809737501185357,34.37253624418276,0.17566500578395922,67.45817972396841,0.007719837391612612,11.309831133954651,0.06378193254959219,28.97042261503393,0.003794353787358257,65.20207812806218,0.13575816228870174,-21.251198856700366,0.4273639405477793,-36.05366192684393,0.04609359212129988,-71.31428950231391,0.005640249858637296,14.443514174241663,0.07001232673497894,-39.680594898852924,0.0029146250371735716,-74.38579611251814
83,1.66,0.021904703125185873,-17.45641005580994,0.26372719759135876,32.81584123078838,0.2646124952329461,66.6841292848986,0.06224281462591165,11.361360811192853,0.2831067656338398,29.99504671615076,0.16058637749007557,65.83194641631096,0.06644402692711267,-19.881155403514892,0.17745245705356244,-33.33914816745512,0.16259211407794463,-70.13784181634941,0.13641953877841675,13.74231418249152,0.26867745891328426,-35.439268568126984,0.2114752617481476,-67.8936375114994
84,1.68,0.03407193501163154,-17.245379071062445,0.15555498790970768,32.042825759584915,0.2725579200891824,66.6841292848986,0.05750637387533165,11.361360811192853,0.2080353911590021,30.30668030160982,0.126043195836879,65.93997312101621,0.10297566360381127,-19.60182226748419,0.11300700643325008,-32.762822786361426,0.23448701008632136,-69.42661866594439,0.1582690352739999,13.434658830039169,0.20399380174844578,-34.243559213432114,0.003565967810253768,-65.69497739771579
85,1.7,0.04186980878377039,-17.04436793956273,0.19346775514503586,31.749059948137184,0.23743406029179234,66.70288830257043,0.04430823871973223,11.322585941806247,0.21443712636830795,30.40743506209611,0.14747328749617872,66.04267541893961,0.07573662709371089,-19.52682833295252,0.13605250221659368,-32.535184854804946,0.230987233043098,-69.23492611068065,0.17790711937052558,13.376661613600207,0.2660309838902569,-33.15548755513394,0.03679689502178201,-65.28714153921884
86,1.72,0.04434672253735141,-17.413042532890547,0.22264056298959412,32.02330110309568,0.2512060026635619,67.20539926357222,0.04550131612500914,11.064179103585145,0.22496585404407532,30.79782043535575,0.15626252227075058,66.06785635010975,0.045622923829932646,-19.312082756722187,0.14255380449988445,-32.17098422764116,0.1941850880916557,-68.95715587375439,0.16949847566111698,13.294113076161565,0.28550360488085913,-32.922890199813594,0.05955717996911678,-65.28714153921884
87,1.74,0.147228333198662,-17.965884099543924,0.24869371341682944,32.148616864672384,0.296862405703752,67.57702850938794,0.014095109932633382,10.987617960668022,0.257987772034236,30.88590420147625,0.10069718983520465,65.7056194604413,0.0665112799232349,-18.50314114894737,0.1259895144979538,-32.15552913876111,0.12605503655678887,-68.68661432535137,0.17506021920549533,13.291156457453331,0.24870990605043772,-32.44973006131003,0.05952239484256608,-64.92246629157377
88,1.76,0.10135481431981798,-18.450238909816086,0.2653741057240215,32.406433882248145,0.2548640270113685,67.57702850938794,0.049385458595414315,10.512413849359339,0.2575081739093608,30.88590420147625,0.051043643503866934,65.53592697321709,0.007408554482458423,-17.883416460999154,0.14767825939187643,-32.214905982975786,0.13879199053466382,-68.49603836701603,0.1666355375829251,13.291156457453331,0.2698504897944627,-32.45215097859324,0.05150191565131837,-64.83486868664414
89,1.78,0.07496043871712915,-18.698056907855367,0.2723492555952307,32.45270435807386,0.23474986496596653,68.26688869651102,0.06960232912946349,10.512413849359339,0.255624227042017,30.979070995718647,0.024117182175677366,64.89791778346695,0.043050702460375664,-17.859368853973333,0.15039791194479127,-32.24221353680016,0.14134671588671555,-68.49292627404672,0.1600686195370089,13.223864754442012,0.27539655337319424,-32.4833509953174,0.04294794854058395,-64.74747219970646
90,1.8,0.07464167244243286,-18.7189877471386,0.2724404221196438,32.516198579255764,0.23199656757931528,68.33041060789934,0.06938743705809666,10.110115763600751,0.2564904977737479,30.981787448628413,0.02145627664544564,64.85486029097409,0.04819849100740362,-17.45552773209806,0.15544608530135304,-32.266775141032426,0.13902435859037718,-68.45839368853385,0.16017821903030954,13.20888747044274,0.27815239224965876,-32.4833509953174,0.04141144834607125,-64.71274032157692
91,1.82,0.09459277541162091,-18.957806469061392,0.2637266077771012,33.67947013788721,0.24978307749301507,69.44456704314283,0.05234380001238612,11.826432122523062,0.25620566148209234,35.59362850375125,0.042206508227118855,64.85486029097409,0.0218446141057254,-16.75901949866301,0.1441834585854379,-32.223985122007335,0.1265425608485223,-69.09137806409262,0.1589409657228377,13.775475394144125,0.274978301867609,-32.50277613996135,0.04232690706558465,-65.12401281686306
92,1.84,0.18334953465819173,-19.952916687007335,0.49172719127260556,34.72163178134187,0.19654324417158225,70.25450863358964,0.0310419797633239,16.661889891659474,0.07337239880639208,40.38813933442835,0.004687829434834184,74.13661046867547,0.00961637264717221,-16.75901949866301,0.32922692441058504,-32.223985122007335,0.12881107105492853,-69.24463292315924,0.02561328942195994,13.767921148107023,0.03128949193300749,-29.934031464831673,0.03704830240519462,-65.73777617824557
93,1.86,0.06955268981507093,-22.08034139624141,0.5397410458809719,34.72163178134187,0.10464892408048182,71.27574783923194,0.07167422689744436,18.251368694915115,0.07615643606857064,44.5832074297016,0.0040682990921599715,79.17063742357115,0.06799542386345679,-16.25191127736614,0.46982559804683216,-35.22852482295645,0.03356179883394518,-68.47631355468039,0.0061811599482450574,13.756095272929558,0.08974008270919627,-29.775512835441482,0.006953245888741592,-65.9621094764842
94,1.88,0.17590207149766482,-22.08034139624141,0.503513797885786,35.27609826651478,0.019006044582730895,71.90961548850561,0.08568849540453354,19.242873584903517,0.053310467677811155,48.05481249575762,0.010641974872853786,79.17063742357115,0.08827007086562827,-16.34293844793813,0.5209782437555162,-35.51604091601766,0.0881935747662003,-67.72208426018054,0.05982053306476625,13.93642460365937,0.04013937131868645,-29.56938446698431,0.010989953183632523,-65.9621094764842
95,1.9,0.20033154594126018,-23.95252143938582,0.4672319302776703,35.06376354779535,0.02419977445944541,72.65269306069031,0.07259359885048365,19.404606361617518,0.06826191796718548,48.528541257330424,0.006695327352066057,83.05083361370019,0.08753123776075274,-16.367604799727502,0.5137804357983324,-35.87822301123096,0.15508775452764728,-67.72208426018054,0.10032196045856845,14.144428664654244,0.014283810623645879,-29.615644689068485,0.021181552962737174,-65.96723563261645
96,1.92,0.14854025512066246,-23.768825012542788,0.44755800305128923,35.188200648489655,0.02802594268311735,73.5782503429042,0.0456945905157155,21.129105550971474,0.07337346311104193,49.47165525540577,0.005527521152503232,86.14541847996337,0.07416574448114076,-16.17741351594948,0.5005126721932306,-35.758845187137865,0.15999847717231186,-66.49978675413121,0.0903830578519176,15.302982580846944,0.01635896485700886,-29.687452265828306,0.018990604818575077,-66.66819564716869
97,1.94,0.15712023725859275,-23.47814174420825,0.4338633390494871,34.871606555141014,0.014432205432576574,73.71545314278063,0.0367398718714512,25.880772801037015,0.06379717820627598,49.96505931917798,0.011712973904663996,87.5560395519156,0.11476143567337238,-15.08084262782714,0.46172320562610164,-35.3190983863984,0.01685133450993725,-66.49978675413121,0.03779237125640337,15.599262507193169,0.09673280668599024,-29.687452265828306,0.01642820625968657,-67.86893591275351
98,1.96,0.0046893258664275714,-24.652431742189414,0.40645901313733573,34.67915178858908,0.004786137755512789,73.8699992416009,0.07717239821411521,28.127847169313977,0.06770873435936561,49.96505931917798,0.005977388375165532,88.03181749572354,0.09501592659402844,-14.4334451069213,0.45352245432371946,-35.2685841634506,0.10545387234924068,-65.29388405338251,0.00813232622275788,15.631724502524458,0.06999219628776213,-29.44799252710388,0.007918227022291195,-68.01036932514977
99,1.98,0.07021226145120846,-25.265777440589805,0.40992256195947124,34.619644793765296,0.028156095676756792,74.22121326186667,0.053077185393221434,28.50119053036575,0.07874310500954677,50.24191020526333,0.005041658688884904,88.3496193552473,0.048567784122950805,-14.095134135881034,0.48563787398570357,-35.393859266332335,0.1430789613525351,-64.87770231596433,0.007507622813426343,15.631724502524458,0.06534117387661881,-29.457438762765047,0.0045572259107916815,-68.08800679030242
100,2.0,0.0793635617384618,-25.325274171980936,0.41962176557000797,34.63505266972333,0.05502438157843636,74.4557192980648,0.03267096637796221,28.54422951683179,0.08698524916056158,50.24191020526333,0.005606010862545066,88.43162365419491,0.014121720360184779,-13.723053832144089,0.5092055220421254,-35.50015428769715,0.14600867338220858,-64.76040551433985,0.005250703142362079,15.71977541827437,0.06570674071396701,-29.688409028958713,0.0037492606369687004,-68.20343806408941
101,2.021,0.2229427221860402,-24.79905255452385,0.3641245180435546,34.3963781844391,0.04144577595955042,74.91361622192919,0.0016006141450054005,28.54422951683179,0.03620384213032096,44.4477584820376,0.012936022983135927,83.46191632471516,0.021444809996742406,-13.723053832144089,0.36857598715305956,-35.208405233260955,0.028441343460277043,-64.72645950645939,0.02777715919235704,16.804570379176226,0.001961954898494691,-30.377860505532894,0.03111483314728104,-68.92096222957191
102,2.04,0.2229427221860402,-25.616355030265915,0.3641245180435546,34.3963781844391,0.04144577595955042,74.70671136022703,0.0016006141450054005,28.54422951683179,0.03620384213032096,40.55221843170764,0.012936022983135927,80.97188296856113,0.021444809996742406,-12.053113792006599,0.36857598715305956,-35.208405233260955,0.028441343460277043,-63.6127980685518,0.02777715919235704,17.223860006214792,0.001961954898494691,-30.409492828778387,0.03111483314728104,-69.08794916572543
103,2.06,0.0011874949398701807,-25.99978319272783,0.37268258997137116,33.51616935045353,0.03782554825694316,74.70671136022703,0.07781301426394059,36.809971800419284,0.19499787162183257,38.14340755310281,0.005619965973854082,80.97188296856113,0.024040156924293513,-11.829321818689548,0.37430967960035644,-33.33902728472732,0.12630884021835984,-62.67598014764358,0.004020851465910527,17.774022755789783,0.007042562754143021,-31.9948711629457,0.05230568862265857,-70.62277607332726
104,2.08,0.17618133552140075,-25.873812107057244,0.17573048094769156,32.403867823799175,0.0676925499293184,74.37298329994915,0.16815490056917404,36.96804764194947,0.23634279859988386,33.98673949282647,0.15666649233093116,77.52464715613245,0.012477476055196389,-11.703148658063057,0.2196573983809916,-32.64389998678877,0.23658508183386207,-62.344211162175704,0.057821832610544126,17.99049823176734,0.21391927309482867,-32.255212003377565,0.07924598873236996,-70.6630279455569
105,2.1,0.19554134895263017,-25.536594609166656,0.17021455276049305,32.07913574369957,0.07243672772852106,74.33703116312039,0.1476617033672396,37.1754341953028,0.2668051913868598,33.584109965985135,0.13637038672774854,77.06139319431867,0.039086390495487885,-11.632365897943338,0.23876409184583036,-32.39899797182407,0.22026429973182254,-62.344211162175704,0.04313633198055041,18.203421124398062,0.19340342927266027,-32.613458528570625,0.042413958933225006,-70.65454183467172
106,2.12,0.211600981750296,-25.935419149788146,0.17945008660687767,32.00476865505534,0.0676891991661271,75.06555866537505,0.13086378951571218,37.16659731908308,0.2909794433466724,33.584109965985135,0.11232783371914772,77.00342130665506,0.06098196865892363,-11.61329046139269,0.2698463676698878,-32.655337029147,0.19053740135687033,-61.73098959456657,0.011811521970719817,18.203421124398062,0.19474954787393067,-32.93090705409956,0.02900126379866102,-70.90737141486869
107,2.14,0.20384102303456014,-27.331608493050148,0.17164184949466366,32.00476865505534,0.019349960737515267,75.39112918129621,0.1738797252351527,37.08869116122523,0.2893838133963543,33.36571173588252,0.127894007250242,76.8961150718404,0.017812333176747637,-11.312315985696735,0.3113866125355467,-32.73188954324956,0.1938286846662067,-61.730748710209724,0.09580957893568356,18.951875057726973,0.22204343365064205,-33.052457161398024,0.03294770296239958,-71.06200380906694
108,2.16,0.20986279590231283,-27.57809134480037,0.17182292679485503,31.955007499110184,0.017306581362510055,75.59104552779309,0.17359859890280716,37.06208302228852,0.2913237177097739,33.36054494314646,0.13705401593645783,76.8961150718404,0.0368175238791358,-11.038914312596315,0.30919853622449295,-32.78038680777914,0.20433583878238953,-61.7260085637232,0.07778192566956507,19.183182719536735,0.2188186316699216,-33.19369688852453,0.031356193189611324,-71.14142465833704
109,2.18,0.22587675543381736,-27.698605473545996,0.17886047702044272,31.955007499121056,0.03557515999676078,75.61186185649156,0.1807517645251368,37.06208302228852,0.29144342308062193,33.35162843444345,0.13682416996743496,76.76391576153758,0.031192716025647545,-10.990987857160691,0.3064936878392069,-32.80677116467315,0.20601841018063394,-61.71135353309742,0.08648087978084178,19.217224494412005,0.2185862748194089,-33.21484639581643,0.025225549411298686,-71.19155578456113
110,2.2,0.2246317947178561,-27.701479632795266,0.1798192590783984,31.955007499129827,0.0391481073386979,75.61052986950254,0.1820910799829667,37.06208302228852,0.2904057606336991,33.34827712100856,0.13583916886974734,76.76305258048957,0.027871213298057283,-10.990987857160691,0.30539482734669093,-32.808254929969195,0.20716322167803905,-61.70126054521563,0.08966309903674448,19.221981228366214,0.21959055127116686,-33.22790404102689,0.024380521716019694,-71.2117771044814
111,2.22,0.22907667849977328,-28.10447800285563,0.17098282763412215,30.549137909851684,0.03086625569988117,76.2950418221683,0.18035410261817827,36.374141796614154,0.29087735981196206,33.42610187439912,0.13029975677671177,77.06095764146828,0.027478356817428523,-14.718155446742273,0.3017905670044526,-36.27723585332203,0.20302953803214593,-64.99623847337762,0.09749061059779499,19.363323317682045,0.21888996369868252,-34.16436314607171,0.025932588439611725,-71.82883861656799
112,2.24,0.007346353939373769,-31.280537490379867,0.11058516575213168,29.751068937939756,0.014657486380078685,76.63193943589074,0.11724562391747914,35.48873258158909,0.3655931673401899,34.03828355904893,0.077412867200684,77.06095764146828,0.012936989957080152,-14.718155446742273,0.07156908792735298,-41.97071746480117,0.008020529372210834,-64.99623847337762,0.19925912360142867,21.018187572905823,0.399758492954526,-35.050705540136775,0.040079858777721696,-72.22368233534534
113,2.26,0.022380080523360116,-32.85996924703311,0.08948885871157414,29.751068937939756,0.0030920988930717257,76.64981130833016,0.00020627106216007467,35.994018137712814,0.43493641889208223,34.24575247468044,0.03986519119003094,77.06095764146828,0.07468594608175945,-18.0248026492287,0.033964893930936275,-47.30518275223051,0.0024598648810356316,-64.99623847337762,0.0784509215694907,21.018187572905823,0.47238120297298836,-35.802028405251306,0.07331871948352431,-72.17360284393466
114,2.28,0.05356642369293447,-33.341983508271944,0.07191079091436305,29.250811859167637,0.001683565908812511,76.64981130833016,0.0637680714646249,36.38349432720157,0.4665793212028723,34.24575247468044,0.019504957923748262,77.84023591371965,0.09363796545155674,-19.444993273928294,0.041550103727003934,-48.78324728022661,0.016178155754146877,-80.99504232471472,0.180234043422232,24.043222841422796,0.4759501807560145,-35.802028405251306,0.08192312355145874,-72.21516857882024
115,2.3,0.046288634356431164,-33.43304635665394,0.08303278290426554,29.118737940965744,0.0005354457285115147,76.66727543994942,0.0756809446206171,36.38349432720157,0.48106621905194796,35.2803693384637,0.035574417772660905,77.84023591371965,0.07120051692031945,-19.887242997631084,0.06896899312193054,-49.84215008721022,0.010228292029528208,-81.93003146956362,0.17081036405649858,24.19871648279956,0.47579198064940287,-36.20398106659753,0.05397493321731565,-72.37271854116287
116,2.32,0.02133461326697234,-34.957670555951985,0.09127454455782073,28.86360481739742,0.001875757960440497,77.1087711174403,0.06286912258947755,35.87880567702282,0.47728257561267073,35.201799888785644,0.03401840287479375,78.00702059082411,0.036753278856426874,-21.562738048720266,0.0715431361816966,-50.0209968034142,0.006915160224821346,-81.93003146956362,0.08943316028859467,23.855135343386674,0.45461918854767874,-36.28670842630948,0.030603287052871783,-72.4423246391694
117,2.34,0.06209297323531674,-35.95485618950993,0.11559594665676416,28.86360481739742,0.012762754554593256,77.18283318797667,0.10953628794049414,35.87880567702282,0.4271427247740926,34.79747491078988,0.08064912066987975,78.02394179546665,0.0044378897752859504,-26.164366102933155,0.04361048538893137,-52.13181512373693,0.01245709999741031,-81.93003146956362,0.2397260030873281,23.27277701996307,0.42842584106527565,-35.91874311365645,0.054794032405197104,-73.36493968216443
118,2.36,0.04226264680235992,-36.106678695397704,0.0510290915623791,29.196941627509506,0.003318650698444051,77.24814028391062,0.08630740993014568,34.249978101015465,0.3743516296539429,34.79747491078988,0.023538632397613696,77.21181330730677,0.07056368099568823,-27.24136501495157,0.06345348543645984,-52.13181512373693,0.00665501409858186,-87.53338274590548,0.16163998537829696,23.433016873137095,0.3450153755027198,-35.272137095703414,0.06552149768131015,-73.49712978019966
119,2.38,0.023502286491502312,-36.106678695397704,0.0508058192592625,29.281866825705762,0.0031918624365114196,77.2609973687379,0.05050477025365667,34.016367451963205,0.3674123768746977,34.356314169635354,0.06083457641103297,76.85854911336061,0.08410057209683947,-27.602801888430875,0.04121234543177702,-52.802602233869294,0.0009635029995494428,-87.87730479892781,0.1468735023744961,23.59008656552086,0.31783558759179775,-34.98020703235631,0.041817741986567576,-73.76972705828558
120,2.4,0.004385495006808211,-36.15809943817599,0.06507640966198215,29.281866825705762,0.004818296964504059,77.27387300375901,0.02823028419733712,33.557662052599596,0.39522372392723965,34.410584324291946,0.0657514038933723,76.80656391018496,0.0804278187374047,-27.602801888430875,0.015060929590586154,-52.7359443045225,0.0028527293758673833,-88.14990315012068,0.14222683861409946,23.698056630710948,0.3303906998388781,-34.971349182773466,0.010004319423524245,-74.05760050146147
121,2.42,0.0021357173321408084,-37.064789528358425,0.07380796973799139,29.58877627614311,0.004995276883777167,77.58086948651052,0.02709764289150137,32.650007955880426,0.41951975510975814,34.412432193451544,0.05883913214352399,76.76677050726609,0.06940210904714691,-28.026466253650277,0.006179635413277884,-47.613617833616765,0.0007413668046112974,-87.77969909043621,0.12460105222278847,23.753722480090996,0.35495028183970073,-34.971349182773466,0.0014624345287830183,-74.5690258972363
122,2.44,0.06283566549182892,-38.738797942679774,0.05454463344976698,29.5136997693525,0.012615392014313841,77.59552228612675,0.1233877832526441,32.15177166800356,0.27132678942006594,33.37888982126923,0.044654910384696024,76.82512291008932,0.12167988795405885,-34.15664843087214,0.10150783918530888,-41.920136221918796,0.033520046556711265,-87.77969909043621,0.3983882337919332,23.753722480090996,0.18170954742860135,-33.70252794666134,0.05429906892883988,-74.5690258972363
123,2.46,0.024683669512250733,-38.93905578839803,0.032977696924308506,29.486563585610053,0.002573946456990422,77.65731016822131,0.1816299545761772,32.25069197704313,0.2629651504830059,33.37888982126923,0.012430689202230349,76.56501530125902,0.14114723621460445,-36.5712499245933,0.20967583186222466,-36.750867580787734,0.19416986536122235,-77.54864572421593,0.22248675332388762,24.94529452312142,0.13985999315449557,-33.27010207758756,0.06214983685142119,-74.5690258972363
124,2.48,0.029395644905621007,-39.6912461948641,0.25626338235941193,30.61852504034047,0.2749154305378127,79.25261403142932,0.1377612697031817,31.67946309441484,0.18854951663344285,32.32422320092212,0.04400499922031708,76.21452610754378,0.1748786641824252,-37.041232694010034,0.16476552752961235,-36.750867580787734,0.18350054510457353,-76.34398486115468,0.1951582350869055,25.45247202577889,0.27131324591495126,-33.530544567714635,0.06388212905666175,-75.91414581140411
125,2.5,0.13286878039741715,-40.10267969310014,0.09654100541018652,30.971264209304124,0.2054821395075435,79.69841887182481,0.04093129082500489,31.084665449391995,0.15463075535299364,32.09904339126695,0.07096894520702304,76.21452610754378,0.1664094557791406,-37.323577899460304,0.21534132464908476,-34.52382372990186,0.2149808120933362,-75.91125967922555,0.07940112296557543,26.405566687507434,0.18198606244893084,-33.393055030610896,0.005633035210666534,-75.65021102337504
126,2.52,0.12126324827036195,-40.37344225225153,0.09753868325174928,30.87248088807789,0.16853688357410332,79.6411200640816,0.06271230011843643,30.53491222543501,0.19116216688248258,32.0072265002073,0.08573085417859486,75.39823852741594,0.17937560795379717,-36.94171178755457,0.23398093243259174,-34.223261574431795,0.17473789989212127,-75.91164677096432,0.08273085967989133,27.338657524221755,0.16638452599307116,-33.29607166234148,0.030060880034990408,-76.06976649826035
127,2.54,0.19347014525950026,-40.90007080613263,0.06610998559511799,30.863462374028956,0.129559463638873,79.60323121383293,0.2313645990705018,30.2634732563801,0.20549411804367132,32.04734133745926,0.052890078319886645,75.15089804246574,0.26420552983452605,-36.68111517499076,0.25521353014677084,-34.22515168612392,0.14644881197632367,-76.2057651228237,0.2438453821863851,27.708716518064367,0.14964797945386193,-33.29607166234148,0.025488861846317906,-76.30838507972484
128,2.56,0.20557799945921956,-41.072250317287434,0.08593286414560904,30.898355240091124,0.11588744879674778,79.60323121383293,0.2248095087802044,30.142991188870894,0.20649984062174795,32.14442463600705,0.06763136348308572,75.0611934012729,0.26718030664121795,-36.65727468097186,0.25059697205839065,-34.170312281256614,0.1352306053282913,-76.42178666343379,0.2602487346072411,27.801301328083838,0.1527559335495872,-33.07002763850446,0.044240937406483404,-76.65423193844445
129,2.58,0.19674755843456201,-41.1002832917832,0.09096022997668639,30.934046343783393,0.11657719201963015,79.60323121383293,0.2335022086554056,30.072691441326967,0.1940452397431166,32.15223594060776,0.06992321542391276,75.00480862018077,0.25486676032143324,-36.604898217323196,0.2542733075639817,-34.13936693684285,0.1281686848615694,-76.42178666343379,0.2418654863023928,27.803558070745357,0.11709889966745227,-32.99422393441748,0.030366610308090864,-76.6461246127544
130,2.6,0.1847542120999205,-41.087461464367095,0.08391492761833678,30.935235378707894,0.12091595048230494,79.04746610124562,0.2330226972439985,30.067633671298708,0.20576634199918475,32.16623706167044,0.050560348672591494,75.02974310502708,0.24753995325865108,-36.604898217323196,0.25627323361848925,-34.135438355799145,0.13266448226826622,-76.543648872502,0.2693379828389444,27.802627901965945,0.1558714048479779,-32.9988102333253,0.02704671933284174,-76.66019125513898
131,2.62,0.18283233713809843,-39.40759028234461,0.08172134290738554,34.643002627698266,0.11712616966179402,83.86264574846493,0.24213665517337732,29.87511633033971,0.20806261404710027,32.32520548911213,0.04511776852025637,75.02974310502708,0.2534801056622782,-35.75630451338356,0.25635535009413657,-33.40582518996479,0.13445686831518444,-76.51091871271474,0.26539391445170474,29.65984957519839,0.14898226163741843,-32.931106550553245,0.023851225787535204,-77.10339049239681
132,2.64,0.07076872250851028,-39.40759028234461,0.09414318368041877,40.636141166544284,0.007410686037187299,86.11315632087673,0.37577793512404734,29.686788989232703,0.39898296905036046,33.35187831274473,0.004150045880416208,74.80826790015159,0.1775266397047162,-35.03811261610759,0.12233318686092089,-32.807253725898924,0.09447169256422779,-76.48722915193872,0.23569927635135862,30.67518119053678,0.24966123398515688,-33.795190216051175,0.03420767370540628,-77.34809564042075
133,2.66,0.08636803953127893,-29.82743020472706,0.07811147466701251,46.75035383667855,0.0017185793695291742,86.98014582799343,0.22449780784251794,27.575999218705732,0.4167283816204856,33.98140277302941,0.07113631071568198,75.18152108174489,0.15780004548193233,-34.958254173488555,0.05911636188419831,-32.807253725898924,0.09766926954856789,-76.88479477122965,0.15330736331848105,30.67518119053678,0.32833413250226223,-34.618673211597056,0.11277739748297741,-78.16506104811276
134,2.68,0.06796147305831077,-28.466142087489583,0.0008688657970086307,48.479314709972265,0.0005440172343661457,87.58368598833499,0.015358760110820616,25.014698366015054,0.3532037980904541,33.85062950738823,0.03845706317004405,75.17206734002008,0.05521985773594193,-35.80900272971391,0.04550660610064354,-31.247309208570897,0.024895595675062086,-76.88479477122965,0.016870796855815794,33.331854243016515,0.33374617811938123,-34.75739322192358,0.14119142301308182,-78.44251006235179
135,2.7,0.06661021696462328,-28.466142087489583,0.022244038621570154,50.3067242709206,0.0028304226057048756,87.63635549306652,0.14704818586424978,24.620465016833652,0.33228856496335085,33.75476924625957,0.017162587262209886,74.97474005917347,0.022676555168479783,-36.36376938805966,0.10894173044727695,-30.65229546244536,0.008605402590140364,-77.48060593084251,0.11830340423555505,34.636499617917174,0.3350083758015002,-34.96649679406579,0.12685207125689257,-78.46768086878537
136,2.72,0.05799223224656875,-25.89798404002225,0.029842712860883917,49.52407715741834,0.0012753203331792595,85.75029769019139,0.15392986740969922,23.805238318309264,0.34072915020619315,33.589501138672304,0.005206734561243089,74.97474005917347,0.04594589972038952,-35.37554169800043,0.11315402150661814,-30.404410563197917,0.007252103448985788,-77.26282967681634,0.18621220945354636,36.386764805502736,0.3505208181393605,-35.15827162143929,0.10586814078914607,-78.20653158780871
137,2.74,0.05192197267857995,-20.921380820238372,0.07208185563089427,49.35579568487118,0.009828136717009975,84.81934760327714,0.144359717240716,23.475450196616638,0.3598335426839736,33.589501138672304,0.04634176619805593,74.21771536446526,0.010808804400484194,-34.220182253071535,0.08874032329259211,-30.23394113745891,0.005235491558008403,-77.18713650309503,0.14254968556940184,37.06888482012495,0.3838857676955668,-35.347959778798426,0.011928296664453603,-78.21311250847697
138,2.76,0.07967137356950929,-19.76251676599362,0.05667478239021488,49.876872657510695,0.0017476526529967944,83.7806239788836,0.021303368263073004,22.12269376527787,0.3627321865895608,33.28894175019388,0.06465938998552717,74.02854454459512,0.0020390374717364225,-33.934587914744924,0.11438264108863806,-30.218819555695227,0.0031134958210877863,-77.18713650309503,0.13703832633294488,37.6009984112743,0.39901565036558767,-35.557798668592504,0.07823124955729499,-78.21311250847697
139,2.78,0.1458361116887585,-19.918158588881038,0.21699175178844698,50.99762779778745,0.18160877103533288,84.13915339736477,0.11556168967573126,21.966620978945453,0.20499781026573835,32.45548917018991,0.0029246690800713237,73.53704829361523,0.013580129091597417,-33.883377276808964,0.0244536040483241,-30.57185399009897,0.005455603217208778,-77.18713650309503,0.16157462349119026,37.6009984112743,0.3815484210545396,-35.557798668592504,0.042695150891845626,-77.97523451113658
140,2.8,0.05901473413829463,-19.663826496328817,0.09803518088932262,50.9495690942944,0.10028500752899298,84.13915339736477,0.12002759813433724,21.966620978945453,0.1782256032705895,32.120223974214355,0.004251972928090208,73.53704829361523,0.0487460815848104,-33.95073319565627,0.03947100519526001,-30.663579142601556,0.005190562629833168,-77.16986900267116,0.161551360362061,37.6009984112743,0.2992434567466262,-35.06555345765139,0.03221724396093105,-77.509106107563
141,2.82,0.03910410337155931,-16.86183598692388,0.06090879519274551,47.85639478320946,0.08349773487592704,79.61293993100114,0.08031766443724304,21.148990468434107,0.20713571988688304,31.22050041593462,0.037149092629058446,72.84768258776396,0.03062237671318578,-33.95073319565627,0.0573668069559036,-31.15570025542545,0.005953002511155642,-76.7090131657476,0.1184360449463217,37.6009984112743,0.32014171394520463,-34.84594190902894,0.024301073746057864,-77.67495154728707
142,2.84,0.13666666280768933,-13.991753250638286,0.008074895840514691,40.06531468159196,0.17997967767949022,74.81842909570922,0.16829028289608744,21.005079431227774,0.15690194908553406,31.412354289435324,0.05077248317944599,72.88852881669987,0.010472010738178654,-31.256609124670018,0.020370088359429384,-31.051032696349743,0.0029982660692173886,-76.51032000975206,0.046977341291215176,37.6009984112743,0.2876253475384394,-34.84597347066858,0.15171146706888514,-77.67495154728707
143,2.86,0.017947583637164123,-12.274460461572074,0.027990912655982872,34.57239932766529,0.10969734986326617,69.47924271147238,0.046927735864775756,20.59079226318222,0.24969100936951594,31.412354289435324,0.10132551028056433,72.88852881669987,0.01853863572568006,-30.984952645556337,0.07355646548920707,-31.791336555600815,0.0031142156532587856,-77.57106819333421,0.03836672184843397,39.70530608870463,0.3597403774670755,-34.736307505533844,0.03084262322865114,-77.43782335246618
144,2.88,0.1365814684945335,-12.430397268330138,0.14389130383071908,31.74874994674825,0.045760875116084086,64.96619940357543,0.0410881287525838,20.501205981891108,0.18437733109568222,31.86664340044696,0.011435167861803545,72.04878747590058,0.03625272869757236,-30.975703496215683,0.19958674188181885,-31.791336555600815,0.23208266904524674,-77.96476749125198,0.026462822588624795,39.343993861870764,0.16629661968542517,-34.736307505533844,0.03077757945757285,-77.4458393896637
145,2.9,0.1774564098631357,-12.594694918158863,0.15577699751841645,30.909376229551864,0.05405653618649538,64.02412569707809,0.10132190405143532,20.567291404117313,0.13289924207810805,31.345420865691263,0.06218892345419465,72.04878747590058,0.05707603024185755,-31.21918849612664,0.10317963036607189,-32.41327318970699,0.1954922761436047,-78.4532525492564,0.054835409971094665,39.16999551820635,0.11619004634907003,-33.122881241030264,0.05795585753047103,-77.40136052083668
146,2.92,0.14755980167404795,-12.652372095876228,0.183707470346955,30.344775400405172,0.014568176205152938,64.0280606710045,0.0982238868539868,20.140692728260838,0.12681456126217028,30.81730322780536,0.04370869819692985,70.76082311969051,0.05991558807855629,-30.691339346374424,0.11886972596562831,-32.3621504862196,0.18312858650567124,-78.4532525492564,0.04817020094369068,39.16999551820635,0.15025761952177252,-33.122881241030264,0.057156634285453735,-77.34185181721645
147,2.94,0.1680404967265285,-12.652372095876228,0.16222117390834812,30.258262511482375,0.046599323586643406,64.15635567856785,0.14093544818425277,19.15892699272476,0.11814745680706185,30.701427311584986,0.00016867787629280855,70.62859934972032,0.17272224967602187,-30.263682216568153,0.12870502401295394,-32.50784912397957,0.1854648363996175,-78.4532525492564,0.08643427815869206,40.267386028269755,0.14356939774736624,-32.93352711875177,0.08886536157870062,-77.13692855664365
148,2.96,0.1547910509319705,-12.612311679635118,0.18977248716170722,30.281373506827123,0.05549902408018861,64.31763639048752,0.0755331431399196,18.736089028514883,0.10774204057372745,30.64176367117539,0.00752635416043373,70.46660823712322,0.14864251967832398,-29.801027767707595,0.12057162956686295,-32.51025014339736,0.1339573560796653,-77.13344843114689,0.11849141216885413,40.35730560826077,0.16753682963840438,-33.02538155334916,0.07587368101998551,-77.17460924658663
149,2.98,0.13859420303134304,-12.459771061662623,0.20054634163551635,30.29831575947917,0.051521745972411576,64.33004674324339,0.033035104047703046,18.10530139192286,0.1123315484548765,30.606345316025738,0.008202959474689367,70.43019837810647,0.13355390841179296,-29.5722547253906,0.12247151573749022,-32.52747271151351,0.10690061669719347,-77.07528917626071,0.1368818877164627,40.81625448665385,0.17676721731647274,-33.02538155334916,0.05396011771013407,-77.27829112589806
150,3.0,0.1363896149377043,-12.43941642348289,0.19978618997773034,30.38362741560573,0.04147045128160175,64.33206295541794,0.030083066141880135,18.10530139192286,0.12288585304344209,30.605164645766582,0.0070311677082875714,70.43019837810647,0.1304864811321361,-29.51883264788086,0.13124081601012885,-32.543055031797266,0.10532697844976967,-76.82052151087639,0.1390099528197907,40.91199363145589,0.18558581579157415,-33.17411453681734,0.0443588343729391,-77.31567886887173
151,3.02,0.13865881427929408,-13.186804167185189,0.20198542508435374,31.083923107346735,0.039049015907768055,64.65506820666259,0.05515673179841657,16.321041605919188,0.08725427639091742,29.595277939532206,0.017287026221283502,70.39036218245379,0.1483692092942556,-29.526155995745214,0.1213183357752488,-33.05910417306012,0.11999113718807111,-76.64862666268408,0.11875905736586145,36.603889275980215,0.16659689884993056,-33.17411453681734,0.057618692015228234,-81.23179522662885
152,3.04,0.06168868111635364,-13.267568551426633,0.33447133343970614,32.15917278337101,0.008395612040566791,64.65506820666259,0.008574032757033995,15.754939921917336,0.020933023952417824,29.595277939532206,0.03326831001400984,68.90278692930913,0.32974361396704727,-28.94487934603026,0.3150503226473403,-33.05910417306012,0.19762175485682443,-76.70549692974994,0.05727792314927613,32.16048829143478,0.09933289118358135,-33.17411453681734,0.008478292803411823,-85.30277996547987
153,3.06,0.044249646030705164,-13.34903835188043,0.37870884032864777,32.50285918529607,0.1455578480173154,66.66384217605193,0.01666454165354052,15.754939921917336,0.06278045232645275,28.565596753341627,0.021154505306109374,68.53455247893315,0.183294965457626,-27.75010914961202,0.36344248212488295,-34.438709150249714,0.24873617547427873,-77.06656985254558,0.1064814411872378,29.312493464004774,0.10449614349094431,-48.991398050080775,0.006033329215604702,-87.3264076063415
154,3.08,0.08906799729119926,-13.787188200161053,0.3313289299322358,32.43587412003701,0.16117193873316712,67.59327216517696,0.018772663442274205,15.05065725443573,0.06971271268623562,28.466552664189994,0.0071917452312493515,68.49720687045817,0.015241539758837176,-26.253430275584318,0.2930095104802556,-34.58530233285713,0.1996723045461915,-76.77972942639894,0.0782438462768117,28.776759980871027,0.023400434343956795,-49.834743388075424,0.0025443155504081888,-87.77813565987586
155,3.1,0.1159620314268506,-13.981516693780137,0.29506459505203986,32.43587412003701,0.16230407248455217,67.74725504153754,0.010954520047331849,15.009037612222004,0.0918044651486792,28.19355283519041,0.009644399618942803,68.49720687051273,0.09632138821691964,-26.253430275584318,0.27204563253942987,-34.397471554228645,0.16138428038317593,-76.49014554395087,0.06511844017788433,28.50499044960758,0.03975998883390511,-51.45077536904478,0.0039564205272507,-87.77813565987586
156,3.12,0.12833987914870978,-14.811194805611269,0.28703755380234935,32.479370395211085,0.1685463182845761,68.05634285360631,0.005043626089896045,15.009037612222004,0.09075111975731162,27.849517259711487,0.008854459602658021,67.4056110282774,0.07823825296167493,-24.9763934049086,0.2917303741971699,-34.15358036002547,0.1345023775267677,-76.49014554395087,0.053387238888368174,25.11639930370275,0.051336502776650986,-51.45077536904478,0.004509878299880952,-86.80918160052585
157,3.14,0.09680754705743906,-14.811194805611269,0.3356701882646149,32.674761560400555,0.05278259375385692,68.68606750180535,0.016396219634506663,13.189674839726036,0.021152176364338676,27.920236569476714,0.04330712275679954,67.17874052003134,0.2253133238328274,-24.60568904116106,0.31289521155750577,-34.37717627128649,0.17866706457735793,-75.4613351376815,0.028033804053164853,22.12986864331685,0.08213638006369553,-51.45077536904478,0.006041491512061392,-84.83935473541955
158,3.16,0.07740376099197357,-15.663901445026653,0.33937685232345144,32.674761560400555,0.1414302358664305,69.27377591942007,0.004188570065463345,13.189674839726036,0.08334487396502112,27.844250794185015,0.0003084573020592447,66.8382780281621,0.06391834283255478,-23.628241235807657,0.324222761523991,-34.53608424120368,0.17579085154021068,-75.30625637418291,0.08120606847678713,19.693986779036504,0.07851461983029358,-50.348944816694775,0.0025455944879340304,-83.52428550662925
159,3.18,0.08962796148197319,-15.94747709432167,0.3187240409272827,32.64140388276836,0.1856159875287695,69.55186921919591,0.010761470572171658,12.874189494954868,0.09929326793742672,27.60582319584066,0.00797239653775353,66.71898708835454,0.02704037969469701,-22.903903551299564,0.3274710235767453,-34.60936963581523,0.1503203288206974,-75.03255548333995,0.06573109164752587,19.255276063252726,0.07111713057827389,-50.348944816694775,0.005332901835101241,-83.42494585003249
160,3.2,0.1097297804745436,-16.1543176796694,0.2980789507406767,32.64140388276836,0.19605104429457856,70.0786130060498,0.00309904662282079,12.8571118326451,0.09645735099504528,27.587323670953705,0.008217860979809302,66.63384220061504,0.03796443755174112,-22.562395118529906,0.32611378965072335,-34.63991574040173,0.12342785223948756,-74.8747535369792,0.05257442181987316,19.114945152482175,0.06710130415200447,-50.348944816694775,0.0056262790418132634,-83.2932552208766
161,3.22,0.12013791019231158,-16.906350275945442,0.2895860007433786,32.70392395237158,0.18626564110493574,70.08611681403839,0.009865187685716141,11.589154880547643,0.08949575729630373,27.46714034372566,0.006834056647612864,65.22416359487524,0.004969653325222589,-22.768068559000795,0.325942832222207,-34.63991574040173,0.11037107607648917,-73.91672633545677,0.027043363151207065,17.41274782278622,0.06681560002448308,-48.38046913969592,0.005751878074896728,-81.48047012409694
162,3.24,0.10075785755964303,-17.92381994870932,0.317776420442212,32.74207470978145,0.03759146969992725,70.3914257748931,0.01587275665100689,11.17693772978122,0.05917133858375701,27.38449326001374,0.004849636156844171,64.6867820112221,0.21504961631571098,-22.02916163973299,0.2808994193637886,-34.06816815477372,0.16490223586241268,-73.91750726973558,0.00702729360277805,17.41274782278622,0.07322373204901435,-39.99007518430281,0.002162748875134592,-72.1911053784919
163,3.26,0.10663104569132366,-18.471415011774095,0.33424647857355017,32.62347597373478,0.10930156223481324,70.272556249597,0.0041672312961955164,10.95583682839739,0.09603361512894912,27.38449326001374,0.005536512102856115,64.88315631841654,0.051646667696970766,-20.751357932083387,0.3097036009350017,-33.53574733885169,0.1907863423460851,-73.37771106642755,0.05876335753062707,12.832335317835785,0.08476863271114712,-38.42479647488725,0.00553525422865376,-69.73933077767059
164,3.28,0.11621252779988472,-18.40591312035539,0.12161780667382775,31.318172851515595,0.017449913374841235,70.00582530559943,0.02522517495775694,10.964192064655945,0.15725866070264777,29.26826890674036,0.06184286895808961,65.03772903882785,0.05996363259000217,-20.751357932083387,0.07464971093183814,-32.22119067513735,0.04866388209373506,-72.70379515482281,0.07414968568804663,12.548774298616072,0.1235755594508069,-32.93899670541993,0.023994008661846554,-68.02100392015558
165,3.3,0.07289920550507202,-18.40591312035539,0.11645708651881104,31.162133574756588,0.005394343415682937,69.75297260798739,0.025002917178745677,10.978753518350478,0.12262798484245291,29.3094819997823,0.08298121835170277,65.28012954852362,0.020698921010174395,-20.203663785345878,0.06826313417866313,-32.08499907721056,0.01964497163386044,-72.2676835259532,0.11853201211222936,12.601368617123414,0.15305741335802167,-31.875220909836337,0.019674351103135958,-65.00762251078523
166,3.32,0.04882659785576954,-18.40591312035539,0.13050293705354118,31.253787759660966,0.0012651197017115752,70.15017444275372,0.032432776949932914,10.823890616742787,0.12892301758305003,29.664266068782077,0.11514698127019883,65.46980232850647,0.028867365792422342,-19.688350794909706,0.08498048907930661,-31.545671150060755,0.0281635483566347,-72.2676835259532,0.10259372811213058,12.565582537518825,0.18113994665609043,-31.59263646777914,0.026187672461953068,-64.77602114818643
167,3.34,0.05778303259827792,-18.6094937898737,0.16848523467470652,31.3916335345877,0.06059580427479113,70.3299410804238,0.04332622115266606,10.451096686619794,0.16781310510073272,29.664266068782077,0.09222050968953664,65.42951073707067,0.08555349909074467,-19.107750164494725,0.07453483505121264,-31.537137041034136,0.06431989159488061,-72.2676835259532,0.12223486951228639,12.623209378863868,0.16258575628905242,-31.381774943028955,0.05789804219169305,-64.7725047122221
168,3.36,0.031817090708552424,-18.6094937898737,0.18022525255744942,31.45878764783211,0.033518760584550875,70.74050498842148,0.06141144273965832,10.231130790207244,0.1660336627971675,29.90705714286967,0.056214641259141246,65.32150028052328,0.06966486372492771,-18.798552922615016,0.08621919145460015,-31.537137041041852,0.06831065727627283,-71.02800267716815,0.12703869403888085,12.669211522522996,0.17057568819065955,-31.380421218707593,0.05173412835036275,-64.7104277032921
169,3.38,0.016033069894299666,-19.37398876480099,0.1862921934674077,31.57359166307698,0.020636833248707315,70.86851561327003,0.06980609686631359,10.111905204551835,0.1650232127169905,29.92415187824765,0.03483393027685599,64.97409631656825,0.039286684269069096,-18.363263424833022,0.08907201560285088,-31.537137041041852,0.06484342475408722,-70.9226131765181,0.11902576215457175,12.669211522521252,0.18081922467248146,-31.38042121871595,0.045257924843221144,-64.67584128560516
170,3.4,0.012632055030136735,-19.442386424629742,0.18685600324805082,31.59531012190547,0.01974529808399936,70.91654400995705,0.06956048119311342,10.064713273523536,0.1656285334570937,29.943206469854513,0.028452311025296814,64.82484962690039,0.03092454637155672,-18.277130173307444,0.09015665221273053,-31.546643214002017,0.06692627984027671,-70.9174507696949,0.11438918831774411,12.667671778970092,0.18105132559939285,-31.380421218734014,0.045772465353389434,-64.67584128560516
171,3.42,0.01764258714468911,-19.424704902015606,0.18433827617182122,32.41373355183354,0.028085987517836104,71.76877545041638,0.06642828468248974,13.236014828265048,0.16499280023267784,30.323418943613007,0.033599277368864054,64.82484962690039,0.03966093903031547,-18.277130173307444,0.08277597147231029,-31.61457287766091,0.07817889986922624,-70.87467534431548,0.11350660109289325,13.496376739335986,0.17891095558395106,-30.501301265187674,0.04951815027346279,-64.67584128560516
172,3.44,0.15286761318443665,-19.796234382036346,0.3647954968638909,33.10075977867384,0.010544511131363963,72.34608273128593,0.024344236716564258,13.236014828265048,0.07760090765253908,40.81141138639312,0.0037626790804492945,74.70986526261667,0.07561467145145039,-16.680921596752462,0.26274800486518035,-32.68791491365671,0.24154518334508485,-70.95176045127124,0.01846497784891642,13.40833700855953,0.07916343280967032,-29.798012872379886,0.011821830271575759,-65.76622434404426
173,3.46,0.09639522998606706,-22.703311183309147,0.4219638826227277,33.84631874049636,0.0697832427439841,72.34608273128593,0.06592469822980196,18.666369721006063,0.10663667731058679,45.26951673705502,0.006937794156913001,77.10712067823287,0.09082655653990031,-16.641673699783325,0.3661284234229969,-33.479979015413235,0.18343544644028106,-70.95176045127124,0.01272567069444946,13.478926293157944,0.09382398415977135,-29.231552323906072,0.007459054136611416,-65.76622434404426
174,3.48,0.21099161888863852,-23.88606609581871,0.3733250376220787,33.93988966304062,0.12784484570891308,73.89898061089352,0.08398524856940943,19.25755604397132,0.043205192705073205,47.51610589442956,0.00980945345807612,77.10712067823287,0.11172315131607692,-16.645151116695505,0.41208673915714444,-34.49147522503166,0.06683735745355056,-69.33996665786847,0.024962825123641296,13.547177067318819,0.061284736937818884,-29.22258842673154,0.0020614922039625195,-66.05915913084698
175,3.5,0.2105060314588335,-23.88606609581871,0.3310771296636185,33.74765026259792,0.18291695422358803,74.43057189318559,0.06996444776558493,19.343475114146127,0.07201151143305796,48.008150920640816,0.0075193185515274015,82.90757538715367,0.09364864122876572,-16.592517687363248,0.41510392193471246,-34.63528093979652,0.004880182579703394,-68.45584688554686,0.02008744126956838,13.753845175085418,0.06530814552678732,-29.555857679772178,0.002921772696565233,-66.09520339804851
176,3.52,0.18559898702932473,-23.836692572779235,0.3089139537237119,33.74765026259792,0.18385866232921041,75.27764364463032,0.03951898739854978,23.462014852183195,0.05980881041777509,49.67398546208185,0.005118374550850554,82.90757538715367,0.08470821891883248,-16.179812571372214,0.3706434948766607,-34.63528093979652,0.02845125826991654,-68.10334419554272,0.08494030511769622,14.662338477218105,0.002035050473616102,-29.638694757957442,0.011945542204118852,-66.09520339804851
177,3.541,0.06819765699988595,-24.096133840429534,0.3008252967028701,33.47236525528069,0.13001028495226521,75.30055746438055,0.07775204335780743,26.534224889960928,0.06799835973875454,50.09772602911129,0.006468738922221952,82.90757538715367,0.11939447314997587,-15.364077740222482,0.34286055154549366,-33.92172489983459,0.03943553117228874,-67.57035509743271,0.009751899740584238,15.310468955991668,0.06741731666002053,-29.45999260815683,0.007054716899393291,-67.82150907399836
178,3.56,0.06819765699988595,-25.17621690264464,0.3008252967028701,33.431025452355534,0.13001028495226521,75.49919196412671,0.07775204335780743,26.534224889960928,0.06799835973875454,50.235528628052734,0.006468738922221952,88.03942815996426,0.11939447314997587,-14.72714633794833,0.34286055154549366,-33.92259886703567,0.03943553117228874,-66.92945825575373,0.009751899740584238,15.582524371141146,0.06741731666002053,-29.45501145937727,0.007054716899393291,-67.98640573149318
179,3.58,0.1463947812704598,-25.89409878336167,0.3398750101997349,33.491975449168386,0.16647857779421427,75.62223708391686,0.058911952682339036,28.291239197730697,0.07960264512679115,50.30217038206246,0.005064944182705799,88.29548604511213,0.07842579186703796,-14.25349317568217,0.37105268848509404,-33.92259886703567,0.0013719253109759017,-66.56610749033463,0.01817838217385387,15.625066384211822,0.05801821519376678,-29.45501145937727,0.007478284583040962,-68.3241733229394
180,3.6,0.17435515989744144,-26.34639238442412,0.31145212442996184,33.45955168336465,0.1628843197443312,75.82949652204572,0.04579607839814258,28.64156325478223,0.06864948241522159,50.32223483858414,0.0051456893644334445,88.38318244396132,0.04339907893736265,-13.96210027340899,0.3610590884015392,-34.003867760439164,0.010609083860012674,-66.40915074772425,0.034861313219944956,15.84991781260936,0.015377437252844545,-29.809031712470446,0.038859637565075496,-68.35784840583234
181,3.62,0.14501862857581896,-25.63263174481447,0.31046183203718974,33.27694710271879,0.15754257723557524,76.17380952339022,0.022012684326493136,31.151993848733838,0.07036591646469519,48.919742411519636,0.005679060187163578,88.0908418892099,0.028749183296058085,-12.866437109874708,0.3529722309830615,-33.35761687540535,0.014407834340646119,-66.40632996570986,0.027131863167733687,16.909750842944007,0.014989214643835713,-30.379036496483966,0.023732425735772843,-68.81621923341689
182,3.64,0.17083387730458155,-25.646886169653254,0.272929777520193,33.221880648853805,0.0733385874153368,76.07080424377675,0.00043128503052765387,36.87492372499321,0.03511798463951803,39.63037767536354,0.014680585835691533,80.46869266780467,0.06139440053310977,-12.378963467238536,0.2836597434797528,-33.193063740265956,0.08245649059098681,-65.54526067933924,0.011810731789731984,17.37833172551996,0.006631264242486869,-30.379036496483966,0.03992696639332705,-69.4925051022276
183,3.66,0.05432898652514993,-27.430541882056904,0.2958147109398733,32.96827767892699,0.06691801587553649,76.07080424377675,0.08115321417268914,36.87492372499321,0.057489860830615615,37.5327791870946,0.004739441668308209,79.02701582896249,0.04751126282454629,-12.188710166509598,0.2939780539030775,-32.87244091547211,0.02821538780493035,-64.58609984005692,0.00812902770151242,17.512311984237233,0.015303749126563062,-31.20139964426125,0.05200475126262996,-70.30762081347176
184,3.68,0.011726859227960715,-27.230991077047168,0.1532013687560691,32.08777602767695,0.06039219235988644,75.85510845913326,0.13937128066506077,37.56155517974292,0.20161351743021644,34.12296555957173,0.07894675416217044,78.11488719230765,0.0567213939033323,-11.898209269401102,0.2220107318728093,-32.87244091547211,0.07259844761401026,-64.58609984005692,0.05079801755832188,18.00405241185046,0.19260542156053426,-31.768321789894582,0.10247243650756825,-70.62312218418292
185,3.7,0.057615819279890436,-27.230991077047168,0.13365233109294422,31.813869254691117,0.05670457918649633,75.78237565110479,0.08794577009181681,37.86737458819889,0.17274601570858394,34.12296555957173,0.09382850698058909,77.70672536706597,0.05076461625220576,-11.909237365323007,0.1827988540491895,-31.84624918155713,0.09199523688707827,-63.35768328793532,0.06431757433803195,18.34686524451664,0.15754961477688445,-32.10806330875973,0.04434352001892586,-70.50996591277162
186,3.72,0.07526601869661813,-27.241887984610724,0.13773328581839628,31.611089745930933,0.05237530851523602,76.10677691562493,0.06953475640119318,37.86737458819889,0.19609269542173582,34.12296555957173,0.0656145458896376,77.63138568176011,0.07832949878570232,-11.741790075426554,0.20650191926244085,-31.971596621432578,0.0703834312490853,-63.275229628715266,0.0373106506676133,18.34686524451664,0.1529517265993356,-32.10806330875973,0.030429137192479465,-70.9821110763466
187,3.74,0.20279329279722247,-27.89746559349852,0.1379560368876591,31.61332682237515,0.043503652008658196,76.25200795322561,0.15756985414724645,37.51228657248198,0.22839290052527786,32.50472162486516,0.060581875574356576,77.5783836638833,0.007835266519181273,-11.58570272657121,0.25536029215644673,-32.09405536861972,0.08738407262648865,-63.12993885532274,0.08085760345989398,19.249211677056277,0.1712348141012151,-32.5922667159672,0.013544314381419289,-70.9821110763466
188,3.76,0.1722406726103203,-27.89746559349852,0.15175009182740345,31.621263570255113,0.04910422748980406,76.41164399858668,0.19030389990960309,36.97412434626346,0.21586816765320843,32.50454345738146,0.07210294971754318,77.53665368573711,0.01997731959120324,-11.260124121772659,0.24780672406995385,-32.089116319346694,0.10669080807843691,-63.05272821423796,0.05193826863303469,19.46579224593295,0.18034608187515708,-32.69235881649175,0.011017741418410729,-71.51402799701434
189,3.78,0.1508327774668658,-27.89746559349852,0.10969152033814743,31.625062883999853,0.030613940291638504,76.41643060727955,0.19382892824429285,36.935498735439936,0.22373624355894545,32.474274914237604,0.07799181952844637,77.53665368573711,0.02278366759903663,-11.073103286680896,0.230574142681702,-32.083125970343126,0.10465051846474932,-63.05272821423796,0.05193689820777368,19.569380221920525,0.1819812174259291,-32.71508241355299,0.01770061004830774,-71.59464367777724
190,3.8,0.17464912439949448,-28.24735034815778,0.15233665887365058,31.619442721726603,0.03252364169753687,76.37742852283688,0.18470330761749362,36.9267214865144,0.21688283725998447,32.474274914237604,0.07389291749897853,77.46500458590667,0.01922484694294499,-11.071160227811646,0.23313504089699333,-32.07798327025619,0.08895150251067678,-63.05272821423796,0.05900550063495098,19.565726230380683,0.1779179089391486,-32.726732042085736,0.01216541301001656,-71.60179368026678
191,3.82,0.18614887662802165,-30.59460335101716,0.1514527420888222,30.66359668463885,0.040771313954311016,76.69934402533114,0.17303035458972305,35.72759242106446,0.21363892688935915,32.58898604732841,0.06715639326843567,77.86456981887193,0.007585764072618867,-13.881557263751832,0.24224697926935193,-32.07798327025619,0.08891394614432477,-68.65295233848283,0.06733262601902411,19.570177723655878,0.17444352239501765,-33.21665328114621,0.0004076084483012129,-71.60179368026678
192,3.84,0.01268067028963385,-30.59460335101716,0.10325618900434379,29.45302539809965,0.012079961548706155,76.69934402533114,0.09635777504723694,35.55531040872001,0.3194092793508227,33.47690699862396,0.14104587827925105,78.99717139623688,0.01062522188584755,-16.064417086670634,0.07226870175257741,-40.95485131341928,0.007751761631925776,-74.6460908829971,0.16654144628246687,20.913632317486286,0.3634834206006867,-33.21665328114621,0.003626934017461824,-71.60179368026678
193,3.86,0.01576750202628891,-32.31269045102117,0.09290391639552284,29.308813389573533,0.0023128232114592038,76.69934402533114,0.02663829736319168,36.015980722392285,0.3975803219761614,34.21365896919084,0.10161590598320731,78.99717139623688,0.07478790927706672,-18.126876108310864,0.08068814943015047,-47.19935953948779,0.0066403584400921865,-78.36549462865788,0.09928590141133439,23.059885912649644,0.4403683933136438,-33.21665328114621,0.011970430420427069,-72.72798800577482
194,3.88,0.05107911759146397,-33.15741909583203,0.07134831350300623,29.218473254725236,0.0016987701109998814,76.70983204538781,0.09328574229434751,36.70188909328881,0.43138608333792317,34.47257483113496,0.038274593732806596,78.47407674933021,0.09243592322350415,-19.69775058691884,0.03742549988390218,-48.71171009853623,0.013017915364616533,-81.60792393299474,0.19503803831120564,23.059885912649644,0.438543102634827,-35.5253520333369,0.017822905428684022,-72.76332897381968
195,3.9,0.04706037460644644,-33.41211441864837,0.08355840502912047,29.18028337981963,0.0003459447135649008,76.70983204535273,0.10696872842246799,36.90804068012756,0.44458000590537633,34.47257483113496,0.015227802452915181,78.33867261520957,0.06958961694018724,-19.859904662455282,0.06583876996776837,-49.9172210516509,0.008682362178385118,-82.4601209507434,0.179170645407013,24.27375455192868,0.4333805653041739,-35.700732508599195,0.0033610250703180688,-72.76332897381968
196,3.92,0.022094509888294107,-35.09500118446164,0.09127785431389972,28.97862738720188,0.0020455178070155626,77.05087715241565,0.09287559641989306,35.985805843039955,0.4391897024411657,34.79859781412476,0.013341599894820776,78.26807318304098,0.035159434054833,-22.09035524813426,0.06949653501496555,-49.9172210516509,0.006189237296994367,-84.80820255608971,0.09883688669992034,24.27375455192868,0.40988152661394933,-35.71450306021779,0.027364326120360775,-73.78350564456296
197,3.94,0.05801008449380234,-35.86380875053768,0.11313754610082534,28.870502465403092,0.012268864921519473,77.19869638272168,0.12684692047500168,34.952849760920316,0.38865790338808104,34.73071866740565,0.11657842159937604,78.26807318304098,0.0248062295485356,-25.915648558687728,0.0432301372614602,-49.9172210516509,0.011857178332821919,-86.71604479425366,0.1982728544003767,24.018294153063962,0.3855045393208215,-35.55602599557096,0.0034964850270198886,-73.96092889870577
198,3.96,0.026892449988216358,-35.97558245295439,0.0828418556848053,29.29853228204283,0.0045741641823688565,77.20313063900582,0.0726713815019135,34.952849760920316,0.3737349892891201,34.33879912207864,0.03697639394583269,77.84259217058465,0.0596645051940877,-27.538961474463804,0.0552591945031839,-52.468865435426345,0.007322780066650454,-88.01487003879072,0.0027882141994761494,24.56487536828555,0.37231987574822856,-35.40513601789225,0.002580157717065085,-73.96092889870577
199,3.98,0.02796561829249352,-36.14442718077255,0.040318261594137095,29.334154762800548,0.0013039039572951357,77.20692271522634,0.043938377243124355,34.952849760920316,0.334942534153914,34.050655750709936,0.01286723636967424,77.84259217058465,0.07481550504141248,-27.78876118671378,0.026740959545891008,-52.53526648501324,0.024146048931005748,-88.2562535866464,0.07009373388307882,24.475448145064167,0.2951629387036076,-34.93576406399571,0.008865345068881581,-73.96092889870577
200,4.0,0.0007047042541216434,-36.07416151174739,0.06299091240945814,29.329328792984533,0.004634353372393976,77.20692271522634,0.02975047466765178,33.637244270008345,0.34766496363851035,34.01072093533177,0.012077619343089324,77.33086420031219,0.06684520748488307,-27.888765276675354,0.0018300877558190972,-52.495615391854116,0.020919583451931872,-88.34224573618224,0.10522972972836867,24.379671509871933,0.2944091845539188,-34.61842721300575,0.03472073768954228,-73.96092889870577
201,4.02,0.00471716289827915,-36.07416151174739,0.07242497617775466,29.329328792984533,0.005076942204935308,77.20692271522634,0.03952600708006424,32.8836083377916,0.3744293185880844,33.66092305314598,0.005476421858719737,77.40929857311109,0.0675721434203214,-31.60931366504633,0.014226149128807167,-49.52312829597925,0.019538223495536397,-84.24565329143525,0.11303092497727828,23.751943507357407,0.3196709754410637,-34.169192264520795,0.045693377154518454,-73.96092889870577
202,4.04,0.06627637778456744,-36.07416151174739,0.05312975911336742,29.544661071390255,0.011498069402922645,77.58360080799291,0.1446261520555591,32.8836083377916,0.22376893014531102,32.923277925064546,0.09545868797827567,77.35829582117613,0.12672051584982172,-35.36450740478124,0.13993143099613772,-41.43239126858668,0.014139569495992132,-81.73595857383756,0.39009726972956893,23.751943507357407,0.14072824269694104,-33.188294410962165,0.0977078072827103,-75.74626549004547
203,4.06,0.028650018212712607,-39.009035298181,0.03242997290136189,29.54484879833725,0.0033471304663663577,77.5956232060781,0.21005518524824715,32.53481766291191,0.22250564309915466,32.83962569754237,0.03788523353270064,77.17469242353879,0.14387085073536168,-36.57063563941148,0.21764839388446403,-37.504267799627506,0.18261077321940486,-77.98144470550619,0.23165301129164992,23.751943507357407,0.095385968339961,-32.75091983856288,0.10430338852074174,-76.3482622774859
204,4.08,0.007232625853039459,-39.57421948705746,0.4099606634906064,30.723213852466525,0.34993030550260257,77.5956232060781,0.21335469004992877,31.767633256524554,0.27817950645643247,32.1443846406188,0.04678894808937851,76.99458079817673,0.17169301476944512,-36.763055340325984,0.033619863110203235,-34.99006764439442,0.08483938870921333,-77.98144470550619,0.2122823356137489,25.877428161336038,0.1969523787446057,-33.16826412197628,0.10677162096741483,-76.3482622774859
205,4.1,0.13872207106942863,-40.13110811976355,0.0956906604100362,30.8509614151034,0.21976269992287734,79.83233989140243,0.058408425457398605,31.42618195485059,0.125968996903775,32.1443846406188,0.008934380172329403,76.72022240186085,0.1344980445888287,-37.614811115444624,0.1710537570052914,-33.77879565123095,0.1998651471763867,-76.53090481259025,0.04550286694548905,26.954923451403076,0.17083271836638222,-33.165447942613326,0.0491513645306507,-76.12883933761853
206,4.12,0.13789373140479397,-40.13110811976355,0.07849906350750373,30.70660020027997,0.20296033769910551,79.8082934174653,0.06591696375505396,30.669940762226364,0.1394219793905682,31.612582520831463,0.025780579525294108,76.00800717539883,0.1300601476447807,-37.58039211865341,0.19481209767599952,-33.75723649154043,0.15106771890227957,-76.57524455276629,0.019294557839127886,27.856793375775,0.11893512580830418,-33.005891007479825,0.03326697281390174,-76.12883933761853
207,4.14,0.20950086384616437,-41.0567687166127,0.051836218773709745,30.726667606013542,0.1648217913464543,79.68208052052445,0.21938406747762973,30.15696403079967,0.16598797901303478,31.664315319456676,0.005707414662295078,76.00800717539883,0.22291234627734036,-37.20777353637146,0.21593463016816683,-33.71165445769144,0.09930247604409814,-76.692948890748,0.18870090064471293,28.280689020991787,0.14053333149202415,-32.93598969130134,0.03752658110448964,-76.56034708360458
208,4.16,0.22393489408563516,-41.24491660833784,0.07289649667141417,30.760942173259824,0.14619720565321045,79.50299089081585,0.2188906648506954,30.034017743705984,0.1670181178266141,31.726331140612395,0.022550784673409627,76.00800717539883,0.22251282651623175,-37.07452461311567,0.20602273027122364,-33.67154543764396,0.08580936526923205,-76.77854989108275,0.19707374211617565,28.391158599088474,0.14113984014494083,-32.93598969130134,0.06409232240335308,-76.86759374292578
209,4.18,0.2170657360258264,-41.263804200024154,0.06355691083990121,30.78049117416493,0.13277327611445436,79.38571257949621,0.2282422305049183,30.03147147621263,0.1761508922954851,31.75844465368571,0.024243292285691366,75.47640257790228,0.1904754155403996,-37.05823575319209,0.16307832974717423,-33.61123674439276,0.004138006455482955,-77.08804603623982,0.22229687317816452,28.366799777292545,0.13104224921215982,-32.793367588207964,0.06768126357420119,-76.91473521884109
210,4.2,0.20259410339355644,-41.263804200024154,0.06421629761091524,30.780675546362627,0.1316433038807067,79.34950225680952,0.24174350860259114,30.046952358288966,0.17761672599178838,31.81037283521974,0.01620157552092605,75.45340930505367,0.20130579402140178,-37.092434760278906,0.21265076187830123,-33.61315523323126,0.06904748979650895,-77.08804603623982,0.22891110513412893,28.366799777292545,0.12779652188509516,-32.74439956374733,0.06351299979216377,-76.9200937504835
211,4.22,0.20086990838191598,-37.451686899225116,0.06618540676056577,31.20044077820492,0.1343693255200933,84.01404164048391,0.24249252596192292,30.13813080374623,0.17061096953470697,32.604557363708395,0.008825466702315345,74.9873068667421,0.19873339246764082,-37.092434760278906,0.21348770328761624,-33.614100626898065,0.07146751141667836,-77.05946416760226,0.23041834334786193,29.583986219751612,0.13187555621022606,-32.69334018347761,0.05302037878076652,-77.2977031329107
212,4.24,0.0533910890519273,-33.11065202788276,0.07571447916826671,42.287747075004305,0.008503849199254546,84.01404164048391,0.35195530871227676,28.90048933276896,0.3818736882657406,33.3193127933904,0.027193198152727138,75.2054880379267,0.1476185878591049,-35.80664185999876,0.09369400378436686,-32.59865519374778,0.03913693495091016,-76.96203016085289,0.20976821453780078,29.583986219751612,0.2275920145011028,-32.69334018347761,0.034410228577267464,-77.61652670015982
213,4.26,0.09118993711688629,-29.29893506314533,0.08135631803901183,46.85228124182553,0.0007419210165280846,87.17731222560136,0.2200040022576346,27.376322761424518,0.39490325058272896,33.782804943869735,0.11071130292144717,75.5611357444163,0.14192566077170418,-35.80664185999876,0.03377388294609591,-31.60771373808291,0.0708419692716042,-76.94655491706956,0.11472571642457571,31.685525791677524,0.31808641344832067,-34.38282680584235,0.12569296496279858,-78.16415366988993
214,4.28,0.06949805375349745,-28.855349870065083,0.001139866451220763,48.956396121363,0.0007892622809503754,87.17731222560136,0.019111774228913064,25.220553700486544,0.3284183918603876,33.60702201547212,0.07866924503893723,75.59516643882847,0.04052578634978218,-36.0320632311063,0.06745895879078294,-30.94568943620941,0.007942634487672464,-77.34245665898098,0.01675202983953951,33.59195649873522,0.33096222924078983,-34.698718068773054,0.1557124929530742,-78.53547232528821
215,4.3,0.06830283196661559,-28.855349870065083,0.020596955904771924,50.251935084400635,0.0021446566825980198,87.67193185309598,0.14307902094742028,25.220553700486544,0.31266475579457553,33.53361059740072,0.05359501752005364,75.59516643882847,0.024243242181869004,-36.47997039251351,0.11028702087746857,-30.436954261018695,0.008368709518144932,-77.53777509544189,0.14276577216436329,34.575532505558996,0.32826690034827577,-34.82585067816594,0.14249811803932622,-78.59522071268842
216,4.32,0.05704584161398204,-27.902104733377918,0.029810049185976094,49.54109976657874,0.0010318206799039328,86.64413586425438,0.13992844789842215,23.855824168762293,0.32011394155543904,33.379463519398286,0.037481735666422156,74.76730287938908,0.04339107861941841,-36.47997039251351,0.11255836589273731,-30.32313319392866,0.006972400663520124,-77.24162783898626,0.1969677404486561,36.442569384895506,0.3363263964049179,-34.85552638129712,0.1243654757367514,-78.4573582237073
217,4.34,0.04856974912599901,-20.783970678667288,0.07232803507514717,49.34742759043137,0.00880661513571037,83.84961726563381,0.15979823567412585,23.395358659019845,0.3369682753875474,33.47172913268161,0.0771318536906104,74.76730287938908,0.016418018772832152,-34.1058562782647,0.08927125683749988,-30.32313319392866,0.0052116453987836285,-77.15289857517554,0.1393227453692279,36.442569384895506,0.37085894372377404,-35.25868246203802,0.04051378152008234,-78.35951005307876
218,4.36,0.07921824444249417,-19.455158994860557,0.058960610722477894,49.30792594164992,0.0012910643760180775,83.71424324194292,0.007621846173003474,22.375984904232133,0.3434135056644261,33.24159016334152,0.09339720463273045,74.27009816804332,0.0032784224421536193,-33.90479034261404,0.11195446836811465,-30.32313319392866,0.002752902386458513,-77.13060090845315,0.13672643994503006,37.731671709490215,0.37583039577607863,-35.41221552797886,0.10507641559689933,-78.72392130151482
219,4.38,0.1482620217187882,-19.90193270608854,0.2102833128517108,50.960008259372295,0.1807761902294806,84.19397298978907,0.09960623091431905,21.97423329007904,0.18176665981636336,32.226707239924515,0.02264596679999569,74.08870707216691,0.011250076725858116,-33.85647762037976,0.02430233636573486,-30.498908824692194,0.005411302418981662,-77.12258049189415,0.16738564884468662,38.07300321914427,0.3549117026913612,-34.92548381915195,0.07168877759708361,-78.36766572891699
220,4.4,0.06242642114832902,-19.646883430546396,0.10253819022548875,50.86262405900825,0.1007113703016249,84.08043838153279,0.10354743609732628,21.311667383402852,0.1575603383368344,31.95105948790919,0.020409195749233132,74.08870707216691,0.04843617731207894,-33.91568401668841,0.03819783835966644,-30.6357231938405,0.005031556878292987,-77.12258049189415,0.17242907622042428,38.242348740097356,0.27559048489460225,-34.92548381915195,0.0023557122053653747,-78.36766572891699
221,4.42,0.04119239505453063,-16.70530166590736,0.060183782104267454,48.405386425232095,0.08303434302250842,81.6341094652491,0.06593262750210248,21.311667383402852,0.19208150649967004,30.975771454365773,0.06282865181920176,74.08870707216691,0.030228756931162826,-32.53680318169811,0.057856455844756884,-30.6357231938405,0.005773417234863636,-76.66436810941327,0.13356416779543,39.001469878854415,0.304208189413992,-34.616320080307766,0.004932692088108776,-77.4907952184893
222,4.44,0.13961193378611736,-13.759960978464074,0.009168893282367592,40.0149924696171,0.17664844733341445,81.6341094652491,0.1713695482098187,21.14956224524118,0.1428067859830556,31.220859038385704,0.07757005771811205,73.11909695568642,0.008759836143569831,-31.34819702708503,0.018199443973875132,-30.6357231938405,0.0025799696843550653,-76.45735883913613,0.06720424728478906,39.59912306100478,0.2676481316723875,-34.54993233641489,0.12905828297650265,-77.12219004900346
223,4.46,0.0192206249152089,-12.47789037530994,0.025348514872974418,40.0149924696171,0.1113099691046421,68.58917291933521,0.051546155381445295,20.454798742943073,0.22844353742103943,31.954730812688773,0.1270313217715115,73.15171601091018,0.016968200145665763,-30.88136890539991,0.07384576057355648,-31.830056732837363,0.003061532224011645,-76.78429299189378,0.05763373734004946,39.8737164490086,0.3501059358485639,-34.85564134580151,0.008388003402515132,-77.51565957729737
224,4.48,0.12557060417850222,-12.467018002453715,0.15554961034590997,31.59471672932999,0.04535735630793798,65.14523324287717,0.04203935298134637,20.456102700504537,0.19734909283538618,31.6773309375994,0.034496691542329705,72.19293678849232,0.03663498238611559,-30.995071529046278,0.1755981070753483,-32.120147941316,0.23126311410347625,-76.78429299189378,0.007885500748169382,39.8737164490086,0.1578661971862952,-34.03156019219549,0.0023009145960285545,-77.72742385796282
225,4.5,0.17226810591025152,-12.490611728069249,0.14534068909717304,30.94999406487653,0.05630015508561744,63.92347610521949,0.09773460558246944,20.456102700504537,0.11629926540851908,31.186465131668886,0.02935003221889723,72.19293678849232,0.058170218068324044,-31.181806722989542,0.07673705836567984,-32.143387151756286,0.2001972523570601,-76.78429299189378,0.03416259947273634,39.346492938161276,0.11391992362671469,-34.03156019219549,0.03312515853603103,-77.62663286211361
226,4.52,0.14451057366255599,-12.567034616610423,0.17919874878040143,30.424015801413926,0.013448184804361892,63.873752059553134,0.09347558826514367,19.679140189924127,0.11737294573569042,30.699019846812327,0.007930844345220027,71.21546210446343,0.05949022296154082,-31.07930892029507,0.09432890500476455,-32.14178843548354,0.18575781699934416,-78.19246891311118,0.026467463433316577,39.85540997328821,0.14109541833070735,-32.95298124014353,0.03796891678104242,-77.61710025102735
227,4.54,0.1559689369779036,-12.567034616610423,0.15934680468079326,30.19461600788354,0.05068291678522106,63.873752059553134,0.11594789951925064,19.23917564607004,0.09738688681382976,30.54591602434797,0.017890786323009417,70.81601814300396,0.17599092112752618,-30.234581939405455,0.09987605076548499,-32.199471276348646,0.19690061770185308,-77.85227549323396,0.10444500385067632,39.85540997328821,0.13725467639130856,-32.86750342906417,0.07113633021080466,-77.28354245180404
228,4.56,0.14662883404334498,-12.453811134417666,0.18338479387197174,30.22848100320636,0.059884672316029286,64.29356567673784,0.0674681210861079,18.48863587432945,0.09126158255022493,30.45056643643363,0.03537197616711658,70.81601814300396,0.15247423284795136,-29.95146044990349,0.09933100410181614,-32.23712031696624,0.15266405956688578,-77.42528519291943,0.136291709829241,40.717321190741664,0.16220186690524196,-32.86750342906417,0.061020838601782264,-77.31516859233173
229,4.58,0.13236667369106106,-12.380861531342768,0.19304268179764872,30.2895324704053,0.055948463118899255,64.30939035366177,0.02497698513157214,18.48863587432945,0.09022930387438025,30.41596888549556,0.03402895701312548,70.70221437191665,0.14161061781162054,-29.95146044990349,0.09909015367367587,-32.242031694820106,0.13073570177655455,-77.34566093944322,0.15063795062244958,40.717321190741664,0.17007347281589535,-33.02245809729341,0.040954215972381726,-77.31516859233173
230,4.6,0.13217079887512415,-12.331948717439444,0.19786137891796435,30.30910939370877,0.052786265153797446,64.31044583923655,0.019697164772517324,17.709858021496533,0.09335254911209623,30.405379630035245,0.033816874111086,70.69440116865158,0.14141226770423912,-29.573442241065965,0.09737588986499714,-32.24954096152643,0.12942699535825108,-77.1511978833697,0.15073278467390933,41.053097697779904,0.17105905033029303,-33.05788467059375,0.03612681339808401,-77.42765378933802
231,4.62,0.13277559724325214,-12.331948717439444,0.1883266292536503,31.14995239828095,0.0426449648970876,64.67513576669785,0.0486626188490475,16.25809281520324,0.10349396243372591,29.482108156540026,0.03345046381071175,69.57766974424935,0.15538228161504683,-29.429798820754048,0.09526049367470178,-32.24954096152643,0.14207037782764667,-77.1511978833697,0.13370481661672362,36.96638837660175,0.16493295224655843,-36.24543712378927,0.03519899757930941,-78.64539165168716
232,4.64,0.06229756201523842,-13.228388575644974,0.32704462791137995,32.033886848712214,0.014622974506009977,65.65579263032076,0.001708359315532105,16.25809281520324,0.01612444859183959,29.14515085418558,0.05758674368742816,69.57766974424935,0.3319131979111782,-29.26816185548657,0.2986612357758387,-33.434001792932456,0.2228405444381718,-77.12406464561806,0.0724403593238856,31.6229095479432,0.09701812419572964,-42.837889516312906,0.008238445651269551,-82.99417354029688
233,4.66,0.044422892210357424,-13.381422783600259,0.37105095331989735,32.41100041527675,0.15024478613671477,66.93158157823684,0.01032481883334068,15.249221858638146,0.06691918370555186,29.14515085418558,0.016429036460647358,68.77924873666407,0.18606480720499816,-28.098136053798488,0.3457719860245897,-34.40163266408051,0.2710254733095824,-77.24878750537799,0.10960764276108247,30.21480213069622,0.10589315677601946,-44.635831077530455,0.0055764762928796,-87.12672945775608
234,4.68,0.09404231663517566,-13.695763283333244,0.32767157148940884,32.38053812101849,0.1599858786134889,67.45107281615061,0.016574450485447936,15.044577856837932,0.07762765026426072,28.27273182367689,0.0007562907460504916,68.77924873666407,0.01672719260441064,-25.566283134364163,0.27890146275593586,-34.2879402091817,0.22210416921779735,-77.19662808548965,0.0817909702102164,30.21480213069622,0.019936541526944313,-50.70602630530065,0.0019977773345569707,-87.73926059624635
235,4.7,0.12463753001901216,-14.075512775370914,0.29332598931707926,32.12579425718491,0.16252684396535327,67.63693146183066,0.010200915023246675,14.992479094507233,0.09288840638796249,28.27273182367689,0.009935731192901488,68.53983822607178,0.09991746125390534,-24.992430826242416,0.2607182106387624,-34.22616830047472,0.17752808134101739,-76.62366501275895,0.06713043248115759,28.521657037823093,0.03733116071558516,-51.3066673043917,0.003405073347909904,-87.83850517216338
236,4.72,0.13605582513930467,-14.861103265012359,0.28611047371622245,32.4027563956483,0.16785102277033104,67.95343569473228,0.005844437412068305,13.763280826313881,0.09187360480329437,28.27273182367689,0.00912232466101214,67.33210546921478,0.07959230321463835,-24.67330451039192,0.28239650548620143,-33.94590408377041,0.14194691144237429,-76.62366501275895,0.05372909508991181,24.299641983091067,0.049780567031168746,-50.692066495021415,0.004096585883496246,-87.83850517216338
237,4.74,0.10034987189033649,-15.616246145265508,0.3399337998211966,32.686655307388875,0.07379775402820433,68.76833047361757,0.01991360293006591,13.496245456469714,0.07166491415201386,27.876962966294844,0.004206117209517291,66.91088821131365,0.21488816258826304,-24.948992865727906,0.3080580915084563,-34.3097921591459,0.1859733104309888,-75.5979991183949,0.04305775638893111,22.3988635759586,0.09229489764299362,-50.37268682720427,0.00617261339782266,-84.54813526546643
238,4.76,0.07736333499338378,-15.667389126966224,0.3333443791806574,32.700138117779616,0.16046971564125756,69.47654085584584,0.008889443597695817,13.496245456469714,0.08166913029558602,27.752635993973044,0.004029357189285386,66.65756724972634,0.0567701706748787,-23.454722825439337,0.32372206428456596,-34.46071433601931,0.18015417414336266,-75.35982298411416,0.08220745284472969,22.3988635759586,0.07842310622483767,-50.28630172728828,0.002773786607326273,-83.46688540480294
239,4.78,0.09375644542921767,-15.94108527384197,0.30377436063164,32.700138117779616,0.1983534172794396,69.71660871286277,0.008895068445454632,12.846753412359105,0.0971512439093201,27.668917410064825,0.0075975704185960126,66.59211091025347,0.02301263153560836,-22.82007874567188,0.32070050030253666,-34.53696578394435,0.15066879900349237,-74.98331130934821,0.06826641622696432,19.201052472854062,0.07050793810901622,-50.28458413488362,0.005405068188103551,-83.31907090830462
240,4.8,0.1085174308959523,-16.015144131193644,0.2908321906612249,32.454676734698005,0.20599068929092273,70.07747644625773,0.0029274562419766875,12.842629912064254,0.09538927054076739,27.605554634119645,0.008052463575026534,66.57186640210371,0.032110537207385,-22.59512386917243,0.3227688302828883,-34.53696578394435,0.12457869751789279,-74.98331130934821,0.05094583121124037,19.092498308057092,0.06729827993467043,-50.28458413488353,0.005959283313861182,-83.2382663022305
241,4.82,0.11953893794651843,-17.18955168599708,0.28336462907205107,32.638080169467536,0.19569375054930616,70.07747644625773,0.010153601969727172,11.624092584258376,0.08894611501051872,27.462410174683885,0.00665594604126322,65.11911262187262,0.013016796405331139,-22.809779284379886,0.3245496405317087,-34.048010394301734,0.11293916573071103,-74.98331130934821,0.0265541927783455,17.39233401906256,0.06732282108711586,-47.132622584302,0.0059230945134860855,-77.8271881569772
242,4.84,0.10088557022242085,-17.76151336273905,0.31473874522978124,32.811569942772884,0.051470182382335014,70.24298959043779,0.012638659210180337,11.624092584258376,0.06125542323232805,27.416722705060756,0.004237679029928004,64.71091019228083,0.21091443514402655,-22.20315844703647,0.2789927194987551,-34.06640009416816,0.17201021374477427,-73.81902181438116,0.012719158343532832,14.530875816757867,0.07396822005645566,-39.94085633695376,0.001739596927758291,-71.53439268670753
243,4.86,0.09113734872210044,-18.36206469387424,0.3164113395933572,32.68208960479431,0.11788563111469758,70.35802432899534,0.006302023103131018,10.970137933426003,0.009513388488929192,28.32466285681285,0.0018319867379098054,64.71091019228083,0.055114901737868094,-20.84619950310931,0.30398424163158666,-32.999340952090506,0.16964442884496841,-73.41450056908236,0.056089014002161694,12.501817799529778,0.05109149971505833,-37.291346752743564,0.001756900232491477,-67.95394946121048
244,4.88,0.11895410255517098,-18.418966311723867,0.12617658493921843,32.68208960479431,0.0010185471655311527,69.97720283042453,0.013855287979984312,10.96278187362891,0.15932201608296848,29.07814426058198,0.047511307088093535,64.81954891332185,0.051729610874814674,-20.152052927778882,0.0820507895847925,-32.999340952090506,0.04874651827936425,-72.46822350831721,0.07144889615577373,12.518345201341072,0.12587487947896975,-37.291346752743564,0.0255228700303665,-65.85957192740996
245,4.9,0.07603412193632111,-18.19298020983177,0.11638240310021494,32.68208960479431,0.0049725045360429826,69.82031440594774,0.02702976013935706,10.99971044387158,0.12763309200340445,29.4697099015032,0.06824626957362259,65.12783666439172,0.013238300011327413,-20.206720413213286,0.07528332299074857,-32.07726360145017,0.022880529898352236,-72.35199966960448,0.11363005081827708,12.492291114205248,0.14843679576711874,-31.97237681423847,0.020730594745918707,-64.9707868284191
246,4.92,0.050372399155045496,-18.299713719998316,0.1285937663064815,31.267341955303557,0.007930502189480134,70.16089124530467,0.03840722332611065,10.912005843875733,0.1331692279778184,29.74132106114842,0.10258533582500297,65.22751570235447,0.03556029722357365,-20.206720413213286,0.0918081860725075,-31.56682692558509,0.03210359802134662,-71.52627585413587,0.09592725767233203,12.509120703941731,0.17577597735474407,-31.450276891740423,0.024441222174930194,-64.9707868284191
247,4.94,0.05568476748504355,-18.919083781586885,0.16676813020759415,31.39047997890575,0.04976480549383374,70.16089124530467,0.040982679386093984,10.912005843875733,0.16832847436373877,29.89252577623077,0.07168297643868081,65.13720282352209,0.09129493956707661,-19.254460801656638,0.07624842019010203,-31.558159754473365,0.06706843944237306,-71.52627585413587,0.11774971837866521,12.509120703941731,0.15529945060025602,-31.281612950559612,0.05723763160512517,-64.70407151583721
248,4.96,0.030116758447124206,-19.098931518300212,0.17762729089960105,31.39047997890575,0.02248678961513019,70.81101170502097,0.06023406888475612,10.912005843875733,0.16883684572120175,29.963433183977727,0.04467174268336996,64.91043480297294,0.08051322621057545,-18.725462105907184,0.0904220888922477,-31.561735825344854,0.07173821390536632,-70.9423371250089,0.12516626296774946,12.613336192539478,0.1637044418250038,-31.273086130323886,0.05159478038971997,-64.70407151583721
249,4.98,0.01584563061760874,-19.243041212354335,0.18385784720810677,31.39047997890575,0.011124509798930409,70.92261629001601,0.06615954260771784,10.10783819004028,0.1695728588281747,29.98817475660016,0.024124875271307335,64.91043480297294,0.050048535048567454,-18.725462105907184,0.09443850109404474,-31.56531082848455,0.06669218573240163,-70.8876815564098,0.11676944540811114,12.613336192537686,0.17561714397812186,-31.27371478768873,0.04516439765516476,-64.61773053281595
250,5.0,0.012478691192718465,-19.434524586718513,0.18427211722807377,31.39047997890575,0.010510463333389343,70.95157984094514,0.0657736177679912,10.087282481308778,0.1694575841139241,29.993314928803215,0.017170980983371397,64.66050044912207,0.041695672074427544,-18.37076117624039,0.09495165631159061,-31.568305845123305,0.06860101883060384,-70.87955098910247,0.1116871068323727,12.613336192535517,0.17540036652845808,-31.27371478768873,0.04580279849004127,-64.61773053281595
251,5.02,0.017108680680506153,-19.405397406112183,0.17885810051124437,32.592803345028955,0.014088156302291027,71.32809136304233,0.06301057171452526,10.087282481308778,0.16886148519376387,33.06993831947269,0.021928736899011248,68.51893288382635,0.0496374483875669,-17.40626582267845,0.08616619553474397,-32.063210735378426,0.07964830500358568,-70.7726410840776,0.11083220536419758,13.309826156931148,0.17325965931148535,-30.230340594959532,0.04925273623651514,-64.61773053281595
252,5.04,0.14007173960767114,-20.281767604143788,0.36526238063912725,33.31034755949404,0.0009781404196271242,72.185239791865,0.011230814701599355,17.106839785873717,0.08220286692449258,40.261704565847126,0.004318777882986117,74.81172835578421,0.08007629230395875,-16.727854770666884,0.27121753050138153,-32.36058139165098,0.24126241342704452,-70.795449005449,0.013332726343706294,13.408535544081039,0.09032346083336698,-30.230340594959532,0.011894123217564417,-65.88777920878051
253,5.06,0.10533247901813589,-22.261623717604245,0.4157640235389133,33.84908321346677,0.0791863443834383,72.185239791865,0.07013570482960184,18.655618447317966,0.10597833529567155,44.90665625608738,0.006992194410190825,74.81172835578421,0.09142310919869884,-16.727854770666884,0.3730082594189811,-33.91904030988154,0.17723710139753415,-69.98189148613332,0.011078378647859774,13.391449335891856,0.09353975445224873,-29.21301739843508,0.007307114566153948,-65.98370079356712
254,5.08,0.21424590285997316,-23.56791021047522,0.3605333738173324,33.86192408336016,0.133887500299612,72.185239791865,0.08263327025228995,19.23952219268307,0.04450682113293811,47.88069960064736,0.010166796022468812,81.02700489800874,0.1024292512721652,-16.638835490528546,0.4121602395313673,-34.364905365924926,0.06309412128707256,-69.0739480447702,0.022661730737157014,13.536772198591194,0.06033098326410825,-29.176789709506153,0.0019014944163102477,-66.0140756948308
255,5.1,0.2093482158756678,-24.100386503178385,0.3282536647993095,33.583909855773705,0.18770713372719897,74.30539638298315,0.06830984652597513,19.23952219268307,0.07313680832600185,48.55177227302025,0.007600350160437393,82.81549557146869,0.09232416593261737,-16.533209777832944,0.4139525138256177,-34.364905365924926,0.003203401633592225,-68.46105759072572,0.01868491896638746,13.611566333391739,0.06579505550878594,-29.512260521580576,0.0030067862851773557,-66.06098727342633
256,5.12,0.16979223342363578,-23.81300131270428,0.3062263947291405,33.62506460062755,0.18935033724441827,75.2897106795725,0.03888346468870353,19.23952219268307,0.05932679070858436,48.88449980896956,0.0052120311144986525,86.13604947646671,0.08101322485513436,-16.481132726715515,0.36894214775203077,-34.16975529665739,0.024879983987003196,-68.07319103954396,0.08084011379893592,15.108857058911221,0.0017457737020018143,-29.673083666904382,0.00858496245841158,-66.94946263177346
257,5.14,0.09513571352465298,-24.134667490844706,0.23420569487190346,33.43688962524717,0.0892273258860411,75.19687727688175,0.031143693790267053,26.1096157319396,0.05576645594578461,50.17085876864824,0.010685428174036426,87.52839419351372,0.13169008569624088,-15.073810073816341,0.32579629173237934,-34.16975529665739,0.12059846225191824,-68.07319103954396,0.028571905219002207,15.43294431058714,0.08835226187766643,-29.4167206371844,0.023338406661126503,-67.36789456508177
258,5.16,0.0649716021874531,-25.329625758604376,0.30536412942948804,33.42880460712374,0.12910078948570236,75.45104720225189,0.07685843530709766,28.139861940156262,0.06832138205433624,50.24276305311573,0.006809049259801916,87.9446906302378,0.11683826076271596,-15.073810073816341,0.33859585310465873,-33.89066890573818,0.04268677940257375,-67.12903679980758,0.012066437849120254,15.551729434767173,0.06633047707177805,-29.416720637192867,0.006993489769396458,-67.36789456508177
259,5.18,0.15237635529649998,-26.10004820332651,0.31970470207671065,33.468644765962104,0.1599168178463625,75.61100041282928,0.05714611816936931,28.44476351446454,0.08481352576005134,50.30421145714662,0.00587366595733202,88.17426224463223,0.08217046107158417,-14.236290256628966,0.3831550798367373,-33.964604303840225,0.008463732307884839,-66.69712736046813,0.011428650052763735,15.551729434767173,0.06453738934611523,-29.416720637192867,0.0036200971326655436,-68.20847219219945
260,5.2,0.1727462218120426,-26.10004820332651,0.3122517988258764,33.457997487347015,0.16198358500461402,75.61100041282928,0.045764607958983995,28.582009018033293,0.06989547431122298,50.33903569782164,0.005343302665656,88.3241208361895,0.04136034314931541,-13.945412493618154,0.3618968974760705,-33.95874006567082,0.009995974935053659,-66.35678266515262,0.033413724872807554,15.809609825416596,0.015282647524950272,-29.875492053927854,0.03761589799183376,-68.32409802579552
261,5.22,0.14950282033484538,-25.665465611240627,0.3138943072738591,33.3105592010646,0.15886364803159447,76.11894921568027,0.021930366335257457,32.84041584024963,0.07068336654921328,46.25290233064601,0.005884158287861021,88.3241208361895,0.027353816397992736,-13.593978926939075,0.3540400166666806,-33.32841067179452,0.014366140622553984,-66.05430063942723,0.028800691365410615,16.64938911378556,0.013093929488882002,-30.296157507956917,0.02225285233570818,-68.66829973207516
262,5.24,0.16458360182611478,-26.533183609074065,0.2735058793905592,33.23465145399464,0.07644686592631936,76.02072544398006,0.0006231773186791992,36.43487064159328,0.03605084258956552,39.360793010718744,0.014678687047620551,80.52068252501086,0.06007799330315857,-12.327080542557667,0.28646806644807843,-33.16898264154985,0.08186837935248178,-65.51939847634296,0.01090971436532267,17.30916716887881,0.005507617098296829,-30.353555974534473,0.03885483025426111,-69.47246943007347
263,5.26,0.059167913432466614,-27.348604670155733,0.2955279920174405,32.815911512563716,0.0702281799317173,75.98746756819912,0.08358459365857597,37.5774546572498,0.05815377435916986,37.86250837623914,0.004911305065850202,79.37869398042753,0.048199483580998306,-12.109120398272957,0.29605587238964964,-32.80217249893891,0.025317520675181237,-65.04947665662596,0.007771931026742568,17.711845413917334,0.013526705451633824,-31.085592172046216,0.05172533799343104,-69.47246943007347
264,5.28,0.010303556489637973,-27.24296431911207,0.15692955615486132,32.72097972663244,0.06308841384389516,75.84980708393512,0.13506241045648634,37.571819923792454,0.20358533998352416,33.96254668709191,0.07904282912094984,77.80654147547712,0.05614063053665777,-11.919961011164006,0.22109869256380404,-32.39876087755604,0.07588210863436531,-63.594489197677746,0.05216431914949662,17.711845413917334,0.19527120771541132,-31.813295420887503,0.10291679078898582,-70.49867541136517
265,5.3,0.0537822335053692,-27.24296431911207,0.13499051808031348,31.980440282245183,0.0610228093795544,75.78744373524873,0.08664427355420942,37.84409631207668,0.17375674808605668,32.736665941978515,0.09894172886632045,77.56694231719146,0.052845046507447584,-11.924171377236409,0.18580902683242292,-31.812904966895633,0.09397224127068755,-63.25240525973839,0.0630924182617603,18.300563492470122,0.16019504927736053,-32.06083519167698,0.04065753900187682,-70.42469475007658
266,5.32,0.07056745633474325,-27.54660573371695,0.13572399619877107,31.612655364634424,0.05769505605967623,76.0988126786314,0.07019391082384878,37.76858907530301,0.1993737201132436,32.736665941978515,0.0758565636193721,77.56694231719146,0.08243545271126118,-11.94607133495436,0.21368911089960366,-31.812904966895633,0.07185343570595908,-63.17972481269258,0.034535218099523965,18.50134301222562,0.15364732022403124,-32.394036034647876,0.025279227117378518,-70.75864804108906
267,5.34,0.20169860916445848,-27.54660573371695,0.13884027274609892,31.612655364634424,0.045990153467758726,76.30176193996535,0.1506378897818426,37.31384300148691,0.2337036493953793,32.736665941978515,0.06641440491771959,77.46814394854923,0.007996695110593574,-11.38155062450661,0.2587170417337783,-32.04838661519471,0.08801484975626078,-63.03917675473931,0.08176375968263527,19.120694010171274,0.1745909788595288,-32.59470546226068,0.023047489903644136,-71.06737934854483
268,5.36,0.16432251693151803,-28.209080806962856,0.15106224471492577,31.631064126551543,0.052626532488085444,76.39781006360776,0.18971649235506896,37.129408597357376,0.2179324515893452,32.51720692998012,0.07750442575904372,77.46814394854923,0.017019374085238296,-11.162896029595995,0.25072215119382085,-32.101506671154084,0.10562415250915741,-63.03917675473931,0.05445281606270934,19.454414476506155,0.1832072756147939,-32.66487604782932,0.0038714153797293088,-71.35051856917642
269,5.38,0.1602249673501483,-28.303413309863547,0.15159488577724814,31.642063358919145,0.050000929171670205,76.41387045586657,0.1910529895051534,36.933032321534235,0.21582676349947405,32.49305563294667,0.08252280897194882,77.3542711140373,0.02538945037907409,-11.073371018630674,0.24246226906087734,-32.101506671153906,0.10476263927251425,-62.890398833098224,0.049900157541845944,19.502984818890738,0.1814561716769161,-32.700195348957834,0.009565513560364869,-71.46043337584605
270,5.4,0.17749818435854503,-28.303166598733032,0.1637569389083773,31.642016092893975,0.04997197903202637,76.37247731037604,0.1691334981265169,36.93963293064738,0.23109707594075657,32.49912044516725,0.07786057094673672,77.37975760881281,0.02119342502359136,-11.048419147205468,0.23071764875873646,-32.08933324055736,0.09091852229539438,-62.89352106953088,0.058847286998840474,19.515136954236073,0.17882966796718122,-32.700195348957834,0.007299519217970481,-71.48119010758295
271,5.42,0.1786118362019321,-30.278139424898384,0.14310139767577967,30.994748908841842,0.037012862701862735,76.6521542640016,0.17015080152196188,36.081555691320304,0.22300683896035348,32.455797312670214,0.07018250849548086,77.75067540497282,0.009471899290811252,-12.037881426315355,0.2371654934521312,-37.66909415328977,0.09262970524408269,-62.89352106953088,0.06952017591920066,19.515136954236073,0.17964149207351937,-33.712638027364626,0.0023423389940517704,-72.33503819365356
272,5.44,0.01156572400217222,-31.70468242427076,0.1039980629036822,29.581236711893773,0.012166885412607931,76.6521542640016,0.09615070457270562,35.659214683596865,0.32418500262171196,33.51226327556441,0.13958741153400847,78.77070915694343,0.00930715189048587,-17.34523507951283,0.07216709786836265,-43.06291883750651,0.007744348355846993,-70.68496266398594,0.16901108447532165,20.96960232231068,0.3644873351561982,-34.854854578516964,0.0006487949874624259,-72.42772662878026
273,5.46,0.014582425675522618,-32.84747086085105,0.09397348826247122,29.301940854546682,0.0024959256641957756,76.65753242869609,0.024743671595624083,35.75472046235552,0.40166115353354565,34.25191983122278,0.10042040121649758,78.77070915694343,0.07475601390012056,-18.893339849610012,0.07671738606755978,-45.34245771379847,0.006231274361201055,-70.68496266398594,0.09790979409504035,22.684003847319577,0.44449803445488734,-35.369326540322035,0.01457260070816432,-72.62539221680171
274,5.48,0.05045484455356007,-33.30693920086982,0.07074266118874462,29.297067926730172,0.001820585181397927,76.65163700656706,0.09050791996974752,36.666991903125414,0.42897691490998974,34.41249804784178,0.03574401618557122,78.57394111201121,0.09193696291628844,-19.706023447401556,0.037254494660093146,-48.89585777901924,0.013094971220652434,-81.8296523805064,0.1931741376615427,23.88245333057015,0.448553797964782,-35.53972382530176,0.017430285576403328,-72.69900229123046
275,5.5,0.046738472850430875,-33.38466992492333,0.08257994808520265,29.122643868629293,0.0004528266198349457,76.65075589055704,0.10388243162483049,36.75584961446831,0.44320412258107544,34.85403863164237,0.01371629109230575,78.25478253985159,0.06973157548548659,-19.836656930673136,0.06588232484281528,-49.81447417511533,0.008768244827634742,-82.158507752055,0.17976945311439751,23.88245333057015,0.4346015107101068,-35.69642725843312,0.0017761821343419432,-72.8876512050198
276,5.52,0.021721088625686613,-34.46385218684142,0.09024363311992191,28.865504215995838,0.001961805864149532,77.02210528879317,0.08996097978185025,36.75584961446831,0.43864943665376205,34.801370695767545,0.011390496598644044,78.4048065893445,0.035364535509569674,-19.836656930673136,0.0693648098295467,-51.092227690848226,0.006233803582435748,-84.42373366210633,0.09879792919481523,23.895948413226925,0.4113769459036894,-35.68599223744021,0.023357471884795408,-73.70933481919896
277,5.54,0.05874484364321522,-35.7870711965952,0.11437163059606786,28.85493064674813,0.01266421726914221,77.02210528879317,0.12646778970847125,35.13166754308875,0.39173260123482456,34.58723951763441,0.11822099613909265,78.2766714605445,0.015114199488540293,-19.836656930673136,0.04271316137548359,-51.53168530951826,0.012043031784151727,-86.92686732960736,0.21213386715719187,23.900057791844112,0.38841312051517535,-35.65132441131658,0.0047316424486693355,-73.86344845246754
278,5.56,0.02764707863717855,-36.059044184728656,0.08399966257289897,29.157681102364897,0.004956957794209665,77.13862426337415,0.07454326911220849,34.26404034821593,0.37515655330734327,34.230239389630334,0.036509039233278126,77.66429256551268,0.05934813299321544,-27.4150475435329,0.05417713069480041,-52.336463829081055,0.007417674440901314,-87.53384816440611,0.008274923655878045,23.900057791844112,0.3822284130399306,-35.07523058637158,0.005799998015667425,-73.97633500141903
279,5.58,0.02855963504776261,-36.12793954111254,0.04142110639480079,29.33531805992231,0.0013339958855742597,77.14258890784714,0.046783232657818336,34.26404034821593,0.335440980410863,34.07271989934009,0.015169846319006359,77.66429256551268,0.07406790570504204,-27.4150475435329,0.028715434153235374,-52.5305360645578,0.02273874321597277,-88.21002913172337,0.06934676002683147,24.330912172969807,0.2949103192579625,-34.8512500066796,0.0046555130104641435,-74.11009610773083
280,5.6,0.0030389647088718205,-36.11699213224054,0.061031716458617026,29.332221872988214,0.004533507085612263,77.14858726616448,0.030773204211894382,33.58188340623235,0.3467965902169274,34.06119755770398,0.01619337013505064,77.23813743814205,0.06968515148251386,-27.86672789832264,0.0009136222503671297,-52.46386756989244,0.01969134729222799,-88.26294449118504,0.11066995242211813,24.20792219569478,0.2994514380746424,-34.598894018487016,0.03316036075844712,-74.46581949256552
281,5.62,0.004554082500289578,-37.344732754506914,0.0729372577961852,29.61397987271174,0.005222684252056039,77.41070726771065,0.03875779439702712,32.636887250307495,0.3786488753531258,34.06119755770398,0.0023146686335996213,77.1965126491073,0.06744330375883259,-30.375544953647072,0.014159187913029031,-48.0181605492291,0.018902217037145314,-85.35799566437016,0.11424839288321877,23.529600458437372,0.3213624203764653,-33.74775007701574,0.04355315434944579,-75.07138307504376
282,5.64,0.06654518697582028,-38.37155363871901,0.046580940381532696,29.538718720826687,0.012704687715057854,77.53199715021337,0.134391590059171,32.28694272347137,0.24610027983493327,33.15817694824144,0.09794233993221343,77.21407513207141,0.12588887601540039,-34.84816205762618,0.18014239399965915,-42.02502201051745,0.003928303259418917,-81.12846180031545,0.39959270234038907,23.584886623503102,0.12570971610186008,-33.05164944350642,0.08867546367738396,-75.07138307504376
283,5.66,0.024808996700979462,-38.95226735415043,0.03200335250455315,29.456625937576238,0.0030891109148184965,77.53490692680532,0.2064621081019504,32.35837399899862,0.22257929923732206,32.83851576220977,0.033175651247726055,77.06493365719778,0.14876291468251485,-36.617001220269934,0.21867534298113997,-42.02502201051745,0.1874233715940298,-77.80452525694376,0.23412756411519586,24.71891940575852,0.09769016787305983,-32.824148365406664,0.10080714728808919,-75.07138307504376
284,5.68,0.007496624779935712,-39.55083774466317,0.41735045374088725,30.783756380670358,0.35438157744115434,79.13078776600813,0.20916554339624843,32.24369400152933,0.28048084955654307,32.1050241772109,0.043962596717513715,77.06493365719778,0.17381950395245865,-36.77588008519966,0.03401897891695162,-34.65719347676124,0.08418318257290094,-76.6502185906794,0.2132967156134211,24.71891940575852,0.20283463812309502,-33.174167455911935,0.10318585702859046,-76.29315234837614
285,5.7,0.13825865983164287,-40.050522664941354,0.08786262449531218,30.820269024546228,0.21965093153796175,79.82821923464076,0.05836052780780921,31.234650625653636,0.13369980989978067,32.1050241772109,0.017986421185820396,77.06493365719778,0.12002368000036522,-37.51795770360439,0.15673571205851294,-33.883436003572996,0.027910108592459057,-76.22661295501455,0.04457743664782623,24.71891940575852,0.16167709423151788,-33.06904712834488,0.04284942423891313,-76.29315234837614
286,5.72,0.13806763578870146,-40.48424135964226,0.07909647241242916,30.718992314199326,0.2005734727428698,79.81914607443989,0.06657282580409753,30.50852117736892,0.14917875506698125,31.70619714687066,0.03603955964176735,76.08002203015259,0.13731830975762885,-37.23366145269361,0.20097368229690848,-33.80254330266683,0.15836248549506202,-76.355598770714,0.031105975749234745,27.838485010934807,0.15221708937627687,-33.02920284365357,0.051696721526538376,-76.32935231227725
287,5.74,0.2045748479843273,-40.94796865254087,0.057108002944533894,30.718992314199326,0.16220923645285246,79.72217789396092,0.22426584750936776,30.305768081057607,0.17515189289877214,31.764886623320862,0.01788359198191428,75.73603164727253,0.23304322099177713,-37.04585535734186,0.22949345914696095,-33.745688941521024,0.11044726432451621,-76.63323079882701,0.20050312094183143,28.12301945453402,0.1384534645650403,-32.8466769660724,0.04368522373624552,-76.65813222839265
288,5.76,0.22202618069305155,-41.19600600472945,0.07201518121359195,30.755104155090663,0.1437437844885033,79.570398568529,0.21996361045452315,30.020423812823353,0.17326681504598324,31.77365803028894,0.030312990551449474,75.43890272317498,0.23335621917825447,-37.04585535734186,0.21237096591675217,-33.687612435745436,0.09323922225529194,-76.67510809206927,0.21229640798085928,28.25110982840484,0.1388151619426457,-32.78740550534445,0.06778332721730607,-76.84055082410593
289,5.78,0.2035241240754194,-41.195258281798225,0.062475255436434216,30.79399676257519,0.1348949017001227,79.27370932232098,0.22885973057528267,30.029081991615133,0.17748473260840253,31.77365803028894,0.030454418670771553,75.34082339461081,0.21782969449179582,-36.91236651963016,0.21212686880099976,-33.67966346490853,0.07996207822581188,-76.90043751649651,0.23494396797423894,28.25110982840484,0.1331025973112755,-32.76870244607796,0.06980989592177003,-76.88126732865338
290,5.8,0.19748663279927314,-41.18421153989807,0.06457035422499983,30.793996762572135,0.13035684066216557,79.27370932232098,0.24241838419828263,30.041823650723394,0.1798425679556507,31.876913676655064,0.014574952885666346,75.35135936725305,0.2133527976290996,-36.91236651963016,0.21994666431492374,-33.67678906527102,0.08291591985577106,-76.95144614690302,0.23812888608221405,28.200846651864065,0.13171280141335498,-32.73611830879849,0.05758456676510923,-76.87496100068041
291,5.82,0.195337590400795,-37.397399032875114,0.06230730881002041,36.001180071393186,0.13703243764106876,82.62565818508257,0.24101785969032238,29.791024031954304,0.17958224159766084,31.876913676655064,0.01076621457565594,74.86648888333562,0.2121331679854285,-36.49556389153612,0.22169075961760823,-33.215005298099356,0.09168747880553682,-77.00050392837461,0.2364511257556937,28.200846651864065,0.137896786926694,-32.94445855978343,0.052014944132356154,-76.87496100068041
292,5.84,0.07119554209138013,-31.515149892657337,0.08243216041742732,41.09534782925303,0.006750075582244737,86.19038680758798,0.35459871759832395,29.047085351265764,0.3757911198439823,33.40348184650582,0.016973387878447873,74.86503393015371,0.1522319122743575,-36.49556389153612,0.09731069243135589,-32.39183137475985,0.05024786956051056,-76.96053541663727,0.21131132787070933,30.93921384581375,0.2429444040641075,-33.24535196516729,0.04878965530118737,-77.45068905089884
293,5.86,0.09135555182629643,-31.515149892657337,0.08189558815778111,47.223160464622616,0.0011236481485845144,87.0766302997012,0.2212377222973142,28.232482911838826,0.4003576827661881,33.892432989043755,0.10259101150595794,75.40283158979739,0.13877707316931442,-35.38926606140784,0.033560555343465456,-32.27765767667567,0.07501097959049087,-76.87660905622994,0.11554365393050121,31.966350880760633,0.3192250349479906,-34.13911713637612,0.12643867077333665,-77.73775966307012
294,5.88,0.06905151404160743,-28.438548831963153,0.0004054257106888556,48.022584348809524,0.0018394671837818682,87.39247445845741,0.01947424625240412,25.123898790906175,0.3365609440045369,33.78869524833946,0.08058365259158505,75.38481464389811,0.04170490770713834,-35.38926606140784,0.06549696430911511,-31.14228035168245,0.032665253564446176,-76.87660905622994,0.012510803783422052,33.607326774415114,0.33370393835987305,-34.7168298539174,0.1566313912617399,-78.43279724534537
295,5.9,0.06754545114380694,-27.93730874496812,0.02062615551589742,50.25121818303364,0.002181022262538271,87.58099200544504,0.1412740643001964,23.812313490231947,0.3153655339959827,33.591161736694495,0.04775571328211581,75.38481464389811,0.023404347876207956,-35.38926606140784,0.11054200867737064,-30.471876349735783,0.00840358378123046,-77.47581914564245,0.13955234235948677,34.756778751700104,0.32958951457946406,-34.80888874273114,0.14063927800217693,-78.54129687402524
296,5.921,0.04925238864116388,-25.295884046384387,0.07248837350312076,49.54518342869685,0.009328649344539782,85.76318425853349,0.1584617609422372,23.991111729412474,0.3406522725175326,33.56837329513984,0.07473260477151848,74.5502655719336,0.01678164890937504,-35.08943442598803,0.08902986867607873,-30.471876349735783,0.005016004359692798,-77.14028163684414,0.13719758684745362,36.06693041883871,0.3708845334019947,-34.897565677684874,0.0351330283008798,-78.72480646009375
297,5.94,0.04925238864116388,-22.5629752692858,0.07248837350312076,49.351892179240046,0.009328649344539782,83.83554669318586,0.1584617609422372,23.312817538098063,0.3406522725175326,33.45431050137826,0.07473260477151848,74.44773595813332,0.01678164890937504,-34.80050049936918,0.08902986867607873,-30.196370183972757,0.005016004359692798,-77.07679941600944,0.13719758684745362,37.378017279900845,0.3708845334019947,-35.184210812860044,0.0351330283008798,-78.72480646009375
298,5.96,0.07920163093681128,-19.685878621060347,0.0586546878661805,50.4012155189228,0.0013690722744133393,83.673995874565,0.008917564444441537,22.858157028597976,0.3449172827164565,33.26658807033188,0.09078233381835192,74.44773595813332,0.0033247879308946713,-33.817018601186646,0.11215040473341406,-30.084135745560285,0.0027803438877015804,-77.07679941600944,0.13438234262536827,37.7774910587147,0.37864182791463064,-35.40160699298185,0.10026569250396614,-78.5945382836855
299,5.98,0.15192291488668175,-19.874487994213798,0.20692054348255515,50.92798597126953,0.1924816745617749,84.05886836908574,0.10381821853194632,21.887209456053576,0.18591498584721966,32.66685555105612,0.019207086088019014,73.83443398334924,0.012160163586767827,-33.77458525416052,0.02295418315745413,-30.573748497376773,0.005559441062625521,-77.06077754025853,0.16520455996495767,38.05819296105986,0.35774042723656824,-34.97836620803754,0.06470879160865649,-78.05092496376612
300,6.0,0.06692533726528226,-19.7067601469927,0.09764341872944106,50.86453797450312,0.10720567307808421,84.12321576529169,0.10273046809755895,21.30201428104206,0.1609215801502274,31.964476580057966,0.017057662282881365,73.66889293021713,0.04844246204935588,-33.77458525416052,0.03910551534572395,-30.597205530488772,0.005222914517376817,-77.06077754021979,0.16887733822273132,38.167491627697444,0.2809404284892761,-34.97836620803754,0.009271248369213914,-77.67981721095838
301,6.02,0.04615466599579454,-17.995683116207207,0.057007526416689304,46.2821918672585,0.08669662988400055,81.40407840799688,0.06204488223118669,21.316102793667476,0.20141248813123647,31.026709970554244,0.05968683623832694,73.10219262685453,0.030174142478222334,-32.257809801298606,0.05819414227066083,-30.597205530488772,0.005778397892103151,-77.06077754021979,0.12894918124145402,39.09090331895356,0.3151601645728409,-34.69232730189577,0.0017104348061483025,-77.67981721095838
302,6.04,0.14413091321333676,-14.611324044181105,0.017518502366712936,39.3900825468602,0.18597765128787472,74.51196908160412,0.17532994938858196,21.316102793667476,0.1412662393554074,31.346697787146212,0.06932660961343687,73.0104959478063,0.010288163494238417,-31.573553947276146,0.019625719393802688,-30.824616317686353,0.0027917673180966607,-76.44503295038737,0.06272019626476333,39.7016669085304,0.2741083267765,-34.61986159091143,0.13712694372999124,-76.80374696448656
303,6.06,0.021158608800658008,-12.936057025688893,0.04039723437400934,34.86262503572709,0.09749786689653704,70.91608595809349,0.05996873568097467,20.519173685664153,0.23305527264611084,31.953962844182794,0.12409555288809287,73.0104959478063,0.01805646657465489,-31.043892646858822,0.07222385914112275,-31.22525437091022,0.0032973832564776187,-76.44503295038737,0.049770763383928905,39.76467900708521,0.2798263636688783,-34.89994978642963,0.03239690069140463,-77.5128157786501
304,6.08,0.12426088581518566,-12.41964382437984,0.1469389836660985,31.844141696930787,0.04338794362930294,65.98362754320304,0.05189623712299611,20.498564171899076,0.19526871611526725,31.492451284650105,0.022379721088445333,73.0104959478063,0.034788689719535734,-30.942237477842717,0.18879864832830603,-32.20267691741631,0.22930862768359586,-78.16805076417519,0.01262353951501969,39.558028419131176,0.15419476057294407,-33.900264440377406,0.01105308850994769,-77.55821768663007
305,6.1,0.18060260461482744,-12.539592902680505,0.14605292085752078,31.086666425719997,0.05204143911622097,63.90441796649958,0.10430876925062485,20.684138550311413,0.11911041684835119,31.175931468088343,0.04017345375136503,71.68739434597472,0.058379158279313434,-31.135981035599148,0.08543786810400783,-32.222887358942906,0.19730604870998525,-78.3988233127033,0.04183417267564475,39.24269611562604,0.11120134437960064,-32.90914690725256,0.03595241442899131,-77.53425843111532
306,6.12,0.15171183912778638,-12.5413894554678,0.18111521892988003,30.445593755715922,0.009413850270478806,63.90441796649958,0.10232211750649456,20.42615243969229,0.12044672149039952,30.78289663146411,0.019901460387637744,70.80993764305056,0.05902271364627388,-30.66410211382715,0.10306150268142127,-32.20233510556284,0.18424769993481468,-78.16160667820851,0.033533524534482266,39.753104236447136,0.1372024313683608,-32.87290916614031,0.04037681994924469,-77.44979996237188
307,6.14,0.15936692148924683,-12.578823416662589,0.16020167963017823,30.204435531454095,0.05265084118418748,64.03555817893113,0.12416984512473633,20.42615243969229,0.10209950520774788,30.687914045766224,0.007537618844249336,70.62775431298759,0.1775029648326394,-30.250304959094688,0.10962042843675748,-32.2956670408172,0.19465758884697934,-77.57030087275295,0.09771241222567616,40.33557591567677,0.13244041041596963,-32.79912236666412,0.07291468136920125,-77.44979996237188
308,6.16,0.1437868441425522,-12.413971071858905,0.1839470799944066,30.20619645218765,0.06059300315011883,64.23193659415129,0.07301195900451403,18.380842603373832,0.10065573522774361,30.687914045766224,0.026530107016076932,70.56976817861276,0.15001904041348593,-29.764679865566706,0.11590640821642396,-32.342584293276964,0.14504800100397955,-77.04321086977914,0.1322598281719854,40.57013129644142,0.16320210729274795,-32.93856570338171,0.059480616880894524,-77.23936716934047
309,6.18,0.13071193484009064,-12.338630684165652,0.1894451237750091,30.20619645218765,0.05349101978852489,64.24688317451042,0.03343971518200245,18.013570818704853,0.11261862826138981,30.541279727868073,0.02531920640150477,70.52960573273084,0.13475779425701662,-29.571517407106235,0.12248776477081043,-32.347629393818266,0.11652991516765163,-76.8611641273997,0.15009787840840164,40.944912025096485,0.17651918879762415,-32.93856570338171,0.036234044202541074,-77.23936716934047
310,6.2,0.13519915759722156,-12.333164802267262,0.19831873241331138,30.312837547417207,0.04945418871975716,64.2476365426406,0.03060096933316826,18.013570818704853,0.1049868385456578,30.534894148456704,0.022293571673121428,70.49779771422442,0.13744816645168428,-29.571517407106235,0.10901859394718026,-32.37048657434258,0.11130293290580268,-76.74668098812744,0.1460935459487903,40.97530949183166,0.17212104691733265,-33.005064113368455,0.03058016355635331,-77.41108228659442
311,6.22,0.13227536689022223,-12.333164802267262,0.19054170209467938,31.10521241326785,0.0409126975967997,64.589583764018,0.061774495811278585,18.013570818704853,0.1173029318384268,29.582274965188784,0.02618025305425949,69.42569988103874,0.14108660695734376,-29.571517407106235,0.11751858858372542,-32.644323065597256,0.12834940821829383,-76.43500797274359,0.12930052425669197,36.963554495342116,0.17216765077306376,-38.59967130141901,0.029853841223653588,-81.90979727279074
312,6.24,0.058304378157213725,-13.182632741168174,0.3330158857607191,31.94421783171124,0.012759567025802769,66.17881822853896,0.005402310636179125,18.013570818704853,0.016614147363533113,29.021532172465836,0.04033851868472923,68.81605420802046,0.331650603099904,-29.03542552284183,0.30995955803349545,-33.6690374044526,0.21152233899794987,-76.6247821614057,0.06695464606429416,32.5980643016778,0.0988136693256555,-42.1955544244433,0.007955044546669367,-84.85417540682636
313,6.26,0.04298680274349773,-13.421067222402964,0.3757525979858286,32.476299717902236,0.14769310920047202,67.08535727323581,0.01466842664021657,15.227311405324288,0.06270439036440748,28.650230028047975,0.021885317967319535,68.53719537841644,0.18749280195400397,-27.287545790543142,0.35632522803404143,-34.478885057326636,0.2595772492203598,-77.07199508323771,0.10743226123817248,30.2117606905253,0.10590835116712079,-46.037831035328104,0.005704123393505742,-86.98459006497444
314,6.28,0.09069732714651312,-13.73203584627731,0.33090478239979026,32.33590152772301,0.1569035562834773,67.44067290655558,0.01852090319599731,15.227311405324288,0.06908877374507796,28.650230028047975,0.007992051417743564,68.39432444470455,0.01225586123297515,-26.08080760327313,0.28654007368552714,-34.478885057326636,0.20948125892524588,-76.81089361102926,0.07831293647510736,28.902532963711334,0.022222454933736084,-50.547175744613156,0.0021126022410448307,-87.61975419472658
315,6.3,0.11814316305490188,-14.002410338680631,0.2963498093743022,32.19970238941052,0.15762611498181134,67.61896634961187,0.010941874791413104,14.973248981100935,0.09199629406128045,28.127426585528656,0.00977135898344007,68.39432444472028,0.09501641894515185,-24.90236151875029,0.2675009083743112,-34.272439465641796,0.16737678867474218,-76.81089361102926,0.06453821483712859,28.902532963711334,0.03901445654374586,-50.547175744613156,0.0036925018731197522,-87.76346601875443
316,6.32,0.1306381332270754,-14.385855761356643,0.2904828340843825,32.19970238941052,0.1633371756451985,67.84897039343045,0.00545254315766697,14.331099779907735,0.09139423552175698,27.861369173535984,0.009005431815718628,67.47286675057602,0.07819269795290511,-25.053104811617853,0.28872377242088193,-34.08873200971318,0.13614338638977455,-76.81089361102926,0.052803703883160615,24.793459828654676,0.05103216487878506,-50.60035447125079,0.004326292122120152,-87.76346601875443
317,6.34,0.0933851901215763,-15.530172281587092,0.3382874804064384,32.568829089679745,0.058932945780608946,68.55243781280981,0.01962155041628897,13.241035142027995,0.023460554248435083,27.955529128049257,0.0398789355523651,66.84621940307326,0.21442798132974025,-24.87228038469017,0.31175755432778984,-34.295560061541025,0.17995237611870943,-75.45628598030653,0.04010881876082206,21.343747281237917,0.08185036306009737,-50.33797646218821,0.0053861980584727935,-84.18944332406083
318,6.36,0.0734478222453807,-15.719243920617158,0.32980716048576714,32.568829089679745,0.14569270989594632,69.2593743433913,0.0018655241944502748,12.925474032505297,0.07618471996649955,27.75673618887095,0.0031604081563883614,66.6555599243305,0.048558537272667665,-23.584452965513925,0.34265014494591506,-34.475079269800254,0.1744960063240737,-75.08168410866291,0.08107006262547822,19.58246230489718,0.07556162952246902,-50.33797646218821,0.003164828450207281,-84.18944332406083
319,6.38,0.08991293493500421,-15.91485343445597,0.33231746658834754,32.62477514363224,0.18614536515008573,69.62037213287778,0.010224597774805184,12.849386750402648,0.09879589049404815,27.627511002377343,0.007920774668121666,66.54495163464313,0.03200460918282785,-22.660270346606488,0.3302122054433465,-34.59142626710961,0.14056714022237274,-75.08168410866291,0.0652870329526497,19.19275888818767,0.07031020465916724,-50.260317814871186,0.005351375942620938,-84.18944332406083
320,6.4,0.10442667763527888,-16.030043687317793,0.33966352814677236,32.626876218419966,0.2010876655709687,69.84212243631396,0.000955367639611666,12.831458948040726,0.0887983951493983,27.605454822445463,0.00626630574308585,66.50720099165848,0.04301582294710825,-22.563968502214433,0.30261036109712114,-34.625320202843234,0.1103569281989458,-75.08168410866291,0.04116173653203659,19.072043836279693,0.06386209544918571,-50.2618958267528,0.011526874100927207,-83.17048597737258
321,6.42,0.11818188402987094,-17.013466606079685,0.2997682062284051,32.805959964317935,0.18028888743408591,70.08707590500123,0.009991494111155626,11.657776569540879,0.09022858407580184,27.455827907755133,0.0068854396406609324,66.26071626692857,0.004117064002321393,-22.563968502214433,0.3346381755956521,-34.01148670725494,0.1059922091172816,-75.08168410866291,0.02686678092891917,16.072523776326015,0.0679728295166695,-45.316650702435254,0.0059551502104631705,-80.78654455602579
322,6.44,0.09994720778153811,-17.82991415747558,0.3252639595251959,32.805959964317935,0.018927922213129663,70.21159875145885,0.018303538524064536,11.270355909398353,0.060695136891516455,27.311775183991607,0.00434514627477175,64.79545505132742,0.21939616284495989,-22.33501106705357,0.2855953371057353,-34.10004290950214,0.16118024897215522,-75.08168410866291,0.006896005249505813,12.940298876775271,0.07440689579761818,-44.11802299446839,0.002132222653329487,-73.2951213734505
323,6.46,0.10272991194033232,-18.303761681761923,0.34361554398443717,33.07717646391589,0.10686644557996113,70.07361837381498,0.0013431236661860752,10.917992856150263,0.012535625705989073,27.311775183991607,0.01653428746892174,64.7459217156299,0.053823978506554605,-21.1848651611469,0.3130299315083672,-34.10004290950214,0.17616386368433898,-73.7554116900466,0.06025518015828552,12.677421212437029,0.04106024818750503,-35.04824191278557,0.0034201909630345775,-70.63643523624366
324,6.48,0.11700442918336582,-18.359523828506596,0.12741854397981267,31.409189586130623,0.020009789088272646,69.68511406178844,0.023783535240275714,10.936349492022423,0.16259443588408792,29.2061070304126,0.05447148553407268,64.85294485966227,0.06103419289242792,-20.06886955520092,0.07809998953057254,-34.10004290950214,0.045210619709261775,-72.40228222211677,0.0724598567123615,12.509117731803006,0.12363406113220751,-34.496288217471104,0.023932837385730422,-67.53799761454538
325,6.5,0.07276567321246111,-18.199478955280775,0.11871289557586112,31.299248953552656,0.009853480018388315,69.58000167931918,0.024689551740035343,10.948190857862077,0.1268590638296246,29.2061070304126,0.07554107752042429,65.16761195637389,0.021729638029012302,-20.123833997369,0.07139195411098738,-31.889700724485827,0.01567348370967426,-72.05117911070805,0.11840116016454924,12.53351397687668,0.15152669785022663,-31.807460469081125,0.018969257524801032,-64.91510687269145
326,6.52,0.04696547133733618,-18.420344757632044,0.13258465503583844,31.277111275724526,0.004942450071826596,70.04118591432801,0.03241217455747145,10.915145926351988,0.13273843247498618,29.60860599679231,0.10975999974460628,65.26696460902997,0.029478165163488636,-19.539268010280626,0.08856159325299143,-31.536823059914564,0.023554510345890824,-71.2428271591066,0.10305806731168778,12.540864409008373,0.18065365611713594,-31.445435061642826,0.025276905562184867,-64.6654908117591
327,6.54,0.059888404732209556,-18.8037286366428,0.17354455561160081,31.36746082161215,0.0634370748955457,70.23283225938887,0.045912613463944,10.49683355939483,0.1677762214000931,29.89108295406781,0.09255352348065439,65.28843503665594,0.08532586714123182,-19.01263276412514,0.07495196014132274,-31.485320277084785,0.06027465902946444,-70.9677878873881,0.12474192101311406,12.626676152405732,0.16557725781747387,-31.362053687101902,0.05386877075570392,-64.6383843921322
328,6.56,0.033862887404848094,-18.950866655881576,0.18489684413441101,31.561677338912506,0.037151278975095445,70.23283225938887,0.06468762554564071,10.135252878873589,0.16811903361320343,29.94750491371607,0.05417928843126592,65.01356822556382,0.07353316167702624,-18.757488830639645,0.0895356850821738,-31.480968213042726,0.06423521822752166,-70.76694809129793,0.1300297139462123,12.650972380587023,0.17174483657616813,-31.328789613667986,0.048952860761657446,-64.58243559601122
329,6.58,0.01913318414501635,-19.242761801728037,0.18707141836008664,31.5814730663467,0.027007935528251294,70.57657007043684,0.07138592229966369,10.057190899503173,0.16965778629842443,29.9761865550938,0.03369047351769061,64.80624939787077,0.04143063505977599,-18.34078913437252,0.09803607070428244,-31.505510471315507,0.06316293259292412,-70.75286232039934,0.12713998137032007,12.650972380587023,0.18518960654670702,-31.33458801608948,0.04216615832903213,-64.53774732107547
330,6.6,0.015284194411288985,-19.359945207673746,0.19149181039905702,31.647099132845067,0.026103200381336757,70.7179303057046,0.06966572292876036,10.02056793892987,0.1691804016105264,29.99391254608203,0.02527936770305725,64.71200166065651,0.033271453782593725,-18.291221559096346,0.09312121469054645,-31.507399661344095,0.06735356893087623,-70.7529368307273,0.11648578871707528,12.648983481256218,0.1819842169289985,-31.33458801608948,0.044429083044051416,-64.53690874564545
331,6.62,0.0197252772792606,-19.56742418130885,0.1894152039609211,32.04498936612303,0.02906663633208654,71.08855175606278,0.06756898661681851,12.235204630199748,0.16569484730818335,34.86881632629152,0.030035141869642124,70.0655060020138,0.041348032886882234,-17.26251996712249,0.08832191481015024,-31.848669796778807,0.07375872093731112,-70.62097760422961,0.11773711748659486,12.648983481256218,0.1780504324426326,-31.33458801608948,0.04650956677549806,-65.26716594490726
332,6.64,0.14178720526384678,-19.92181446713205,0.3733934366978688,33.476598845086286,0.013083151790380809,72.40879466255156,0.011852380008318503,14.324592090253184,0.08035349949857612,40.56229793777835,0.003953910248623062,73.96104605571246,0.07439512350359655,-16.80863629396944,0.27380155475394624,-31.848669796778807,0.23427121687006958,-70.63125899749494,0.004532860361258702,13.440935341139266,0.08244565171131334,-29.410443917852795,0.011212245061100787,-65.81404113742197
333,6.66,0.10363837946931044,-22.70917695124196,0.4265059910510738,33.98685730365179,0.06792355155088349,73.08467275697207,0.0691986397178488,18.478398385563903,0.10688711107987904,42.65597406645069,0.007098616926022829,79.20376347479325,0.088187979476178,-16.80863629396944,0.3783357030796127,-33.68804762489667,0.1711313572328675,-70.62500978402068,0.011763611896438713,13.437380868490896,0.0940125406747717,-29.169944061617848,0.007370869299199243,-65.92407190374203
334,6.68,0.21183350353840563,-23.194150279789277,0.3741273544428457,33.895230968514326,0.12483892613937404,73.3576701127181,0.08296386608317298,19.04139665413142,0.04554287714960625,47.88116787865385,0.009998122867440578,82.08525161590497,0.10027469350052837,-16.55715864924127,0.41960489155644526,-34.46942273185271,0.05576984965546572,-69.42552707049525,0.023514586522031197,13.51861851660514,0.061279953891294245,-29.164230482735633,0.002004771434982055,-65.95340047322797
335,6.7,0.20705965237450388,-23.194150279789277,0.3365765813738688,33.68290877349348,0.17890866680000672,74.4568573623209,0.06891432230720507,19.311611595717512,0.07354762921495865,48.357979100703055,0.00758453162515406,82.6554426323294,0.09061586842202439,-16.47387504956372,0.4218885047051722,-34.64921422712942,0.01212598342930805,-69.42552707049525,0.01811160935164978,13.655103889025279,0.06608858840577547,-29.43129688556654,0.0030485135591162135,-65.99006489607049
336,6.72,0.17175415622191262,-23.84753946022466,0.31407441958211635,33.77215845401411,0.1751741228853753,75.00001159162753,0.039491080939886555,23.43652245267058,0.06043878645325886,49.46296201309251,0.005152415860828539,86.17461844816194,0.08277004242790427,-16.05675155362321,0.37543956950547486,-34.17939978129717,0.03283019059022395,-69.42552707049525,0.08304312808370358,15.07384283747634,0.000503989520186267,-29.552443672592112,0.012262778112734787,-67.1285324926384
337,6.74,0.0939788069153351,-23.658682576281446,0.3195789797488684,33.54622903891398,0.11581994519279738,75.15712373496517,0.044547922073163895,23.43652245267058,0.058333320553818256,50.095810557105644,0.011240608775947208,86.86835414158756,0.12785613643548951,-15.101017661882736,0.33692425299035644,-34.03584352290391,0.10710015890233203,-67.42348136925445,0.03345903680457315,15.454573927169251,0.08792005159141182,-29.39739135172525,0.015732315852798003,-67.29412600611317
338,6.76,0.07128876248079909,-25.192903771533814,0.30636860750796113,33.49995491999455,0.12341454220341319,75.32354876284604,0.0765459580288766,27.776277890834564,0.06849814532967258,50.25407297730395,0.006390398091356753,87.76832277643429,0.11760817749155947,-14.811494047414433,0.34898845466003786,-33.960769083688106,0.03068237369817637,-66.8552900777949,0.011576164893969697,15.573434054846361,0.06699890626631973,-29.389724554381573,0.006872750596917384,-67.84483644037613
339,6.78,0.1452605841584571,-25.957658363674998,0.34541818091787463,33.555371662526184,0.15946402415825733,75.47959959156071,0.057657376908464016,28.38927285013605,0.08024559513883815,50.268178843638125,0.005038640606410421,88.1466532256553,0.0773963469484525,-14.811494047414433,0.37731587280794426,-34.02066787144215,0.0051908249634156555,-66.3442381331225,0.01918320591641816,15.573434054846361,0.0578718013657824,-29.664078867493497,0.0074748946623387005,-68.20903028891058
340,6.8,0.16831271709176313,-26.234753364078728,0.31634319158214086,33.52131085480171,0.1573510796815731,75.54773150372274,0.044685648592546034,28.606095626101,0.06929711578034296,50.35133068298754,0.005166256718459637,88.26949144243243,0.04067063978461887,-13.873992389895562,0.3671397387881412,-34.02066787144215,0.016416128078673046,-66.25858102939287,0.03116266368295694,15.797578057752105,0.016858764610637532,-29.86346945302036,0.03486035498126823,-68.20903028891058
341,6.82,0.13130316971174621,-25.508390652305284,0.32295218127595,33.313716495688205,0.14824179364490395,75.9280148844907,0.02097767181021497,31.72490884458999,0.07093270473329841,45.67357770129925,0.0059843191468383515,83.05926451744297,0.024915172327141633,-13.873992389895562,0.3612365795068333,-33.78305389925756,0.007348284099481049,-65.50003328328467,0.031559864311288766,16.47861855589036,0.010854928927533323,-29.86346945302036,0.021663167144986853,-68.70177600012312
342,6.84,0.16434375030810883,-26.33096219609534,0.2944557852660713,33.31655853881564,0.06635526972396193,75.88454266388376,0.008165507719945156,35.93269142999002,0.039449140542444465,45.67357770129925,0.013274759270356644,80.07196437412645,0.05558178039526726,-12.15859619932395,0.29529946302085597,-33.045277199487465,0.08306071236459335,-65.40296561072228,0.013636895963703533,17.239166406734117,0.0041966654163484544,-30.327230409474925,0.03595548378381341,-69.40184817057153
343,6.86,0.059862844857777105,-27.379917495546742,0.30450151546338583,33.31655853881564,0.06161099360952276,75.799568481272,0.0814727798442556,35.93269142999002,0.05906106611252488,36.12200599682119,0.004686698496254589,78.75444332431417,0.04555011645653294,-12.021722543985069,0.30427076851368207,-32.742872378069585,0.01574495415954608,-64.24538717579611,0.006057484874589872,17.35186662538067,0.01606377083989583,-30.32641112228253,0.054038185487093666,-69.89768887871094
344,6.88,0.0200820954403994,-27.15092478960485,0.15747423870309676,32.302280232832025,0.05372107209423972,75.68359829711741,0.13702236317066951,37.59071763569869,0.19273208968457833,36.12200599682119,0.08681896129883936,78.07380871272412,0.05364444204790998,-11.861765611164493,0.22081569818686977,-32.742872378069585,0.08656202540472675,-63.50824598657458,0.05394223262577821,17.35186662538067,0.18893131050398962,-31.441427374335337,0.09722910306649545,-70.4415974325172
345,6.9,0.05878622614414644,-27.031100379024945,0.1413051971017535,32.302280232832025,0.05369224260673804,75.60839506666794,0.09318848442571448,37.797758448978264,0.1762501066160809,32.7564780887082,0.10181192385782614,78.07380871272412,0.05404319547437935,-11.87564296260258,0.19525019923729406,-31.88768417844813,0.09972246685669155,-63.25081777136165,0.060946210613323684,18.27057785072764,0.15755077584891666,-31.441427374335337,0.038293758827314055,-70.3145412264792
346,6.92,0.07868305778031648,-27.125312979039286,0.14471165244904688,31.68513771840092,0.05052246670995047,76.0047984724857,0.07398740985269844,37.58565290850908,0.20188339276110995,32.55915174706927,0.07800670895802224,77.3506547900255,0.08323284088440533,-11.858845264079887,0.22816719727943463,-31.98968270135027,0.07849495106641513,-63.05054106581892,0.033734619090554016,18.27057785072764,0.15462802010614204,-32.05298822030867,0.023012027979641428,-70.77395603001769
347,6.94,0.20446727463917524,-27.46709521670787,0.14291932373393232,31.6652238822782,0.04285479244468202,76.22619461691966,0.15885874747736028,37.328357930440156,0.23179627056025162,32.56213949860012,0.07444981460303299,77.33689467597127,0.01039761456728743,-11.858845264079887,0.22073258255394165,-32.09639124600628,0.026206608215964947,-63.00898784132834,0.08439022725015063,18.27057785072764,0.1726723441644181,-32.05298822030867,0.023445952914795277,-71.09427395148658
348,6.96,0.17588165266440808,-27.46709521670787,0.16301499329562055,31.695326749223735,0.05236941492486105,76.23245793852324,0.1934476148151975,36.92277777392385,0.23257564061884103,32.56303749190434,0.08272551298562593,77.33689467597127,0.015560756462480025,-11.32409087646647,0.2559246207372141,-32.15233078274927,0.11486078287321728,-62.75927029332068,0.05532216897950957,18.27057785072764,0.18419060346469057,-32.05298822030867,0.003171140309331343,-71.29420388826091
349,6.98,0.16960701123317304,-28.14972919363336,0.15673865889839694,31.699396935575628,0.046132275991054426,76.30504569319487,0.19830215611093527,36.832861383304476,0.2204809012811677,32.56303749189771,0.08955981244052628,77.1759893703115,0.021574053616179565,-11.108633040642745,0.25223955416106975,-32.152330782749324,0.11462520152277589,-62.71599027619667,0.05168547423111541,19.462785571896475,0.18077743548728084,-32.05298822030867,0.0072188914399208175,-71.34852998792692
350,7.0,0.1775666052826743,-28.16591189905632,0.15731944847242546,31.700697877333766,0.0329130881480233,76.26362935126683,0.18929944615442,36.83291637878281,0.22323212529793557,32.56400846247257,0.08888194600085628,77.1759893703115,0.014553757469722588,-11.108633040642745,0.24572298465690962,-32.15043699213491,0.09954903733441858,-62.71980553820774,0.06984658492713024,19.473285539219287,0.17961842242070195,-32.68202384026308,0.003929548464794053,-71.39082177385907
351,7.02,0.19189570352618263,-30.04088730818061,0.16656011276388952,30.351671117273984,0.04500487187535577,76.54682516190077,0.17404904178661829,36.51984513319825,0.2372452321650439,32.56400846247257,0.07531268155914068,78.16744470141997,0.014779687860487202,-14.511563717520556,0.2401176052285111,-35.62242452303514,0.10030778477143956,-64.51799311253048,0.0680442845695551,19.51939849093188,0.17999310704387456,-33.29848074790804,0.0022599489391425683,-72.30663132896159
352,7.04,0.012749425773042264,-32.0602602162336,0.10302734497993093,29.793005901816464,0.012139269057255852,76.58055693223552,0.09883207099022619,35.60287235795586,0.32565172417726274,33.2367163459517,0.12960940076078364,78.16744470141997,0.010963070913512216,-14.923423139796096,0.0719607567379287,-41.315906134670655,0.007760248476818294,-64.51799311253048,0.16903328152211028,21.144953100244216,0.3692541564109212,-34.75904411552542,0.003728390825906327,-72.52457644734677
353,7.06,0.01666703246140227,-32.644245573055734,0.0937441220714986,29.309472041772114,0.00258579452822719,76.58055693222222,0.023697037162062017,36.01694927962051,0.40461903201901656,34.35128496968253,0.09157467033871451,78.76387246505494,0.07480849719867215,-19.10728749308872,0.06901589280071752,-46.691950947977745,0.005434868208785507,-75.90495635013633,0.09702486960702421,22.813821020171478,0.44614566341597517,-35.408005962215206,0.020107933597982602,-72.51743210250235
354,7.08,0.05128187713277433,-32.644245573055734,0.07121680733439761,29.309472041772114,0.001670607450458672,76.58024642636055,0.09074331140276833,36.50498285966655,0.4376399863335899,34.63279592377619,0.0304172182564429,78.31663196994158,0.09220436771110184,-19.731613787771057,0.03913716918775788,-48.88203956645353,0.01343885817106556,-75.90495635013633,0.19257048176700547,24.125406130916573,0.44632920569343243,-35.408005962215206,0.025775695638938837,-72.5930823154242
355,7.1,0.04781538498727073,-33.36970566312322,0.08294890154810979,29.135690510670305,0.0004363760406331071,76.580246426325,0.10451726371914442,36.848335673740614,0.4482888351361634,34.91456684370342,0.00814281203820069,78.31663196994158,0.0698256478326266,-19.806725759789032,0.06621873868863311,-48.88203956645353,0.008863186662376019,-82.52264147610117,0.17830747166942879,24.21229349526451,0.43938485055534876,-35.712151191378695,0.00752297974372769,-72.73941288007508
356,7.12,0.022414044231721192,-34.808401785110576,0.09067284411219145,28.918449985331268,0.001990225934160318,76.580246426325,0.0896866948704469,36.848335673740614,0.44345416295176715,34.92712145339916,0.006778696148628625,78.31864102301681,0.03538630451219917,-23.629995730506046,0.0695584238405458,-51.085745717516055,0.006277121440706326,-84.53590458117665,0.09733349826948702,23.412066183136343,0.4166912600733658,-35.783830301095506,0.01741708551252482,-73.26810208464235
357,7.14,0.057460399862826674,-35.81109000600002,0.11368100637669061,28.918449985331268,0.012466904035691995,77.0762841952922,0.12743263099214072,35.06551700383303,0.3949621642029046,34.57463521090787,0.11008540467642183,78.14989617707404,0.025456826806101493,-27.095055252738433,0.04347474102962979,-51.085745717516055,0.011832066965933943,-87.03584704104979,0.20336285627543255,23.817335805293286,0.39319386569069964,-35.64272081711845,0.011998908365404258,-73.26810208464235
358,7.16,0.019170741732302217,-36.078007374628314,0.06763385774129091,29.25987947240254,0.008275164037844956,77.07628419530309,0.09154524541668285,34.67295435064861,0.3556792294470824,34.48838921527716,0.0058253605027019945,77.69149516280278,0.08475200820750803,-27.512745119495143,0.17499758943780258,-52.32808519734249,0.08164373928665453,-87.03584704104979,0.0018237841691837516,24.404191793175798,0.39284686948204367,-35.64272081711845,0.00250204134793519,-73.90611326296346
359,7.18,0.027671061086764807,-36.103533998471725,0.042792301128042165,29.33641392483104,0.0018095820283499258,77.07632648605802,0.044528461800244334,33.751452525179225,0.33955317334064344,34.08498169258742,0.02082059054235692,77.38124956285723,0.07309037146993798,-27.64694884195684,0.027580843446011513,-52.32808519734249,0.019638010429469038,-88.14430510669246,0.08292125052386513,24.351385613721092,0.2980740008961991,-34.605304077611414,0.0009013312143760638,-74.10982592307239
360,7.2,0.0011028087453101602,-36.036256801561116,0.06439492649629656,29.324995726155507,0.0023599831353592836,77.07632648605802,0.031453387075753944,33.55885408252362,0.35053279338544974,34.123322050891716,0.02227792649037814,77.11473657455056,0.07004204961225127,-27.8655710834933,0.011124822219966832,-52.49672721584172,0.017809934325281367,-88.17254032079916,0.0974503502711352,24.1842517680133,0.23243187519271064,-34.596449521491216,0.04703362830993493,-74.26651666546037
361,7.22,0.004785540999798249,-37.71599719450139,0.07346271487980478,29.642090506898963,0.005298690052265229,77.32107660004444,0.03636080747316491,33.04372802740686,0.38379274075977166,33.91578022298205,0.0033574020629136303,76.92165219140631,0.06798552961585418,-29.245896941307002,0.013481408885451945,-49.473442471500775,0.017129300569262717,-88.17254032079916,0.11666172231544218,23.497003879117894,0.324777129057624,-33.81148945536666,0.040024420784023094,-75.41864005490064
362,7.24,0.06208121541495302,-38.5673810703019,0.05434039584779802,29.549928186482283,0.012883050144027706,77.46742297075373,0.14192134468917722,32.29707048180917,0.23108539763972472,33.03664693363671,0.07488872674118507,76.92165219140631,0.12926691955658054,-34.29590430515801,0.09745570651796172,-44.07961778618428,0.034366111991236306,-81.630333544698,0.39904749659358857,23.958836466013736,0.13975406379063895,-32.956673753562455,0.09096949993878553,-75.91472045121263
363,7.26,0.027285446117973212,-38.9346706495325,0.032056399118881064,29.549928186482283,0.003058124661532474,77.46742297075373,0.20802552333781915,32.48184551660236,0.22662034175710316,32.96978754920896,0.027398077896854424,76.95077047204106,0.15404607600235895,-34.29590430515801,0.2208842157532678,-37.95217936149237,0.1918655647803494,-77.66650041442159,0.23642577301402057,24.735361666302083,0.1005396900541984,-32.89851423206243,0.09770300027015973,-76.1716297241408
364,7.28,0.02125110388011256,-39.52047889512092,0.40621193186972193,29.549928186482283,0.3539235893978113,79.38153497162898,0.21277814451943824,32.48184551660236,0.28022600312206236,32.69992780117666,0.03823536442103779,76.60627730113767,0.17990994633558044,-36.73821778093391,0.03525099449697405,-34.66293588813977,0.08647356714866226,-76.5742160204689,0.21420891665957603,25.70302148024417,0.20115300579017448,-33.159542252966006,0.09726993392053072,-76.0622374539445
365,7.3,0.14421904440466823,-40.08705459450358,0.08458577246762043,30.83196335126907,0.22582011422466586,79.81645387705039,0.051361990227954936,31.16707498907675,0.12688785178780676,31.82253610334364,0.01749109708557679,76.60627730113767,0.1392993297429603,-37.457116824180325,0.18357233562418657,-34.29216895527174,0.19296596334071422,-76.5742160204689,0.053291540216792076,26.72379685939346,0.17196465202284714,-33.042891404655286,0.038546214628929,-76.0622374539445
366,7.32,0.14266890082515946,-40.6267369199262,0.07929150694787586,30.703262769383233,0.20743820459583004,79.82614268600291,0.06186678933678102,30.46825676144072,0.14666487993052735,31.67405359354852,0.03600083190466539,76.60627730113767,0.14029712876928158,-37.24454582762786,0.20013448426736727,-33.7452121516458,0.15732429897517267,-76.5742160204689,0.03772094044676825,27.536433123154573,0.15708122363985755,-32.91399601499071,0.043788601310071645,-76.2092020592018
367,7.34,0.2085793900726214,-40.86298447176143,0.05096858521943747,30.689170443589187,0.1667071539308231,79.71890773143208,0.22638285198994246,30.46825676144072,0.17446379222041047,31.740248945908196,0.017876003638985633,75.46041732856148,0.23307134404750202,-36.96642185956891,0.22080430925347638,-33.71773968650756,0.10733070760810977,-76.59023326509576,0.20480555361424596,27.990580940884726,0.13856346078361625,-32.84405829206513,0.034954359452193565,-76.49598624129054
368,7.36,0.22551151898840097,-41.215956121464785,0.07410808734145687,30.785202248445838,0.14778659904233882,79.50476685441686,0.21987176294662192,30.46825676144072,0.17346386801090988,31.794928205648407,0.03434911866948615,75.26637291713705,0.23467371368896023,-36.91610493830137,0.21423114293939166,-33.68989658914292,0.09043518053361167,-76.67530744320632,0.21721240138770445,28.168278078577632,0.14208207257794853,-32.80957558129473,0.062121624030631505,-76.68117755822051
369,7.38,0.21698930360268923,-41.228542771215324,0.07391258285601289,30.791223210124873,0.13597881414291801,79.33607552740418,0.23038576556218973,30.013348309010407,0.1787176106791884,31.81966945109009,0.03769303514220429,75.24207962611509,0.2307159314780504,-36.85485098490047,0.21536970908262054,-33.687956765628684,0.07953359098345221,-76.86023488210546,0.2412056344314543,28.119929528605194,0.13521377631151332,-32.72353129313077,0.06561579926339968,-76.68117755822051
370,7.4,0.20114729414971863,-41.1935262708975,0.07607458884114339,30.791733470719073,0.1360195207400661,79.27377488181874,0.2241846855312107,30.03310540636917,0.14011826413638195,31.89371627369299,0.021280913381469743,75.21183922015038,0.21456058177461038,-36.87034706424335,0.22181529869533398,-33.685829246130936,0.08027974618766962,-76.88344449597722,0.24767656561750634,28.110472656699535,0.12841184331323155,-32.67860085981737,0.05050163253409371,-76.76218747265867
371,7.42,0.1991551749823895,-37.71055199420166,0.06833179723261376,32.70113081168347,0.14127812891279873,83.6733149202633,0.2438815455424447,30.03310540636917,0.18417902720159018,32.83875356787538,0.016826538610935474,74.75809481270699,0.21530866339922397,-36.21696429025216,0.22661797650163648,-33.05796194903709,0.08067322117466087,-76.96805065605307,0.24534690214484436,29.581953785962742,0.1291812909155966,-32.682309282279434,0.046577280219367974,-76.76218747265867
372,7.44,0.0724749180832549,-32.12735365837995,0.08241709068223682,41.690838619948494,0.006881945205975359,85.7539774848504,0.35831747693850385,29.16664026166383,0.3774426405503491,33.56079211854956,0.011040247773003824,74.7691592943406,0.15803018941207667,-35.57547208361129,0.10297427201370273,-32.78008836175164,0.05354945216725157,-76.87782341788689,0.21892275048434565,30.992365508452167,0.23720708503192445,-33.48976351248606,0.04695006400452187,-77.60470274263909
373,7.46,0.09010160539523811,-29.68096003207521,0.08640641470028335,46.65981862921223,0.0021489332292420013,86.92620029640125,0.217983186101488,28.32458695735618,0.41504409301214024,33.85730069848688,0.10419464467462204,75.29177679895473,0.1428499675795516,-35.13345815173329,0.04258641778860061,-32.78008836175164,0.10375489041217978,-76.70658679096081,0.12543211617893313,32.16890432232994,0.30930331730866206,-34.39087801900556,0.12233874416602457,-77.60470274263909
374,7.48,0.06754353826232058,-28.191538101600578,0.003589030882698275,49.37083127622597,0.0017675827565632883,87.40932420103748,0.016931962759306335,25.31106577332587,0.33876091327921337,33.85730069848688,0.07877267083703754,75.3050706551559,0.05032649247929948,-35.54934067564769,0.05995724476018476,-30.91233614976015,0.043423774163497936,-77.24385760365587,0.00198866230836566,32.16890432232994,0.3388334360809202,-34.690744384493996,0.15369627473271696,-78.40927543284819
375,7.5,0.06747821026418291,-27.916196511430673,0.021784702955674834,50.30189600301122,0.002416424879773393,87.52184414795548,0.14011031629140516,23.979208424569954,0.3196714241494346,33.6613897341153,0.04497937076266606,75.3050706551559,0.021662607490516624,-35.54934067564769,0.11105133107590569,-30.27545224945492,0.00857290674785593,-77.41995104876001,0.13241481253774495,34.36441732765876,0.3325005725300604,-34.75605423572336,0.13852686752405885,-78.42918743545202
376,7.52,0.05642616186265577,-24.153983971042507,0.030580230780117592,49.63516240316301,0.0011800753212778895,85.42766393482107,0.14205701086149614,23.98736486496166,0.3264125213276834,33.47890545388032,0.02883262924712403,75.3050706551559,0.04394961259395528,-35.39506541814613,0.11247129602625992,-30.264495236928557,0.0071306787196965165,-77.20922058487218,0.1918077162803864,35.601400484259536,0.33959822035241727,-34.75605423572336,0.1190709214036702,-78.21864755676111
377,7.541,0.07731212063238416,-24.153983971042507,0.057417442652643605,49.317192827441424,0.0012533814719765698,83.63246156700414,0.1495381826061128,23.816661957576706,0.3475204859868399,33.55230183122319,0.08191099178108636,75.3050706551559,0.011538699479163958,-34.293812368751496,0.08814553311147143,-30.145673706168555,0.005324394045156735,-77.02619487130364,0.1388296758779227,37.40262922017705,0.3802596409059728,-35.20260596282597,0.09857638836839783,-78.18318937013075
378,7.56,0.07731212063238416,-19.778003457982962,0.057417442652643605,49.31633188638222,0.0012533814719765698,83.79820947157305,0.017187908810094018,23.816661957576706,0.34854989997217156,33.19795534466787,0.08191099178108636,74.05480782373772,0.0011632434684328067,-34.293812368751496,0.11258207876649469,-30.066537003020155,0.002978812622792919,-77.01544111993051,0.1388296758779227,37.519912254066135,0.3802596409059728,-35.281302278073866,0.09857638836839783,-78.43323257916228
379,7.58,0.14701981233214215,-19.778003457982962,0.20409998113365066,50.5699346315632,0.16726841716436586,83.79820947157305,0.10763414169984219,21.41714021819785,0.19016723573644978,33.19795534466787,0.013407887713422823,73.68238764141721,0.015101698542466416,-33.82217658202476,0.02462335191239673,-30.457843127368125,0.005430082451820473,-77.01544111991632,0.16782438086255547,38.097799748790166,0.3574078055198857,-35.33879546230879,0.05482687550665519,-77.87983575004985
380,7.6,0.06309030293557899,-19.82438451219581,0.0930274519547889,50.99588022653348,0.09594611379484845,83.79820947157305,0.10764296523793955,21.244421467083384,0.16706903384863117,32.02752160619382,0.014479541807726067,73.60884424937962,0.047657440963900705,-33.86725104122768,0.04036635478563913,-30.555739790333288,0.005108784374698525,-77.01544111984654,0.17053657717361184,38.17533220499569,0.28879676603872567,-34.80901165648815,0.01480130286869779,-77.55944632025901
381,7.62,0.044245733053111434,-17.15432411551341,0.05994065154590079,45.41927587126985,0.07927036841605692,80.77919340911667,0.06670920943639415,21.34668070463756,0.20715392686756143,32.02752160619382,0.0573514278737741,73.29939305526415,0.030062954184537766,-32.6644516741792,0.05870522997860543,-31.051957952935012,0.0057874358123468144,-76.47876305651289,0.13011286053551507,38.17533220499569,0.32263669853052657,-34.729897936478146,0.007648470597732877,-77.51341495165974
382,7.64,0.15192404117282912,-14.203902025855124,0.010829006894370725,39.72579425884538,0.17828561042823035,76.284339499861,0.1796604982572965,21.34668070463756,0.1458554276870514,31.294178945999324,0.06818055035561692,72.94459865441813,0.0111744448282449,-31.408531609061615,0.020808641602286845,-31.051957952935012,0.0026969301024831025,-76.47876305651289,0.062157638215070435,39.61231968785326,0.2837666429876156,-34.745974870405966,0.14371741818174472,-76.80423122361152
383,7.66,0.02915708723320437,-14.203902025855124,0.025317078058083878,34.69162880773718,0.11230376658831413,69.44063365742178,0.06269175797785352,20.597173163215775,0.2348043760725557,31.998422060093173,0.11968025082091603,72.96459047646559,0.016733729260762352,-30.969568545244822,0.0726257765172992,-31.051957952935012,0.002958840772573802,-76.47876305651289,0.05184288540290739,39.61231968785326,0.36119616073358596,-34.745974870405966,0.023700905036738135,-77.37579140992334
384,7.68,0.1394359880013147,-12.54471063579479,0.15989996512617832,31.589579630771652,0.04905077484554766,66.04840017935165,0.04802101131773559,20.458914516946695,0.18948995947551053,31.511630115836425,0.019169801904614,72.09039224350558,0.04262204737400451,-31.01902796997906,0.17135300051007996,-32.122278971403475,0.22700071092512913,-76.47876305651289,0.019105487247544413,39.53460603814019,0.15618925353114366,-34.745974870405966,0.02249416132822256,-77.37579140992334
385,7.7,0.18592889536544355,-12.590783088059379,0.15322939294213,30.756631387702264,0.057178507038204554,64.45706943646775,0.10096732266908304,20.572561264947762,0.1164406966411129,31.205522415687266,0.04002306236420922,71.7148975021061,0.05926140085780819,-31.158836516707268,0.08471201377571097,-32.12909998704679,0.2007684549809923,-78.40262907110524,0.04009063644740968,39.229729957279474,0.11889777698680125,-33.29765557215847,0.05098534379383359,-77.3081822728125
386,7.72,0.1557055260772647,-12.62652200345346,0.18249803304908196,30.756631387702264,0.01565704232006936,63.72077003721133,0.09768132563253783,20.24886110370986,0.11247511184397113,30.705490805784134,0.01902655148948744,70.80968558154869,0.059123117486583374,-30.631990357036834,0.10503002468612309,-32.12523623413157,0.1893352242287469,-78.1822236342002,0.028680918093289515,39.6139913511945,0.15319847681531812,-32.913750969004965,0.043730900804717525,-77.1227919214573
387,7.74,0.16567872087987237,-12.594760911587075,0.16616413287578116,30.29261854265552,0.04877210863750134,64.01731006935653,0.12104243108649894,18.871006944323934,0.09850624516178476,30.557200758309182,0.010944398207860934,70.7316301004627,0.17978874587306343,-30.246262871947117,0.10718976123141694,-32.22739036769016,0.1979038939465994,-77.78112762408158,0.09660269935978047,40.27932127523121,0.14179236938288303,-32.913750969004965,0.08755310230406951,-76.99549438884209
388,7.76,0.1593465330695456,-12.478464873431125,0.1767707900486153,30.317384002848748,0.05892404676990053,64.11437475638871,0.06281722077058384,18.412232529661395,0.08945414559831688,30.51338674149938,0.03027886933567668,70.6137050007774,0.14341374051960604,-30.246262871947117,0.06134533181788485,-32.2633156786495,0.07957639166101532,-77.24894067672093,0.12809157566501078,40.62946300502959,0.17559560746173042,-32.913750969004965,0.06510995760865067,-77.00970954039977
389,7.78,0.14025112520300367,-12.383773776610404,0.20047047009602187,30.353262560036512,0.051818521437664515,64.1413459269647,0.028719390547708376,17.81076315491681,0.09624546736290703,30.472423881849664,0.025616765236575703,70.53598100221491,0.13979746130786933,-30.246262871947117,0.10455888555155457,-32.2633156786495,0.12639860198585598,-77.13401157884236,0.14654613052015733,40.84849045688545,0.1755608844667683,-32.977502835608725,0.05334869063435191,-77.12433858130684
390,7.8,0.13935954676266243,-12.383773776610404,0.204383742599694,30.40454806737118,0.04707420050460031,64.14217743743927,0.02658560510797232,17.737936756614065,0.10286593238037817,30.46827278327199,0.023143278166635705,70.45465327547518,0.1368079091421928,-30.246262871947117,0.10804651603661398,-32.27733002860771,0.12164470129763823,-76.90809043077451,0.14773468046800892,40.96131250612725,0.17986033631910936,-32.977502835608725,0.04339249652217778,-77.19287430744691
391,7.82,0.1424334352293563,-12.900742346259571,0.1881912376331696,31.161731285175417,0.03921020325692115,64.82710590983622,0.049385290321460544,16.247641342385407,0.10555790021393442,30.14253314712754,0.025274456317143465,69.9105955440929,0.1327699399497621,-29.559804175255312,0.0641158391754523,-32.92241035570349,0.057434078023142904,-76.58120461568345,0.1377376672552812,40.20507271655308,0.18155429545719545,-33.24308320839917,0.04237915190184818,-82.78105630358712
392,7.84,0.062115088417589774,-13.190498069860354,0.33657602585268687,32.12902876508597,0.012593356673898836,65.70941289535743,0.003874849857881897,15.680251214843967,0.015288177683982612,29.334418863807382,0.043100134916964905,69.9105955440929,0.34115233016172686,-29.09781625399299,0.3068130973797626,-33.531275275417066,0.22700140788283443,-77.05805238472755,0.06861155700849773,33.04460648073705,0.0975635744433031,-41.633477163045754,0.008097353576039213,-85.6352998817062
393,7.86,0.04363581647964969,-13.298383714107054,0.3750009635645455,32.359443367973135,0.15000783035881624,66.9655071585747,0.011578569211067575,15.455597690244218,0.06501950237203746,29.334418863807382,0.021809533113249787,68.44745923694758,0.18662437799981876,-26.978702052598727,0.3507636991164416,-34.3863479131114,0.26727813666004696,-77.13784775572702,0.1078268706812857,29.506162393210353,0.10427381541349189,-45.225599271610086,0.005937871182826341,-87.1227564769661
394,7.881,0.11781434828714753,-13.624373634942854,0.29704318325520596,32.393371248458635,0.1535512316992289,67.36982625073463,0.01856319440612274,15.03214878772769,0.06968300884681698,28.299261064506755,0.009886727726010935,68.35237708774216,0.016237413312683815,-26.886917658521586,0.28073157181059594,-34.23415788893788,0.21418922157588902,-76.88040880741787,0.06527414376676588,29.506162393210353,0.03851914814286468,-50.533364775137834,0.00361509068921011,-87.6246728288154
395,7.901,0.12133641461149103,-13.842109250811832,0.21716622629377005,32.393371248458635,0.11747964604626619,67.47117973604335,0.0053706175191424,14.950980184951952,0.0755928057650219,28.117098518194172,0.009177770150317366,68.3523770877739,0.07734355098779638,-26.886917658521586,0.273277902974606,-34.20260133533207,0.1324847619038245,-76.42050574777474,0.047673772456390304,28.426110136031525,0.05201728065254892,-51.262803853856575,0.004892985541120588,-87.76492548829744
396,7.92,0.12133641461149103,-13.842109250811832,0.21716622629377005,32.56164058520697,0.11747964604626619,67.85166908936898,0.0053706175191424,14.950980184951952,0.0755928057650219,28.117098518194172,0.009177770150317366,67.29591564738709,0.07734355098779638,-26.886917658521586,0.273277902974606,-34.08831804411332,0.1324847619038245,-75.53489464161656,0.047673772456390304,27.932087723253844,0.05201728065254892,-50.88414580985863,0.004892985541120588,-86.48681689318218
397,7.94,0.10024553423487328,-15.451223943319425,0.3462046655924969,32.74329169041331,0.059611856160788214,68.55298995227741,0.03777550960050182,13.15827348735251,0.0036686203946756524,27.948087867360805,0.12281946716674322,66.85170641216986,0.24054288418121247,-24.74152923999,0.3170981556069821,-34.197309838410334,0.1649636899104701,-75.30818841968824,0.022747686751525727,21.072631579243332,0.0935679609692973,-50.34491150068487,0.008824043734678105,-84.09798797525507
398,7.96,0.07375536379233684,-15.633466108051188,0.34126238803947817,32.74329169041331,0.14567425376039236,68.55298995227741,0.006291134312900842,13.15827348735251,0.07967007686079561,27.742570291134967,0.0011655020798158622,66.6740642630471,0.06627651128550502,-23.826496620050563,0.33275752942598874,-34.197309838410334,0.16481161952179477,-74.9927677872347,0.08504618352840448,20.45850442582309,0.0796503230394166,-50.22269486091916,0.002426547820749585,-83.42428792667796
399,7.98,0.08396439475744856,-15.784892159878634,0.3552852097961883,32.74329169041331,0.199316428783292,69.58094034764794,0.005782079741091795,12.857488093325896,0.08575825176405501,27.646168433169983,0.007951086975024347,66.52071678096065,0.028994715425380818,-23.12782185462114,0.30289624982134,-34.57842770536703,0.13222806101252038,-74.76831559795762,0.05951864316631381,19.186135644679045,0.06937545172582246,-50.21618988347666,0.01206210847755469,-83.19465964052829
