Time_Step,Time_s,FR_hip_effort_applied,FR_hip_angle_deg,FR_knee_effort_applied,FR_knee_angle_deg,FR_foot_effort_applied,FR_foot_angle_deg,BR_hip_effort_applied,BR_hip_angle_deg,BR_knee_effort_applied,BR_knee_angle_deg,BR_foot_effort_applied,BR_foot_angle_deg,BL_hip_effort_applied,BL_hip_angle_deg,BL_knee_effort_applied,BL_knee_angle_deg,BL_foot_effort_applied,BL_foot_angle_deg,FL_hip_effort_applied,FL_hip_angle_deg,FL_knee_effort_applied,FL_knee_angle_deg,FL_foot_effort_applied,FL_foot_angle_deg
0,0.0,-0.2988894014704241,-15.984189396427956,-0.6215551930575521,38.24555411762909,0.9414,40.12564554828289,0.155927141822981,8.290192502187299,-0.6890208130659302,37.55031456955403,0.9414,40.690871500531074,-0.2036912781447183,-14.552743804713923,0.7486007968308815,-39.41124206416508,-0.9414,-43.14633923832318,0.12222671746363717,8.661423650235774,0.7888453139229794,-38.65229094475633,-0.9414,-39.51189611751583
1,0.02,-0.2990332756121975,-15.9845823511727,-0.621724708018225,38.24555411762909,0.9414,40.12562916926439,0.1559644415621048,8.289700687787125,-0.6890879327005504,37.547594310869066,0.9414,40.689529885872716,-0.20376946070318727,-14.552743804715965,0.7488271347965451,-39.41000797022397,-0.9414,-43.14505329945635,0.12226623571989456,8.661503075141042,0.7891994346995684,-38.651225344915254,-0.9414,-39.51189611746474
2,0.04,-0.29914811147089543,-15.984582351173705,-0.6219806280051227,38.24428188532397,0.9414,40.12562916926439,0.15602442678218575,8.28952980671679,-0.6893325799822346,37.54598583075346,0.9414,40.6879040567058,-0.20384766911145918,-14.552743804715965,0.7490625764313031,-39.40784099040756,-0.9414,-43.144778536036924,0.12231404776418456,8.661502980852532,0.789487726687234,-38.651150765941786,-0.9414,-39.511896117437004
3,0.06,-0.29926294732868153,-15.984582351173705,-0.6222063713109263,38.244223095027415,0.9414,40.12552216071103,0.1560843029138922,8.289529988814737,-0.6894904537104479,37.54496732087434,0.9414,40.68757766458639,-0.2039258516804702,-14.552743508583529,0.7492409589723997,-39.40756357949132,-0.9414,-43.14418040034169,0.1223608846850556,8.661502107834641,0.7897760311253262,-38.651150765941786,-0.9414,-39.511896117381056
4,0.08,-0.2993777831863302,-15.984582351177338,-0.6224202615266141,38.244223095027415,0.9414,40.12551972891202,0.15614336058473446,8.289533445673195,-0.6896039859700975,37.544255143955176,0.9414,40.68697145365831,-0.20400403424978358,-14.552743508583529,0.7493852995341366,-39.40531263610958,-0.9414,-43.14341520493282,0.12240788562756491,8.661502107834641,0.7900629113638841,-38.65063891572902,-0.9414,-39.51189611731848
5,0.1,-0.29949261904400504,-15.98458235118281,-0.6226615214342336,38.24381606693099,0.9414,40.12549579548543,0.15620090243323148,8.289533445673195,-0.6896572774345736,37.544255143955176,0.9414,40.685736500896745,-0.2040822168192781,-14.552743508576478,0.7494398693179761,-39.403879806765865,-0.9414,-43.14295508904963,0.12245516862740674,8.6615014328562,0.7903461659121599,-38.6504750285828,-0.9414,-39.511896117247986
6,0.12,-0.29960745490174884,-15.98458235118281,-0.6227003115779903,38.24350980722983,0.9414,40.12493231923228,0.15623999754624615,8.289611745895638,-0.6894239502053655,37.54023697755785,0.9414,40.68397880102469,-0.20416900439309846,-14.552646821124355,0.7493676587588758,-39.402572637438304,-0.9414,-43.14120348232503,0.12250841410173492,8.661486941585757,0.7905873315071856,-38.6504750285828,-0.9414,-39.51189611718171
7,0.14,-0.29972229075963397,-15.984582351189395,-0.6227726647152776,38.241535778892796,0.9414,40.12380059317776,0.15626740468946668,8.289723837821674,-0.6893299572543262,37.53505137951135,0.9414,40.681001052578544,-0.2042471904034573,-14.552644919927573,0.7493804281221069,-39.39822869292592,-0.9414,-43.14059009336249,0.12258375454333037,8.661412851239431,0.7908115587660863,-38.649404690055164,-0.9414,-39.51189611708014
8,0.16,-0.29983712661734496,-15.984582351189395,-0.6228757016173846,38.23970282457297,0.9414,40.12231262028238,0.15629594643626643,8.289980143829252,-0.6893307562061359,37.53002163775618,0.9414,40.67930520035966,-0.2043253764139767,-14.552644919927573,0.7494587044849442,-39.39647919565193,-0.9414,-43.13952805668764,0.1226592635423341,8.661078855715946,0.7910367858753226,-38.64847440068734,-0.9414,-39.511896117041616
9,0.18,-0.299951962474935,-15.984582351203542,-0.6230678221399298,38.23970282457297,0.9414,40.120668324013295,0.15635940585544386,8.290449248168345,-0.6894175293480476,37.52738063598908,0.9414,40.67682941983922,-0.20440356242415172,-14.552644919919612,0.7496063360184576,-39.39647919565193,-0.9414,-43.13846040171951,0.1227017221873582,8.660871546563051,0.791333238236461,-38.64847440068734,-0.9414,-39.511896116918095
10,0.2,-0.30006288859169283,-15.98462547050093,-0.6233247639591327,38.2378041125423,0.9414,40.12052431327341,0.15640592101478182,8.290449248168345,-0.6896222733802918,37.5255414893488,0.9414,40.676510700554225,-0.20448174843395656,-14.552644919920102,0.7497557382230546,-39.390489701239154,-0.9414,-43.13820270756911,0.12276581978065518,8.660765335759738,0.7915778933252859,-38.64721525185423,-0.9414,-39.511896116918095
11,0.22,-0.5294766451951927,-15.772817214411349,-0.6942382814148896,39.06623079676156,0.9414,40.390467704842976,0.12764655739085506,11.566325047564973,0.24279806012467986,39.48838349215881,0.9414,45.470264960029105,-0.32001497098158527,-13.302146267199364,0.7932794060134424,-39.36659813667456,-0.9414,-44.267290584927444,0.10990163639637965,8.97994147360587,0.6625226353697182,-38.563998775887924,-0.9414,-39.511896116918095
12,0.24,-0.3881375878673674,-15.977816497925232,-0.6338517419846348,38.90289281472019,0.9414,39.57357329067678,0.1120596210459412,14.752556526386927,-0.2692012785408803,46.380492812035776,0.9414,45.470264960029105,-0.38461317608000684,-11.501443770970745,0.7476126445119191,-39.443645377973425,-0.9414,-44.267290584927444,0.09091458228049834,10.133072517272238,0.5116579034863381,-37.800962144603304,-0.7359678475235789,-50.072878621692084
13,0.26,-0.33569846086186883,-17.40526712152217,-0.545210155752477,38.90289281472019,0.9414,39.498322286955144,0.21681814640868113,15.559346808159885,-0.3880721604703852,52.38487858932902,0.9414,57.45654204877267,-0.3676857385902389,-10.591034138265337,0.7675738566644396,-39.19343580308876,-0.9414,-44.998144792229844,0.09591423052495678,10.943105898700853,0.5376650710571703,-36.45591499734134,-0.8512523846134316,-50.072878621692084
14,0.28,-0.34668944075648933,-17.87377671966884,-0.5625553496869378,37.94177842934087,0.9414,38.91121508639118,0.2238105408731197,16.03469246888252,-0.4237946937949832,54.344472274861275,0.9414,61.95139595503435,-0.37932967121792605,-10.591034138265337,0.7063882279340377,-39.19343580308876,-0.9414,-44.610425204937705,0.08130201329269839,10.943105898700853,0.7443877430779688,-36.883806460803214,-0.7390961567101623,-55.70610129159695
15,0.3,-0.38541716659854947,-17.833086722059026,-0.5478796380470788,37.76527709543075,0.9414,38.91121508639118,0.27393111445830987,16.001855010283585,-0.351376862778217,56.01091463682362,0.9414,69.6860009376972,-0.37115050865998694,-10.280156739069392,0.636250825393191,-38.915156132409514,-0.9414,-44.090731845811234,0.07992712737841398,11.14173602599076,0.7628303804636242,-38.310809724691524,-0.7766645350626864,-56.119877045734796
16,0.32,-0.6955234409790395,-17.0421916798568,-0.6172632498461202,37.774963608359414,0.9414,39.36019229419575,0.642789630090926,19.038357102135024,-0.3227256031550085,56.941958183298304,0.9414,69.76135309633725,-0.3002517470064839,-9.949439420920811,0.6781380800438065,-38.19596089308683,-0.9414,-43.94142735914099,0.18463114604864406,11.950064343288126,0.7227612991005605,-38.310809724691524,-0.9298471770439386,-56.29574128270757
17,0.34,-0.7190230007971969,-16.898192163353798,-0.6326593653244432,37.774963608359414,0.9414,39.28066079137091,0.683041068026179,19.038357102135024,-0.37736275636209676,57.142449253160855,0.9414,72.78375745924652,-0.3150776631037033,-9.288509332059418,0.7515186826091276,-38.15330581581344,-0.9414,-44.36283941952602,0.20433294745166625,12.125982950672968,0.7151240310612816,-38.63645029345858,-0.917412121623847,-56.385596580653065
18,0.36,-0.7325854296680939,-16.649165583033778,-0.6278652084831116,38.4730910891477,0.9414,38.73188550361127,0.6529095081900436,20.39661583351715,-0.3976800740162246,57.38567074715414,0.9414,72.62170445642883,-0.29433184475485763,-8.858184149170537,0.7766147529524142,-38.15330581581344,-0.9414,-46.02860986717279,0.24404695466341977,12.136880932279325,0.7209593180581692,-38.65677263401449,-0.9199378623565627,-56.574835668589
19,0.38,-0.7398765973430372,-16.37745718797932,-0.6238175173089002,38.520017257036514,0.9414,38.24282374866913,0.6404456323597044,20.39661583351715,-0.3917347361577936,57.6341935090413,0.9414,72.61232902821075,-0.2803979456446506,-8.95440581469642,0.7730899288556983,-38.69041738216514,-0.9414,-46.02860986717279,0.26369919989403456,11.737939334662583,0.7237102847151553,-38.69523596853819,-0.9272439374622709,-56.63664444095305
20,0.4,-0.7401745434613264,-16.31146021699934,-0.6240569978398998,38.52000835073156,0.9414,37.95115615192979,0.6444720270504797,20.903609418546594,-0.3881106837002747,57.69191151069763,0.9414,72.62656634791624,-0.27748455963892465,-9.038059703247844,0.7684223832208484,-38.69041738216514,-0.9414,-46.811575913424804,0.2619643122364239,11.559304159509244,0.7227425668201273,-38.71176171910306,-0.9337510740452164,-56.635108037794396
21,0.42,-0.883349586981612,-16.31146021699934,-0.6280034720215809,38.291434102186884,0.9414,38.16531079391128,0.9414,20.903609418546594,-0.9414,53.9565198967698,0.9414,69.69149284876869,-0.34465518502189574,-8.284513503927009,0.6844762796166108,-38.679858030907575,-0.9414,-46.71924726776517,0.21879103716439918,12.030063934528313,0.9414,-40.57000034228479,-0.9414,-56.74835133150048
22,0.44,-0.4523997055298643,-16.31146021699934,-0.5847879800530016,38.56562957442412,0.9414,45.07171488636413,0.9414,22.759018555038292,-0.8340005496016709,48.2630382856567,0.9414,66.9251079049955,-0.40115357102072674,-6.459609152500499,0.7005718012547362,-37.869164647436776,-0.9414,-47.10355346979705,0.19143816327699598,13.882902558990128,0.919698199122495,-41.384246422077965,-0.9414,-56.74835133150048
23,0.46,-0.3754850074036077,-21.340565272348943,-0.58037735589664,38.11349462838946,0.9414,45.07171488636413,0.7589546780205079,26.05001382091821,-0.4173462199831275,41.35808360992987,0.9414,63.3100975842613,-0.26971287588408366,-6.341830349034676,0.6788933884549103,-37.801412108924886,-0.7006781758183245,-50.938478822129106,0.25174153805032456,14.149502772798114,0.7075265612271433,-41.13156652156575,-0.9414,-55.67646847468177
24,0.48,-0.43576619510023645,-21.77060679489596,-0.5834257889013037,37.81045038695436,0.9414,45.07171488636413,0.6010918745719886,29.64597442553097,-0.42731860477380135,39.56847277952752,0.9414,60.920486102773125,-0.20626131261681385,-6.9599673905248265,0.6733475669463687,-37.36580222689004,-0.6388444655138925,-53.03130731376137,0.34932737900171545,13.943172102062293,0.5886197303018019,-39.04066809064015,-0.9414,-53.245282590776334
25,0.5,-0.41639547047532577,-22.590280174513776,-0.5191534679578651,38.03369910321256,0.914841347235728,57.85609986734955,0.4793006665288555,29.64597442553097,-0.34976266122232436,39.56847277952752,0.5849252331135801,64.06933637656861,-0.16297571765953922,-7.801907270252034,0.6981305012636032,-37.60897644075167,-0.58675120117263,-54.92430645940401,0.3425369108529546,13.535667926161985,0.6761116567119658,-38.53106546293437,-0.9414,-51.32448386571872
26,0.52,-0.6522449096437739,-22.861169291210466,-0.5636687565833042,37.714892575252236,0.9414,57.85609986734955,0.5855667291282817,32.653961041055474,-0.4599345993656303,36.27110682315695,0.8338587643303602,67.76128944401233,-0.21814266345615824,-7.801907270252034,0.6972303232232067,-37.38882206799632,-0.6665828427830967,-54.92430645940401,0.5039168243098208,13.182907957864671,0.6312583674010227,-38.50974231548933,-0.9414,-49.319530692879404
27,0.54,-0.5665106096665373,-23.143268484439044,-0.6151305470840243,37.919442773590895,0.9414,62.446205284791155,0.7104946251623414,32.400368164067004,-0.5049589724946317,36.51104661602222,0.7669260337141802,67.8340747715076,-0.26954981713603643,-7.491367893908061,0.7522178382240144,-37.750833285936345,-0.7860997277567094,-54.92430645940401,0.40828708973342065,13.824747430283091,0.7462465965523073,-38.45400134357726,-0.9414,-49.319530692879404
28,0.56,-0.5432465394789625,-23.143268484439044,-0.6387826839603105,38.42555569776603,0.9363267396239192,64.3897452540757,0.7568213292495023,31.416645680915405,-0.5074898735125284,36.98179894494547,0.764411998035818,67.8340747715076,-0.3280096350715932,-7.224276191135119,0.7614211835446681,-37.77098986346246,-0.8617747574191034,-54.25274288903603,0.32384367475551556,14.457581704402948,0.7919982691763068,-39.47243497538143,-0.9414,-49.418793967183845
29,0.58,-0.5263486554904641,-23.143268484439044,-0.6155010764820646,38.55584769171325,0.9202052618444594,65.41146925548502,0.7654882542799895,31.416645680915405,-0.5060767186478285,37.202086904526844,0.7798420343560644,68.84363634616155,-0.3399910878798323,-6.518580903441444,0.7535133991760024,-38.168345014501284,-0.8693969196177903,-53.46288823031138,0.3173465538357893,15.342414712035852,0.785365150833216,-39.717634444196804,-0.9414,-49.418793967183845
30,0.6,-0.5311482927868119,-23.143268484439044,-0.6305999897796203,38.63076790481204,0.9413632163942899,65.5283599063632,0.7497702887131006,30.820581829487,-0.5048982917345035,37.25864996088345,0.7808158487698732,68.84363634616155,-0.3255074824849655,-6.396161621943712,0.7530828823052813,-38.16810778682595,-0.8473103956015396,-53.28069862467104,0.3383829195542864,15.499754689148578,0.7768818934883928,-39.85665212346914,-0.9414,-50.08491182301642
31,0.62,-0.665952035903891,-25.35021389256681,-0.37226306379758756,37.66735969671155,0.7494447201091652,66.36663664769073,0.8171324432433114,28.858748164706263,-0.5830702402823562,37.25864996088345,0.4970744608680201,68.8790381738753,-0.2544039062248429,-9.940108030346591,-0.17659499043351778,-39.857471895366594,-0.9414,-56.28151341483395,0.4078595508816826,15.41440922258672,0.904221833407416,-40.43878846329259,-0.9414,-50.45190246048781
32,0.64,-0.54434969629375,-26.250517859942956,-0.22625959234330573,35.29045754189322,0.6325604754030925,68.34478708081645,0.7998000027651048,27.79522859191278,-0.6688556976436747,38.34107929922208,0.5734426938193844,68.8790381738753,-0.051999660939380576,-14.794574457821598,0.19515380165815605,-48.626765928051825,-0.9414,-63.1657299392044,0.12506978354758191,15.41440922258672,0.915106685059342,-40.43878846329259,-0.9414,-50.446605671014964
33,0.66,-0.5381857407617018,-26.91486166932379,-0.254212432104095,34.75063569088593,0.6003325996262086,69.08633799401784,0.7629341859153769,27.620286155293538,-0.6969648939778289,38.917764848363404,0.7825141076266345,70.89419688332033,-0.05199850220698654,-16.81673268784143,0.2846623821565456,-50.97263603583419,-0.5714035543976459,-70.35749619151095,-0.028787039774740203,20.420596042716873,0.8943561781526325,-41.374878280342735,-0.9414,-50.446605671014964
34,0.68,-0.5082286625997541,-27.199309782227726,-0.31807292421888955,35.096524398231644,0.7195216159215941,69.75418707778235,0.7653300581020478,27.620286155293538,-0.7214010778376939,39.36870371614297,0.9073793436457417,68.46325832578353,-0.26498174691149645,-16.85888457048829,0.21179564106199728,-53.67602016078135,-0.7475431574489917,-73.2102224444179,0.0005088233639846396,21.514001151773225,0.9414,-41.39648201340271,-0.9414,-50.446605671014964
35,0.7,-0.4610382620464262,-27.56817871483034,-0.3242048909324047,35.31923611503689,0.8536126371217955,68.62319382553808,0.7080353255024715,27.76854292039474,-0.7665779981904574,39.587310227315996,0.9069052241829053,67.81222776985761,-0.2006600293933856,-16.409181019052365,0.2342183826166278,-53.67602016078135,-0.6098141317117487,-74.37788041545406,0.11852455912091563,21.316225211909718,0.9414,-41.69450515942464,-0.9414,-53.91677900760548
36,0.72,-0.5792683467844106,-28.82606446705522,-0.28992446964176277,35.292551054838256,0.9239695743254788,68.3349363130946,0.5767203386240242,27.311682136447807,-0.7733536345064844,40.006999415702936,0.7948562990302185,67.70615376494251,-0.4611734051814602,-17.958179272915125,0.2671201321973249,-55.212067859475724,-0.7727417545519598,-78.15851527996524,0.5217977893777227,20.680843724110527,0.9414,-42.3760546601294,-0.9414,-54.81565144172884
37,0.74,-0.5995746301157183,-29.26485916644353,-0.32769358117309044,35.267549347613524,0.9414,67.49195761033285,0.5643952967658419,27.311682136447807,-0.7674161158944428,40.1869143652227,0.797044286710618,67.60314548782459,-0.5965282463893788,-21.089825779986455,0.26970043319521436,-55.85066184288842,-0.8374092371735107,-78.9494464693052,0.5303400347875953,20.680843724110527,0.9414,-42.3760546601294,-0.9414,-56.6986950293435
38,0.76,-0.6140585114349669,-29.30761550403096,-0.3411694166710926,35.345623716108726,0.9297334866726618,67.16705989145207,0.5545888165795358,26.9761043155572,-0.7654129715004762,40.22588439453859,0.7698228670343392,67.60937308642343,-0.5829263283660912,-21.378208585724984,0.28885628957320353,-55.98423079820315,-0.8456915029659645,-79.14302014571554,0.5284614688681087,18.81172651771828,0.9414,-43.22547448576266,-0.9414,-56.98317872178273
39,0.78,-0.6321402562698774,-29.28463692939306,-0.33920913849497686,35.37595881508721,0.909360243411848,67.18426712672137,0.5546754838659367,26.992165040912962,-0.7657073460140124,40.227454052917274,0.7523745485938137,67.85301784758012,-0.5825221304303335,-21.611133608208647,0.2879882038842249,-56.36537529572555,-0.8644338406270355,-79.0920675512593,0.517830678002339,18.71339473247187,0.9414,-43.62283349852622,-0.9414,-56.953242665051604
40,0.8,-0.6394533981471249,-29.149525261476974,-0.3339600209401945,35.36704635518078,0.9008913184691156,67.35603619408167,0.5554771104362576,26.99412787220543,-0.761563990810565,40.22511524236102,0.746521445159205,68.08087999258126,-0.5843054815352065,-21.72031232238945,0.28536487977741776,-56.39517458360771,-0.8750309673985601,-78.97539433896786,0.5105939872956443,18.734948900065525,0.9414,-43.64840422622892,-0.9414,-56.78881874274709
41,0.82,-0.7467915594437793,-30.021878511795375,-0.5416802208819004,36.273366889314524,0.8679881225426453,67.84227576651304,0.6429636870663515,25.196182504094715,-0.50092725265357,39.524993649878404,0.630578660696863,67.80947624865047,-0.9414,-23.624686373672677,0.9414,-54.1804307143762,-0.6662533239972468,-75.85968210222565,0.9366009437694971,18.578032043004352,0.8208881146767728,-42.72584741846363,-0.9414,-56.28527646384545
42,0.84,-0.6050251476035828,-31.409662239725147,-0.5124179449276104,37.167681427831766,0.7382603905599942,68.32954764525232,0.6606822678525581,24.695838493280878,-0.3430849448406501,38.15244243926414,0.720742221003665,68.40391661472485,-0.9414,-24.75486246045283,0.726170793640373,-50.58454759131051,-0.9414,-73.38276587239504,0.9229320865907281,17.16899035722568,0.6101169926060571,-40.931933823271855,-0.9414,-55.9745154575357
43,0.86,-0.6109436858813206,-32.21390440667265,-0.588961221286389,37.779600961891504,0.738995911447534,69.26485891206387,0.5776076702726329,23.48376995175309,-0.30585349080118235,36.276046917787795,0.7049192610202505,68.15250784911659,-0.9414,-25.0327571883894,0.6897765870832129,-50.58454759131051,-0.9414,-70.2623510454334,0.8465050483845442,17.13538977849225,0.6207001733373775,-39.096065846268324,-0.9414,-54.20608469541281
44,0.88,-0.5813437645164405,-32.7142296009306,-0.5846828953732696,37.96649307257148,0.7768222129498297,69.57967195408811,0.5937348250076676,23.48376995175309,-0.3782421457229228,35.55554431395685,0.6947040324312697,68.06956652790095,-0.9414,-24.993708881167716,0.7231074305087262,-40.36069473926562,-0.9414,-70.2623510454334,0.7243372435853085,17.818653337003603,0.6948059052963618,-38.93494042059236,-0.9414,-54.73276971977228
45,0.9,-0.5640847783961928,-32.85140689319104,-0.635674155488807,37.96649307257148,0.8583344199087724,69.41246885415184,0.5667475261259245,23.64796276137183,-0.42002001842876996,35.591114756629615,0.6806143009514447,68.0470158134112,-0.9414,-25.154441226757683,0.7430852457497962,-40.04082524361845,-0.9118254808181169,-67.08942949423266,0.7416913302425127,17.818653337003603,0.7118115512177243,-39.1854887969083,-0.9414,-56.46562096417995
46,0.92,-0.5490932001347498,-32.85140689319104,-0.6045206070530371,38.392131869406676,0.932263411258257,68.39388330231905,0.37228465902206104,23.652018706061742,-0.4571224239494018,36.06710484534492,0.6151001084676773,67.785359910077,-0.9414,-25.154441226757683,0.7092867399163172,-39.89893786866226,-0.9271527302186416,-67.32358667872924,0.7040459540828077,19.68027827333068,0.7738893333590443,-39.72882752236217,-0.9414,-59.396255001884725
47,0.94,-0.5118433773816283,-33.50014020513779,-0.6009810600928647,38.343400820185,0.9414,67.61524082333283,0.3692919644430877,23.367924055005037,-0.46271693961006866,36.436629190136266,0.5879320685906413,67.86959328898358,-0.9414,-26.185676826006006,0.6930614787704377,-39.567382207659996,-0.9180076080426235,-67.37162467965554,0.7603147128080129,20.83058401422089,0.7668580940047571,-39.986649203657606,-0.9414,-60.74884891590919
48,0.96,-0.5221826415258005,-33.50272068370939,-0.5746797240280763,38.308829424060505,0.9414,66.76703701989945,0.3328893096110024,23.473105461533297,-0.45555899543452494,36.55214738947077,0.5911854211819678,68.17858027927014,-0.9414,-27.005321221079548,0.7048769490203969,-39.49833302517558,-0.8858705223476908,-67.41095681903943,0.8621255037167158,21.096881607656606,0.7564868036311788,-39.994266490130215,-0.9414,-62.21525467333586
49,0.98,-0.550075655391574,-33.322618998684405,-0.5819215209220538,38.16408382653994,0.9414,66.64619379111892,0.3331420590048717,23.641313070172643,-0.4550158245939747,36.56626296239067,0.5954192313345171,68.19829812306202,-0.9414,-27.16681748545469,0.706252868102473,-39.49210612577797,-0.891640736111635,-67.41095681903943,0.8369416361548888,20.78661066622445,0.75756419161976,-39.99361420927501,-0.9414,-62.25433660489779
50,1.0,-0.5446357837906952,-33.316464229722826,-0.5851303714397584,38.17610473960863,0.9414,66.73749310630464,0.34389637029391673,23.64091971252683,-0.45494702075931165,36.567577609351815,0.5980785582242532,68.1867421711945,-0.9414,-27.09936397656696,0.7074939004421469,-39.49855402050715,-0.9052136907150288,-67.74478434335137,0.8069465232133229,20.812796257743273,0.7581394523383516,-39.993614209284374,-0.9414,-62.25018829059414
51,1.02,0.1841510349234845,-31.677544386362268,0.6436004145282581,39.22321715600548,0.9414,69.45519483386656,-0.11441657819592588,24.05941486045367,-0.6965615865040528,37.52238363143693,0.6237436478020922,67.6830388629963,-0.5987234535878645,-27.266779713537787,0.3250960747922632,-39.49855402050715,-0.26038374220640026,-68.61997306811762,0.8439136767202575,21.840565391193582,0.802603659500153,-39.99417129690341,-0.9357419771915179,-62.23283934203137
52,1.04,-0.01932932035048665,-29.458706148808655,0.21242319761287187,47.96056724463259,0.46531832382925353,73.3507348911945,-0.12243409587802265,25.188974121414255,-0.7896326263862901,38.73678918815847,0.7223092382426733,67.40600703494673,-0.42363577129260443,-27.564820956560315,0.2525653315636367,-35.94951794646302,-0.4862584546708727,-69.9284066810332,0.753963334026512,23.250703994524507,0.8506049742317245,-40.62080194029134,-0.6980846641827938,-64.7108852859667
53,1.06,0.01486216809309597,-29.325467611230007,0.014638527050565953,51.23971733968814,0.5637172749839522,80.10545835487915,-0.08300743068300007,25.715144558322326,-0.7707910406732479,38.73678918815847,0.8166305381171834,65.87290727370028,-0.4648730540899847,-30.586624981998003,0.27107059051564725,-35.07299277070049,-0.44653828989776656,-71.31207057621506,0.6240455778864864,24.107659483334817,0.8564456395035683,-40.93755762761013,-0.7295623453759064,-67.33021966068654
54,1.08,0.09643930592473597,-29.519043392027164,-0.0253361847983245,52.5467525302773,0.4068726161246561,82.19081121700157,-0.0252564625471155,25.577157563546557,-0.7393602498486391,38.73678918815847,0.8066662429590425,64.95376075799184,-0.4435114966093903,-30.826156656644567,0.2925738963747373,-34.83769369897649,-0.49290125541228785,-71.73459019207934,0.48262651109581,26.29778581630224,0.8759505991870896,-41.16125265178688,-0.7931282004799407,-68.05477627567089
55,1.1,0.13628448907674304,-29.849249056207917,-0.018854377298879867,52.81288824535982,0.35187678372233333,84.012994741119,0.013245505694106662,25.28367324991991,-0.7105874934365907,39.653638661683914,0.7791623488650387,64.82976491962553,-0.45114295934759013,-31.209652620585196,0.29546500632513173,-34.79187081193031,-0.5560001805908539,-71.73459019207934,0.44762720177746174,27.444061907658668,0.8887981560732557,-41.272329371489334,-0.834088531853571,-67.77538387909586
56,1.12,0.4874380719590964,-26.17988700940834,0.034983727036568574,52.46179647676541,0.19604817583091255,84.012994741119,-0.24135601911545823,25.08015837990706,-0.6769539925638246,39.131020886148086,0.7708121183061662,64.140564761046,-0.350319220418971,-31.209652620585196,0.3414296249471313,-34.83636994351939,-0.47604570611529873,-71.51304045740264,0.6178850910399336,28.510668522895934,0.7995289682594319,-40.95286208072371,-0.9414,-67.07163488175814
57,1.14,0.2654201449404331,-24.698526221211576,0.04754969761770088,51.57516336978068,0.23252139276063483,81.89933565494627,-0.15296422316902236,24.606405534307996,-0.6907004589999208,39.004948664664695,0.77929065434217,64.140564761046,-0.36329467826489087,-29.783217624635515,0.3264821656042558,-35.14767587870281,-0.5128814025471711,-71.37271114502765,0.6166299870688119,28.941432598556638,0.8377608964196231,-40.8355992485384,-0.8623756765792157,-67.05870141275926
58,1.16,0.3279225749254024,-22.85229313334574,0.020149810714157647,51.57056444826744,0.21947865338763356,81.51777447258507,-0.14662939051105914,24.032220861141823,-0.6932565964913021,39.01622480646578,0.7939988475284407,64.140564761046,-0.3823271864829478,-29.369114081698026,0.32806878386340116,-35.13553124820073,-0.5071253730826891,-71.37271114502765,0.6021421994490682,29.253387605760857,0.842448371023131,-40.91015352554872,-0.8498813189503609,-67.2782450348826
59,1.18,0.34967032222492794,-22.841475689610107,0.016414873836598887,51.57056444826744,0.21357763674906885,81.44017551790728,-0.1724155463941961,23.915870960942485,-0.6924704166391533,39.052140748534256,0.7914034856982444,63.49242927642994,-0.3695836165813207,-29.17645330036047,0.32771465249803394,-35.13329278330794,-0.49506472063628304,-71.24140691665578,0.6138770818347059,29.33164770482369,0.8391211409051348,-40.929952580952026,-0.8619785679023806,-67.6815452153564
60,1.2,0.3384476162263698,-22.676705953452295,0.018119129673026278,51.57056444826744,0.22387614290585728,81.42727118144376,-0.19584617639627924,24.0989122522798,-0.6947230031631403,39.05768911585097,0.7878609904699414,63.48692534984601,-0.3557114943543759,-29.21313767429026,0.3278310947826118,-35.130071141809225,-0.48217827583825074,-71.33480622825154,0.6277074396588997,29.33164770482369,0.8377335890862304,-40.9250615598306,-0.869441375261104,-67.66815390779652
61,1.22,0.7303571385856149,-22.676705953452295,-0.9414,47.36554003548145,-0.5580181774465114,77.26344589632215,-0.36401309747095106,24.16832198224451,-0.4921951750143765,38.028040269886866,0.8770865145399575,62.75355159465378,-0.17399510393555573,-29.118797327920745,0.5628637370650854,-35.130071141809225,-0.2749469542001737,-71.94468040510516,0.8513336019132827,29.639030062625125,0.5208435582138357,-39.76571189934631,-0.9414,-67.03235528978169
62,1.24,0.47000680931763383,-17.50492131179323,-0.6644681729062729,43.46999998497581,-0.05071424376821443,70.38216668346391,-0.14632677411774792,22.947765069511092,-0.3279572195516084,36.59403238450134,0.6836454870452655,61.90025409101313,-0.15980544472026764,-29.118797327920745,0.6084743399924951,-37.50852103898822,-0.2749444040205747,-72.64779829911409,0.6529631390583318,29.683485059935453,0.4633138765963106,-37.90617808260909,-0.8752526741365083,-66.78342157083893
63,1.26,0.4635372319187061,-16.649927618757502,-0.2602721439888157,35.79661091362198,0.13409728703559015,65.72002136499259,-0.10191495424254329,21.45980318782704,-0.2366806679109475,35.242773606306194,0.5449906048142299,63.10628942762956,-0.18602370454032374,-28.6448923456715,0.4969244443509162,-37.595537045165855,-0.27001555693273493,-72.73699703899518,0.48031282180974755,31.511618840532606,0.4024412365819358,-36.88921852775652,-0.7531122535580437,-68.22230578586831
64,1.28,0.5069898311113082,-16.118369662495756,-0.2602694967358694,34.60060985054173,0.1461419682118659,63.48984518100484,-0.16571428315074646,21.167502891414433,-0.19941026636257897,33.93382995025986,0.45854719071341254,64.75864619151375,-0.1985062086247757,-28.382086294197133,0.45836806917158246,-37.595537045165855,-0.17139799796772787,-73.23393673730511,0.52109737068308,33.15298267295767,0.4293706108398045,-36.35914278109108,-0.7555868404875279,-68.22230578586831
65,1.3,0.4419548399418355,-16.118369662495756,-0.30404742246960886,33.315502764783275,0.15336020656380037,62.18575672518682,-0.20836629382665853,21.382326964605493,-0.21900767380620906,33.53666578659938,0.47925308234952063,65.25933494963674,-0.2207200464815502,-28.382086294197133,0.4523092123017671,-36.95467049523832,-0.11577559571737928,-73.91554892665839,0.5420684474227283,33.25793117319022,0.44121564431653626,-36.33276077706562,-0.7268164186356465,-69.17990973222628
66,1.32,0.4645401765088555,-15.578064099072627,-0.29558110735923016,33.10002733728659,0.11660286534155301,62.18575672518682,-0.3296695163243655,21.417309438564068,-0.19826098168273334,33.21552168964735,0.3975534753011666,65.08555466457233,-0.09594698438642901,-28.382086294197133,0.44209196320990213,-36.49676356512606,-0.07924947168897438,-74.24973950782007,0.42835539497827213,33.503954057629606,0.43585703011716326,-36.36293165019187,-0.699188308203754,-69.41902608890906
67,1.34,0.5411217474230485,-16.19343325134477,-0.30735262436368777,33.07786745155776,0.08741862170474729,62.18575672518682,-0.2783259544067826,20.749909313833818,-0.204697826544745,33.07166860950513,0.43144825506851875,64.79390308732083,-0.12365363466943713,-26.90998205565107,0.4495060726813475,-36.44839330600204,-0.11033029077384451,-74.20297718408227,0.39758376780706356,34.46393458869195,0.43866765346334097,-36.32508046010498,-0.6864245213686873,-69.91059477058526
68,1.36,0.5525939847087488,-16.19343325134477,-0.3112431304687309,33.1036580385559,0.08355706886311176,62.18575672518682,-0.2567674653632314,20.278229654950387,-0.2042045405171687,33.0533638159015,0.41329083355725166,64.56910992892784,-0.11688722428482978,-26.375729439614,0.4517035750535659,-36.43478789569858,-0.1358223657697265,-74.0337652943456,0.39590522778385234,34.46393458869195,0.44855037865380076,-36.35135090295845,-0.6936045443114202,-70.03094815358476
69,1.38,0.5388870601617525,-16.401428517515356,-0.3118570961495882,33.11339965922279,0.07476364051309656,62.39541509193498,-0.25822670895030597,20.057753551925764,-0.20104781317169657,33.01628477580169,0.40083145649136964,64.53669667803531,-0.10716201560801925,-26.375729439614,0.4556276096115964,-36.46605389729398,-0.1425912763488787,-73.7733354597817,0.40155838969736635,34.85120618476555,0.4551513033331347,-36.394660276303924,-0.7024685323062543,-70.03911197894733
70,1.4,0.5325822181058263,-16.35421849352443,-0.3088991249775833,33.09492475261167,0.08027304879417904,62.449330978660335,-0.2701890029934081,20.057753551925764,-0.19668086329973278,32.94238409061267,0.3826310406644461,64.87624169497832,-0.1075929081398517,-26.338885558132247,0.45260102196258684,-36.464657064200956,-0.13480274628371702,-73.69094668212729,0.40337915885181774,34.87329829216737,0.4548970658345475,-36.497785762498516,-0.7024660845417389,-69.995822382185
71,1.42,0.3879837246837258,-16.42717273076467,-0.45127627005066323,33.19286530924305,0.12877516062678412,62.95769348410461,-0.28227902437838776,19.192180596408527,0.09661570023434321,32.94238409061267,-0.04180890468296722,64.87624169497832,0.2686522877995985,-27.13034893523811,0.5307317840736695,-36.69461272196022,-0.13119735576244873,-73.0685886262354,-0.08351242695519012,34.87329829216737,-0.48319445729368415,-41.18055048582482,-0.6812422137965748,-73.32184562002065
72,1.44,0.23507513906047978,-15.741636437312428,-0.357047900823988,34.07433335309031,-0.01828531575770942,64.58466643142523,-0.07388457732844403,18.15923560046373,0.20590415918803776,29.600104198943626,-0.09603581245665195,64.87624169497832,0.10538147893420272,-27.16165967558127,0.5386647995904644,-37.13523273070307,-0.08841033985326249,-72.94679649001276,-0.025564009685354272,30.960436465399273,-0.10480966327740882,-41.18055048582482,-0.15856837182914163,-79.01532723770407
73,1.46,0.09318982589048716,-14.27440391013194,-0.3928936355451308,34.259858620404984,-0.029865311300434655,64.58466643142523,-0.00698872744230461,15.84260535679295,0.20312637954813192,28.560408707020354,-0.09846374381559056,68.10001366053079,-0.03349584357009511,-25.896768329892467,0.4976946409073053,-37.160544343521366,-0.043007182383563936,-73.08750140548307,0.005060171344335292,30.960436465399273,-0.1173559191591087,-49.85372776083202,-0.06064449713207254,-85.7615779613778
74,1.48,0.008973195421847754,-13.093351663078847,-0.3475876368800277,34.23078321559809,0.0033576156634315124,65.66807632615408,0.009919986970036106,15.103814660873342,0.19023882381891208,28.367522111258495,-0.10165208115260352,68.29957185076759,-0.08331214429396054,-24.63564844386554,0.4345574956642218,-37.070938578065416,-0.02604641431238512,-73.41727475747844,0.009897146575671138,28.68192749094127,-0.11745852253367989,-50.66142013693795,-0.06492490091262254,-85.7615779613778
75,1.5,-0.001819896359416387,-12.736358087662362,-0.3314130034765723,33.91740445284787,0.05544457544776407,65.43379791418218,0.0005379525256754055,14.70274032513898,0.19351811425600962,28.367522111258495,-0.09919039625906756,68.4067189822648,-0.06987092350751072,-24.429345525538714,0.4197851285125716,-36.470527248930104,-0.005453900194017841,-73.41727475747844,-0.003435576099034693,28.58644946486103,-0.11015347477038656,-51.50558413291087,-0.06277337580726397,-87.85122078363331
76,1.52,-0.018631460711436204,-13.726242552911597,-0.3357327605753961,34.1248424001987,0.21853544568398792,65.37964763569336,-0.006044630136337617,13.766601428812317,0.1780497216949023,27.962647377123567,-0.11328089171557312,67.3133818290415,0.1991754281749613,-24.54176615172995,0.4187142475860556,-35.853754240161315,0.07447847798034027,-73.34243060146139,-0.06786382130373403,24.414612804711865,-0.12693591394163778,-50.973642969112426,-0.028009779443323807,-85.36634700245764
77,1.54,0.018413628187477757,-14.342802247155252,-0.40516953287872537,34.749016303364854,0.12913601128806518,65.69886167874415,-0.028400232943200404,13.766601428812317,0.21088028262274444,27.898436622924116,-0.12103801021281296,66.92400200242237,0.03168783653890306,-23.686859846158125,0.4459075690381213,-35.835836819830114,0.08894966687373031,-73.34243060146139,-0.018842639463365285,21.12040138125158,-0.11845997877633353,-50.366685188265954,-0.023691408014087895,-84.82706015536438
78,1.56,0.06986581194404748,-14.970563730167953,-0.40683957013318134,34.916722822139945,0.0737569067320919,65.73152662909516,-0.03686979535636492,12.756288499729846,0.2207922703622412,27.71862414336058,-0.12469519417817054,66.75415768091467,-0.060923215952322196,-22.86929219997391,0.45142668488165305,-36.05086328449135,0.049513289821919076,-73.34243060146139,-0.026336385073382013,19.610271218487565,-0.11235396129808334,-50.33988140507323,-0.023690245119140613,-83.56470117265101
79,1.58,0.1191464373079368,-15.675735602310056,-0.378868075690462,34.85759577283652,0.04832499615104846,66.58270004179502,-0.0433273793543061,12.752071665654205,0.21971435503183329,27.54544283199988,-0.12486686373551595,66.70859261137491,-0.0777033616852579,-21.74016988772263,0.4538405637117681,-36.150591383951244,-0.0016541833782546117,-73.20071568281583,-0.037983705123817844,19.28708741608185,-0.11125505173251825,-50.34515989673845,-0.024313579974104632,-83.47372652578977
80,1.6,0.1404967467094072,-16.000440406049787,-0.3552024285901199,34.588938950197246,0.03874002079073455,67.08236298940123,-0.05704964265298671,12.752071665654205,0.21673296512519571,27.502640803658938,-0.12313631477498913,66.70859261137491,-0.04651186153192921,-21.524762267048366,0.4603519090506337,-36.25305029511949,-0.03745631073404132,-73.02234058957639,-0.04906564796690194,19.23584518160937,-0.1100576464882421,-50.35385684824142,-0.023875071331413603,-83.33654148151045
81,1.62,0.06892628689380415,-17.07514587084468,-0.3434734648048425,34.67124210493709,0.19410181387177644,67.3805981682066,-0.050662986572946406,11.823824611187838,0.1856963538002937,27.502640803658938,-0.12243438125234263,66.70859261137491,0.19663518025910665,-21.811556500095612,0.42194368519974584,-36.05366192684393,0.0067895786213311715,-71.67677983693659,-0.13225402751540538,18.365782363062657,0.8751909151498398,-47.20878980082951,0.7965465823829319,-81.21446435801066
82,1.64,0.11494656465713601,-17.375030562958774,-0.3190661456549865,34.37253624418276,0.2757403055832096,67.45817972396841,-0.1050652499880848,11.309831133954651,-0.1456049240297978,28.97042261503393,-0.29438498180492734,65.20207812806218,0.006712957639980796,-21.251198856700366,0.18765871611389112,-36.05366192684393,-0.1206778283536588,-71.31428950231391,-0.24555474055791776,14.443514174241663,0.37557132324595943,-39.680594898852924,0.33781201906695923,-74.38579611251814
83,1.66,0.020086028270768858,-17.45641005580994,-0.04849037008639254,32.81584123078838,0.2857910460816139,66.6841292848986,-0.11043030750073608,11.361360811192853,-0.0813789011069998,29.99504671615076,-0.2584455506029225,65.83194641631096,-0.03205126874325786,-19.881155403514892,0.11831728634275837,-33.33914816745512,-0.19925354356416464,-70.13784181634941,-0.2628962870252174,13.74231418249152,0.2288032061076778,-35.439268568126984,0.09894970927071889,-67.8936375114994
84,1.68,-0.0024951843354015894,-17.245379071062445,-0.05637801115839995,32.042825759584915,0.2588782013613521,66.6841292848986,-0.09868927949958194,11.361360811192853,-0.08871127632427772,30.30668030160982,-0.2812258051964113,65.93997312101621,-0.008731766085790547,-19.60182226748419,0.13680960258833097,-32.762822786361426,-0.197115949797695,-69.42661866594439,-0.28035023732188086,13.434658830039169,0.27760686015483066,-34.243559213432114,0.13706625173055653,-65.69497739771579
85,1.7,-0.0034744752964213574,-17.04436793956273,-0.08486337885451925,31.749059948137184,0.2621393812005806,66.70288830257043,-0.09949944155796851,11.322585941806247,-0.09966088571722684,30.40743506209611,-0.2909632531391098,66.04267541893961,0.010012939818813713,-19.52682833295252,0.14257590798878517,-32.535184854804946,-0.16901726174647963,-69.23492611068065,-0.2722136711554813,13.376661613600207,0.29369581814894047,-33.15548755513394,0.16003921645003516,-65.28714153921884
86,1.72,-0.15556200334412373,-17.413042532890547,-0.11019546840354764,32.02330110309568,0.3334521527973276,67.20539926357222,-0.044071260606633855,11.064179103585145,-0.13203053238756635,30.79782043535575,-0.2439317030537269,66.06785635010975,0.14018272418131797,-19.312082756722187,0.12776161457668497,-32.17098422764116,-0.07444999976844542,-68.95715587375439,-0.2711141539182605,13.294113076161565,0.256425059941026,-32.922890199813594,0.15900505373128143,-65.28714153921884
87,1.74,-0.10080242159907402,-17.965884099543924,-0.12402522599716115,32.148616864672384,0.28778362907472066,67.57702850938794,-0.009808273470870182,10.987617960668022,-0.1313271441527371,30.88590420147625,-0.19053126903680875,65.7056194604413,0.06885087806476858,-18.50314114894737,0.13837005972526148,-32.15552913876111,-0.08818526162674921,-68.68661432535137,-0.2693146100327889,13.291156457453331,0.2682437176684325,-32.44973006131003,0.15100344848438452,-64.92246629157377
88,1.76,-0.06786220360978779,-18.450238909816086,-0.1342037626722938,32.406433882248145,0.26550412882232205,67.57702850938794,0.010287379546521008,10.512413849359339,-0.12933014925638195,30.88590420147625,-0.16102761861800158,65.53592697321709,0.03299351720723703,-17.883416460999154,0.14107074854346646,-32.214905982975786,-0.0910407637770892,-68.49603836701603,-0.2633666771969133,13.291156457453331,0.2716162193083967,-32.45215097859324,0.1420720276115312,-64.83486868664414
89,1.78,-0.05391983976836094,-18.698056907855367,-0.13832579283823632,32.45270435807386,0.26201458014650764,68.26688869651102,0.01097037564403047,10.512413849359339,-0.130104423990935,30.979070995718647,-0.15755250207476962,64.89791778346695,0.026501082703368165,-17.859368853973333,0.14613888916331408,-32.24221353680016,-0.0887283662319434,-68.49292627404672,-0.26338096041175557,13.223864754442012,0.27437567015805214,-32.4833509953174,0.1403586682559098,-64.74747219970646
90,1.8,-0.06027447615070777,-18.7189877471386,-0.13785321301942008,32.516198579255764,0.27012508288582904,68.33041060789934,0.004697045521542542,10.110115763600751,-0.1301117745734809,30.981787448628413,-0.1687834054760238,64.85486029097409,0.041200498630359156,-17.45552773209806,0.1441333701815465,-32.266775141032426,-0.08615001053706169,-68.45839368853385,-0.26207804976529164,13.20888747044274,0.27314326937990424,-32.4833509953174,0.14117272528111868,-64.71274032157692
91,1.82,-0.29707688785618247,-18.957806469061392,-0.2821505331040042,33.67947013788721,0.23208906419719139,69.44456704314283,0.03066185335819055,11.826432122523062,0.8073179797484462,35.59362850375125,0.5986373741396469,64.85486029097409,0.0883774315615222,-16.75901949866301,0.317148319374505,-32.223985122007335,0.20463179572496448,-69.09137806409262,-0.1290251308384447,13.775475394144125,-0.011685197500167027,-32.50277613996135,0.027543178662308918,-65.12401281686306
92,1.84,-0.04341071614718303,-19.952916687007335,-0.38310272182010074,34.72163178134187,0.13312869761537788,70.25450863358964,-0.07663341856618255,16.661889891659474,0.28606173041035876,40.38813933442835,0.07593611272443657,74.13661046867547,0.1349421246816384,-16.75901949866301,0.45333828988906544,-32.223985122007335,0.1147703271170436,-69.24463292315924,-0.10827947225944161,13.767921148107023,-0.0769156506070354,-29.934031464831673,0.07128467991713708,-65.73777617824557
93,1.86,0.1290802060110212,-22.08034139624141,-0.3850438997764151,34.72163178134187,0.04123088381599116,71.27574783923194,-0.09625017734691008,18.251368694915115,0.23953134710540547,44.5832074297016,-0.005145074929250371,79.17063742357115,0.15465447424009307,-16.25191127736614,0.5062369659625415,-35.22852482295645,-0.014697180825116271,-68.47631355468039,-0.14854885537967502,13.756095272929558,-0.03328743040299388,-29.775512835441482,0.053586567496201915,-65.9621094764842
94,1.88,0.19393828542911098,-22.08034139624141,-0.35911241216968004,35.27609826651478,-0.005887365403543149,71.90961548850561,-0.08672428384535597,19.242873584903517,0.24456113633660875,48.05481249575762,-0.005538010884029665,79.17063742357115,0.1542996036641403,-16.34293844793813,0.5014073106445581,-35.51604091601766,-0.08760771679633247,-67.72208426018054,-0.18768625700146452,13.93642460365937,-0.018127359446781427,-29.56938446698431,0.05115055531995022,-65.9621094764842
95,1.9,0.18605390529306268,-23.95252143938582,-0.33531222880445216,35.06376354779535,-0.011394944451802669,72.65269306069031,-0.07196226270176288,19.404606361617518,0.2460746759823068,48.528541257330424,-0.006092160351840584,83.05083361370019,0.15128485824414192,-16.367604799727502,0.48988664169260704,-35.87822301123096,-0.09453380938584044,-67.72208426018054,-0.18089691345331327,14.144428664654244,-0.0192874978008378,-29.615644689068485,0.05121256410240281,-65.96723563261645
96,1.92,0.16212993849937574,-23.768825012542788,-0.3268426245433237,35.188200648489655,0.04196963341646345,73.5782503429042,0.0033910477466214672,21.129105550971474,0.24091957853569135,49.47165525540577,0.023742938380239442,86.14541847996337,0.2018926870543446,-16.17741351594948,0.46712409128795196,-35.758845187137865,0.07261104517054405,-66.49978675413121,-0.11888960433421342,15.302982580846944,-0.08891471172744461,-29.687452265828306,0.06633883795832361,-66.66819564716869
97,1.94,-0.06631915244603838,-23.47814174420825,-0.29414111387698855,34.871606555141014,0.0331341030643221,73.71545314278063,-0.04941247909445426,25.880772801037015,0.24239724164471865,49.96505931917798,0.025468094459784693,87.5560395519156,0.18163686565374917,-15.08084262782714,0.45622501098321966,-35.3190983863984,-0.022271880468721056,-66.49978675413121,-0.0921358537553676,15.599262507193169,-0.07104213640359502,-29.687452265828306,0.059748567347603046,-67.86893591275351
98,1.96,0.0005176652950171223,-24.652431742189414,-0.28473236266816154,34.67915178858908,-0.001914095229361562,73.8699992416009,-0.03311976211548755,28.127847169313977,0.25201380458471984,49.96505931917798,0.024962975910572865,88.03181749572354,0.13673494074783488,-14.4334451069213,0.4758774928605824,-35.2685841634506,-0.06340377811145803,-65.29388405338251,-0.09187601349234834,15.631724502524458,-0.06950116603981167,-29.44799252710388,0.05695511950894663,-68.01036932514977
99,1.98,0.06930715839084733,-25.265777440589805,-0.2899940443700733,34.619644793765296,-0.030859269261176908,74.22121326186667,-0.016174357111929993,28.50119053036575,0.25344978940333984,50.24191020526333,0.023956698431854245,88.3496193552473,0.10275806484928238,-14.095134135881034,0.49864065028108717,-35.393859266332335,-0.06710281699291637,-64.87770231596433,-0.08957425849651951,15.631724502524458,-0.06971021898519925,-29.457438762765047,0.05620974491998228,-68.08800679030242
100,2.0,0.071420161964181,-25.325274171980936,-0.29333523187778193,34.63505266972333,-0.02363701978381985,74.4557192980648,-0.006835673076225148,28.54422951683179,0.232985499309956,50.24191020526333,0.02474787720988722,88.43162365419491,0.08662939545740525,-13.723053832144089,0.4726784130246231,-35.50015428769715,-0.06864150160202628,-64.76040551433985,-0.1123153652331483,15.71977541827437,-0.0033888249333911824,-29.688409028958713,0.11371813535506746,-68.20343806408941
101,2.021,-0.3237950988644728,-24.79905255452385,-0.23985071283025888,34.3963781844391,0.06898656514427326,74.91361622192919,0.06647388629953621,28.54422951683179,-0.6132228444999472,44.4477584820376,-0.05056549811136335,83.46191632471516,0.12102189973613106,-13.723053832144089,0.37474946425123334,-35.208405233260955,0.06511559075555234,-64.72645950645939,-0.044984996610316914,16.804570379176226,-0.011469335916093816,-30.377860505532894,0.011671539132071418,-68.92096222957191
102,2.04,-0.1471771984690639,-25.616355030265915,-0.24184757177400285,34.3963781844391,0.07614884465669353,74.70671136022703,-0.019944406522441838,28.54422951683179,-0.11669261626814975,40.55221843170764,-0.04626345788757302,80.97188296856113,0.11045354784696113,-12.053113792006599,0.37797399112364055,-35.208405233260955,-0.03264654806550939,-63.6127980685518,-0.0699440964321565,17.223860006214792,-0.013677102980097916,-30.409492828778387,0.09479691395715732,-69.08794916572543
103,2.06,-0.1206805779063983,-25.99978319272783,-0.0887897562100268,33.51616935045353,0.109379530876452,74.70671136022703,0.21632733627855416,36.809971800419284,-0.13131960157890832,38.14340755310281,0.11487603111897801,80.97188296856113,0.10771424551265593,-11.829321818689548,0.2278526534298833,-33.33902728472732,-0.15413501230907484,-62.67598014764358,-0.1294744449076896,17.774022755789783,0.202733187991531,-31.9948711629457,0.131284520387438,-70.62277607332726
104,2.08,-0.177367687282021,-25.873812107057244,-0.05280614490816268,32.403867823799175,0.10399654460870553,74.37298329994915,0.19645154309727716,36.96804764194947,-0.150146309197137,33.98673949282647,0.09604037058680998,77.52464715613245,0.12241371575427254,-11.703148658063057,0.24183380923184394,-32.64389998678877,-0.138314783735914,-62.344211162175704,-0.11762209291319042,17.99049823176734,0.18577052612670664,-32.255212003377565,0.10274740137649631,-70.6630279455569
105,2.1,-0.1949838821589217,-25.536594609166656,-0.0519214013831156,32.07913574369957,0.04915819021408094,74.33703116312039,0.1800025180178546,37.1754341953028,-0.1703831488965236,33.584109965985135,0.0710929802116059,77.06139319431867,0.14316844061347175,-11.632365897943338,0.26145766056088343,-32.39899797182407,-0.11733386139285512,-62.344211162175704,-0.0978741685646449,18.203421124398062,0.187674988647751,-32.613458528570625,0.09147260696659583,-70.65454183467172
106,2.12,-0.28790259442120725,-25.935419149788146,-0.04199288306037557,32.00476865505534,0.06524734106842017,75.06555866537505,0.21046471910275025,37.16659731908308,-0.16748357764869123,33.584109965985135,0.08724261452309723,77.00342130665506,0.07926305439570555,-11.61329046139269,0.30191030918319617,-32.655337029147,-0.11988951517081806,-61.73098959456657,0.027350534109645788,18.203421124398062,0.21249050842900752,-32.93090705409956,0.0009131244833563007,-70.90737141486869
107,2.14,-0.2188008200166645,-27.331608493050148,-0.05121876863966437,32.00476865505534,0.061970509434872006,75.39112918129621,0.21028163232314884,37.08869116122523,-0.16904107404534494,33.36571173588252,0.09731145750193641,76.8961150718404,0.059951667154219235,-11.312315985696735,0.3006181184871485,-32.73188954324956,-0.12034584026712562,-61.730748710209724,0.008616142942484528,18.951875057726973,0.21036610346194531,-33.052457161398024,0.0026854471559644433,-71.06200380906694
108,2.16,-0.23145750220233852,-27.57809134480037,-0.05154702082910839,31.955007499110184,0.07324267063146983,75.59104552779309,0.21710467245409676,37.06208302228852,-0.1691170495182018,33.36054494314646,0.09721935925866133,76.8961150718404,0.06448220329702128,-11.038914312596315,0.29827089612797664,-32.78038680777914,-0.12215213370494869,-61.7260085637232,0.015947121983285406,19.183182719536735,0.21059257084465227,-33.19369688852453,0.009336613393368831,-71.14142465833704
109,2.18,-0.23734260438903562,-27.698605473545996,-0.0498977533236858,31.955007499121056,0.07419408203277708,75.61186185649156,0.21860346411651527,37.06208302228852,-0.1681060681415271,33.35162843444345,0.09621649960483093,76.76391576153758,0.06744527837702682,-10.990987857160691,0.29756473389110505,-32.80677116467315,-0.12343988937669269,-61.71135353309742,0.01880126672674704,19.217224494412005,0.2117268918715019,-33.21484639581643,0.01040637444159287,-71.19155578456113
110,2.2,-0.23843833701157904,-27.701479632795266,-0.04990460008440242,31.955007499129827,0.07382041831509609,75.61052986950254,0.21705432288346904,37.06208302228852,-0.1685510433783866,33.34827712100856,0.09571453920237798,76.76305258048957,0.06780280048249036,-10.990987857160691,0.29766765387238603,-32.808254929969195,-0.12288237031436823,-61.70126054521563,0.018956118477312364,19.221981228366214,0.21109152128692987,-33.22790404102689,0.00878934341430214,-71.2117771044814
111,2.22,-0.15745617931621986,-28.10447800285563,0.18818851818176383,30.549137909851684,0.03468976725502265,76.2950418221683,0.1502174479533446,36.374141796614154,-0.22831043648736546,33.42610187439912,-0.12983866809683045,77.06095764146828,0.026032153890105547,-14.718155446742273,-0.6605093556495527,-36.27723585332203,-0.9146083033338608,-64.99623847337762,0.15576060376679152,19.363323317682045,0.37672494154935204,-34.16436314607171,-0.012360866672733922,-71.82883861656799
112,2.24,-0.02933120799625133,-31.280537490379867,0.21463060488194738,29.751068937939756,0.047463261575321464,76.63193943589074,0.04539253528584396,35.48873258158909,-0.29836835381913795,34.03828355904893,-0.08701028484802993,77.06095764146828,0.11891697023571635,-14.718155446742273,-0.12466670720837758,-41.97071746480117,-0.3658928221155695,-64.99623847337762,-0.12300869660340454,21.018187572905823,0.45687384398773023,-35.050705540136775,-0.03649472075963807,-72.22368233534534
113,2.26,0.0032158902979486648,-32.85996924703311,0.1866787709649209,29.751068937939756,0.05231433369552935,76.64981130833016,-0.017494987430972178,35.994018137712814,-0.33076344689145143,34.24575247468044,-0.03252144152786457,77.06095764146828,0.14206077381831478,-18.0248026492287,-0.10544342255551048,-47.30518275223051,-0.029277979353771688,-64.99623847337762,-0.22820285758465333,21.018187572905823,0.46385228119284155,-35.802028405251306,-0.04492682843382688,-72.17360284393466
114,2.28,0.02042314864249701,-33.341983508271944,0.1955158934183644,29.250811859167637,0.051323538965786036,76.64981130833016,-0.030409584791589846,36.38349432720157,-0.3462146670118951,34.24575247468044,-0.01516127975812899,77.84023591371965,0.1243862254522029,-19.444993273928294,-0.12150414941086277,-48.78324728022661,-0.028734826569786792,-80.99504232471472,-0.22236985139791135,24.043222841422796,0.4647812377729028,-35.802028405251306,-0.026886913401096363,-72.21516857882024
115,2.3,0.004308601681435181,-33.43304635665394,0.20505210008197355,29.118737940965744,0.04930089761771628,76.66727543994942,-0.019228491726195413,36.38349432720157,-0.3438233063877211,35.2803693384637,-0.016502103154676137,77.84023591371965,0.1024178700446539,-19.887242997631084,-0.1212143762174622,-49.84215008721022,-0.02956838107181177,-81.93003146956362,-0.1570265665684477,24.19871648279956,0.4551691233388113,-36.20398106659753,-0.0021156622982983347,-72.37271854116287
116,2.32,-0.005234419171492477,-34.957670555951985,0.2336259932380158,28.86360481739742,0.043258747627283184,77.1087711174403,-0.09011955525376059,35.87880567702282,-0.3071825989507471,35.201799888785644,-0.13177439159916352,78.00702059082411,0.0029705989425928836,-21.562738048720266,-0.09918068614835288,-50.0209968034142,-0.06014728047677509,-81.93003146956362,0.17127063811531554,23.855135343386674,0.4302434607961504,-36.28670842630948,-0.03625261981485453,-72.4423246391694
117,2.34,0.0028778684658010284,-35.95485618950993,0.1886200466629543,28.86360481739742,0.05153157383535567,77.18283318797667,-0.06549479445354633,35.87880567702282,-0.2546642779532193,34.79747491078988,-0.03149314178094696,78.02394179546665,-0.0531992770312478,-26.164366102933155,0.007854859420578515,-52.13181512373693,-0.07431288130323538,-81.93003146956362,0.10790103270622768,23.27277701996307,0.3500169489295855,-35.91874311365645,-0.04831053347008363,-73.36493968216443
118,2.36,-0.0020013420384773703,-36.106678695397704,0.18223005999868452,29.196941627509506,0.05165943537574999,77.24814028391062,-0.030039979111700338,34.249978101015465,-0.2458288744078727,34.79747491078988,0.008973104304222781,77.21181330730677,-0.06100138436962285,-27.24136501495157,-0.010575340404210057,-52.13181512373693,-0.06461601313304408,-87.53338274590548,0.09322707322823783,23.433016873137095,0.32160366889036107,-35.272137095703414,-0.023646229962092424,-73.49712978019966
119,2.38,-0.02226731921798098,-36.106678695397704,0.18654896717897385,29.281866825705762,0.0502568529764732,77.2609973687379,-0.0074585696218044395,34.016367451963205,-0.2619354226697495,34.356314169635354,0.01466860558975265,76.85854911336061,-0.05575434913548172,-27.602801888430875,-0.025435466838695076,-52.802602233869294,-0.06210614702666174,-87.87730479892781,0.08851316353987496,23.59008656552086,0.33220566925029316,-34.98020703235631,0.010402529814343281,-73.76972705828558
120,2.4,-0.029856671774437966,-36.15809943817599,0.18832587881747176,29.281866825705762,0.05009682659410944,77.27387300375901,-0.005223514646533804,33.557662052599596,-0.28544847344665286,34.410584324291946,0.0073390960228874175,76.80656391018496,-0.044577724351013995,-27.602801888430875,-0.04598124970453969,-52.7359443045225,-0.06425657850493506,-88.14990315012068,0.07183988576660846,23.698056630710948,0.3457867659162249,-34.971349182773466,0.023127765830549846,-74.05760050146147
121,2.42,-0.14192001824592881,-37.064789528358425,0.06746538617647746,29.58877627614311,0.04743282812194788,77.58086948651052,-0.11262806917314899,32.650007955880426,-0.15277477472120868,34.412432193451544,-0.0933298009807939,76.76677050726609,-0.16118806195583957,-28.026466253650277,0.8988221897597173,-47.613617833616765,0.06515275173728935,-87.77969909043621,0.3470823216387858,23.753722480090996,0.19518482127591458,-34.971349182773466,0.06989612547998549,-74.5690258972363
122,2.44,-0.00338446654649574,-38.738797942679774,0.17921455049143695,29.5136997693525,0.05447062689674784,77.59552228612675,-0.1517421144107826,32.15177166800356,-0.14212121313020207,33.37888982126923,-0.048540934181554654,76.82512291008932,-0.1470424889766409,-34.15664843087214,0.40239694543288185,-41.920136221918796,-0.1671666191750399,-87.77969909043621,0.18331420082144567,23.753722480090996,0.14806208139392044,-33.70252794666134,0.07680980641906553,-74.5690258972363
123,2.46,-0.031597720553743866,-38.93905578839803,0.16354498837615755,29.486563585610053,-0.2525038333418662,77.65731016822131,-0.13760083199231998,32.25069197704313,-0.09609109308299749,33.37888982126923,-0.02013210934533169,76.56501530125902,-0.18709377817378686,-36.5712499245933,0.18367821530967587,-36.750867580787734,-0.18157490411779925,-77.54864572421593,0.16357404244966237,24.94529452312142,0.2537139470487745,-33.27010207758756,0.08044216518399053,-74.5690258972363
124,2.48,0.023208761090691227,-39.6912461948641,-0.025269318063425,30.61852504034047,-0.16309654831817522,79.25261403142932,-0.0312493841519286,31.67946309441484,-0.03588255725708117,32.32422320092212,0.01682539418723583,76.21452610754378,-0.17717715358754726,-37.041232694010034,0.22139039054452092,-36.750867580787734,-0.21673060923714793,-76.34398486115468,0.040525018476968794,25.45247202577889,0.18661282039684804,-33.530544567714635,0.02855812900282001,-75.91414581140411
125,2.5,0.07720475041499426,-40.10267969310014,0.03625809926339719,30.971264209304124,-0.13572605057485945,79.69841887182481,-0.04952622904444237,31.084665449391995,-0.060810194967724024,32.09904339126695,0.03295256337545539,76.21452610754378,-0.18824196789869574,-37.323577899460304,0.23599245161607807,-34.52382372990186,-0.18549339174455243,-75.91125967922555,0.04019824770900855,26.405566687507434,0.17106006316498804,-33.393055030610896,0.04319226398515526,-75.65021102337504
126,2.52,0.08753198660780175,-40.37344225225153,0.0581428222221284,30.87248088807789,-0.09419495717859064,79.6411200640816,-0.22431735993067164,30.53491222543501,-0.07297518177466997,32.0072265002073,-0.007868887310437042,75.39823852741594,-0.25830177142090827,-36.94171178755457,0.25444251620388836,-34.223261574431795,-0.15530239798638135,-75.91164677096432,0.20726590892470248,27.338657524221755,0.1541969799832337,-33.29607166234148,0.031963618722443576,-76.06976649826035
127,2.54,0.14129106936930416,-40.90007080613263,0.05032142413146219,30.863462374028956,-0.07969118403455996,79.60323121383293,-0.21666999439689127,30.2634732563801,-0.07400252638864167,32.04734133745926,0.00771528133452927,75.15089804246574,-0.26225690003966146,-36.68111517499076,0.2520952429525235,-34.22515168612392,-0.14363841798485527,-76.2057651228237,0.22096307622976613,27.708716518064367,0.1568759618267198,-33.29607166234148,0.051895975540718856,-76.30838507972484
128,2.56,0.1471024169735975,-41.072250317287434,0.042660246736498146,30.898355240091124,-0.08049697448083193,79.60323121383293,-0.22469051830574768,30.142991188870894,-0.07252847221313086,32.14442463600705,0.010924439607944147,75.0611934012729,-0.25732106434993823,-36.65727468097186,0.24543227259442246,-34.170312281256614,-0.13538135418746883,-76.42178666343379,0.20391605432686843,27.801301328083838,0.11252185897938827,-33.07002763850446,-0.025513161204913287,-76.65423193844445
129,2.58,0.14169696985150784,-41.1002832917832,0.04287396793224529,30.934046343783393,-0.07349113174591207,79.60323121383293,-0.2232579307634418,30.072691441326967,-0.07382303709496463,32.15223594060776,0.0012655006558889709,75.00480862018077,-0.253707642285784,-36.604898217323196,0.24760539706959103,-34.13936693684285,-0.1302837102598305,-76.42178666343379,0.22714952655594262,27.803558070745357,0.15461648270937706,-32.99422393441748,0.04545007330739648,-76.6461246127544
130,2.6,0.13583519421518986,-41.087461464367095,0.039008550169194696,30.935235378707894,-0.06946217906465812,79.04746610124562,-0.22305891981990555,30.067633671298708,-0.07604351094515817,32.16623706167044,-0.004567583779939183,75.02974310502708,-0.25368278900395097,-36.604898217323196,0.2476268299015621,-34.135438355799145,-0.1313186065042527,-76.543648872502,0.2258874052555946,27.802627901965945,0.15264114705248696,-32.9988102333253,0.04208256746034246,-76.66019125513898
131,2.62,0.5949297573694545,-39.40759028234461,0.9414,34.643002627698266,0.12890501027466095,83.86264574846493,-0.3754890350732738,29.87511633033971,-0.25551271142897974,32.32520548911213,-0.06599556780767596,75.02974310502708,-0.15962304941882866,-35.75630451338356,0.13372018023460444,-33.40582518996479,-0.08661538225797064,-76.51091871271474,0.21474364022046116,29.65984957519839,0.24010870833861828,-32.931106550553245,0.03959221650446142,-77.10339049239681
132,2.64,-0.009396928989609421,-39.40759028234461,0.7530928408202506,40.636141166544284,0.12281590617790927,86.11315632087673,-0.23264649154219236,29.686788989232703,-0.28146449195712125,33.35187831274473,-0.1373233668712769,74.80826790015159,-0.14453841332041936,-35.03811261610759,0.06780189542807796,-32.807253725898924,-0.10007264784378593,-76.48722915193872,0.1339975789763873,30.67518119053678,0.3165816741046215,-33.795190216051175,0.12213984113535771,-77.34809564042075
133,2.66,-0.07161493900790422,-29.82743020472706,0.28277411530852836,46.75035383667855,0.12103472555742925,86.98014582799343,-0.0033464489721980184,27.575999218705732,-0.2336470927448041,33.98140277302941,-0.11295967575827931,75.18152108174489,-0.05901503645851501,-34.958254173488555,-0.03527680605608224,-32.807253725898924,0.025212631800461932,-76.88479477122965,0.0030071237632590675,30.67518119053678,0.32443583592716835,-34.618673211597056,0.15371253542331303,-78.16506104811276
134,2.68,-0.06124376695589653,-28.466142087489583,0.1972930322647068,48.479314709972265,0.11790068773620069,87.58368598833499,0.12404274313820983,25.014698366015054,-0.2127895324225461,33.85062950738823,-0.091471096798683,75.17206734002008,0.015620395123122466,-35.80900272971391,-0.0994363437193867,-31.247309208570897,0.006501628097836359,-76.88479477122965,-0.1222450283922953,33.331854243016515,0.325834077793165,-34.75739322192358,0.140433758233115,-78.44251006235179
135,2.7,-0.06484815938981817,-28.466142087489583,0.20485207911349246,50.3067242709206,0.1191070853824284,87.63635549306652,0.13928174435250465,24.620465016833652,-0.21960694114438062,33.75476924625957,-0.07757125458795748,74.97474005917347,0.039492648434814245,-36.36376938805966,-0.10721128333593999,-30.65229546244536,0.005841749843051261,-77.48060593084251,-0.19613682240973984,34.636499617917174,0.34165647727703297,-34.96649679406579,0.1283016843790618,-78.46768086878537
136,2.72,0.42422066544618786,-25.89798404002225,0.28478941604146,49.52407715741834,0.08257461502843219,85.75029769019139,-0.16504426344971507,23.805238318309264,-0.22771990553562194,33.589501138672304,-0.12775372910060634,74.97474005917347,0.013578828520228875,-35.37554169800043,-0.08263967399523298,-30.404410563197917,0.009056061268796906,-77.26282967681634,-0.14017277808329814,36.386764805502736,0.37037677958348986,-35.15827162143929,0.021797303095687545,-78.20653158780871
137,2.74,-0.025872098353454054,-20.921380820238372,0.22680681724670101,49.35579568487118,0.07832742135786644,84.81934760327714,-0.0012992290880287777,23.475450196616638,-0.23209928308506397,33.589501138672304,-0.14887539167587732,74.21771536446526,0.021584275267302902,-34.220182253071535,-0.1086945494208033,-30.23394113745891,0.016001518956953925,-77.18713650309503,-0.1404166874891081,37.06888482012495,0.38947621418344064,-35.347959778798426,0.08384773532168734,-78.21311250847697
138,2.76,-0.03190250076352347,-19.76251676599362,0.21480896399618668,49.876872657510695,-0.10415442577965098,83.7806239788836,0.09124029082286948,22.12269376527787,-0.091346169511998,33.28894175019388,-0.07602297497283772,74.02854454459512,0.02973950226474492,-33.934587914744924,-0.03474295143653483,-30.218819555695227,0.015037235476188363,-77.18713650309503,-0.16583788945104166,37.6009984112743,0.38416887080132717,-35.557798668592504,0.05738957048791346,-78.21311250847697
139,2.78,0.12050445603154634,-19.918158588881038,0.02523586047096027,50.99762779778745,-0.03288149795610493,84.13915339736477,0.09856487020977261,21.966620978945453,-0.06080842759213413,32.45548917018991,-0.07188891333588072,73.53704829361523,0.05299638940977755,-33.883377276808964,-0.046302717312336664,-30.57185399009897,0.015086839948417571,-77.18713650309503,-0.16852460894435148,37.6009984112743,0.3044187497561397,-35.557798668592504,-0.02148525752767426,-77.97523451113658
140,2.8,0.07645826296966449,-19.663826496328817,0.07743308531555573,50.9495690942944,-0.012555944277577252,84.13915339736477,0.07182711138620307,21.966620978945453,-0.08667228871001093,32.120223974214355,-0.10646472499183803,73.53704829361523,0.046221959202545355,-33.95073319565627,-0.054986878211961444,-30.663579142601556,0.015141665945891017,-77.16986900267116,-0.1366180186580988,37.6009984112743,0.321716698050716,-35.06555345765139,-0.014890911031713042,-77.509106107563
141,2.82,0.5069461050857681,-16.86183598692388,-0.9414,47.85639478320946,-0.843927608479119,79.61293993100114,-0.17885169144399896,21.148990468434107,-0.03126136422434172,31.22050041593462,-0.1420332964640985,72.84768258776396,0.021518454108690466,-33.95073319565627,-0.022923503766565566,-31.15570025542545,0.01275315948721896,-76.7090131657476,-0.04531464208387645,37.6009984112743,0.2853307385034602,-34.84594190902894,-0.1596478129541164,-77.67495154728707
142,2.84,0.1461416056163652,-13.991753250638286,-0.6831454448203573,40.06531468159196,-0.3214189038029913,74.81842909570922,-0.07419073744912674,21.005079431227774,-0.11849250384191301,31.412354289435324,-0.18524888571683368,72.88852881669987,0.011568806514218988,-31.256609124670018,-0.07063049726100616,-31.051032696349743,0.019595532380001557,-76.51032000975206,-0.0371912315142166,37.6009984112743,0.34674124431457043,-34.84597347066858,-0.03847048969249939,-77.67495154728707
143,2.86,0.0690057196728592,-12.274460461572074,-0.1605056621241976,34.57239932766529,-0.003405101028257418,69.47924271147238,-0.06720093183176991,20.59079226318222,-0.06675349978071535,31.412354289435324,-0.07489680999953591,72.88852881669987,0.05123698103997333,-30.984952645556337,0.1872057607511918,-31.791336555600815,0.25552289182167925,-77.57106819333421,0.01340800595531351,39.70530608870463,0.17716761201003406,-34.736307505533844,-0.03592121078401643,-77.43782335246618
144,2.88,0.22978830601689795,-12.430397268330138,-0.04166358337255188,31.74874994674825,0.012158105831304888,64.96619940357543,-0.11347856749116582,20.501205981891108,-0.01535220245417298,31.86664340044696,-0.019270172222245627,72.04878747590058,0.07106861189206096,-30.975703496215683,0.09816818299225658,-31.791336555600815,0.21792847929330827,-77.96476749125198,0.0410182634694386,39.343993861870764,0.12292602925354948,-34.736307505533844,-0.05433309777962787,-77.4458393896637
145,2.9,0.21032850181062432,-12.594694918158863,-0.05897275622336076,30.909376229551864,-0.027719373093213345,64.02412569707809,-0.11138905846839758,20.567291404117313,-0.008113610205295302,31.345420865691263,-0.03769389194469579,72.04878747590058,0.07417504158330616,-31.21918849612664,0.11282176366933733,-32.41327318970699,0.2057066837131712,-78.4532525492564,0.03563286048939146,39.16999551820635,0.15213129863839975,-33.122881241030264,-0.053413820268178244,-77.40136052083668
146,2.92,0.22200732820595126,-12.652372095876228,-0.05339599839929883,30.344775400405172,-0.07975703831653966,64.0280606710045,-0.17532281683176895,20.140692728260838,-7.466491987200008e-05,30.81730322780536,-0.09547893561368359,70.76082311969051,0.20668967841122554,-30.691339346374424,0.1228235788025,-32.3621504862196,0.22526139754636357,-78.4532525492564,-0.08113524690319547,39.16999551820635,0.14454397551835074,-33.122881241030264,-0.08756016410254215,-77.34185181721645
147,2.94,0.21341004288340873,-12.652372095876228,-0.0535361322784918,30.258262511482375,-0.09200546303121421,64.15635567856785,-0.11144032122061998,19.15892699272476,0.01024216787135971,30.701427311584986,-0.10285611346015093,70.62859934972032,0.18208184551558546,-30.263682216568153,0.11486605355790158,-32.50784912397957,0.1703724768715194,-78.4532525492564,-0.1134066978209861,40.267386028269755,0.1584161014821739,-32.93352711875177,-0.07417677960383859,-77.13692855664365
148,2.96,0.20013493488963457,-12.612311679635118,-0.06710492848705518,30.281373506827123,-0.08834921324905873,64.31763639048752,-0.06890441163430297,18.736089028514883,0.006377601066726357,30.64176367117539,-0.10359864877545566,70.46660823712322,0.1666372789633218,-29.801027767707595,0.11636386066362608,-32.51025014339736,0.14097347215673406,-77.13344843114689,-0.13216931875212096,40.35730560826077,0.1677579843183622,-33.02538155334916,-0.06151388250547958,-77.17460924658663
149,2.98,0.1908672318227807,-12.459771061662623,-0.07553454047517932,30.29831575947917,-0.08625580999039206,64.33004674324339,-0.06420511557638024,18.10530139192286,0.006112505482931595,30.606345316025738,-0.1022599091278742,70.43019837810647,0.16300849742992324,-29.5722547253906,0.12464067678281629,-32.52747271151351,0.1387660259070589,-77.07528917626071,-0.1350635731928922,40.81625448665385,0.17672223475816093,-33.02538155334916,-0.051131062275798195,-77.27829112589806
150,3.0,0.192638392140931,-12.43941642348289,-0.07742847372617583,30.38362741560573,-0.08564229109024277,64.33206295541794,-0.07782133978116626,18.10530139192286,0.04008311946260493,30.605164645766582,-0.06560305730185985,70.43019837810647,0.1698762830357084,-29.51883264788086,0.1155474923667055,-32.543055031797266,0.14370658288752808,-76.82052151087639,-0.1260301679519745,40.91199363145589,0.1687775437168618,-33.17411453681734,-0.054431248326910445,-77.31567886887173
151,3.02,0.1052510593165426,-13.186804167185189,-0.10878730008413744,31.083923107346735,-0.02204130229742099,64.65506820666259,-0.056688905353798114,16.321041605919188,0.12823518349485769,29.595277939532206,-0.14212904383896707,70.39036218245379,0.3673037754831936,-29.526155995745214,0.2968108210277215,-33.05910417306012,0.23452066998710314,-76.64862666268408,-0.13429802085133724,36.603889275980215,-0.7171608104373324,-33.17411453681734,-0.07908135736550803,-81.23179522662885
152,3.04,0.08396726943642316,-13.267568551426633,-0.22349997506090158,32.15917278337101,-0.1748074062578358,64.65506820666259,-0.0614329131638198,15.754939921917336,0.1757192922499189,29.595277939532206,-0.08157011727856622,68.90278692930913,0.22941347498841985,-28.94487934603026,0.35254783147482394,-33.05910417306012,0.29011249422879554,-76.70549692974994,0.03839258269587012,32.16048829143478,-0.19456654152326947,-33.17411453681734,-0.0682423201070057,-85.30277996547987
153,3.06,0.10313897858459185,-13.34903835188043,-0.2499982841536115,32.50285918529607,-0.19341575888637838,66.66384217605193,-0.026430322974213702,15.754939921917336,0.1850969447630987,28.565596753341627,-0.09451659925433566,68.53455247893315,0.0390993052585098,-27.75010914961202,0.2977315772486626,-34.438709150249714,0.24893048116224414,-77.06656985254558,0.021679928741548476,29.312493464004774,-0.09245052482233374,-48.991398050080775,-0.06868369037183827,-87.3264076063415
154,3.08,0.13780468482355465,-13.787188200161053,-0.20287301067854555,32.43587412003701,-0.1951565861161642,67.59327216517696,-0.03243324563659971,15.05065725443573,0.2073399710964694,28.466552664189994,-0.10319527873339321,68.49720687045817,-0.04281220946251586,-26.253430275584318,0.2768581352725044,-34.58530233285713,0.20826589988731856,-76.77972942639894,0.012588841465659095,28.776759980871027,-0.09721738467502411,-49.834743388075424,-0.06632610447795191,-87.77813565987586
155,3.1,0.15805104258737768,-13.981516693780137,-0.17331097371373302,32.43587412003701,-0.20201088877761306,67.74725504153754,-0.03838104065159596,15.009037612222004,0.20728982292631595,28.19355283519041,-0.10327527963650805,68.49720687051273,-0.02979574382639089,-26.253430275584318,0.2850980092520523,-34.397471554228645,0.17956002613256086,-76.49014554395087,0.002811987372746891,28.50499044960758,-0.10430970776290463,-51.45077536904478,-0.06538331461572852,-87.77813565987586
156,3.12,0.11265722316276552,-14.811194805611269,-0.19361266738996247,32.479370395211085,-0.06416589904561212,68.05634285360631,-0.03833052891061216,15.009037612222004,0.14830901897532983,27.849517259711487,-0.1639078063075784,67.4056110282774,0.2730440910743059,-24.9763934049086,0.304741029287928,-34.15358036002547,0.23432915036737578,-76.49014554395087,-0.07927377116940859,25.11639930370275,-0.11777105569238158,-51.45077536904478,-0.028045132837151404,-86.80918160052585
157,3.14,0.10783488194436149,-14.811194805611269,-0.20987128377287986,32.674761560400555,-0.1587603514115991,68.68606750180535,-0.04777782663298151,13.189674839726036,0.19801557767133438,27.920236569476714,-0.1159180654602201,67.17874052003134,0.12134855413232687,-24.60568904116106,0.3169155815664654,-34.37717627128649,0.23166851701542407,-75.4613351376815,-0.014288257072365973,22.12986864331685,-0.11540291679229475,-51.45077536904478,-0.02360413213202188,-84.83935473541955
158,3.16,0.11233711399043872,-15.663901445026653,-0.2022409809099234,32.674761560400555,-0.20665332879305617,69.27377591942007,-0.04064349768044214,13.189674839726036,0.21403179691590532,27.844250794185015,-0.12270843008288412,66.8382780281621,0.03242698559852873,-23.628241235807657,0.320508515538994,-34.53608424120368,0.20475783719648538,-75.30625637418291,-0.022169866048863923,19.693986779036504,-0.10899191185390258,-50.348944816694775,-0.022351754427418963,-83.52428550662925
159,3.18,0.12888692518795863,-15.94747709432167,-0.20115882447570888,32.64140388276836,-0.2185317690121967,69.55186921919591,-0.04708029227850332,12.874189494954868,0.21211721965789632,27.60582319584066,-0.1228885285774799,66.71898708835454,0.018968259868677846,-22.903903551299564,0.3194073653187469,-34.60936963581523,0.176055718290266,-75.03255548333995,-0.031989128429160324,19.255276063252726,-0.1090546122424609,-50.348944816694775,-0.02255225475855191,-83.42494585003249
160,3.2,0.14548887377503475,-16.1543176796694,-0.17594075948995108,32.64140388276836,-0.20854683604434526,70.0786130060498,-0.04965553031873764,12.8571118326451,0.20893881780303333,27.587323670953705,-0.12160024915327851,66.63384220061504,0.048485511507277285,-22.562395118529906,0.31920478572175076,-34.63991574040173,0.16180359379687131,-74.8747535369792,-0.04568387547952321,19.114945152482175,-0.10911731263097597,-50.348944816694775,-0.022507316514058767,-83.2932552208766
161,3.22,0.09066512272003516,-16.906350275945442,-0.2258166184548371,32.70392395237158,-0.027636002280887112,70.08611681403839,-0.04351821298540867,11.589154880547643,0.18115894969018256,27.46714034372566,-0.12104299972500748,65.22416359487524,0.273262751314465,-22.768068559000795,0.27970270849510626,-34.63991574040173,0.2293389881405527,-73.91672633545677,-0.12030000607251135,17.41274782278622,0.876799269512873,-48.38046913969592,0.7985583340874298,-81.48047012409694
162,3.24,0.12115445495502308,-17.92381994870932,-0.19665085531082777,32.74207470978145,-0.12326677402764519,70.3914257748931,-0.054249492444755174,11.17693772978122,0.21260622807129667,27.38449326001374,-0.1324137305536004,64.6867820112221,0.11872117321531225,-22.02916163973299,0.305142114571197,-34.06816815477372,0.24591612434587057,-73.91750726973558,-0.061690658610569216,17.41274782278622,0.32809612948382993,-39.99007518430281,0.2498883042752279,-72.1911053784919
163,3.26,0.15872741825124853,-18.471415011774095,-0.2686894975120453,32.62347597373478,0.011237053358303606,70.272556249597,-0.07116916539323762,10.95583682839739,-0.026143795530224646,27.38449326001374,-0.18755512501708432,64.88315631841654,0.010496729520511866,-20.751357932083387,0.08602941814256201,-33.53574733885169,0.10346247516387291,-73.37771106642755,-0.18280710050483298,12.832335317835785,0.15502016791121198,-38.42479647488725,0.1282529585060629,-69.73933077767059
164,3.28,0.12542780685018673,-18.40591312035539,0.0013482000146081835,31.318172851515595,-0.0005990635578394798,70.00582530559943,-0.07213672660806965,10.964192064655945,0.0037283929042253444,29.26826890674036,-0.2094434881720652,65.03772903882785,0.04384363853263194,-20.751357932083387,0.07514823910178106,-32.22119067513735,0.07122020261836293,-72.70379515482281,-0.21381979976450025,12.548774298616072,0.16821809341781946,-32.93899670541993,0.11767221575598469,-68.02100392015558
165,3.3,0.10106791808621063,-18.40591312035539,-0.005557515266996403,31.162133574756588,-0.0048524226301354945,69.75297260798739,-0.07789384106993,10.978753518350478,-0.0035143048713582523,29.3094819997823,-0.24428696395432659,65.28012954852362,0.08078166433802049,-20.203663785345878,0.08953010007317064,-32.08499907721056,0.07948400499730762,-72.2676835259532,-0.20834797588942341,12.601368617123414,0.1902284633816177,-31.875220909836337,0.12277401845857605,-65.00762251078523
166,3.32,-0.05012406532107465,-18.40591312035539,-0.054650109316748186,31.253787759660966,0.08013168692393138,70.15017444275372,-0.016568300711338198,10.823890616742787,-0.04150072767471713,29.664266068782077,-0.22640057707795025,65.46980232850647,0.1584648443008444,-19.688350794909706,0.07978546275286229,-31.545671150060755,0.1292468775555105,-72.2676835259532,-0.2168075902960537,12.565582537518825,0.17071734207602868,-31.59263646777914,0.1526361853874481,-64.77602114818643
167,3.34,-0.03195448397802242,-18.6094937898737,-0.04063583487413359,31.3916335345877,0.050928037449239905,70.3299410804238,0.001606767027224898,10.451096686619794,-0.04028537409271541,29.664266068782077,-0.1936802489933228,65.42951073707067,0.14152481888057356,-19.107750164494725,0.08362002172099033,-31.537137041034136,0.13277184927640373,-72.2676835259532,-0.2216783451548519,12.623209378863868,0.17765093180865796,-31.381774943028955,0.14907676598893135,-64.7725047122221
168,3.36,-0.011615218435299085,-18.6094937898737,-0.051414656337788876,31.45878764783211,0.03663459604766081,70.74050498842148,0.010270809504925418,10.231130790207244,-0.0391533757694997,29.90705714286967,-0.17047517241961574,65.32150028052328,0.11158573622613926,-18.798552922615016,0.08384243021996995,-31.537137041041852,0.1288696033329145,-71.02800267716815,-0.21897685977776574,12.669211522522996,0.1788265781724927,-31.380421218707593,0.14231268662058455,-64.7104277032921
169,3.38,0.0020267484921299393,-19.37398876480099,-0.05656339398481972,31.57359166307698,0.035219254061164024,70.86851561327003,0.010510398065873807,10.111905204551835,-0.039686251076591114,29.92415187824765,-0.16327243867011415,64.97409631656825,0.10253019863423597,-18.363263424833022,0.0849386250620518,-31.537137041041852,0.13099698755684713,-70.9226131765181,-0.21906510956273556,12.669211522521252,0.17887581414957282,-31.38042121871595,0.14271564421266658,-64.67584128560516
170,3.4,0.0035811647341209146,-19.442386424629742,-0.05694612647874369,31.59531012190547,0.039441553836667725,70.91654400995705,0.007757855794298614,10.064713273523536,-0.03922822377518267,29.943206469854513,-0.16850133979085552,64.82484962690039,0.11013335897118465,-18.277130173307444,0.0844962674010086,-31.546643214002017,0.13230426040356574,-70.9174507696949,-0.21874384590333618,12.667671778970092,0.17893023285957182,-31.380421218734014,0.1440193701082642,-64.67584128560516
171,3.42,-0.18478289440771284,-19.424704902015606,-0.11841328207109345,32.41373355183354,0.03456276352217319,71.76877545041638,0.02501948283525468,13.236014828265048,0.9272192006998059,30.323418943613007,0.6223734402744907,64.82484962690039,0.15231271608598593,-18.277130173307444,0.2531105409681246,-31.61457287766091,0.325024941188379,-70.87467534431548,-0.11253255915737677,13.496376739335986,-0.05868931123615911,-30.501301265187674,0.07868155916476632,-64.67584128560516
172,3.44,-0.10208619363170407,-19.796234382036346,-0.22665649673812208,33.10075977867384,-0.05223522205145617,72.34608273128593,-0.07199100102686273,13.236014828265048,0.4047031787214711,40.81141138639312,0.09968354846199967,74.70986526261667,0.1670699288721289,-16.680921596752462,0.3547769878221359,-32.68791491365671,0.27331541329686426,-70.95176045127124,-0.09056793427538441,13.40833700855953,-0.08254769832494492,-29.798012872379886,0.07235995622286949,-65.76622434404426
173,3.46,0.1532867349707491,-22.703311183309147,-0.2611785189940329,33.84631874049636,-0.11436443776688393,72.34608273128593,-0.09508914368450351,18.666369721006063,0.23410190646075124,45.26951673705502,-0.003950643323191533,77.10712067823287,0.17774711706255508,-16.641673699783325,0.4016533880238812,-33.479979015413235,0.1493535317307772,-70.95176045127124,-0.11586288410837049,13.478926293157944,-0.05445450576575271,-29.231552323906072,0.0670163551206648,-65.76622434404426
174,3.48,0.21716282355374758,-23.88606609581871,-0.23300384484104325,33.93988966304062,-0.17317542936149483,73.89898061089352,-0.08487317106115314,19.25755604397132,0.24968709823783936,47.51610589442956,-0.006176596475022819,77.10712067823287,0.17024327689747887,-16.645151116695505,0.4061360472071386,-34.49147522503166,0.07196938664080935,-69.33996665786847,-0.11210515791595131,13.547177067318819,-0.05811028357726399,-29.22258842673154,0.06768946213908164,-66.05915913084698
175,3.5,0.20101960920121953,-23.88606609581871,-0.20726288803919543,33.74765026259792,-0.17674170962588018,74.43057189318559,-0.06657843441338444,19.343475114146127,0.2341398436583993,48.008150920640816,-0.005381800252498972,82.90757538715367,0.16140299089676446,-16.592517687363248,0.3748441748935143,-34.63528093979652,0.04438680196174115,-68.45584688554686,-0.17363110496902429,13.753845175085418,-0.0021631914683785877,-29.555857679772178,0.06445886943099012,-66.09520339804851
176,3.52,-0.1481917260402111,-23.836692572779235,-0.20348634633028956,33.74765026259792,0.12075294464798811,75.27764364463032,0.0024893153487481334,23.462014852183195,0.22500348410452803,49.67398546208185,0.02441860131468171,82.90757538715367,0.2131803605860591,-16.179812571372214,0.328234673672073,-34.63528093979652,0.20924910513137834,-68.10334419554272,-0.12348110927132265,14.662338477218105,-0.0888163756809742,-29.638694757957442,0.04759288866812139,-66.09520339804851
177,3.541,-0.005988517700810228,-24.096133840429534,-0.1834664816583404,33.47236525528069,-0.11095896644392694,75.30055746438055,-0.05011825252563645,26.534224889960928,0.24331395703554126,50.09772602911129,0.025141624295714815,82.90757538715367,0.201176322583717,-15.364077740222482,0.3509144738355384,-33.92172489983459,0.12568875548864838,-67.57035509743271,-0.09437475904727942,15.310468955991668,-0.06665890350539594,-29.45999260815683,0.058453226216377524,-67.82150907399836
178,3.56,0.07106065560095208,-25.17621690264464,-0.18195675679289247,33.431025452355534,-0.14826477390402856,75.49919196412671,-0.03904144746760956,26.534224889960928,0.25067151095406043,50.235528628052734,0.02511886788376698,88.03942815996426,0.16502989760074332,-14.72714633794833,0.3644651427226571,-33.92259886703567,0.0898125197579141,-66.92945825575373,-0.10217378554857492,15.582524371141146,-0.06247311207609438,-29.45501145937727,0.06000369478706584,-67.98640573149318
179,3.58,0.15984220964374032,-25.89409878336167,-0.20099050000553473,33.491975449168386,-0.14486501731976784,75.62223708391686,-0.028725722373048032,28.291239197730697,0.24297270616556613,50.30217038206246,0.02454811418171335,88.29548604511213,0.13082335605905918,-14.25349317568217,0.36339782429085876,-33.92259886703567,0.0762102923252592,-66.56610749033463,-0.11849982364543199,15.625066384211822,-0.019928221018641397,-29.45501145937727,0.09468412461839594,-68.3241733229394
180,3.6,0.15862905834091384,-26.34639238442412,-0.19051639183999403,33.45955168336465,-0.13955902485174596,75.82949652204572,-0.01664223514942173,28.64156325478223,0.24442682769697452,50.32223483858414,0.023944489379473632,88.38318244396132,0.11573766329994634,-13.96210027340899,0.3576124754187443,-34.003867760439164,0.09160880539380693,-66.40915074772425,-0.11311820502055354,15.84991781260936,-0.019053194149230887,-29.809031712470446,0.08277832372979159,-68.35784840583234
181,3.62,-0.24943657917969111,-25.63263174481447,-0.13236053519010627,33.27694710271879,-0.054568345606854446,76.17380952339022,0.07896104626548828,31.151993848733838,-0.6634428321811865,48.919742411519636,-0.04966145166970265,88.0908418892099,0.15839839283698443,-12.866437109874708,0.2928602240119924,-33.35761687540535,0.18942068481649948,-66.40632996570986,-0.06182703905735036,16.909750842944007,-0.006928411724096618,-30.379036496483966,-0.0036527222376743773,-68.81621923341689
182,3.64,-0.16565744991513967,-25.646886169653254,-0.16453782510601894,33.221880648853805,-0.0453704256192794,76.07080424377675,-0.013865305741422529,36.87492372499321,-0.1669317195351271,39.63037767536354,-0.04766023175414158,80.46869266780467,0.1425883684022053,-12.378963467238536,0.3002967589488879,-33.193063740265956,0.1318809021923586,-65.54526067933924,-0.0642409526752372,17.37833172551996,-0.01195020164947335,-30.379036496483966,0.09372110916037703,-69.4925051022276
183,3.66,0.0852440938465796,-27.430541882056904,-0.1714787769009719,32.96827767892699,-0.037355571615448585,76.07080424377675,0.1770022232046667,36.87492372499321,-0.09735322238877264,37.5327791870946,0.03278021343949124,79.02701582896249,0.15008300177996844,-12.188710166509598,0.23145544495132092,-32.87244091547211,0.022576973041291498,-64.58609984005692,-0.12279285546793718,17.512311984237233,0.1791815311780648,-31.20139964426125,0.1549270057752905,-70.30762081347176
184,3.68,-0.04601300990592498,-27.230991077047168,-0.028993335287305022,32.08777602767695,-0.03363804325164374,75.85510845913326,0.13801974097782432,37.56155517974292,-0.05869069033156682,34.12296555957173,0.051468464654446835,78.11488719230765,0.14359095877767508,-11.898209269401102,0.1900517488785991,-32.87244091547211,-0.00024258252765059496,-64.58609984005692,-0.1377659982179171,18.00405241185046,0.14992550705211777,-31.768321789894582,0.10405341617106004,-70.62312218418292
185,3.7,-0.050874489936500185,-27.230991077047168,-0.019289889929601227,31.813869254691117,-0.028990203687837085,75.78237565110479,0.12011506433803551,37.86737458819889,-0.07686995999647617,34.12296555957173,0.022428653427050915,77.70672536706597,0.16004267014958432,-11.909237365323007,0.2113551608568082,-31.84624918155713,0.02233520031891907,-63.35768328793532,-0.12255219263322514,18.34686524451664,0.1464468827514192,-32.10806330875973,0.0890277234181169,-70.50996591277162
186,3.72,-0.22772739963911431,-27.241887984610724,-0.009851304475303697,31.611089745930933,-0.002980387394748013,76.10677691562493,0.1924808790469735,37.86737458819889,-0.09696474765681737,34.12296555957173,0.016745902086838113,77.63138568176011,0.10395524965430111,-11.741790075426554,0.24881591404087267,-31.971596621432578,0.005399011449758517,-63.275229628715266,0.012424223613971962,18.34686524451664,0.16253711174266988,-32.10806330875973,0.018355619400899317,-70.9821110763466
187,3.74,-0.2139736692052493,-27.89746559349852,-0.026254293460552233,31.61332682237515,-0.008874280402492052,76.25200795322561,0.22468310725412685,37.51228657248198,-0.09448830771995022,32.50472162486516,0.028962817209567823,77.5783836638833,0.07669059954461743,-11.58570272657121,0.24180754189360545,-32.09405536861972,-0.015682932600707494,-63.12993885532274,-0.016140474081112896,19.249211677056277,0.17267629386059113,-32.5922667159672,0.04700242850777461,-70.9821110763466
188,3.76,-0.18684247276195684,-27.89746559349852,-0.02103132433502758,31.621263570255113,0.07487264946820388,76.41164399858668,0.22944091258497565,36.97412434626346,-0.091935464154798,32.50454345738146,0.03543362935959127,77.53665368573711,0.07327209006080442,-11.260124121772659,0.23551008732329531,-32.089116319346694,-0.013648840680534416,-63.05272821423796,-0.016917028966205207,19.46579224593295,0.17505057915276345,-32.69235881649175,0.05522306508667635,-71.51402799701434
189,3.78,-0.18509412296758382,-27.89746559349852,-0.02209293664309503,31.625062883999853,-0.002131110558542121,76.41643060727955,0.22105980906785028,36.935498735439936,-0.0919831831976737,32.474274914237604,0.03117752514890705,77.53665368573711,0.07587184530455258,-11.073103286680896,0.2374905355710527,-32.083125970343126,-0.007849475609407866,-63.05272821423796,-0.013507989087899115,19.569380221920525,0.17111911190924825,-32.71508241355299,0.04892030502547179,-71.59464367777724
190,3.8,-0.1897127689408551,-28.24735034815778,-0.021491842501388143,31.619442721726603,-0.00022436630377109523,76.37742852283688,0.21950423083921947,36.9267214865144,-0.09225332254158813,32.474274914237604,0.02964166431007148,77.46500458590667,0.07739490597085216,-11.071160227811646,0.23755837958246823,-32.07798327025619,-0.007792779655708931,-63.05272821423796,-0.012706722857078492,19.565726230380683,0.17118237508750123,-32.726732042085736,0.04710576403320181,-71.60179368026678
191,3.82,-0.09475568900929321,-30.59460335101716,0.18503022982905643,30.66359668463885,0.036670443462952396,76.69934402533114,0.12594190521546503,35.72759242106446,-0.18597889482422592,32.58898604732841,-0.19540120186662563,77.86456981887193,0.028443006097630064,-13.881557263751832,-0.6932904819452315,-32.07798327025619,-0.7736087754781522,-68.65295233848283,0.10938698982926692,19.570177723655878,0.3452498291510119,-33.21665328114621,0.03243364801611659,-71.60179368026678
192,3.84,-0.0454538024092406,-30.59460335101716,0.21046503285159246,29.45302539809965,0.04080566103267605,76.69934402533114,0.01950764106956278,35.55531040872001,-0.26120220349036455,33.47690699862396,-0.15177389372947278,78.99717139623688,0.11922188642302706,-16.064417086670634,-0.17068577299519372,-40.95485131341928,-0.25097340966067205,-74.6460908829971,-0.14363814436236086,20.913632317486286,0.42540306570098474,-33.21665328114621,0.017882804466022445,-71.60179368026678
193,3.86,-0.013352900253957911,-32.31269045102117,0.18799884961826221,29.308813389573533,0.04139922456925427,76.69934402533114,-0.04570640225258621,36.015980722392285,-0.296160678435935,34.21365896919084,-0.0941207839594616,78.99717139623688,0.14159981333177346,-18.126876108310864,-0.1017929237810567,-47.19935953948779,-0.030421079665284123,-78.36549462865788,-0.24087188418955185,23.059885912649644,0.4271054851711688,-33.21665328114621,0.011665393239883942,-72.72798800577482
194,3.88,0.021000729167312344,-33.15741909583203,0.19446349662238221,29.218473254725236,0.041132526504774974,76.70983204538781,-0.060449786710000314,36.70188909328881,-0.31047569743668335,34.47257483113496,-0.0693145366915181,78.47407674933021,0.12316454614967404,-19.69775058691884,-0.1191555618184191,-48.71171009853623,-0.029376163601554484,-81.60792393299474,-0.23070926282440282,23.059885912649644,0.42369933807816873,-35.5253520333369,0.033834593644110414,-72.76332897381968
195,3.9,0.012042474143345486,-33.41211441864837,0.2057725823802146,29.18028337981963,0.041098177434957806,76.70983204535273,-0.048203416791470804,36.90804068012756,-0.30657512672226894,34.47257483113496,-0.06693440511131518,78.33867261520957,0.10115140716827213,-19.859904662455282,-0.11946204299690999,-49.9172210516509,-0.029848261083766134,-82.4601209507434,-0.16612712903913474,24.27375455192868,0.41255467141733,-35.700732508599195,0.0582376178963388,-72.76332897381968
196,3.92,-0.05962823400937409,-35.09500118446164,0.23748448395644836,28.97862738720188,0.04321988871605667,77.05087715241565,-0.10682790922533422,35.985805843039955,-0.2695354412863209,34.79859781412476,-0.17005033149820958,78.26807318304098,0.024263096361334557,-22.09035524813426,-0.09851808320213995,-49.9172210516509,-0.05990400284725472,-84.80820255608971,0.14134612307703237,24.27375455192868,0.3896601211104336,-35.71450306021779,0.01915030468002192,-73.78350564456296
197,3.94,0.0030717932322830016,-35.86380875053768,0.223123910776434,28.870502465403092,0.049860074996310066,77.19869638272168,-0.055648237302381554,34.952849760920316,-0.2530015927181455,34.73071866740565,-0.09915309007919032,78.26807318304098,0.07143281395741206,-25.915648558687728,-0.10660072920185062,-49.9172210516509,-0.06034274115392768,-86.71604479425366,-0.03857052235077776,24.018294153063962,0.3745639812861925,-35.55602599557096,0.018283822704332806,-73.96092889870577
198,3.96,-0.015514145764805698,-35.97558245295439,0.15429827746841257,29.29853228204283,0.051334289141247574,77.20313063900582,-0.02389292766723053,34.952849760920316,-0.215002876209043,34.33879912207864,-0.04182054431603269,77.84259217058465,-0.05062349666142657,-27.538961474463804,-0.025430943899298716,-52.468865435426345,-0.039624829163030006,-88.01487003879072,0.008205471114297785,24.56487536828555,0.30049758061967796,-35.40513601789225,0.03054823436618649,-73.96092889870577
199,3.98,-0.02164108248361039,-36.14442718077255,0.18293113453218712,29.334154762800548,0.050102992919945355,77.20692271522634,-0.008682497309387846,34.952849760920316,-0.22582038044054714,34.050655750709936,-0.04224670573806302,77.84259217058465,-0.04191178513077908,-27.78876118671378,-0.042525624996810216,-52.53526648501324,-0.042757754877899304,-88.2562535866464,0.041359118550814124,24.475448145064167,0.29784734497267634,-34.93576406399571,0.05802896026280549,-73.96092889870577
200,4.0,-0.031673423790244716,-36.07416151174739,0.18722274259226,29.329328792984533,0.04979383868008247,77.20692271522634,-0.016785972013411615,33.637244270008345,-0.24171603293528982,34.01072093533177,-0.05016816006099442,77.33086420031219,-0.041983293921424525,-27.888765276675354,-0.05435246037405702,-52.495615391854116,-0.04416523498776444,-88.34224573618224,0.04949497325421511,24.379671509871933,0.31179724133684406,-34.61842721300575,0.07018664374552619,-73.96092889870577
201,4.02,-0.013656764046567793,-36.07416151174739,0.19140144233074097,29.329328792984533,0.04835674035183374,77.20692271522634,-0.13248925915363394,32.8836083377916,-0.10634290611762637,33.66092305314598,-0.14749822375944607,77.40929857311109,-0.1650786798085374,-31.60931366504633,0.8858919890859978,-49.52312829597925,0.04550376671570999,-84.24565329143525,0.33808177744527224,23.751943507357407,0.15524202325428402,-34.169192264520795,0.1158602286484136,-73.96092889870577
202,4.04,-0.008106194309447784,-36.07416151174739,0.17792876249028897,29.544661071390255,0.054281103666283664,77.58360080799291,-0.18125293888240201,32.8836083377916,-0.10329540195652184,32.923277925064546,-0.1000040199605553,77.35829582117613,-0.16154634645700894,-35.36450740478124,0.3633273048305258,-41.43239126858668,-0.17204566966976706,-81.73595857383756,0.1894968032654158,23.751943507357407,0.1047528079925022,-33.188294410962165,0.12215198389172488,-75.74626549004547
203,4.06,-0.035823940346258965,-39.009035298181,0.163912295617533,29.54484879833725,0.052057278716949845,77.5956232060781,-0.19130919688324505,32.53481766291191,-0.16115329434629933,32.83962569754237,-0.10751336564607471,77.17469242353879,-0.1749991722747238,-36.57063563941148,0.05845695909691784,-37.504267799627506,-0.08188797167402401,-77.98144470550619,0.19751940794323491,23.751943507357407,0.17918992957026705,-32.75091983856288,0.1366364694190877,-76.3482622774859
204,4.08,0.03318972602584802,-39.57421948705746,-0.09759223438077366,30.723213852466525,-0.1777246853744405,77.5956232060781,-0.04877449853732817,31.767633256524554,-0.008905677619457805,32.1443846406188,-0.049319753745230566,76.99458079817673,-0.14665626308674873,-36.763055340325984,0.17777107907844236,-34.99006764439442,-0.20024123662908055,-77.98144470550619,0.00915110914814049,25.877428161336038,0.17497916848987977,-33.16826412197628,0.07514703286743298,-76.3482622774859
205,4.1,0.08869991307957881,-40.13110811976355,0.04231630088981124,30.8509614151034,-0.1621394745773006,79.83233989140243,-0.053578454242131576,31.42618195485059,-0.01939045068308836,32.1443846406188,-0.03094785866769169,76.72022240186085,-0.14127207439956355,-37.614811115444624,0.19689513711823825,-33.77879565123095,-0.14983325301924388,-76.53090481259025,-0.020009974229131325,26.954923451403076,0.11505537289565654,-33.165447942613326,-0.022435996064917155,-76.12883933761853
206,4.12,0.12700608561917257,-40.13110811976355,0.07860691754945984,30.70660020027997,-0.13167231893250955,79.8082934174653,-0.21327711963975965,30.669940762226364,-0.034438181344123624,31.612582520831463,-0.0580961493809741,76.00800717539883,-0.21832927302505814,-37.58039211865341,0.21370298135168808,-33.75723649154043,-0.10548758488976231,-76.57524455276629,0.15438327775045313,27.856793375775,0.14498631534190207,-33.005891007479825,0.04503382598258952,-76.12883933761853
207,4.14,0.16126275671277454,-41.0567687166127,0.06468063813491669,30.726667606013542,-0.11179291414946171,79.68208052052445,-0.21126876648787146,30.15696403079967,-0.03544626607637603,31.664315319456676,-0.03965789213993767,76.00800717539883,-0.21908124446420463,-37.20777353637146,0.20827044378388743,-33.71165445769144,-0.09094811889667184,-76.692948890748,0.1603186734303296,28.280689020991787,0.14554322321923804,-32.93598969130134,0.07355221329516079,-76.56034708360458
208,4.16,0.16411772056620602,-41.24491660833784,0.05554809016921471,30.760942173259824,-0.09733837480115137,79.50299089081585,-0.2197332132298509,30.034017743705984,-0.044436122318198844,31.726331140612395,-0.03694218516078859,76.00800717539883,-0.19929149295795284,-37.07452461311567,0.16892154211604182,-33.67154543764396,-0.006101505048062145,-76.77854989108275,0.17400984621047544,28.391158599088474,0.13549935203807734,-32.93598969130134,0.07781157449139102,-76.86759374292578
209,4.18,0.1573710239705839,-41.263804200024154,0.056908767951244284,30.78049117416493,-0.09592146825879397,79.38571257949621,-0.22274656871010518,30.03147147621263,-0.04613945454767618,31.75844465368571,-0.04175170559282965,75.47640257790228,-0.20894707677221308,-37.05823575319209,0.20474427860800182,-33.61123674439276,-0.07272251571878678,-77.08804603623982,0.18040944563677827,28.366799777292545,0.13218484352821047,-32.793367588207964,0.07352316772686303,-76.91473521884109
210,4.2,0.15428385528720778,-41.263804200024154,0.05764722731574403,30.780675546362627,-0.09844511239793921,79.34950225680952,-0.22351559739104782,30.046952358288966,-0.042860553202718685,31.81037283521974,-0.042851104861260314,75.45340930505367,-0.2064316086103523,-37.092434760278906,0.20554605100116458,-33.61315523323126,-0.07518167451695745,-77.08804603623982,0.18214924415817335,28.366799777292545,0.13572167276179217,-32.74439956374733,0.07315139503144513,-76.9200937504835
211,4.22,0.46783622056771024,-37.451686899225116,0.9414,31.20044077820492,0.13216598774758836,84.01404164048391,-0.3278327746298702,30.13813080374623,-0.143554628823221,32.604557363708395,-0.004435126507491047,74.9873068667421,-0.12601013705393654,-37.092434760278906,0.10129452153245644,-33.614100626898065,-0.025995815405237738,-77.05946416760226,0.19559170160364553,29.583986219751612,0.22303650792287216,-32.69334018347761,0.054507458716205784,-77.2977031329107
212,4.24,-0.026906044329401746,-33.11065202788276,0.8706779312671515,42.287747075004305,0.12333597945219005,84.01404164048391,-0.22812006547906727,28.90048933276896,-0.25984566889074323,33.3193127933904,-0.17922219671573536,75.2054880379267,-0.12835780682838627,-35.80664185999876,0.042694874105506736,-32.59865519374778,-0.06315258768391045,-76.96203016085289,0.09686658815088417,29.583986219751612,0.3064921302922289,-32.69334018347761,0.13622075631770858,-77.61652670015982
213,4.26,-0.06977377098203738,-29.29893506314533,0.29587256429210973,46.85228124182553,0.12017299178917837,87.17731222560136,0.0005758448746109868,27.376322761424518,-0.20945804107453322,33.782804943869735,-0.1560672023773928,75.5611357444163,-0.044158236808587686,-35.80664185999876,-0.05774172017343876,-31.60771373808291,0.006298286155885374,-76.94655491706956,-0.029536819894191588,31.685525791677524,0.32158203888137976,-34.38282680584235,0.1694353988797347,-78.16415366988993
214,4.28,-0.06256858775261814,-28.855349870065083,0.1902147150098335,48.956396121363,0.11826204014068725,87.17731222560136,0.12116239378360039,25.220553700486544,-0.1935986542367282,33.60702201547212,-0.13069390445378382,75.59516643882847,0.016253721443047958,-36.0320632311063,-0.10170160684492993,-30.94568943620941,0.006779693376970181,-77.34245665898098,-0.1470439325609692,33.59195649873522,0.3197992239964901,-34.698718068773054,0.1571326019734589,-78.53547232528821
215,4.3,-0.0643490809156041,-28.855349870065083,0.2034530420813021,50.251935084400635,0.1190028229166632,87.67193185309598,0.1261864350867165,25.220553700486544,-0.19875073232379947,33.53361059740072,-0.11215105771846962,75.59516643882847,0.03757174621189375,-36.47997039251351,-0.10701316654652801,-30.436954261018695,0.0058779924282826995,-77.53777509544189,-0.20716897874793821,34.575532505558996,0.32819941361742544,-34.82585067816594,0.14803469500140543,-78.59522071268842
216,4.32,0.2104200490619902,-27.902104733377918,0.28512417982474453,49.54109976657874,0.0834794254914881,86.64413586425438,-0.17203443556556916,23.855824168762293,-0.20603599571520864,33.379463519398286,-0.1625533363670858,74.76730287938908,0.008670404517405556,-36.47997039251351,-0.08447417867126922,-30.32313319392866,0.009234238255785579,-77.24162783898626,-0.13721775363417527,36.442569384895506,0.35964553400715416,-34.85552638129712,0.052881041710493515,-78.4573582237073
217,4.34,0.00011090282805803486,-20.783970678667288,0.22881288336909655,49.34742759043137,0.07791453508845936,83.84961726563381,-0.014521293204833835,23.395358659019845,-0.21411112803974253,33.47172913268161,-0.18033125437638817,74.76730287938908,0.016751616628581115,-34.1058562782647,-0.10643251966755388,-30.32313319392866,0.01610934767380122,-77.15289857517554,-0.14046350756365727,36.442569384895506,0.368351791682059,-35.25868246203802,0.1078411764308294,-78.35951005307876
218,4.36,-0.03527869086947355,-19.455158994860557,0.21618931458175406,49.30792594164992,-0.10349145370456919,83.71424324194292,0.07585657598614895,22.375984904232133,-0.06875994857446321,33.24159016334152,-0.1035361763349073,74.27009816804332,0.027602386782433395,-33.90479034261404,-0.03456442308695706,-30.32313319392866,0.0161942725987283,-77.13060090845315,-0.17131477061552314,37.731671709490215,0.3584558367515245,-35.41221552797886,0.08831003090846741,-78.72392130151482
219,4.38,0.12796745901978698,-19.90193270608854,0.01766635874442997,50.960008259372295,-0.031129847227066576,84.19397298978907,0.08260332538746255,21.97423329007904,-0.04051620151047214,32.226707239924515,-0.09837177742514325,74.08870707216691,0.05296680310175539,-33.85647762037976,-0.045603344273312425,-30.498908824692194,0.016244837150696675,-77.12258049189415,-0.17851777611822386,38.07300321914427,0.28117678505591737,-34.92548381915195,0.010436774746136537,-78.36766572891699
220,4.4,0.08615888658192716,-19.646883430546396,0.07487324406834114,50.86262405900825,-0.012328589435832787,84.08043838153279,0.0578318005871695,21.311667383402852,-0.06695474076875986,31.95105948790919,-0.13394507038484918,74.08870707216691,0.045998322578342174,-33.91568401668841,-0.05413422365038446,-30.6357231938405,0.01629540170452752,-77.12258049189415,-0.15102656808815368,38.242348740097356,0.30164919616771224,-34.92548381915195,0.016364305484253175,-78.36766572891699
221,4.42,0.8032603936127246,-16.70530166590736,-0.9414,48.405386425232095,-0.8433346761397231,81.6341094652491,-0.18206202617257888,21.311667383402852,-0.01714164502283165,30.975771454365773,-0.17067900356385127,74.08870707216691,0.023287652213008492,-32.53680318169811,-0.020791456966906326,-30.6357231938405,0.01341236439742896,-76.66436810941327,-0.06460575157631285,39.001469878854415,0.26578505535753144,-34.616320080307766,-0.13529981649499523,-77.4907952184893
222,4.44,0.16924078978829982,-13.759960978464074,-0.7567933981253334,40.0149924696171,-0.3208233035992659,81.6341094652491,-0.07869878556283633,21.14956224524118,-0.09769706604434081,31.220859038385704,-0.2126880254400293,73.11909695568642,0.013253356208921027,-31.34819702708503,-0.07076909105751308,-30.6357231938405,0.019772458807841703,-76.45735883913613,-0.05577039695680078,39.59912306100478,0.33712674916716856,-34.54993233641489,-0.014319797502852477,-77.12219004900346
223,4.46,0.07964626830774718,-12.47789037530994,-0.2603187152944646,40.0149924696171,-0.0042348760876603775,68.58917291933521,-0.06814172693477706,20.454798742943073,-0.07924356540680504,31.954730812688773,-0.12441013991469754,73.15171601091018,0.05170201045708034,-30.88136890539991,0.16362530585851748,-31.830056732837363,0.25445768419365966,-76.78429299189378,-0.0047563421791418994,39.8737164490086,0.1693733898926148,-34.85564134580151,-0.005454354158720878,-77.51565957729737
224,4.48,0.20071570947399578,-12.467018002453715,-0.04968076242532676,31.59471672932999,0.014497301563062254,65.14523324287717,-0.11014808880374113,20.456102700504537,0.00032156513646328794,31.6773309375994,-0.0546077817081741,72.19293678849232,0.07233632355893316,-30.995071529046278,0.07838345534466212,-32.120147941316,0.22298993478939338,-76.78429299189378,0.021060562362326674,39.8737164490086,0.12111661661396805,-34.03156019219549,-0.027427888095584843,-77.72742385796282
225,4.5,0.2092546895429758,-12.490611728069249,-0.042258143522530295,30.94999406487653,-0.02917463420496319,63.92347610521949,-0.10684497200625152,20.456102700504537,0.0009522960616368328,31.186465131668886,-0.07626639809843501,72.19293678849232,0.07405442541200669,-31.181806722989542,0.08873637394488736,-32.143387151756286,0.2084030818452023,-76.78429299189378,0.014675048630664442,39.346492938161276,0.1437179681897239,-34.03156019219549,-0.03266719224719483,-77.62663286211361
226,4.52,0.21078996938892203,-12.567034616610423,-0.05039422496210866,30.424015801413926,-0.08609535429970877,63.873752059553134,-0.1517866357662093,19.679140189924127,0.019974651863079812,30.699019846812327,-0.11482233897549038,71.21546210446343,0.20988889947313144,-31.07930892029507,0.09462267955537768,-32.14178843548354,0.23735578429540716,-78.19246891311118,-0.09873162523112317,39.85540997328821,0.13923977603766566,-32.95298124014353,-0.06828506528334824,-77.61710025102735
227,4.54,0.20784605106315462,-12.567034616610423,-0.04615900032174003,30.19461600788354,-0.09690709245424473,63.873752059553134,-0.10342845343101692,19.23917564607004,0.02622367950449623,30.54591602434797,-0.13270504234572558,70.81601814300396,0.18586816521686758,-30.234581939405455,0.09390494380752337,-32.199471276348646,0.19019052957531615,-77.85227549323396,-0.1307397603754789,39.85540997328821,0.15337724452946053,-32.86750342906417,-0.05802011693176139,-77.28354245180404
228,4.56,0.19680255768684113,-12.453811134417666,-0.05930938245713133,30.22848100320636,-0.09329488322404694,64.29356567673784,-0.06224204506923525,18.48863587432945,0.028387202619698307,30.45056643643363,-0.1310123297780424,70.81601814300396,0.17481781403613889,-29.95146044990349,0.09405802077573792,-32.23712031696624,0.1671842077221103,-77.42528519291943,-0.14525239157778008,40.717321190741664,0.16171239778765958,-32.86750342906417,-0.04744701171338289,-77.31516859233173
229,4.58,0.18554477117099122,-12.380861531342768,-0.06894222401957717,30.2895324704053,-0.09130597955925704,64.30939035366177,-0.05428398359283487,18.48863587432945,0.024948001853989113,30.41596888549556,-0.13100528159960464,70.70221437191665,0.17358748242242245,-29.95146044990349,0.09262743886869529,-32.242031694820106,0.16439019009815803,-77.34566093944322,-0.14663490070010285,40.717321190741664,0.16273675381737362,-33.02245809729341,-0.04213479724532747,-77.31516859233173
230,4.6,0.1824872583347502,-12.331948717439444,-0.06339015949860627,30.30910939370877,-0.08977779398741073,64.31044583923655,-0.07134219047411455,17.709858021496533,0.024864203023087728,30.405379630035245,-0.1305630739960377,70.69440116865158,0.17697975208582015,-29.573442241065965,0.09356475922327592,-32.24954096152643,0.16694853362890882,-77.1511978833697,-0.14040673826264877,41.053097697779904,0.16155531238553716,-33.05788467059375,-0.041050640017937526,-77.42765378933802
231,4.62,0.1723602624128984,-12.331948717439444,-0.0352238547841435,31.14995239828095,-0.03525813686523324,64.67513576669785,-0.05006871306056862,16.25809281520324,0.12357145553948311,29.482108156540026,-0.16822519390681104,69.57766974424935,0.3693163066352726,-29.429798820754048,0.2802042499818439,-32.24954096152643,0.2613142503322327,-77.1511978833697,-0.16818198371736137,36.96638837660175,-0.7496745847298916,-36.24543712378927,-0.079879204829857,-78.64539165168716
232,4.64,0.09185174824716935,-13.228388575644974,-0.20947287246457832,32.033886848712214,-0.1800844196619653,65.65579263032076,-0.0552812277751633,16.25809281520324,0.17961726221769778,29.14515085418558,-0.08715841985421208,69.57766974424935,0.2321416931058709,-29.26816185548657,0.3348612308326382,-33.434001792932456,0.31389098508610236,-77.12406464561806,0.040137655657130455,31.6229095479432,-0.22709458752198908,-42.837889516312906,-0.06872590071436388,-82.99417354029688
233,4.66,0.09142230155247832,-13.381422783600259,-0.24121692485775476,32.41100041527675,-0.19248385876784999,66.93158157823684,-0.028386541422552543,15.249221858638146,0.1928435765910662,29.14515085418558,-0.1032340979941546,68.77924873666407,0.03791578215370378,-28.098136053798488,0.28383773149820923,-34.40163266408051,0.27299865245116484,-77.24878750537799,0.024604513806859005,30.21480213069622,-0.09014502029470628,-44.635831077530455,-0.06886171663536522,-87.12672945775608
234,4.68,0.1361744009603687,-13.695763283333244,-0.20464431253067947,32.38053812101849,-0.19574616648601803,67.45107281615061,-0.033184998656760695,15.044577856837932,0.2085416020859373,28.27273182367689,-0.11236185868566845,68.77924873666407,-0.046069555646679444,-25.566283134364163,0.2656027736043999,-34.2879402091817,0.22575299339588156,-77.19662808548965,0.01434422847844373,30.21480213069622,-0.09523036082958031,-50.70602630530065,-0.06650679497667208,-87.73926059624635
235,4.7,0.16439158133980175,-14.075512775370914,-0.17335040868633103,32.12579425718491,-0.201664184175819,67.63693146183066,-0.038424755298775495,14.992479094507233,0.20836385440566782,28.27273182367689,-0.11182851829403175,68.53983822607178,-0.031008305750347933,-24.992430826242416,0.27574980277432987,-34.22616830047472,0.1878729202335238,-76.62366501275895,0.0030993920418042817,28.521657037823093,-0.10288461363267817,-51.3066673043917,-0.06542565211282642,-87.83850517216338
236,4.72,0.13803888736877862,-14.861103265012359,-0.22565007475125187,32.4027563956483,-0.08674985448496092,67.95343569473228,-0.03532488160762787,13.763280826313881,0.1874626258835475,28.27273182367689,-0.11341688137965877,67.33210546921478,0.26309851693681263,-24.67330451039192,0.2997810201219479,-33.94590408377041,0.2427359042813209,-76.62366501275895,-0.06454468772488958,24.299641983091067,-0.1270956906123444,-50.692066495021415,-0.028217971543536252,-87.83850517216338
237,4.74,0.11506370396208464,-15.616246145265508,-0.22176502563126804,32.686655307388875,-0.17944942207903758,68.76833047361757,-0.04330929640162026,13.496245456469714,0.19677296804379452,27.876962966294844,-0.1116445677164492,66.91088821131365,0.11438470781330726,-24.948992865727906,0.31646917981978356,-34.3097921591459,0.2368041413766187,-75.5979991183949,-0.012895589907883281,22.3988635759586,-0.11543636094127502,-50.37268682720427,-0.023213216029351516,-84.54813526546643
238,4.76,0.11042498545490316,-15.667389126966224,-0.20004251322072159,32.700138117779616,-0.22080661780806704,69.47654085584584,-0.04225039427223079,13.496245456469714,0.21220090761160776,27.752635993973044,-0.1227155555213999,66.65756724972634,0.036025815071525885,-23.454722825439337,0.3142478112903796,-34.46071433601931,0.2054755949677431,-75.35982298411416,-0.01958626331044347,22.3988635759586,-0.11001374367348848,-50.28630172728828,-0.021993851563332695,-83.46688540480294
239,4.78,0.12719968763926814,-15.94108527384197,-0.18697373922632773,32.700138117779616,-0.2294760332596513,69.71660871286277,-0.04827918603923956,12.846753412359105,0.21108496353457792,27.668917410064825,-0.12309408860325305,66.59211091025347,0.024461988153988368,-22.82007874567188,0.3160715440288607,-34.53696578394435,0.17759000687289256,-74.98331130934821,-0.03355995345789833,19.201052472854062,-0.11015733260353557,-50.28458413488362,-0.021934125916123856,-83.31907090830462
240,4.8,0.14370366001500862,-16.015144131193644,-0.1691292713047468,32.454676734698005,-0.2189518757776508,70.07747644625773,-0.04999266272559904,12.842629912064254,0.20807879636780724,27.605554634119645,-0.12180181362182499,66.57186640210371,0.056204873620774976,-22.59512386917243,0.31782708844651614,-34.53696578394435,0.16483438294619568,-74.98331130934821,-0.04624441605664707,19.092498308057092,-0.11022172446625392,-50.28458413488353,-0.02203256526876872,-83.2382663022305
241,4.82,0.1068373862149084,-17.18955168599708,-0.16547192411160486,32.638080169467536,-0.04814718953884009,70.07747644625773,-0.04651128455550693,11.624092584258376,0.1829156642400049,27.462410174683885,-0.12198195520315197,65.11911262187262,0.26975670147613395,-22.809779284379886,0.2778210564641246,-34.048010394301734,0.2371584155390261,-74.98331130934821,-0.1144246707630951,17.39233401906256,0.8233823022064324,-47.132622584302,0.7467399897452309,-77.8271881569772
242,4.84,0.12124912441752582,-17.76151336273905,-0.1864487170875118,32.811569942772884,-0.11995291486571591,70.24298959043779,-0.06454807411860551,11.624092584258376,0.13176928206703797,27.416722705060756,-0.13406872916983764,64.71091019228083,0.1219179008022831,-22.20315844703647,0.2993881908159172,-34.06640009416816,0.2364937938016106,-73.81902181438116,-0.06487883737693298,14.530875816757867,0.32692503494516456,-39.94085633695376,0.2503124080955226,-71.53439268670753
243,4.86,0.1640174079417936,-18.36206469387424,-0.2567899978508139,32.68208960479431,-0.008352483963925295,70.35802432899534,-0.06845149053206451,10.970137933426003,-0.0314226255054461,28.32466285681285,-0.17403218530691772,64.71091019228083,0.01940677667489335,-20.84619950310931,0.09549448224354315,-32.999340952090506,0.10668892885690073,-73.41450056908236,-0.1792419994330762,12.501817799529778,0.16132615612899992,-37.291346752743564,0.13861002473862355,-67.95394946121048
244,4.88,0.11907587056637,-18.418966311723867,-0.0014030941116237317,32.68208960479431,-0.012188639449240368,69.97720283042453,-0.07296796720805956,10.96278187362891,-0.0008553901004470718,29.07814426058198,-0.19403422190218875,64.81954891332185,0.05106959776289098,-20.152052927778882,0.08227225483550518,-32.999340952090506,0.07509371607069952,-72.46822350831721,-0.20919636182593535,12.518345201341072,0.16366478754875058,-37.291346752743564,0.11893328160179059,-65.85957192740996
245,4.9,0.09764501116517893,-18.19298020983177,-0.0043520626497819195,32.68208960479431,-0.015118286317169521,69.82031440594774,-0.08357828271104967,10.99971044387158,-0.007505717875959585,29.4697099015032,-0.2311431046187642,65.12783666439172,0.0873048089969076,-20.206720413213286,0.09649914122084916,-32.07726360145017,0.0841852242017391,-72.35199966960448,-0.20206897269655782,12.492291114205248,0.18491054760415207,-31.97237681423847,0.12113084082369258,-64.9707868284191
246,4.92,-0.06497770348715119,-18.299713719998316,-0.052695573911115665,31.267341955303557,0.06813365305534996,70.16089124530467,-0.018993014748752812,10.912005843875733,-0.041884449246157064,29.74132106114842,-0.21029741508954902,65.22751570235447,0.16436579699367607,-20.206720413213286,0.08182318791276101,-31.56682692558509,0.132758699217849,-71.52627585413587,-0.2125296792595062,12.509120703941731,0.16358588406374952,-31.450276891740423,0.15178260381362152,-64.9707868284191
247,4.94,-0.022843317604939253,-18.919083781586885,-0.038390644204093605,31.39047997890575,0.03875649415812421,70.16089124530467,0.00033927864393476156,10.912005843875733,-0.04286131134181131,29.89252577623077,-0.1816180873790287,65.13720282352209,0.15199228178630053,-19.254460801656638,0.08825757719192291,-31.558159754473365,0.13691729422330912,-71.52627585413587,-0.2198629436817615,12.509120703941731,0.17087414765899359,-31.281612950559612,0.14913746034881573,-64.70407151583721
248,4.96,-0.005345875901573212,-19.098931518300212,-0.045376092580206945,31.39047997890575,0.026065193071107412,70.81101170502097,0.006710204727639751,10.912005843875733,-0.04347327903244143,29.963433183977727,-0.15937494713257816,64.91043480297294,0.12199981865708065,-18.725462105907184,0.08929625779446212,-31.561735825344854,0.13128871639651304,-70.9423371250089,-0.2163386203390861,12.613336192539478,0.1725719706038281,-31.273086130323886,0.14243256025635387,-64.70407151583721
249,4.98,0.0040420345611667605,-19.243041212354335,-0.054398224888143144,31.39047997890575,0.025084705024218473,70.92261629001601,0.006781235905475727,10.10783819004028,-0.04331797914402692,29.98817475660016,-0.15153035263042944,64.91043480297294,0.11299159846299983,-18.725462105907184,0.08984749875086556,-31.56531082848455,0.13324561069686536,-70.8876815564098,-0.21642956443261369,12.613336192537686,0.1726949971509078,-31.27371478768873,0.1430764470761241,-64.61773053281595
250,5.0,0.004364900095680645,-19.434524586718513,-0.05442107958115788,31.39047997890575,0.028701394501108313,70.95157984094514,0.00435993680067823,10.087282481308778,-0.04288205029272355,29.993314928803215,-0.15637210234709142,64.66050044912207,0.11986235074214036,-18.37076117624039,0.08953990282598462,-31.568305845123305,0.13434251161486435,-70.87955098910247,-0.21627979014262427,12.613336192535517,0.1727431077648861,-31.27371478768873,0.14417721357672375,-64.61773053281595
251,5.02,-0.17093869207908768,-19.405397406112183,-0.19099808882061253,32.592803345028955,0.021797642463966593,71.32809136304233,0.01176297823961775,10.087282481308778,0.8974810549091725,33.06993831947269,0.6081358388965064,68.51893288382635,0.15678598989055614,-17.40626582267845,0.2616203466129654,-32.063210735378426,0.32524369931961994,-70.7726410840776,-0.10782236971602419,13.309826156931148,-0.07002983223593401,-30.230340594959532,0.0789118616239088,-64.61773053281595
252,5.04,-0.09724733380058814,-20.281767604143788,-0.2572218313787379,33.31034755949404,-0.06270670729380079,72.185239791865,-0.0764744875773579,17.106839785873717,0.3749528413289962,40.261704565847126,0.085442391409839,74.81172835578421,0.16805244800669628,-16.727854770666884,0.361571246673132,-32.36058139165098,0.2670075084123834,-70.795449005449,-0.09213150100577086,13.408535544081039,-0.08269934718609576,-30.230340594959532,0.07247804848191634,-65.88777920878051
253,5.06,0.1268948011850049,-22.261623717604245,-0.269076822589473,33.84908321346677,-0.12120824540943842,72.185239791865,-0.09413167608062699,18.655618447317966,0.23433633188526087,44.90665625608738,-0.004877192051324308,74.81172835578421,0.17861294538039452,-16.727854770666884,0.4019196361675417,-33.91904030988154,0.145592257937672,-69.98189148613332,-0.11383779327107285,13.391449335891856,-0.053496842167748894,-29.21301739843508,0.06723154440729971,-65.98370079356712
254,5.08,0.21786732170979942,-23.56791021047522,-0.23059555558289896,33.86192408336016,-0.17873088297861556,72.185239791865,-0.08348657912750945,19.23952219268307,0.2504065283732569,47.88069960064736,-0.006663277202809792,81.02700489800874,0.1691274379211991,-16.638835490528546,0.40519047784839474,-34.364905365924926,0.07396871793332804,-69.0739480447702,-0.11087516186203165,13.536772198591194,-0.05850103286031855,-29.176789709506153,0.06810942870383568,-66.0140756948308
255,5.1,0.19412333940648666,-24.100386503178385,-0.2017570319469181,33.583909855773705,-0.18180733485988393,74.30539638298315,-0.06608364696171104,19.23952219268307,0.23368421107276866,48.55177227302025,-0.005930929887353123,82.81549557146869,0.1579975970040304,-16.533209777832944,0.37266437078445247,-34.364905365924926,0.04915525483272129,-68.46105759072572,-0.16964737867640417,13.611566333391739,-0.002865416033501135,-29.512260521580576,0.06746380854818942,-66.06098727342633
256,5.12,-0.15198187184233503,-23.81300131270428,-0.20658847248094991,33.62506460062755,0.11990537638306742,75.2897106795725,0.008541887007448234,19.23952219268307,0.23423373226774796,48.88449980896956,0.02452939028043452,86.13604947646671,0.21854537694351256,-16.481132726715515,0.33630145448859267,-34.16975529665739,0.2187715136477975,-68.07319103954396,-0.10881691981382755,15.108857058911221,-0.08056677438129828,-29.673083666904382,0.07549003460279283,-66.94946263177346
257,5.14,-0.03303512837650749,-24.134667490844706,-0.18424028436831802,33.43688962524717,-0.1089203858489182,75.19687727688175,-0.04955710556476686,26.1096157319396,0.24304164699232433,50.17085876864824,0.024471962594757993,87.52839419351372,0.20215743359841473,-15.073810073816341,0.3440338350436344,-34.16975529665739,0.13499605742223603,-68.07319103954396,-0.09602029500796616,15.43294431058714,-0.06691047533966966,-29.4167206371844,0.05919719706006067,-67.36789456508177
258,5.16,0.10061596333251766,-25.329625758604376,-0.18888793082139854,33.42880460712374,-0.13990318286338044,75.45104720225189,-0.038148792548717114,28.139861940156262,0.25380655951005626,50.24276305311573,0.023950415659186555,87.9446906302378,0.17023376169161222,-15.073810073816341,0.3745397777938795,-33.89066890573818,0.09890049689349756,-67.12903679980758,-0.09620806628104647,15.551729434767173,-0.06695575569349224,-29.416720637192867,0.056419634267409924,-67.36789456508177
259,5.18,0.15677797976651342,-26.10004820332651,-0.21143917403530402,33.468644765962104,-0.14422286659748992,75.61100041282928,-0.028791806848490628,28.44476351446454,0.24410054179476662,50.30421145714662,0.02401251927981929,88.17426224463223,0.12898607825871883,-14.236290256628966,0.36124174037776496,-33.964604303840225,0.07724485185953736,-66.69712736046813,-0.11716186904545614,15.551729434767173,-0.01984487217036638,-29.416720637192867,0.09379679912200935,-68.20847219219945
260,5.2,0.15648144023338467,-26.10004820332651,-0.1903433360643544,33.457997487347015,-0.14132083615327976,75.61100041282928,-0.01662680842123815,28.582009018033293,0.244755725934046,50.33903569782164,0.02339195050796737,88.3241208361895,0.11444976999036169,-13.945412493618154,0.3585996495483165,-33.95874006567082,0.09196730368535111,-66.35678266515262,-0.11316646324015041,15.809609825416596,-0.017191921501544166,-29.875492053927854,0.08359251500954455,-68.32409802579552
261,5.22,-0.0037071455124810387,-25.665465611240627,-0.25831985349966474,33.3105592010646,-0.05825448435019978,76.11894921568027,0.07806970966815852,32.84041584024963,-0.6653567061484165,46.25290233064601,-0.05007959032863907,88.3241208361895,0.15724795327322633,-13.593978926939075,0.2955709403124483,-33.32841067179452,0.18917770090090255,-66.05430063942723,-0.06272111064258597,16.64938911378556,-0.00795125788076819,-30.296157507956917,-0.0021668434505241613,-68.66829973207516
262,5.24,-0.1262020905896093,-26.533183609074065,-0.1635668199339344,33.23465145399464,-0.050306616932501214,76.02072544398006,-0.016153829323961616,36.43487064159328,-0.14270924940202578,39.360793010718744,-0.047617821457787674,80.52068252501086,0.14331153488168674,-12.327080542557667,0.30234095666012867,-33.16898264154985,0.12916692330744128,-65.51939847634296,-0.06737159765554694,17.30916716887881,-0.01311528495811378,-30.353555974534473,0.09578714811477984,-69.47246943007347
263,5.26,0.07994346693080634,-27.348604670155733,-0.16969294066177837,32.815911512563716,-0.040620517951033025,75.98746756819912,0.17288116283465368,37.5774546572498,-0.09935554916648653,37.86250837623914,0.032490907536083594,79.37869398042753,0.1496272225716866,-12.109120398272957,0.2306024582704056,-32.80217249893891,0.019375560419977844,-65.04947665662596,-0.12415995486988848,17.711845413917334,0.18165737520180097,-31.085592172046216,0.15575518454090906,-69.47246943007347
264,5.28,-0.024796689813414128,-27.24296431911207,-0.03375379647828203,32.72097972663244,-0.03868601743366709,75.84980708393512,0.13673492445758384,37.571819923792454,-0.05965157252478917,33.96254668709191,0.05652248095309417,77.80654147547712,0.1456846353157966,-11.919961011164006,0.19312633681173796,-32.39876087755604,-0.0019718295335120067,-63.594489197677746,-0.1366974548101206,17.711845413917334,0.1524960835287817,-31.813295420887503,0.10047482016562813,-70.49867541136517
265,5.3,-0.053833320703687355,-27.24296431911207,-0.01769533207345947,31.980440282245183,-0.035089041244385694,75.78744373524873,0.12067377915693644,37.84409631207668,-0.08002184763505779,32.736665941978515,0.03296734623847471,77.56694231719146,0.16400909607525094,-11.924171377236409,0.2164368277873421,-31.812904966895633,0.021225473438191547,-63.25240525973839,-0.12003336725385412,18.300563492470122,0.14715501241536175,-32.06083519167698,0.08390113809556532,-70.42469475007658
266,5.32,-0.22886273904448234,-27.54660573371695,-0.023076401487036234,31.612655364634424,-0.005745864779827831,76.0988126786314,0.18578544630178873,37.76858907530301,-0.10212460137497842,32.736665941978515,0.022581125425835957,77.56694231719146,0.10425788960434715,-11.94607133495436,0.2521120861613096,-31.812904966895633,0.005158926760863658,-63.17972481269258,0.013324820849430735,18.50134301222562,0.16570190176424454,-32.394036034647876,0.010459060422932057,-70.75864804108906
267,5.34,-0.20942635306781035,-27.54660573371695,-0.018012172827326894,31.612655364634424,-0.013026628775742621,76.30176193996535,0.2238983650802966,37.31384300148691,-0.09653058047864035,32.736665941978515,0.034346766889859034,77.46814394854923,0.07959760312468302,-11.38155062450661,0.2448021620327844,-32.04838661519471,-0.014065891222812668,-63.03917675473931,-0.01379261343518564,19.120694010171274,0.17544695821540485,-32.59470546226068,0.039741076051877475,-71.06737934854483
268,5.36,-0.17818334369445685,-28.209080806962856,-0.022439397955724548,31.631064126551543,-0.01073238765633669,76.39781006360776,0.2263936561383456,37.129408597357376,-0.09429072328082666,32.51720692998012,0.0398438460243912,77.46814394854923,0.07068250695639573,-11.162896029595995,0.24260048947477023,-32.101506671154084,-0.01352338627225877,-63.03917675473931,-0.01927078123602124,19.454414476506155,0.1744522844630497,-32.66487604782932,0.046247155054759057,-71.35051856917642
269,5.38,-0.17645308237911358,-28.303413309863547,-0.021627851901359935,31.642063358919145,-0.010564441148267267,76.41387045586657,0.21572196226661491,36.933032321534235,-0.0993026744652967,32.49305563294667,0.034951373530697535,77.3542711140373,0.07415818125629504,-11.073371018630674,0.23540787276612826,-32.101506671153906,-0.009670901822977931,-62.890398833098224,-0.011368300148460877,19.502984818890738,0.17194990400236637,-32.700195348957834,0.043979309747052706,-71.46043337584605
270,5.4,-0.18276859025838463,-28.303166598733032,-0.023121514148963816,31.642016092893975,-0.00477902008805034,76.37247731037604,0.21661805070558932,36.93963293064738,-0.09155132469993014,32.49912044516725,0.03177381414562956,77.37975760881281,0.0774856311990665,-11.048419147205468,0.2415708312139308,-32.08933324055736,-0.00848454287835064,-62.89352106953088,-0.010685244224242135,19.515136954236073,0.17286480630922055,-32.700195348957834,0.041917900414201556,-71.48119010758295
271,5.42,-0.24738382527592534,-30.278139424898384,0.18169517035565175,30.994748908841842,0.03613270416885275,76.6521542640016,0.12553718450483026,36.081555691320304,-0.19043055902794526,32.455797312670214,-0.1941868962439004,77.75067540497282,0.02976630961616078,-12.037881426315355,-0.6892336953994802,-37.66909415328977,-0.7740447235379091,-62.89352106953088,0.11167831039436227,19.515136954236073,0.3462117331889808,-33.712638027364626,0.028203630837816837,-72.33503819365356
272,5.44,-0.041077621601917996,-31.70468242427076,0.21206029627707312,29.581236711893773,0.038860804262494664,76.6521542640016,0.025673329465140796,35.659214683596865,-0.261830668682632,33.51226327556441,-0.15339800082255978,78.77070915694343,0.11928810346843895,-17.34523507951283,-0.1666286210126947,-43.06291883750651,-0.25141164717809905,-70.68496266398594,-0.13237752318172685,20.96960232231068,0.42660707242949664,-34.854854578516964,0.01590849831637807,-72.42772662878026
273,5.46,-0.010636410940973423,-32.84747086085105,0.19667571217449523,29.301940854546682,0.03967310483259126,76.65753242869609,-0.04314767913170912,35.75472046235552,-0.29389124628575297,34.25191983122278,-0.09173562405440237,78.77070915694343,0.14121880006459644,-18.893339849610012,-0.10136746270675534,-45.34245771379847,-0.03000249134985422,-70.68496266398594,-0.2391301578166321,22.684003847319577,0.4389054730776326,-35.369326540322035,0.013106206361083797,-72.62539221680171
274,5.48,0.019094036310867195,-33.30693920086982,0.19332835619847014,29.297067926730172,0.04023031181482986,76.65163700656706,-0.05764782761782133,36.666991903125414,-0.3089202741260954,34.41249804784178,-0.06868204886698807,78.57394111201121,0.12460026352776808,-19.706023447401556,-0.11876803633042349,-48.89585777901924,-0.028948317323066908,-81.8296523805064,-0.23359372834994643,23.88245333057015,0.4256907178512085,-35.53972382530176,0.027486221555811638,-72.69900229123046
275,5.5,0.008434988604215167,-33.38466992492333,0.2038192152628828,29.122643868629293,0.04019451230838522,76.65075589055704,-0.045464789979806956,36.75584961446831,-0.3060050426939773,34.85403863164237,-0.06523329263922518,78.25478253985159,0.10141794728738461,-19.836656930673136,-0.11925990680544574,-49.81447417511533,-0.029453508675690965,-82.158507752055,-0.16619125764108614,23.88245333057015,0.4133427912707072,-35.69642725843312,0.05541176581087749,-72.8876512050198
276,5.52,-0.02599311757649747,-34.46385218684142,0.34439277377666133,28.865504215995838,0.042607686880713036,77.02210528879317,-0.10664298079607792,36.75584961446831,-0.2724662624279593,34.801370695767545,-0.17208379211675778,78.4048065893445,0.01426531829516875,-19.836656930673136,-0.09810333366880578,-51.092227690848226,-0.05964164829859675,-84.42373366210633,0.14529236209888508,23.895948413226925,0.39114240018149543,-35.68599223744021,0.017292322834914914,-73.70933481919896
277,5.54,-0.00209611787951601,-35.7870711965952,0.22502134958921816,28.85493064674813,0.04938696745382326,77.02210528879317,-0.05471830111922507,35.13166754308875,-0.2546758604392608,34.58723951763441,-0.09628669639658871,78.2766714605445,0.07070615614774894,-19.836656930673136,-0.10624952870261084,-51.53168530951826,-0.06002363647191053,-86.92686732960736,-0.03561728612323012,23.900057791844112,0.37572959602067996,-35.65132441131658,0.016197499951242395,-73.86344845246754
278,5.56,-0.006333723371060737,-36.059044184728656,0.15587274180920407,29.157681102364897,0.05091412835357828,77.13862426337415,-0.028134670154477168,34.26404034821593,-0.2160308958203174,34.230239389630334,-0.04059765705206897,77.66429256551268,-0.05013185719101802,-27.4150475435329,-0.021226507206552815,-52.336463829081055,-0.0400000709225113,-87.53384816440611,0.014942852430861384,23.900057791844112,0.30139914311799554,-35.07523058637158,0.025112486673232917,-73.97633500141903
279,5.58,-0.02276414397806452,-36.12793954111254,0.1820406632988846,29.33531805992231,0.04991924270625475,77.14258890784714,-0.009805833214248327,34.26404034821593,-0.22484734673264972,34.07271989934009,-0.03822084236995335,77.66429256551268,-0.044607250508195785,-27.4150475435329,-0.03965760269357963,-52.5305360645578,-0.04368570610236522,-88.21002913172337,0.045924395921707044,24.330912172969807,0.3027651525088794,-34.8512500066796,0.055736658970642894,-74.11009610773083
280,5.6,-0.03150290184576722,-36.11699213224054,0.18637402036284131,29.332221872988214,0.04924295661317929,77.14858726616448,-0.016192617292521284,33.58188340623235,-0.2456954979216262,34.06119755770398,-0.047214903257119994,77.23813743814205,-0.04188770651013787,-27.86672789832264,-0.05411867375219465,-52.46386756989244,-0.04450011104025499,-88.26294449118504,0.05078379146967218,24.20792219569478,0.3134510919256287,-34.598894018487016,0.06824564183001948,-74.46581949256552
281,5.62,0.018233980147965317,-37.344732754506914,0.14374413812933626,29.61397987271174,0.046287085527011024,77.41070726771065,-0.11547874032227676,32.636887250307495,-0.047187580741199386,34.06119755770398,0.023466974999085163,77.1965126491073,-0.19334021230900855,-30.375544953647072,0.9145698538595699,-48.0181605492291,0.07191728814166531,-85.35799566437016,0.3520806285000028,23.529600458437372,0.15467129649474523,-33.74775007701574,0.11189043403240255,-75.07138307504376
282,5.64,-0.016416498435422186,-38.37155363871901,0.16914714434208747,29.538718720826687,0.05381790385468152,77.53199715021337,-0.17778938845167996,32.28694272347137,-0.10347187761378257,33.15817694824144,-0.09539224298822181,77.21407513207141,-0.1661739706535425,-34.84816205762618,0.3658821819357667,-42.02502201051745,-0.17668628755142474,-81.12846180031545,0.1919259020358477,23.584886623503102,0.10703710986210346,-33.05164944350642,0.11890568809926878,-75.07138307504376
283,5.66,-0.029979696554145882,-38.95226735415043,0.16300358493541944,29.456625937576238,-0.3202644958717001,77.53490692680532,-0.19167697672473671,32.35837399899862,-0.16213369484142942,32.83851576220977,-0.1070712204282189,77.06493365719778,-0.18596292764677852,-36.617001220269934,0.059230280698265636,-42.02502201051745,-0.07946561462705715,-77.80452525694376,0.16827538042270915,24.71891940575852,0.19070081296233127,-32.824148365406664,0.11958158489127559,-75.07138307504376
284,5.68,-0.012115064544428192,-39.55083774466317,-0.10965522735603245,30.783756380670358,-0.17814842099262676,79.13078776600813,-0.049604128621427906,32.24369400152933,-0.016002939513028558,32.1050241772109,-0.03810897768173249,77.06493365719778,-0.13409600608818578,-36.77588008519966,0.16843995749167623,-34.65719347676124,0.036867863313050225,-76.6502185906794,0.007584215179054457,24.71891940575852,0.16669983511426717,-33.174167455911935,0.0689488509842879,-76.29315234837614
285,5.7,0.08528120338829848,-40.050522664941354,0.04546902973876967,30.820269024546228,-0.15934965112420219,79.82821923464076,-0.05383518772121973,31.234650625653636,-0.028084278307172077,32.1050241772109,-0.020329190134165148,77.06493365719778,-0.14796680617613367,-37.51795770360439,0.20356200991322954,-33.883436003572996,-0.15716414652903188,-76.22661295501455,-0.008747591605866759,24.71891940575852,0.1572318460093893,-33.06904712834488,0.07743176051456864,-76.29315234837614
286,5.72,0.10567722565395729,-40.48424135964226,0.07953791138107645,30.718992314199326,-0.12935880259503663,79.81914607443989,-0.2179462077126269,30.50852117736892,-0.043241345428799774,31.70619714687066,-0.045617623800728646,76.08002203015259,-0.22791041630128428,-37.23366145269361,0.22386611076924082,-33.80254330266683,-0.1168896301578804,-76.355598770714,0.16544116624221106,27.838485010934807,0.14307772872727897,-33.02920284365357,0.05185565691855584,-76.32935231227725
287,5.74,0.15295199618026278,-40.94796865254087,0.0652651907603334,30.718992314199326,-0.1095248992913985,79.72217789396092,-0.21240726477134073,30.305768081057607,-0.04158470069613051,31.764886623320862,-0.03175435951386807,75.73603164727253,-0.22939533455686367,-37.04585535734186,0.21457782994565516,-33.745688941521024,-0.09832453108141992,-76.63323079882701,0.17479681059711544,28.12301945453402,0.14335470850896104,-32.8466769660724,0.07787696735729811,-76.65813222839265
288,5.76,0.162823879701877,-41.19600600472945,0.05658061388755264,30.755104155090663,-0.09990366229384713,79.570398568529,-0.22011436551084973,30.020423812823353,-0.0457323941276372,31.77365803028894,-0.03118924891878397,75.43890272317498,-0.2246338680577636,-37.04585535734186,0.21423275009538129,-33.687612435745436,-0.08399946590346846,-76.67510809206927,0.18626726842877345,28.25110982840484,0.13767573119052187,-32.78740550534445,0.0804341540094155,-76.84055082410593
289,5.78,0.15206233499664343,-41.195258281798225,0.04965198906881186,30.79399676257519,-0.09485470759312915,79.27370932232098,-0.22344212585245807,30.029081991615133,-0.048428249533559835,31.77365803028894,-0.03735371296090009,75.34082339461081,-0.22047680357093735,-36.91236651963016,0.21368532243316238,-33.67966346490853,-0.0869552172015889,-76.90043751649651,0.189385247276802,28.25110982840484,0.1359942084208069,-32.76870244607796,0.07499690527601494,-76.88126732865338
290,5.8,0.1504909575204195,-41.18421153989807,0.05687800941706263,30.793996762572135,-0.09118016574441436,79.27370932232098,-0.2234699364677623,30.041823650723394,-0.04832557513440203,31.876913676655064,-0.04135734286620035,75.35135936725305,-0.21922137035407677,-36.91236651963016,0.21366676022394393,-33.67678906527102,-0.08557433755495483,-76.95144614690302,0.1882919583168565,28.200846651864065,0.1385744398597878,-32.73611830879849,0.07247967886480436,-76.87496100068041
291,5.82,0.6062661787494779,-37.397399032875114,0.9414,36.001180071393186,0.12870931525820478,82.62565818508257,-0.3556682672834612,29.791024031954304,-0.23243013845476304,31.876913676655064,-0.09069537582427259,74.86648888333562,-0.13448633614516564,-36.49556389153612,0.10927634723908997,-33.215005298099356,-0.039235582173714784,-77.00050392837461,0.1906465778506442,28.200846651864065,0.23332506384792245,-32.94445855978343,0.05590729998693962,-76.87496100068041
292,5.84,-0.028879165367882542,-31.515149892657337,0.7137864257489188,41.09534782925303,0.1226446181717496,86.19038680758798,-0.22923458775633215,29.047085351265764,-0.265245261716986,33.40348184650582,-0.1710679248752769,74.86503393015371,-0.12562453717856104,-36.49556389153612,0.04275452908567026,-32.39183137475985,-0.06735756651084693,-76.96053541663727,0.09747528960531324,30.93921384581375,0.30780020333933966,-33.24535196516729,0.13739944301535437,-77.45068905089884
293,5.86,-0.06888232764762596,-31.515149892657337,0.21606062523943437,47.223160464622616,0.11881397420683859,87.0766302997012,0.0011125106262696027,28.232482911838826,-0.21744132982345626,33.892432989043755,-0.14816456400862824,75.40283158979739,-0.045069367942554395,-35.38926606140784,-0.05622779478245816,-32.27765767667567,-0.035685445771207566,-76.87660905622994,-0.025576884462329808,31.966350880760633,0.32419978645687814,-34.13911713637612,0.17078253656698628,-77.73775966307012
294,5.88,-0.06314765246140508,-28.438548831963153,0.19751970346617848,48.022584348809524,0.11780516332292851,87.39247445845741,0.122136379864861,25.123898790906175,-0.19614986781137095,33.78869524833946,-0.12357496082595293,75.38481464389811,0.0171648785587974,-35.38926606140784,-0.10260972498658848,-31.14228035168245,0.007140410624519103,-76.87660905622994,-0.1488914251316396,33.607326774415114,0.32147942253482376,-34.7168298539174,0.15486169061590174,-78.43279724534537
295,5.9,-0.06514707701402339,-27.93730874496812,0.20333825222761787,50.25121818303364,0.11844093411817819,87.58099200544504,0.1267742867473374,23.812313490231947,-0.20110091930483825,33.591161736694495,-0.10834811037990637,75.38481464389811,0.037774133541274416,-35.38926606140784,-0.10645483467117113,-30.471876349735783,0.006317204299195064,-77.47581914564245,-0.20393688848775762,34.756778751700104,0.32938951372048453,-34.80888874273114,0.14507813913324008,-78.54129687402524
296,5.921,0.7409527827451703,-25.295884046384387,0.46421449017562244,49.54518342869685,0.0813880012184839,85.76318425853349,-0.16273652195161017,23.991111729412474,-0.21080485168810478,33.56837329513984,-0.1622622161786748,74.5502655719336,0.008425774830414345,-35.08943442598803,-0.0852923772754153,-30.471876349735783,0.00983237624243656,-77.14028163684414,-0.13730406957278057,36.06693041883871,0.36230940883723334,-34.897565677684874,0.05277728601339769,-78.72480646009375
297,5.94,-0.01722990720165235,-22.5629752692858,0.22951067631865216,49.351892179240046,0.07739166931302159,83.83554669318586,-0.01958523260064915,23.312817538098063,-0.21521384778688576,33.45431050137826,-0.17766201685599756,74.44773595813332,0.016778344373339048,-34.80050049936918,-0.10651548963242562,-30.196370183972757,0.016186297209849765,-77.07679941600944,-0.13815544972606159,37.378017279900845,0.3705667659853444,-35.184210812860044,0.10549083404105229,-78.72480646009375
298,5.96,-0.034596287131466175,-19.685878621060347,0.2169464462217955,50.4012155189228,-0.11612782915642587,83.673995874565,0.07978482161775952,22.858157028597976,-0.07265589589878976,33.26658807033188,-0.1001783340151709,74.44773595813332,0.02850404757125234,-33.817018601186646,-0.03312081187226648,-30.084135745560285,0.01599598124828734,-77.07679941600944,-0.16932426166930928,37.7774910587147,0.361191895127279,-35.40160699298185,0.08125360443187589,-78.5945382836855
299,5.98,0.14140788402877003,-19.874487994213798,0.015937185740328222,50.92798597126953,-0.03861893894085576,84.05886836908574,0.08156639287719888,21.887209456053576,-0.04407288201311159,32.66685555105612,-0.09647397392539608,73.83443398334924,0.05304859574850163,-33.77458525416052,-0.0463195425742533,-30.573748497376773,0.016044388471462057,-77.06077754025853,-0.17438809585964085,38.05819296105986,0.2859483672116349,-34.97836620803754,0.0023407588086803433,-78.05092496376612
300,6.0,0.08631769277146924,-19.7067601469927,0.07929316022861327,50.86453797450312,-0.016676611648684045,84.12321576529169,0.05413906127387991,21.30201428104206,-0.07120108836803216,31.964476580057966,-0.13099145179205887,73.66889293021713,0.046021345313158414,-33.77458525416052,-0.05435037298344935,-30.597205530488772,0.01609279569608109,-77.06077754021979,-0.14670994991756303,38.167491627697444,0.30708833025673987,-34.97836620803754,0.009694529562748383,-77.67981721095838
301,6.02,0.6239015716613385,-17.995683116207207,-0.9414,46.2821918672585,-0.8815331462230711,81.40407840799688,-0.18599175830008982,21.316102793667476,-0.010200756919906281,31.026709970554244,-0.15632351420819884,73.10219262685453,0.021880716066069394,-32.257809801298606,-0.02201634089537126,-30.597205530488772,0.013542431412248632,-77.06077754021979,-0.06037355754600589,39.09090331895356,0.2680328491490569,-34.69232730189577,-0.14809207156005139,-77.67981721095838
302,6.04,0.16644492178518178,-14.611324044181105,-0.7280397627494912,39.3900825468602,-0.332904248429847,74.51196908160412,-0.08692690608308792,21.316102793667476,-0.10280352650999039,31.346697787146212,-0.21011565481631314,73.0104959478063,0.012188682707030038,-31.573553947276146,-0.06972915532774847,-30.824616317686353,0.020292336458517732,-76.44503295038737,-0.04857924699564783,39.7016669085304,0.27130127575402324,-34.61986159091143,-0.040369065570862436,-76.80374696448656
303,6.06,0.07473675637334304,-12.936057025688893,-0.15314459272656944,34.86262503572709,-0.00693117535345722,70.91608595809349,-0.07771651880621003,20.519173685664153,-0.07698213609891041,31.953962844182794,-0.1118447651943899,73.0104959478063,0.05006599474950235,-31.043892646858822,0.17676923138989672,-31.22525437091022,0.25289213300286517,-76.44503295038737,-0.00023435540402120397,39.76467900708521,0.165914867139842,-34.89994978642963,-0.014574132698758832,-77.5128157786501
304,6.08,0.22099271953827732,-12.41964382437984,-0.03915469170043501,31.844141696930787,0.00945988160495509,65.98362754320304,-0.11662343013682513,20.498564171899076,-0.0021910839655653186,31.492451284650105,-0.04344015365882803,73.0104959478063,0.07260022490262631,-30.942237477842717,0.08795927010750565,-32.20267691741631,0.22037435539146977,-78.16805076417519,0.028344002013756246,39.558028419131176,0.11842962617407393,-33.900264440377406,-0.030240465411190062,-77.55821768663007
305,6.1,0.20787324957035153,-12.539592902680505,-0.04864451276180565,31.086666425719997,-0.033979904947863473,63.90441796649958,-0.11545613609447569,20.684138550311413,-0.001863400827628127,31.175931468088343,-0.06383675514286208,71.68739434597472,0.07365408862711151,-31.135981035599148,0.0975545103780959,-32.222887358942906,0.20729584737088574,-78.3988233127033,0.02138151375650907,39.24269611562604,0.1399065946792613,-32.90914690725256,-0.03498959741641865,-77.53425843111532
306,6.12,0.22355149036879493,-12.5413894554678,-0.04662764675298127,30.445593755715922,-0.0886543949378087,63.90441796649958,-0.15983759759977076,20.42615243969229,0.015490142339706262,30.78289663146411,-0.10406477206694442,70.80993764305056,0.21140337802435655,-30.66410211382715,0.10434932337682631,-32.20233510556284,0.2355587903924894,-78.16160667820851,-0.09229819171683046,39.753104236447136,0.1345011766359536,-32.87290916614031,-0.06990373742074103,-77.44979996237188
307,6.14,0.20818954531901995,-12.578823416662589,-0.049626418331184016,30.204435531454095,-0.09809898189922092,64.03555817893113,-0.1089041596000262,20.42615243969229,0.017282098569209495,30.687914045766224,-0.12368159080317753,70.62775431298759,0.18367439816891046,-30.250304959094688,0.11009327176190548,-32.2956670408172,0.1826185022975696,-77.57030087275295,-0.12683411560479932,40.33557591567677,0.15426611080234456,-32.79912236666412,-0.056105219880624696,-77.44979996237188
308,6.16,0.18972062372922438,-12.413971071858905,-0.06112772872832646,30.20619645218765,-0.0910174679330075,64.23193659415129,-0.06920773754588552,18.380842603373832,0.013169946888695327,30.687914045766224,-0.12247204949772811,70.56976817861276,0.16808793570261454,-29.764679865566706,0.11611153055855467,-32.342584293276964,0.15166408728914915,-77.04321086977914,-0.14505803387296343,40.57013129644142,0.16770445202724316,-32.93856570338171,-0.0419967353414471,-77.23936716934047
309,6.18,0.18536192189613962,-12.338630684165652,-0.07120974496623524,30.20619645218765,-0.09169374096827132,64.24688317451042,-0.06473900917690949,18.013570818704853,0.01371706282302941,30.541279727868073,-0.11926833276425701,70.52960573273084,0.16982156351120098,-29.571517407106235,0.10663807796309674,-32.347629393818266,0.14560928013107766,-76.8611641273997,-0.1422547096480007,40.944912025096485,0.16398746393971692,-32.93856570338171,-0.035882958095237394,-77.23936716934047
310,6.2,0.18977658903329794,-12.333164802267262,-0.06935575022086461,30.312837547417207,-0.08831035482239677,64.2476365426406,-0.08391305408907056,18.013570818704853,0.01147716566718545,30.534894148456704,-0.12049498504485064,70.49779771422442,0.17294357582752384,-29.571517407106235,0.11157511021927718,-32.37048657434258,0.15286724002019825,-76.74668098812744,-0.13619443030339512,40.97530949183166,0.1642037665273862,-33.005064113368455,-0.03501248401779289,-77.41108228659442
311,6.22,0.1028953526195516,-12.333164802267262,-0.1299418121280263,31.10521241326785,-0.033720558552564936,64.589583764018,-0.05380399203631597,18.013570818704853,0.12428377997718662,29.582274965188784,-0.1503861195856741,69.42569988103874,0.3693654911543585,-29.571517407106235,0.2917999667008532,-32.644323065597256,0.24982459958544923,-76.43500797274359,-0.1438990654893909,36.963554495342116,-0.7242660616183354,-38.59967130141901,-0.07866141678269722,-81.90979727279074
312,6.24,0.0819924446512954,-13.182632741168174,-0.2275262301074733,31.94421783171124,-0.17142742668997618,66.17881822853896,-0.06359663412448711,18.013570818704853,0.17222835253650848,29.021532172465836,-0.08521760721078847,68.81605420802046,0.23361177205553096,-29.03542552284183,0.345886713638331,-33.6690374044526,0.302981382323424,-76.6247821614057,0.03761262545988886,32.5980643016778,-0.22781152241203662,-42.1955544244433,-0.06835597462688381,-84.85417540682636
313,6.26,0.10420312403075943,-13.421067222402964,-0.24417440840592863,32.476299717902236,-0.18969448674199332,67.08535727323581,-0.02673893806515555,15.227311405324288,0.184589060014218,28.650230028047975,-0.094375895080743,68.53719537841644,0.04220478297600308,-27.287545790543142,0.2915116079307757,-34.478885057326636,0.260049610951579,-77.07199508323771,0.021502633468365423,30.2117606905253,-0.09143355636620937,-46.037831035328104,-0.0683059989510485,-86.98459006497444
314,6.28,0.13976624463025478,-13.73203584627731,-0.1972384770867135,32.33590152772301,-0.1909973409756168,67.44067290655558,-0.03254731819265695,15.227311405324288,0.20752604862563298,28.650230028047975,-0.10478331431515446,68.39432444470455,-0.04128167935940888,-26.08080760327313,0.2724303752264385,-34.478885057326636,0.21539139061117538,-76.81089361102926,0.011865271832465024,28.902532963711334,-0.09643398118796564,-50.547175744613156,-0.06583103841929726,-87.61975419472658
315,6.3,0.1604211040630753,-14.002410338680631,-0.1750169057231973,32.19970238941052,-0.19732212483196104,67.61896634961187,-0.038234672003249835,14.973248981100935,0.20792679601686492,28.127426585528656,-0.1048559034617473,68.39432444472028,-0.03164449989442278,-24.90236151875029,0.28145901132854517,-34.272439465641796,0.18352358968486418,-76.81089361102926,0.0028245346509260163,28.902532963711334,-0.10355024362668919,-50.547175744613156,-0.06485928866067577,-87.76346601875443
316,6.32,0.12300333953141251,-14.385855761356643,-0.21191148045102276,32.19970238941052,-0.07135840269427088,67.84897039343045,-0.035470342180165065,14.331099779907735,0.15057820762629404,27.861369173535984,-0.16094326899790512,67.47286675057602,0.2631146686117511,-25.053104811617853,0.3036953800699338,-34.08873200971318,0.23652575964249112,-76.81089361102926,-0.06713141608120188,24.793459828654676,-0.11762150795147863,-50.60035447125079,-0.02700690335712483,-87.76346601875443
317,6.34,0.10558652445185708,-15.530172281587092,-0.2108371058012864,32.568829089679745,-0.16397763368405083,68.55243781280981,-0.04999329405640415,13.241035142027995,0.19158865729038552,27.955529128049257,-0.11297381667402284,66.84621940307326,0.10689641516030987,-24.87228038469017,0.33431650846657057,-34.295560061541025,0.23114123727291946,-75.45628598030653,-0.014063117568470562,21.343747281237917,-0.11245901627278682,-50.33797646218821,-0.022420479938329504,-84.18944332406083
318,6.36,0.10321093582279571,-15.719243920617158,-0.20387932769425665,32.568829089679745,-0.21384760643080009,69.2593743433913,-0.041170191357243736,12.925474032505297,0.2135327111194219,27.75673618887095,-0.1233564716153121,66.6555599243305,0.027626679448727265,-23.584452965513925,0.3233345350236812,-34.475079269800254,0.19512121817985595,-75.08168410866291,-0.022966336622742473,19.58246230489718,-0.10918017934103562,-50.33797646218821,-0.021037902896501856,-84.18944332406083
319,6.38,0.12092585865858795,-15.91485343445597,-0.20018464181565307,32.62477514363224,-0.22514298454628787,69.62037213287778,-0.04924826816499199,12.849386750402648,0.20479349358146662,27.627511002377343,-0.12178922970716721,66.54495163464313,0.014181691345943728,-22.660270346606488,0.3066854871776584,-34.59142626710961,0.16271331520814225,-75.08168410866291,-0.04270462479944087,19.19275888818767,-0.11175132797417595,-50.260317814871186,-0.03973894419055442,-84.18944332406083
320,6.4,0.1366578253052103,-16.030043687317793,-0.19336418642727798,32.626876218419966,-0.2030958748027927,69.84212243631396,-0.049909511308638604,12.831458948040726,0.20874206734959483,27.605454822445463,-0.12236432291679539,66.50720099165848,0.04773355220813444,-22.563968502214433,0.3277253534058222,-34.625320202843234,0.15792688191346577,-75.08168410866291,-0.04602059410652475,19.072043836279693,-0.10917616325867796,-50.2618958267528,-0.021596137506261187,-83.17048597737258
321,6.42,0.04724064694956534,-17.013466606079685,-0.2598817220329603,32.805959964317935,-0.02431443330690161,70.08707590500123,-0.04128571918133443,11.657776569540879,0.18279330089833737,27.455827907755133,-0.12209357891671427,66.26071626692857,0.2776356300853826,-22.563968502214433,0.2846611460839314,-34.01148670725494,0.22623497723207342,-75.08168410866291,-0.13437572545861842,16.072523776326015,0.8770749666149535,-45.316650702435254,0.8009619994508652,-80.78654455602579
322,6.44,0.12104763997039172,-17.82991415747558,-0.2082662200394594,32.805959964317935,-0.11072233270704356,70.21159875145885,-0.05678491214583878,11.270355909398353,0.11982842439394248,27.311775183991607,-0.14680534106711077,64.79545505132742,0.12122568431998346,-22.33501106705357,0.3086734651460866,-34.10004290950214,0.24185191061724057,-75.08168410866291,-0.060823584202128606,12.940298876775271,0.35450343010748875,-44.11802299446839,0.27842104131723067,-73.2951213734505
323,6.46,0.16384135787008897,-18.303761681761923,-0.2075873366673085,33.07717646391589,0.013030550861926712,70.07361837381498,-0.06992387079504839,10.917992856150263,-0.0308866592622936,27.311775183991607,-0.1804124662300885,64.7459217156299,0.009831575059595296,-21.1848651611469,0.08981259901448618,-34.10004290950214,0.10057622006688949,-73.7554116900466,-0.18146487671665504,12.677421212437029,0.15626314243957506,-35.04824191278557,0.12938018847215427,-70.63643523624366
324,6.48,0.1226898799160796,-18.359523828506596,0.000247993315174444,31.409189586130623,0.0033087218080731784,69.68511406178844,-0.0714580725505777,10.936349492022423,-0.00020972483285923438,29.2061070304126,-0.2022005386740906,64.85294485966227,0.043076569823699895,-20.06886955520092,0.07847147722570166,-34.10004290950214,0.06776924116425123,-72.40228222211677,-0.21386979025977979,12.509117731803006,0.16727597669308764,-34.496288217471104,0.11780870798549381,-67.53799761454538
325,6.5,0.09826846348792104,-18.199478955280775,-0.009273939357793588,31.299248953552656,-0.001555394850361408,69.58000167931918,-0.07785894637534571,10.948190857862077,-0.00693501232878832,29.2061070304126,-0.23877776099444997,65.16761195637389,0.08042009329308589,-20.123833997369,0.09260434784635957,-31.889700724485827,0.07464883734333663,-72.05117911070805,-0.2096287452355372,12.53351397687668,0.1891976383620398,-31.807460469081125,0.12299885673226116,-64.91510687269145
326,6.52,-0.07820078342253102,-18.420344757632044,-0.05146680068821745,31.277111275724526,0.08235706402594747,70.04118591432801,-0.014309162254643334,10.915145926351988,-0.04152777727659007,29.60860599679231,-0.22229516662670798,65.26696460902997,0.15849807618060335,-19.539268010280626,0.08032594517026108,-31.536823059914564,0.1257541646764444,-71.2428271591066,-0.21934299812051758,12.540864409008373,0.17372283569115515,-31.445435061642826,0.15177526210021366,-64.6654908117591
327,6.54,-0.030358916266466057,-18.8037286366428,-0.046354992892959475,31.36746082161215,0.053951133174647864,70.23283225938887,0.004627866460651005,10.49683355939483,-0.042316821708877884,29.89108295406781,-0.1922236594976274,65.28843503665594,0.1453456248010773,-19.01263276412514,0.08503603816460499,-31.485320277084785,0.12914218641096975,-70.9677878873881,-0.2246727634591586,12.626676152405732,0.17892207853615505,-31.362053687101902,0.14685691544353935,-64.6383843921322
328,6.56,-0.010833633879450452,-18.950866655881576,-0.05721345153923477,31.561677338912506,0.042611007759176575,70.23283225938887,0.011734905476022583,10.135252878873589,-0.043544979190246996,29.94750491371607,-0.17000743274223765,65.01356822556382,0.1138812301176553,-18.757488830639645,0.0924533424015594,-31.480968213042726,0.1277794030802316,-70.76694809129793,-0.2223704077911044,12.650972380587023,0.1820965843727065,-31.328789613667986,0.13979773581794347,-64.58243559601122
329,6.58,0.0006797786119883548,-19.242761801728037,-0.06101003104499742,31.5814730663467,0.04126188028283152,70.57657007043684,0.010562382553202476,10.057190899503173,-0.043142908122477876,29.9761865550938,-0.16062858374247707,64.80624939787077,0.10499745615662466,-18.34078913437252,0.0879854140734243,-31.505510471315507,0.12815614719047613,-70.75286232039934,-0.2218338421741446,12.650972380587023,0.1810026449910101,-31.33458801608948,0.1421184063801847,-64.53774732107547
330,6.6,0.0009346411664118755,-19.359945207673746,-0.06057087841344154,31.647099132845067,0.04433620460211815,70.7179303057046,0.008758988494173696,10.02056793892987,-0.04218878813720167,29.99391254608203,-0.1654512190257271,64.71200166065651,0.11198558170340393,-18.291221559096346,0.0874026284962011,-31.507399661344095,0.1283221526305539,-70.7529368307273,-0.22173692203120388,12.648983481256218,0.18105287245236207,-31.33458801608948,0.14279447506607967,-64.53690874564545
331,6.62,-0.2509399601803985,-19.56742418130885,-0.18666610464277558,32.04498936612303,0.036331507205482394,71.08855175606278,0.01247700092254389,12.235204630199748,0.8980235212350387,34.86881632629152,0.5988154498893499,70.0655060020138,0.15140098512340394,-17.26251996712249,0.26397462849523423,-31.848669796778807,0.31814630006089073,-70.62097760422961,-0.10912372505864514,12.648983481256218,-0.06213015636372227,-31.33458801608948,0.0785938066369037,-65.26716594490726
332,6.64,-0.035831627019351664,-19.92181446713205,-0.26526874012141893,33.476598845086286,-0.051166290288106264,72.40879466255156,-0.07556731438721226,14.324592090253184,0.37549527496759283,40.56229793777835,0.076120316827752,73.96104605571246,0.16496707365351182,-16.80863629396944,0.36669131292618645,-31.848669796778807,0.26090030385553303,-70.63125899749494,-0.09159229573388541,13.440935341139266,-0.08285487033399741,-29.410443917852795,0.07283903820946591,-65.81404113742197
333,6.66,0.16213943215856724,-22.70917695124196,-0.2591847175609505,33.98685730365179,-0.11204972550927289,73.08467275697207,-0.09445274484172062,18.478398385563903,0.23531889451332333,42.65597406645069,-0.005147099870890071,79.20376347479325,0.17565940460622917,-16.80863629396944,0.40918863556706847,-33.68804762489667,0.1382807179363444,-70.62500978402068,-0.11471751653758047,13.437380868490896,-0.05423875864780359,-29.169944061617848,0.06767409044166606,-65.92407190374203
334,6.68,0.21615303125500868,-23.194150279789277,-0.23603869299893987,33.895230968514326,-0.1698428992860581,73.3576701127181,-0.08406723861070245,19.04139665413142,0.250817238629137,47.88116787865385,-0.007046652289729088,82.08525161590497,0.1675290856987647,-16.55715864924127,0.4129686242562389,-34.46942273185271,0.06493622641056482,-69.42552707049525,-0.11086692254068703,13.51861851660514,-0.058684829937339464,-29.164230482735633,0.06851498050502773,-65.95340047322797
335,6.7,0.19801397901148632,-23.194150279789277,-0.20930331246810566,33.68290877349348,-0.16723953494536342,74.4568573623209,-0.06665731260666437,19.311611595717512,0.23466083244878905,48.357979100703055,-0.006252476369153298,82.6554426323294,0.15969920843411756,-16.47387504956372,0.3789445461288583,-34.64921422712942,0.041049970400334354,-69.42552707049525,-0.171960814366924,13.655103889025279,-0.00385853214535746,-29.43129688556654,0.06394420744145839,-65.99006489607049
336,6.72,-0.1517850661218278,-23.84753946022466,-0.3128222141717896,33.77215845401411,-0.09565778091946162,75.00001159162753,-0.0053877958107885204,23.43652245267058,0.23579185284894316,49.46296201309251,0.023365493693107503,86.17461844816194,0.21420303346879604,-16.05675155362321,0.3457483597969811,-34.17939978129717,0.20424800657495537,-69.42552707049525,-0.11453559936504326,15.07384283747634,-0.08043020960580766,-29.552443672592112,0.06644499044601171,-67.1285324926384
337,6.74,-0.016822404727248372,-23.658682576281446,-0.1951727358546513,33.54622903891398,-0.10336529091545238,75.15712373496517,-0.049802603451746724,23.43652245267058,0.24327567889239582,50.095810557105644,0.024397764249565884,86.86835414158756,0.20297711738379956,-15.101017661882736,0.3542786961454474,-34.03584352290391,0.12263562235508246,-67.42348136925445,-0.09552981948559247,15.454573927169251,-0.06624846043518501,-29.39739135172525,0.05946888605515417,-67.29412600611317
338,6.76,0.11523101264633455,-25.192903771533814,-0.1880515207113635,33.49995491999455,-0.14170492359601888,75.32354876284604,-0.03812559853688131,27.776277890834564,0.2508267210944018,50.25407297730395,0.024406750520173492,87.76832277643429,0.16418012590952702,-14.811494047414433,0.370719622498589,-33.960769083688106,0.08353424539271787,-66.8552900777949,-0.10324080552174897,15.573434054846361,-0.06216339406836141,-29.389724554381573,0.06072474099914606,-67.84483644037613
339,6.78,0.14157494461394773,-25.957658363674998,-0.21557727508152072,33.555371662526184,-0.1398551205852716,75.47959959156071,-0.027868019207397454,28.38927285013605,0.24355548721174305,50.268178843638125,0.023811621101200553,88.1466532256553,0.1284110983509618,-14.811494047414433,0.36967843530325173,-34.02066787144215,0.0707701461332523,-66.3442381331225,-0.11513798650001064,15.573434054846361,-0.021318189335901377,-29.664078867493497,0.0912162817438243,-68.20903028891058
340,6.8,0.15911242019905705,-26.234753364078728,-0.1131083708291101,33.52131085480171,-0.13047000424666044,75.54773150372274,-0.015787805124920683,28.606095626101,0.2449785736440302,50.35133068298754,0.022956137766355536,88.26949144243243,0.11221228014761042,-13.873992389895562,0.36570193151755853,-34.02066787144215,0.08491973795088832,-66.25858102939287,-0.11579746663884039,15.797578057752105,-0.0149811659823237,-29.86346945302036,0.08364773756981302,-68.20903028891058
341,6.82,-0.0681381807633384,-25.508390652305284,-0.13877262073498095,33.313716495688205,-0.04795179810353735,75.9280148844907,0.06963656184417977,31.72490884458999,-0.6403569634834212,45.67357770129925,-0.051012858117495785,83.05926451744297,0.15313916187941953,-13.873992389895562,0.3043833521958736,-33.78305389925756,0.1907713684819028,-65.50003328328467,-0.06035458377282023,16.47861855589036,-0.008737862455503433,-29.86346945302036,0.0012207121910423613,-68.70177600012312
342,6.84,-0.14768247854816136,-26.33096219609534,-0.173092992122512,33.31655853881564,-0.04154169910193699,75.88454266388376,-0.014780553314828776,35.93269142999002,-0.11769974449932985,45.67357770129925,-0.047689608607404566,80.07196437412645,0.14087577615467697,-12.15859619932395,0.3104599562688606,-33.045277199487465,0.11942753939223205,-65.40296561072228,-0.06901370086919584,17.239166406734117,-0.012360973422172308,-30.327230409474925,0.09871884270590348,-69.40184817057153
343,6.86,0.07127850445977232,-27.379917495546742,-0.17945744777409844,33.31655853881564,-0.030757059778770315,75.799568481272,0.17480089809423827,35.93269142999002,-0.08825432980666831,36.12200599682119,0.04058606047947767,78.75444332431417,0.14732849720570643,-12.021722543985069,0.23057600920526122,-32.742872378069585,0.008317829240720206,-64.24538717579611,-0.12598847601134988,17.35186662538067,0.1761670008264985,-30.32641112228253,0.15014392343654998,-69.89768887871094
344,6.88,-0.03184126790921401,-27.15092478960485,-0.0366738533746456,32.302280232832025,-0.03145314592313972,75.68359829711741,0.1438152386180131,37.59071763569869,-0.06078072476181051,36.12200599682119,0.060576644320879905,78.07380871272412,0.1458372733995667,-11.861765611164493,0.2012070547651311,-32.742872378069585,-0.008587351825101175,-63.50824598657458,-0.13552949681719287,17.35186662538067,0.15053283099272224,-31.441427374335337,0.09956371799804109,-70.4415974325172
345,6.9,-0.05844487491716336,-27.031100379024945,-0.024485625651112286,32.302280232832025,-0.027884061570806,75.60839506666794,0.12433245731854176,37.797758448978264,-0.08235255909403863,32.7564780887082,0.03494161076771085,78.07380871272412,0.1648367599039236,-11.87564296260258,0.22400999353518405,-31.88768417844813,0.014558213159464428,-63.25081777136165,-0.11932667471678107,18.27057785072764,0.14807832175144678,-31.441427374335337,0.08186639086735899,-70.3145412264792
346,6.92,-0.2435747640671027,-27.125312979039286,-0.0091743442566831,31.68513771840092,-0.002704681160128064,76.0047984724857,0.19344529725478385,37.58565290850908,-0.10032931658708674,32.55915174706927,0.03129385371082331,77.3506547900255,0.10647050093630475,-11.858845264079887,0.21848380041304394,-31.98968270135027,0.06956664692532864,-63.05054106581892,0.01564142902351269,18.27057785072764,0.16379585212963596,-32.05298822030867,0.01042871145531396,-70.77395603001769
347,6.94,-0.2138817793820202,-27.46709521670787,-0.022114056206055638,31.6652238822782,-0.014928608296696066,76.22619461691966,0.2266098501734672,37.328357930440156,-0.10453779694630554,32.56213949860012,0.03762141331036854,77.33689467597127,0.08112840062639674,-11.858845264079887,0.24709130402506904,-32.09639124600628,-0.02426372509590817,-63.00898784132834,-0.011672153374135033,18.27057785072764,0.1733179899780003,-32.05298822030867,0.03761405833647212,-71.09427395148658
348,6.96,-0.18793334707538362,-27.46709521670787,-0.02958082098144703,31.695326749223735,-0.006821255373996152,76.23245793852324,0.23339334106251347,36.92277777392385,-0.09837520053571289,32.56303749190434,0.04693503732156344,77.33689467597127,0.07443245770063753,-11.32409087646647,0.25023519183794424,-32.15233078274927,-0.023673034613394317,-62.75927029332068,-0.01763838880955923,18.27057785072764,0.17381402708179092,-32.05298822030867,0.04410524925316964,-71.29420388826091
349,6.98,-0.18565738719529992,-28.14972919363336,-0.026515868459219175,31.699396935575628,-0.0035658126219539066,76.30504569319487,0.22617128965294409,36.832861383304476,-0.0984180597173741,32.56303749189771,0.04657820452490827,77.1759893703115,0.08052125301590816,-11.108633040642745,0.24996406183737518,-32.152330782749324,-0.01848312102989845,-62.71599027619667,-0.01002851129412367,19.462785571896475,0.1728920255449643,-32.05298822030867,0.04116864090709155,-71.34852998792692
350,7.0,-0.19254667267542605,-28.16591189905632,-0.026775023749089306,31.700697877333766,-0.005664289734963718,76.26362935126683,0.22055476047498423,36.83291637878281,-0.105325195650922,32.56400846247257,0.04252668887272157,77.1759893703115,0.080322374614039,-11.108633040642745,0.2445557109763796,-32.15043699213491,-0.01925201765590706,-62.71980553820774,-0.009128237508140711,19.473285539219287,0.17304564633853656,-32.68202384026308,0.03905200018769654,-71.39082177385907
351,7.02,-0.22002006605980773,-30.04088730818061,0.175916153089516,30.351671117273984,0.035826499349299476,76.54682516190077,0.12827842380792878,36.51984513319825,-0.19206156751973477,32.56400846247257,-0.1840747422939631,78.16744470141997,0.02838937573861683,-14.511563717520556,-0.681584161406376,-35.62242452303514,-0.7842895713544984,-64.51799311253048,0.1116353554214976,19.51939849093188,0.3510532668471863,-33.29848074790804,0.025391014229373912,-72.30663132896159
352,7.04,-0.03936528374016368,-32.0602602162336,0.21117299074040424,29.793005901816464,0.040681493055072765,76.58055693223552,0.02225599563461536,35.60287235795586,-0.2680421846158213,33.2367163459517,-0.1419220749917271,78.16744470141997,0.11942900183931425,-14.923423139796096,-0.15897730926841658,-41.315906134670655,-0.26166256282767897,-64.51799311253048,-0.14161769993242224,21.144953100244216,0.43120467514215527,-34.75904411552542,0.010021983862256847,-72.52457644734677
353,7.06,-0.0024410254113710478,-32.644245573055734,0.19615223542925497,29.309472041772114,0.040678531450463795,76.58055693222222,-0.043371060367237896,36.01694927962051,-0.30223455918413056,34.35128496968253,-0.08646381214422284,78.76387246505494,0.14154774978968984,-19.10728749308872,-0.10283837940295149,-46.691950947977745,-0.029500121596495787,-75.90495635013633,-0.23863294913523214,22.813821020171478,0.43462916666730866,-35.408005962215206,0.003796072906181308,-72.51743210250235
354,7.08,0.019929759896729266,-32.644245573055734,0.19296832462348268,29.309472041772114,0.040645316253399746,76.58024642636055,-0.058247486031309435,36.50498285966655,-0.3142006392021421,34.63279592377619,-0.06252494730305883,78.31663196994158,0.12351227212670905,-19.731613787771057,-0.11927021259827106,-48.88203956645353,-0.028567187568646624,-75.90495635013633,-0.23004299389009011,24.125406130916573,0.42974899779988174,-35.408005962215206,0.023056257830825003,-72.5930823154242
355,7.1,0.011234977647995926,-33.36970566312322,0.20265917402977596,29.135690510670305,0.04061368272863719,76.580246426325,-0.04528641785219009,36.848335673740614,-0.3107222052439409,34.91456684370342,-0.06069120185106906,78.31663196994158,0.10151320427905668,-19.806725759789032,-0.11932337182691749,-48.88203956645353,-0.029094902268508888,-82.52264147610117,-0.16487492749370591,24.21229349526451,0.4185425609956595,-35.712151191378695,0.04950638058229452,-72.73941288007508
356,7.12,-0.039179168647859475,-34.808401785110576,0.3026323811340763,28.918449985331268,0.042353816242677714,76.580246426325,-0.10760604638418048,36.848335673740614,-0.27562356638381497,34.92712145339916,-0.16390892972299403,78.31864102301681,0.02507980533215276,-23.629995730506046,-0.09855416713309417,-51.085745717516055,-0.05922973087818123,-84.53590458117665,0.1371715178524439,23.412066183136343,0.39588717016754627,-35.783830301095506,0.009959474835585208,-73.26810208464235
357,7.14,0.0013585073233378375,-35.81109000600002,0.22499016951711853,28.918449985331268,0.04894051899722637,77.0762841952922,-0.05539845960258552,35.06551700383303,-0.2590640860457319,34.57463521090787,-0.09245578574306415,78.14989617707404,0.07050524775322464,-27.095055252738433,-0.10609311597251639,-51.085745717516055,-0.05965112596328537,-87.03584704104979,-0.03383965407698675,23.817335805293286,0.38054051535262023,-35.64272081711845,0.010265523938529919,-73.26810208464235
358,7.16,-0.005629485589548053,-36.078007374628314,0.15480487360788195,29.25987947240254,0.05062516234414184,77.07628419530309,-0.024600616620260585,34.67295435064861,-0.21937648427912923,34.48838921527716,-0.03415916941432118,77.69149516280278,-0.04902115255901204,-27.512745119495143,-0.02427586986687546,-52.32808519734249,-0.04368521418568161,-87.03584704104979,0.020501400303363226,24.404191793175798,0.303384061828065,-35.64272081711845,0.022775934102286538,-73.90611326296346
359,7.18,-0.022201551895967495,-36.103533998471725,0.17784355296112286,29.33641392483104,0.04434689639031483,77.07632648605802,-0.010709627646719434,33.751452525179225,-0.22926224652315697,34.08498169258742,-0.032326772521740654,77.38124956285723,-0.04495435113520874,-27.64694884195684,-0.03983768521260387,-52.32808519734249,-0.04526427891039328,-88.14430510669246,0.03422049176660163,24.351385613721092,0.2377136868556653,-34.605304077611414,-0.02777658926475969,-74.10982592307239
360,7.2,-0.031123415267077757,-36.036256801561116,0.18375122941568042,29.324995726155507,0.04878586965771027,77.07632648605802,-0.013940391283751762,33.55885408252362,-0.25071652224381025,34.123322050891716,-0.041584537530136065,77.11473657455056,-0.04230974826906045,-27.8655710834933,-0.053361617171830876,-52.49672721584172,-0.04603220542616916,-88.17254032079916,0.05301062668058488,24.1842517680133,0.3168502031736109,-34.596449521491216,0.06487217738977591,-74.26651666546037
361,7.22,-0.02418286750024412,-37.71599719450139,0.002651513718848364,29.642090506898963,0.04615174833843792,77.32107660004444,-0.1300864647861397,33.04372802740686,-0.11362219542601393,33.91578022298205,-0.13688258515994056,76.92165219140631,-0.16742056513583126,-29.245896941307002,0.8878954615877594,-49.473442471500775,0.0673312986342347,-88.17254032079916,0.34661917342383713,23.497003879117894,0.15468497820493826,-33.81148945536666,0.10951663423770705,-75.41864005490064
362,7.24,-0.0091141071845985,-38.5673810703019,0.17575004095765775,29.549928186482283,0.053583568578593824,77.46742297075373,-0.1793385882859329,32.29707048180917,-0.10746708283194781,33.03664693363671,-0.08963665874568733,76.92165219140631,-0.17092451487302862,-34.29590430515801,0.3653290429649769,-44.07961778618428,-0.1809846698519333,-81.630333544698,0.19402855964891408,23.958836466013736,0.10992095897613519,-32.956673753562455,0.11597051017768473,-75.91472045121263
363,7.26,-0.03385667521662006,-38.9346706495325,0.16584164729228962,29.549928186482283,0.05160118385231176,77.46742297075373,-0.1952012905547971,32.48184551660236,-0.16203146034470564,32.96978754920896,-0.10125350080511142,76.95077047204106,-0.19174850179126435,-34.29590430515801,0.060483512008676965,-37.95217936149237,-0.08144734070113097,-77.66650041442159,0.19964129714148213,24.735361666302083,0.18311243124506021,-32.89851423206243,0.12766087637503398,-76.1716297241408
364,7.28,0.02469651801423646,-39.52047889512092,-0.011609156140657634,29.549928186482283,-0.1856792355162671,79.38153497162898,-0.04494063396705246,32.48184551660236,-0.009817349663922476,32.69992780117666,-0.041244620447067254,76.60627730113767,-0.15134582942851818,-36.73821778093391,0.1902653187587059,-34.66293588813977,-0.19252208892593964,-76.5742160204689,0.01920268129810493,25.70302148024417,0.17833798068309795,-33.159542252966006,0.0657291413894359,-76.0622374539445
365,7.3,0.09521969235407844,-40.08705459450358,0.046427593046402336,30.83196335126907,-0.1670566145226971,79.81645387705039,-0.049457234363805405,31.16707498907675,-0.02556436875541645,31.82253610334364,-0.02066679416486976,76.60627730113767,-0.15080185663035817,-37.457116824180325,0.20279735667455498,-34.29216895527174,-0.15572138794126483,-76.5742160204689,-0.0024313088283549195,26.72379685939346,0.1619966083994083,-33.042891404655286,0.06936076242897077,-76.0622374539445
366,7.32,0.12559245040343714,-40.6267369199262,0.07679645924920858,30.703262769383233,-0.13573041990054335,79.82614268600291,-0.21812362987020162,30.46825676144072,-0.04226350389562876,31.67405359354852,-0.04617000026765425,76.60627730113767,-0.22797644767202746,-37.24454582762786,0.2226076636862512,-33.7452121516458,-0.11328054926238351,-76.5742160204689,0.1698207043417461,27.536433123154573,0.1432552513806713,-32.91399601499071,0.04084740619654238,-76.2092020592018
367,7.34,0.1603385291108192,-40.86298447176143,0.06468913820681821,30.689170443589187,-0.11519756842170797,79.71890773143208,-0.2123707507171525,30.46825676144072,-0.041616340228455534,31.740248945908196,-0.02781944458409366,75.46041732856148,-0.2306074861835395,-36.96642185956891,0.2165164766787474,-33.71773968650756,-0.09505398377554242,-76.59023326509576,0.17943288308840974,27.990580940884726,0.14656024688482072,-32.84405829206513,0.07211141295746885,-76.49598624129054
368,7.36,0.16556591123639794,-41.215956121464785,0.05425977618032773,30.785202248445838,-0.10153706379187193,79.50476685441686,-0.22163448116183088,30.46825676144072,-0.04680211150771204,31.794928205648407,-0.02384496338605087,75.26637291713705,-0.22736565566372982,-36.91610493830137,0.2172735093918616,-33.68989658914292,-0.08319869419890992,-76.67530744320632,0.19217610024157683,28.168278078577632,0.13985468150233615,-32.80957558129473,0.07628028168212031,-76.68117755822051
369,7.38,0.15771286381093133,-41.228542771215324,0.05687887522711687,30.791223210124873,-0.09914530386040922,79.33607552740418,-0.20681991414858644,30.013348309010407,-0.011140595169332676,31.81966945109009,-0.029881210113715792,75.24207962611509,-0.22163957605975773,-36.85485098490047,0.2142745768672688,-33.687956765628684,-0.08390169404214065,-76.86023488210546,0.19840266375229793,28.119929528605194,0.1332496957032889,-32.72353129313077,0.07109449350521531,-76.68117755822051
370,7.4,0.1446125156861629,-41.1935262708975,0.09530130109130186,30.791733470719073,-0.09617366718226832,79.27377488181874,-0.22496029485889182,30.03310540636917,-0.052514054593475835,31.89371627369299,-0.035238070294552684,75.21183922015038,-0.2222196654424412,-36.87034706424335,0.21864648508107454,-33.685829246130936,-0.08413321158390652,-76.88344449597722,0.19641765615860454,28.110472656699535,0.1333963740580672,-32.67860085981737,0.06693004295477466,-76.76218747265867
371,7.42,0.5275322716687565,-37.71055199420166,0.9414,32.70113081168347,0.12810845098824825,83.6733149202633,-0.3593033822019221,30.03310540636917,-0.23398157391120472,32.83875356787538,-0.08472196430380573,74.75809481270699,-0.139986403773191,-36.21696429025216,0.11492503942270438,-33.05796194903709,-0.04228372327345993,-76.96805065605307,0.19797368750755895,29.581953785962742,0.2277948582318121,-32.682309282279434,0.05430873792338187,-76.76218747265867
372,7.44,-0.002021022344986023,-32.12735365837995,0.7927744121858074,41.690838619948494,0.12112503463281088,85.7539774848504,-0.22619086368489216,29.16664026166383,-0.2790321359277588,33.56079211854956,-0.17338997416283383,74.7691592943406,-0.12943807390663434,-35.57547208361129,0.05096997977094317,-32.78008836175164,-0.1074674752388938,-76.87782341788689,0.10699082599295923,30.992365508452167,0.29810520938229035,-33.48976351248606,0.13328809915485018,-77.60470274263909
373,7.46,-0.07617546014388465,-29.68096003207521,0.2521826212523405,46.65981862921223,0.11845837369055326,86.92620029640125,-0.0013769061801775784,28.32458695735618,-0.2194472934139372,33.85730069848688,-0.14667377965927145,75.29177679895473,-0.05325342885539097,-35.13345815173329,-0.05057545508731646,-32.78008836175164,-0.046615009761791074,-76.70658679096081,-0.015521492285206537,32.16890432232994,0.32907220739147053,-34.39087801900556,0.16793295732031585,-77.60470274263909
374,7.48,-0.06202367134782889,-28.191538101600578,0.19839206821390803,49.37083127622597,0.11715834500156075,87.40932420103748,0.11793027102627707,25.31106577332587,-0.2004940208132444,33.85730069848688,-0.1222450390416149,75.3050706551559,0.013414243700860966,-35.54934067564769,-0.10204560552432326,-30.91233614976015,0.007546171239759911,-77.24385760365587,-0.13685255271458635,32.16890432232994,0.32420355680705787,-34.690744384493996,0.15377914340354693,-78.40927543284819
375,7.5,-0.064035309051303,-27.916196511430673,0.20554931393048936,50.30189600301122,0.11808139030162432,87.52184414795548,0.1279505132253424,23.979208424569954,-0.20566369890786146,33.6613897341153,-0.10372329638504289,75.3050706551559,0.03808661819628952,-35.54934067564769,-0.10664481700875976,-30.27545224945492,0.006698694454382398,-77.41995104876001,-0.20213565821401536,34.36441732765876,0.33156499423524255,-34.75605423572336,0.14319029584388998,-78.42918743545202
376,7.52,0.20583855295050857,-24.153983971042507,0.24373186445144368,49.63516240316301,0.08094676893358556,85.42766393482107,-0.16273243828622574,23.98736486496166,-0.21637774480154517,33.47890545388032,-0.15319629998685003,75.3050706551559,0.013263084427316774,-35.39506541814613,-0.08322390354855193,-30.264495236928557,0.009828326841659726,-77.20922058487218,-0.14171542000469559,35.601400484259536,0.36101544423701354,-34.75605423572336,0.04780261972431389,-78.21864755676111
377,7.541,-0.034251940302913536,-24.153983971042507,0.21840618082217228,49.317192827441424,0.0766719094836394,83.63246156700414,0.005855676889660433,23.816661957576706,-0.2171122478308155,33.55230183122319,-0.16736513192591332,75.3050706551559,0.019078672945574318,-34.293812368751496,-0.10796085343305722,-30.145673706168555,0.01754117937126165,-77.02619487130364,-0.1418778969550759,37.40262922017705,0.370117370830982,-35.20260596282597,0.11035639060083609,-78.18318937013075
378,7.56,-0.033621500021574185,-19.778003457982962,0.2165428295340621,49.31633188638222,-0.09035283075348606,83.79820947157305,0.08349954521891778,23.816661957576706,-0.07646859698244224,33.19795534466787,-0.09427074205330466,74.05480782373772,0.031430906982782,-34.293812368751496,-0.034490582261121894,-30.066537003020155,0.01690189778793283,-77.01544111993051,-0.1719433034681178,37.519912254066135,0.36098027370122737,-35.281302278073866,0.07126684255876747,-78.43323257916228
379,7.58,0.14066273083088637,-19.778003457982962,0.00775837868497968,50.5699346315632,-0.027105892930473996,83.79820947157305,0.08626079174020089,21.41714021819785,-0.04994719384791202,33.19795534466787,-0.09404175060960687,73.68238764141721,0.0524778052424026,-33.82217658202476,-0.04741847045235294,-30.457843127368125,0.01694872247072861,-77.01544111991632,-0.17610864158531814,38.097799748790166,0.2935250420739304,-35.33879546230879,-0.0031091985259460164,-77.87983575004985
380,7.6,0.08730374067386075,-19.82438451219581,0.07132571669305053,50.99588022653348,-0.009138448337055433,83.79820947157305,0.058611176799148915,21.244421467083384,-0.07681225809328299,32.02752160619382,-0.12887515016727502,73.60884424937962,0.04600832510317267,-33.86725104122768,-0.05477720478996093,-30.555739790333288,0.016995547155254823,-77.01544111984654,-0.14794664179120257,38.17533220499569,0.31446729520470346,-34.80901165648815,0.003835913380581618,-77.55944632025901
381,7.62,0.7486165767466416,-17.15432411551341,-0.9414,45.41927587126985,-0.8588347028962888,80.77919340911667,-0.18992208739735095,21.34668070463756,-0.020272393869542618,32.02752160619382,-0.161487936155028,73.29939305526415,0.021181287822576972,-32.6644516741792,-0.0230793486289234,-31.051957952935012,0.013993280594754604,-76.47876305651289,-0.0599629234926409,38.17533220499569,0.281735370564972,-34.729897936478146,-0.14996224736515648,-77.51341495165974
382,7.64,0.18160869124376744,-14.203902025855124,-0.757039072615812,39.72579425884538,-0.3101938849153556,76.284339499861,-0.08947285079339642,21.34668070463756,-0.10393005579721948,31.294178945999324,-0.2056528813592133,72.94459865441813,0.013595838187688877,-31.408531609061615,-0.06946157343934245,-31.051957952935012,0.02042527444201314,-76.47876305651289,-0.050384581506805075,39.61231968785326,0.34824868127988967,-34.745974870405966,-0.029732075815586206,-76.80423122361152
383,7.66,0.08414775812179076,-14.203902025855124,-0.20829329719374734,34.69162880773718,-0.001103554014411423,69.44063365742178,-0.07425781650165582,20.597173163215775,-0.07185678043091956,31.998422060093173,-0.1087689538231596,72.96459047646559,0.05746237924446597,-30.969568545244822,0.16028456767551497,-31.051957952935012,0.2508671192901613,-76.47876305651289,0.005757936082873446,39.61231968785326,0.16791944934017972,-34.745974870405966,-0.02620489331375296,-77.37579140992334
384,7.68,0.21712233212507892,-12.54471063579479,-0.050643239034477594,31.589579630771652,0.014573107600486468,66.04840017935165,-0.11357984771322689,20.458914516946695,0.00041572284305907425,31.511630115836425,-0.04381802341570307,72.09039224350558,0.07358292395696964,-31.01902796997906,0.08412776506494818,-32.122278971403475,0.22443000644705796,-76.47876305651289,0.02668461220744097,39.53460603814019,0.12589533849222834,-34.745974870405966,-0.04572672188346946,-77.37579140992334
385,7.7,0.22111248442740003,-12.590783088059379,-0.05234153822874757,30.756631387702264,-0.02763670366367403,64.45706943646775,-0.11111038490495855,20.572561264947762,0.0058289106527917856,31.205522415687266,-0.06494222801947341,71.7148975021061,0.07382310340316978,-31.158836516707268,0.09934767367064877,-32.12909998704679,0.21306881599200106,-78.40262907110524,0.01898869640047623,39.229729957279474,0.15535683019323027,-33.29765557215847,-0.04866177238251615,-77.3081822728125
386,7.72,0.22193885131037266,-12.62652200345346,-0.055904133265958,30.756631387702264,-0.08497379634033496,63.72077003721133,-0.15704674935606958,20.24886110370986,0.01905233489047258,30.705490805784134,-0.10810815121841738,70.80968558154869,0.21370899262391796,-30.631990357036834,0.10203375867128904,-32.12523623413157,0.2392389343443932,-78.1822236342002,-0.0913178862142808,39.6139913511945,0.14373710214360413,-32.913750969004965,-0.08504684853096843,-77.1227919214573
387,7.74,0.21556368535256248,-12.594760911587075,-0.05394284002665628,30.29261854265552,-0.09755059707254637,64.01731006935653,-0.09828198642409522,18.871006944323934,0.027904555388027344,30.557200758309182,-0.12955451299927667,70.7316301004627,0.17855040331772773,-30.246262871947117,0.05541767240236395,-32.22739036769016,-0.051584422223651394,-77.78112762408158,-0.12250391291215743,40.27932127523121,0.16574103892375536,-32.913750969004965,-0.07246872547427018,-76.99549438884209
388,7.76,0.19972000654239414,-12.478464873431125,-0.068119500946756,30.317384002848748,-0.08982707861085253,64.11437475638871,-0.06488821619917506,18.412232529661395,0.02202431174089118,30.51338674149938,-0.12304627448243785,70.6137050007774,0.1729232696509095,-30.246262871947117,0.1007978826895365,-32.2633156786495,0.16247244782996514,-77.24894067672093,-0.14184691104714325,40.62946300502959,0.16687816970205724,-32.913750969004965,-0.059872005983486715,-77.00970954039977
389,7.78,0.19223864549485203,-12.383773776610404,-0.07589791559472872,30.353262560036512,-0.08811075811401448,64.1413459269647,-0.06056026847665798,17.81076315491681,0.020246372298160897,30.472423881849664,-0.12051664319558332,70.53598100221491,0.16933700431884738,-30.246262871947117,0.10246798576517174,-32.2633156786495,0.1568868324587345,-77.13401157884236,-0.1442762652838923,40.84849045688545,0.17189782877989768,-32.977502835608725,-0.04924339965226514,-77.12433858130684
390,7.8,0.19470620701597469,-12.383773776610404,-0.07746223927602644,30.40454806737118,-0.0876559605062355,64.14217743743927,-0.07128806119877115,17.737936756614065,0.02277509759821101,30.46827278327199,-0.12381519131368314,70.45465327547518,0.16601620718673216,-30.246262871947117,0.05842596056295385,-32.27733002860771,-0.0408341534994518,-76.90809043077451,-0.13444654494174915,40.96131250612725,0.17276052499813532,-32.977502835608725,-0.04804820803181982,-77.19287430744691
391,7.82,0.1262957287571387,-12.900742346259571,-0.014486620041861527,31.161731285175417,-0.033854654925951605,64.82710590983622,-0.05227669228179649,16.247641342385407,0.12335229513084428,30.14253314712754,-0.15352949204286878,69.9105955440929,0.3783748303092023,-29.559804175255312,0.28889767482519,-32.92241035570349,0.2665193728779388,-76.58120461568345,-0.14556702319320702,40.20507271655308,-0.7180021116070259,-33.24308320839917,-0.07844863700760496,-82.78105630358712
392,7.84,0.0805183960624035,-13.190498069860354,-0.2149742903726692,32.12902876508597,-0.18064553234237227,65.70941289535743,-0.056695359329809666,15.680251214843967,0.17814625197272316,29.334418863807382,-0.08190584549147284,69.9105955440929,0.2330180664528111,-29.09781625399299,0.3403945136234874,-33.531275275417066,0.31082250471243267,-77.05805238472755,0.039025839508589566,33.04460648073705,-0.1954118563300309,-41.633477163045754,-0.06727805694012376,-85.6352998817062
393,7.86,0.10338591073964819,-13.298383714107054,-0.24606957202834248,32.359443367973135,-0.18579048843870538,66.9655071585747,-0.026700269251819043,15.455597690244218,0.18526148523564548,29.334418863807382,-0.09595886280939729,68.44745923694758,0.03858708682963852,-26.978702052598727,0.2858535885229001,-34.3863479131114,0.26544181974667314,-77.13784775572702,0.022039812159310057,29.506162393210353,-0.09088883855525542,-45.225599271610086,-0.06804985163331989,-87.1227564769661
394,7.881,0.13730518634859132,-13.624373634942854,-0.20270166355312236,32.393371248458635,-0.1874743846793439,67.36982625073463,-0.0331212692607327,15.03214878772769,0.20818907509818618,28.299261064506755,-0.10603724950817006,68.35237708774216,-0.04650161733702296,-26.886917658521586,0.2707071268960861,-34.23415788893788,0.2128245744824846,-76.88040880741787,0.011836537764083013,29.506162393210353,-0.09636606219756896,-50.533364775137834,-0.06548590173657517,-87.6246728288154
395,7.901,0.15932756526646435,-13.842109250811832,-0.17780159335637827,32.393371248458635,-0.23801467114211983,67.47117973604335,-0.03883936414909333,14.950980184951952,0.19845695491427637,28.117098518194172,-0.10610844762612776,68.3523770877739,-0.027746971629418693,-26.886917658521586,0.2780322644688901,-34.20260133533207,0.17965570461128674,-76.42050574777474,-0.006018434175451308,28.426110136031525,-0.11047000806041951,-51.262803853856575,-0.07457645903149752,-87.76492548829744
396,7.92,0.10562427184219175,-13.842109250811832,-0.23535520406924648,32.56164058520697,-0.07277844125369451,67.85166908936898,-0.018599492152805472,14.950980184951952,0.13041233203373176,28.117098518194172,-0.24906894013608744,67.29591564738709,0.2782106353016809,-26.886917658521586,0.3085229351806756,-34.08831804411332,0.22045845338351167,-75.53489464161656,-0.08528895053445174,27.932087723253844,-0.12849329782660818,-50.88414580985863,-0.029851481031565152,-86.48681689318218
397,7.94,0.1049512385976519,-15.451223943319425,-0.21360819241400286,32.74329169041331,-0.16450161123034346,68.55298995227741,-0.045797595422248094,13.15827348735251,0.19463415744309767,27.948087867360805,-0.11805508057803424,66.85170641216986,0.12376620241132197,-24.74152923999,0.32532894438647514,-34.197309838410334,0.22117842872489252,-75.30818841968824,-0.011456350820597205,21.072631579243332,-0.11628650546748309,-50.34491150068487,-0.022624471990520395,-84.09798797525507
398,7.96,0.10866751855966508,-15.633466108051188,-0.2078453642633312,32.74329169041331,-0.22294959074567935,68.55298995227741,-0.045362671704469164,13.15827348735251,0.20118528924035006,27.742570291134967,-0.12418218392684088,66.6740642630471,0.030896579095506138,-23.826496620050563,0.30705045167902617,-34.197309838410334,0.18643221558096706,-74.9927677872347,-0.028310426134539476,20.45850442582309,-0.11579915966319339,-50.22269486091916,-0.03948296223683012,-83.42428792667796
399,7.98,0.11296536648612032,-15.784892159878634,-0.21639617462088787,32.74329169041331,-0.21738180274281904,69.58094034764794,-0.04744093074757849,12.857488093325896,0.21279559546633264,27.646168433169983,-0.12399241840279138,66.52071678096065,0.014949771400827233,-23.12782185462114,0.3297668711082843,-34.57842770536703,0.16694511693203615,-74.76831559795762,-0.02993228015960748,19.186135644679045,-0.11008594587735283,-50.21618988347666,-0.021189289610442752,-83.19465964052829
