Time_Step,Time_s,FR_hip_effort,FR_knee_effort,FR_foot_effort,BR_hip_effort,BR_knee_effort,BR_foot_effort,BL_hip_effort,BL_knee_effort,BL_foot_effort,FL_hip_effort,FL_knee_effort,FL_foot_effort
0,0.0,-0.2988894014704241,-0.6215551930575521,2.696764470019519,0.155927141822981,-0.6890208130659302,1.9164404373866881,-0.2036912781447183,0.7486007968308815,-2.267675259797302,0.12222671746363717,0.7888453139229794,-2.0226476981698567
1,0.02,-0.2990332756121975,-0.621724708018225,2.6978274330103442,0.1559644415621048,-0.6890879327005504,1.9172612699145113,-0.20376946070318727,0.7488271347965451,-2.2685627571772575,0.12226623571989456,0.7891994346995684,-2.023425443424573
2,0.04,-0.29914811147089543,-0.6219806280051227,2.6988501012875075,0.15602442678218575,-0.6893325799822346,1.9180029926180597,-0.20384766911145918,0.7490625764313031,-2.269454714105943,0.12231404776418456,0.789487726687234,-2.024203188674247
3,0.06,-0.29926294732868153,-0.6222063713109263,2.6998875349676785,0.1560843029138922,-0.6894904537104479,1.9187940113535789,-0.2039258516804702,0.7492409589723997,-2.270379075478645,0.1223608846850556,0.7897760311253262,-2.024980933925358
4,0.08,-0.2993777831863302,-0.6224202615266141,2.7009325944239437,0.15614336058473446,-0.6896039859700975,1.9196111249695154,-0.20400403424978358,0.7493852995341366,-2.2713208045430866,0.12240788562756491,0.7900629113638841,-2.0257586791777977
5,0.1,-0.29949261904400504,-0.6226615214342336,2.701964704228235,0.15620090243323148,-0.6896572774345736,1.9204647574912486,-0.2040822168192781,0.7494398693179761,-2.272308905114845,0.12245516862740674,0.7903461659121599,-2.0265364244308786
6,0.12,-0.29960745490174884,-0.6227003115779903,2.703141397237218,0.15623999754624615,-0.6894239502053655,1.9215082190642665,-0.20416900439309846,0.7493676587588758,-2.2733291567712817,0.12250841410173492,0.7905873315071856,-2.027314169685298
7,0.14,-0.29972229075963397,-0.6227726647152776,2.7043413050286156,0.15626740468946668,-0.6893299572543262,1.9224776902863843,-0.2042471904034573,0.7493804281221069,-2.2742674672723013,0.12258375454333037,0.7908115587660863,-2.028091914939713
8,0.16,-0.29983712661734496,-0.6228757016173846,2.7055234748884334,0.15629594643626643,-0.6893307562061359,1.9233921789119635,-0.2043253764139767,0.7494587044849442,-2.2751711002232464,0.1226592635423341,0.7910367858753226,-2.0288696601950975
9,0.18,-0.299951962474935,-0.6230678221399298,2.7065688805498787,0.15635940585544386,-0.6894175293480476,1.9242194250457065,-0.20440356242415172,0.7496063360184576,-2.2761230756141853,0.1227017221873582,0.791333238236461,-2.029647430118054
10,0.2,-0.30006288859169283,-0.6233247639591327,2.707632432910682,0.15640592101478182,-0.6896222733802918,1.925005596781771,-0.20448174843395656,0.7497557382230546,-2.2770233147314514,0.12276581978065518,0.7915778933252859,-2.0304251753800924
11,0.22,-0.5294766451951927,-0.6942382814148896,2.871882360371257,0.12764655739085506,0.24279806012467986,2.691258372002613,-0.32001497098158527,0.7932794060134424,-1.8849185802548987,0.10990163639637965,0.6625226353697182,-1.2583998526220255
12,0.24,-0.3881375878673674,-0.6338517419846348,2.95821334264414,0.1120596210459412,-0.2692012785408803,2.169400853738944,-0.38461317608000684,0.7476126445119191,-1.929134074315465,0.09091458228049834,0.5116579034863381,-0.7359678475235789
13,0.26,-0.33569846086186883,-0.545210155752477,2.971128547780719,0.21681814640868113,-0.3880721604703852,1.6473341361341958,-0.3676857385902389,0.7675738566644396,-1.9988966454188186,0.09591423052495678,0.5376650710571703,-0.8512523846134316
14,0.28,-0.34668944075648933,-0.5625553496869378,2.9455205545379513,0.2238105408731197,-0.4237946937949832,1.1250582184385247,-0.37932967121792605,0.7063882279340377,-2.0389170984773615,0.08130201329269839,0.7443877430779688,-0.7390961567101623
15,0.3,-0.38541716659854947,-0.5478796380470788,2.9464052137544576,0.27393111445830987,-0.351376862778217,0.9998258521381482,-0.37115050865998694,0.636250825393191,-2.065294259889502,0.07992712737841398,0.7628303804636242,-0.7766645350626864
16,0.32,-0.6955234409790395,-0.6172632498461202,3.025527852819517,0.642789630090926,-0.3227256031550085,1.3309527038066142,-0.3002517470064839,0.6781380800438065,-1.7946996448933767,0.18463114604864406,0.7227612991005605,-0.9298471770439386
17,0.34,-0.7190230007971969,-0.6326593653244432,3.085964889088115,0.683041068026179,-0.37736275636209676,1.4104758270985869,-0.3150776631037033,0.7515186826091276,-1.6726851346288187,0.20433294745166625,0.7151240310612816,-0.917412121623847
18,0.36,-0.7325854296680939,-0.6278652084831116,3.1465659584792154,0.6529095081900436,-0.3976800740162246,1.4008908505187163,-0.29433184475485763,0.7766147529524142,-1.607685368241964,0.24404695466341977,0.7209593180581692,-0.9199378623565627
19,0.38,-0.7398765973430372,-0.6238175173089002,3.1731136175424104,0.6404456323597044,-0.3917347361577936,1.396278586285428,-0.2803979456446506,0.7730899288556983,-1.5906818955131055,0.26369919989403456,0.7237102847151553,-0.9272439374622709
20,0.4,-0.7401745434613264,-0.6240569978398998,3.1662738105746318,0.6444720270504797,-0.3881106837002747,1.3913366816799788,-0.27748455963892465,0.7684223832208484,-1.6023328091565754,0.2619643122364239,0.7227425668201273,-0.9337510740452164
21,0.42,-0.883349586981612,-0.6280034720215809,2.7669396873037835,1.3561975564285884,-1.3563686394149743,1.0212093574356897,-0.34465518502189574,0.6844762796166108,-1.3773684732218596,0.21879103716439918,1.0223996451955042,-0.9845823740633304
22,0.44,-0.4523997055298643,-0.5847879800530016,2.0938405499316795,1.1280918950491339,-0.8340005496016709,1.3563823098413612,-0.40115357102072674,0.7005718012547362,-1.177666034906165,0.19143816327699598,0.919698199122495,-1.1501164837791042
23,0.46,-0.3754850074036077,-0.58037735589664,1.5966117619572144,0.7589546780205079,-0.4173462199831275,1.6472906841211266,-0.26971287588408366,0.6788933884549103,-0.7006781758183245,0.25174153805032456,0.7075265612271433,-1.48161787380854
24,0.48,-0.43576619510023645,-0.5834257889013037,1.299550188773886,0.6010918745719886,-0.42731860477380135,1.3529416139288033,-0.20626131261681385,0.6733475669463687,-0.6388444655138925,0.34932737900171545,0.5886197303018019,-1.7545956047116287
25,0.5,-0.41639547047532577,-0.5191534679578651,0.914841347235728,0.4793006665288555,-0.34976266122232436,0.5849252331135801,-0.16297571765953922,0.6981305012636032,-0.58675120117263,0.3425369108529546,0.6761116567119658,-1.8668744967938302
26,0.52,-0.6522449096437739,-0.5636687565833042,1.1814094105796198,0.5855667291282817,-0.4599345993656303,0.8338587643303602,-0.21814266345615824,0.6972303232232067,-0.6665828427830967,0.5039168243098208,0.6312583674010227,-1.939854845870215
27,0.54,-0.5665106096665373,-0.6151305470840243,1.031278736945759,0.7104946251623414,-0.5049589724946317,0.7669260337141802,-0.26954981713603643,0.7522178382240144,-0.7860997277567094,0.40828708973342065,0.7462465965523073,-1.8459711114350208
28,0.56,-0.5432465394789625,-0.6387826839603105,0.9363267396239192,0.7568213292495023,-0.5074898735125284,0.764411998035818,-0.3280096350715932,0.7614211835446681,-0.8617747574191034,0.32384367475551556,0.7919982691763068,-1.819311959569013
29,0.58,-0.5263486554904641,-0.6155010764820646,0.9202052618444594,0.7654882542799895,-0.5060767186478285,0.7798420343560644,-0.3399910878798323,0.7535133991760024,-0.8693969196177903,0.3173465538357893,0.785365150833216,-1.8085125347897484
30,0.6,-0.5311482927868119,-0.6305999897796203,0.9413632163942899,0.7497702887131006,-0.5048982917345035,0.7808158487698732,-0.3255074824849655,0.7530828823052813,-0.8473103956015396,0.3383829195542864,0.7768818934883928,-1.8180272107200592
31,0.62,-0.665952035903891,-0.37226306379758756,0.7494447201091652,0.8171324432433114,-0.5830702402823562,0.4970744608680201,-0.2544039062248429,-0.17659499043351778,-1.6162075262375364,0.4078595508816826,0.904221833407416,-1.9153068933473594
32,0.64,-0.54434969629375,-0.22625959234330573,0.6325604754030925,0.7998000027651048,-0.6688556976436747,0.5734426938193844,-0.051999660939380576,0.19515380165815605,-1.1200299776933609,0.12506978354758191,0.915106685059342,-1.9242734950609222
33,0.66,-0.5381857407617018,-0.254212432104095,0.6003325996262086,0.7629341859153769,-0.6969648939778289,0.7825141076266345,-0.05199850220698654,0.2846623821565456,-0.5714035543976459,-0.028787039774740203,0.8943561781526325,-1.8049884509691396
34,0.68,-0.5082286625997541,-0.31807292421888955,0.7195216159215941,0.7653300581020478,-0.7214010778376939,0.9073793436457417,-0.26498174691149645,0.21179564106199728,-0.7475431574489917,0.0005088233639846396,0.9481624516058849,-1.6100297102977068
35,0.7,-0.4610382620464262,-0.3242048909324047,0.8536126371217955,0.7080353255024715,-0.7665779981904574,0.9069052241829053,-0.2006600293933856,0.2342183826166278,-0.6098141317117487,0.11852455912091563,0.9579755785407105,-1.4929952666485031
36,0.72,-0.5792683467844106,-0.28992446964176277,0.9239695743254788,0.5767203386240242,-0.7733536345064844,0.7948562990302185,-0.4611734051814602,0.2671201321973249,-0.7727417545519598,0.5217977893777227,1.0221053172037027,-1.4648272144703887
37,0.74,-0.5995746301157183,-0.32769358117309044,0.9571879784339091,0.5643952967658419,-0.7674161158944428,0.797044286710618,-0.5965282463893788,0.26970043319521436,-0.8374092371735107,0.5303400347875953,1.0790173057654902,-1.4403466405579566
38,0.76,-0.6140585114349669,-0.3411694166710926,0.9297334866726618,0.5545888165795358,-0.7654129715004762,0.7698228670343392,-0.5829263283660912,0.28885628957320353,-0.8456915029659645,0.5284614688681087,1.097234326175121,-1.4679472180444042
39,0.78,-0.6321402562698774,-0.33920913849497686,0.909360243411848,0.5546754838659367,-0.7657073460140124,0.7523745485938137,-0.5825221304303335,0.2879882038842249,-0.8644338406270355,0.517830678002339,1.0898799854626628,-1.496324369033763
40,0.8,-0.6394533981471249,-0.3339600209401945,0.9008913184691156,0.5554771104362576,-0.761563990810565,0.746521445159205,-0.5843054815352065,0.28536487977741776,-0.8750309673985601,0.5105939872956443,1.0848929431313423,-1.5120942062716274
41,0.82,-0.7467915594437793,-0.5416802208819004,0.8679881225426453,0.6429636870663515,-0.50092725265357,0.630578660696863,-1.2274490791853692,1.2264525160985384,-0.6662533239972468,0.9366009437694971,0.8208881146767728,-1.7217310963676444
42,0.84,-0.6050251476035828,-0.5124179449276104,0.7382603905599942,0.6606822678525581,-0.3430849448406501,0.720742221003665,-1.2235427699187262,0.726170793640373,-1.002539455002946,0.9229320865907281,0.6101169926060571,-1.872925460886957
43,0.86,-0.6109436858813206,-0.588961221286389,0.738995911447534,0.5776076702726329,-0.30585349080118235,0.7049192610202505,-1.268757939445765,0.6897765870832129,-1.0361443327883462,0.8465050483845442,0.6207001733373775,-1.815793685452147
44,0.88,-0.5813437645164405,-0.5846828953732696,0.7768222129498297,0.5937348250076676,-0.3782421457229228,0.6947040324312697,-1.2643454355481725,0.7231074305087262,-0.9846683797251418,0.7243372435853085,0.6948059052963618,-1.5744527969143673
45,0.9,-0.5640847783961928,-0.635674155488807,0.8583344199087724,0.5667475261259245,-0.42002001842876996,0.6806143009514447,-1.1925243745694132,0.7430852457497962,-0.9118254808181169,0.7416913302425127,0.7118115512177243,-1.45887340819946
46,0.92,-0.5490932001347498,-0.6045206070530371,0.932263411258257,0.37228465902206104,-0.4571224239494018,0.6151001084676773,-1.1675681140822445,0.7092867399163172,-0.9271527302186416,0.7040459540828077,0.7738893333590443,-1.177691339593644
47,0.94,-0.5118433773816283,-0.6009810600928647,1.019317432762871,0.3692919644430877,-0.46271693961006866,0.5879320685906413,-1.0746107647243694,0.6930614787704377,-0.9180076080426235,0.7603147128080129,0.7668580940047571,-1.1370650407693295
48,0.96,-0.5221826415258005,-0.5746797240280763,1.0407612158864636,0.3328893096110024,-0.45555899543452494,0.5911854211819678,-1.0519138826887993,0.7048769490203969,-0.8858705223476908,0.8621255037167158,0.7564868036311788,-1.2029534930165355
49,0.98,-0.550075655391574,-0.5819215209220538,1.017016647612118,0.3331420590048717,-0.4550158245939747,0.5954192313345171,-1.0740449191222388,0.706252868102473,-0.891640736111635,0.8369416361548888,0.75756419161976,-1.2115905522605224
50,1.0,-0.5446357837906952,-0.5851303714397584,0.9903839717586147,0.34389637029391673,-0.45494702075931165,0.5980785582242532,-1.100197823254074,0.7074939004421469,-0.9052136907150288,0.8069465232133229,0.7581394523383516,-1.2187724214587794
51,1.02,0.1841510349234845,0.6436004145282581,0.9899415789890571,-0.11441657819592588,-0.6965615865040528,0.6237436478020922,-0.5987234535878645,0.3250960747922632,-0.26038374220640026,0.8439136767202575,0.802603659500153,-0.9357419771915179
52,1.04,-0.01932932035048665,0.21242319761287187,0.46531832382925353,-0.12243409587802265,-0.7896326263862901,0.7223092382426733,-0.42363577129260443,0.2525653315636367,-0.4862584546708727,0.753963334026512,0.8506049742317245,-0.6980846641827938
53,1.06,0.01486216809309597,0.014638527050565953,0.5637172749839522,-0.08300743068300007,-0.7707910406732479,0.8166305381171834,-0.4648730540899847,0.27107059051564725,-0.44653828989776656,0.6240455778864864,0.8564456395035683,-0.7295623453759064
54,1.08,0.09643930592473597,-0.0253361847983245,0.4068726161246561,-0.0252564625471155,-0.7393602498486391,0.8066662429590425,-0.4435114966093903,0.2925738963747373,-0.49290125541228785,0.48262651109581,0.8759505991870896,-0.7931282004799407
55,1.1,0.13628448907674304,-0.018854377298879867,0.35187678372233333,0.013245505694106662,-0.7105874934365907,0.7791623488650387,-0.45114295934759013,0.29546500632513173,-0.5560001805908539,0.44762720177746174,0.8887981560732557,-0.834088531853571
56,1.12,0.4874380719590964,0.034983727036568574,0.19604817583091255,-0.24135601911545823,-0.6769539925638246,0.7708121183061662,-0.350319220418971,0.3414296249471313,-0.47604570611529873,0.6178850910399336,0.7995289682594319,-0.9462293441748182
57,1.14,0.2654201449404331,0.04754969761770088,0.23252139276063483,-0.15296422316902236,-0.6907004589999208,0.77929065434217,-0.36329467826489087,0.3264821656042558,-0.5128814025471711,0.6166299870688119,0.8377608964196231,-0.8623756765792157
58,1.16,0.3279225749254024,0.020149810714157647,0.21947865338763356,-0.14662939051105914,-0.6932565964913021,0.7939988475284407,-0.3823271864829478,0.32806878386340116,-0.5071253730826891,0.6021421994490682,0.842448371023131,-0.8498813189503609
59,1.18,0.34967032222492794,0.016414873836598887,0.21357763674906885,-0.1724155463941961,-0.6924704166391533,0.7914034856982444,-0.3695836165813207,0.32771465249803394,-0.49506472063628304,0.6138770818347059,0.8391211409051348,-0.8619785679023806
60,1.2,0.3384476162263698,0.018119129673026278,0.22387614290585728,-0.19584617639627924,-0.6947230031631403,0.7878609904699414,-0.3557114943543759,0.3278310947826118,-0.48217827583825074,0.6277074396588997,0.8377335890862304,-0.869441375261104
61,1.22,0.7303571385856149,-1.2130218011327698,-0.5580181774465114,-0.36401309747095106,-0.4921951750143765,0.8770865145399575,-0.17399510393555573,0.5628637370650854,-0.2749469542001737,0.8513336019132827,0.5208435582138357,-1.0331369841197775
62,1.24,0.47000680931763383,-0.6644681729062729,-0.05071424376821443,-0.14632677411774792,-0.3279572195516084,0.6836454870452655,-0.15980544472026764,0.6084743399924951,-0.2749444040205747,0.6529631390583318,0.4633138765963106,-0.8752526741365083
63,1.26,0.4635372319187061,-0.2602721439888157,0.13409728703559015,-0.10191495424254329,-0.2366806679109475,0.5449906048142299,-0.18602370454032374,0.4969244443509162,-0.27001555693273493,0.48031282180974755,0.4024412365819358,-0.7531122535580437
64,1.28,0.5069898311113082,-0.2602694967358694,0.1461419682118659,-0.16571428315074646,-0.19941026636257897,0.45854719071341254,-0.1985062086247757,0.45836806917158246,-0.17139799796772787,0.52109737068308,0.4293706108398045,-0.7555868404875279
65,1.3,0.4419548399418355,-0.30404742246960886,0.15336020656380037,-0.20836629382665853,-0.21900767380620906,0.47925308234952063,-0.2207200464815502,0.4523092123017671,-0.11577559571737928,0.5420684474227283,0.44121564431653626,-0.7268164186356465
66,1.32,0.4645401765088555,-0.29558110735923016,0.11660286534155301,-0.3296695163243655,-0.19826098168273334,0.3975534753011666,-0.09594698438642901,0.44209196320990213,-0.07924947168897438,0.42835539497827213,0.43585703011716326,-0.699188308203754
67,1.34,0.5411217474230485,-0.30735262436368777,0.08741862170474729,-0.2783259544067826,-0.204697826544745,0.43144825506851875,-0.12365363466943713,0.4495060726813475,-0.11033029077384451,0.39758376780706356,0.43866765346334097,-0.6864245213686873
68,1.36,0.5525939847087488,-0.3112431304687309,0.08355706886311176,-0.2567674653632314,-0.2042045405171687,0.41329083355725166,-0.11688722428482978,0.4517035750535659,-0.1358223657697265,0.39590522778385234,0.44855037865380076,-0.6936045443114202
69,1.38,0.5388870601617525,-0.3118570961495882,0.07476364051309656,-0.25822670895030597,-0.20104781317169657,0.40083145649136964,-0.10716201560801925,0.4556276096115964,-0.1425912763488787,0.40155838969736635,0.4551513033331347,-0.7024685323062543
70,1.4,0.5325822181058263,-0.3088991249775833,0.08027304879417904,-0.2701890029934081,-0.19668086329973278,0.3826310406644461,-0.1075929081398517,0.45260102196258684,-0.13480274628371702,0.40337915885181774,0.4548970658345475,-0.7024660845417389
71,1.42,0.3879837246837258,-0.45127627005066323,0.12877516062678412,-0.28227902437838776,0.09661570023434321,-0.04180890468296722,0.2686522877995985,0.5307317840736695,-0.13119735576244873,-0.08351242695519012,-0.48319445729368415,-0.6812422137965748
72,1.44,0.23507513906047978,-0.357047900823988,-0.01828531575770942,-0.07388457732844403,0.20590415918803776,-0.09603581245665195,0.10538147893420272,0.5386647995904644,-0.08841033985326249,-0.025564009685354272,-0.10480966327740882,-0.15856837182914163
73,1.46,0.09318982589048716,-0.3928936355451308,-0.029865311300434655,-0.00698872744230461,0.20312637954813192,-0.09846374381559056,-0.03349584357009511,0.4976946409073053,-0.043007182383563936,0.005060171344335292,-0.1173559191591087,-0.06064449713207254
74,1.48,0.008973195421847754,-0.3475876368800277,0.0033576156634315124,0.009919986970036106,0.19023882381891208,-0.10165208115260352,-0.08331214429396054,0.4345574956642218,-0.02604641431238512,0.009897146575671138,-0.11745852253367989,-0.06492490091262254
75,1.5,-0.001819896359416387,-0.3314130034765723,0.05544457544776407,0.0005379525256754055,0.19351811425600962,-0.09919039625906756,-0.06987092350751072,0.4197851285125716,-0.005453900194017841,-0.003435576099034693,-0.11015347477038656,-0.06277337580726397
76,1.52,-0.018631460711436204,-0.3357327605753961,0.21853544568398792,-0.006044630136337617,0.1780497216949023,-0.11328089171557312,0.1991754281749613,0.4187142475860556,0.07447847798034027,-0.06786382130373403,-0.12693591394163778,-0.028009779443323807
77,1.54,0.018413628187477757,-0.40516953287872537,0.12913601128806518,-0.028400232943200404,0.21088028262274444,-0.12103801021281296,0.03168783653890306,0.4459075690381213,0.08894966687373031,-0.018842639463365285,-0.11845997877633353,-0.023691408014087895
78,1.56,0.06986581194404748,-0.40683957013318134,0.0737569067320919,-0.03686979535636492,0.2207922703622412,-0.12469519417817054,-0.060923215952322196,0.45142668488165305,0.049513289821919076,-0.026336385073382013,-0.11235396129808334,-0.023690245119140613
79,1.58,0.1191464373079368,-0.378868075690462,0.04832499615104846,-0.0433273793543061,0.21971435503183329,-0.12486686373551595,-0.0777033616852579,0.4538405637117681,-0.0016541833782546117,-0.037983705123817844,-0.11125505173251825,-0.024313579974104632
80,1.6,0.1404967467094072,-0.3552024285901199,0.03874002079073455,-0.05704964265298671,0.21673296512519571,-0.12313631477498913,-0.04651186153192921,0.4603519090506337,-0.03745631073404132,-0.04906564796690194,-0.1100576464882421,-0.023875071331413603
81,1.62,0.06892628689380415,-0.3434734648048425,0.19410181387177644,-0.050662986572946406,0.1856963538002937,-0.12243438125234263,0.19663518025910665,0.42194368519974584,0.0067895786213311715,-0.13225402751540538,0.8751909151498398,0.7965465823829319
82,1.64,0.11494656465713601,-0.3190661456549865,0.2757403055832096,-0.1050652499880848,-0.1456049240297978,-0.29438498180492734,0.006712957639980796,0.18765871611389112,-0.1206778283536588,-0.24555474055791776,0.37557132324595943,0.33781201906695923
83,1.66,0.020086028270768858,-0.04849037008639254,0.2857910460816139,-0.11043030750073608,-0.0813789011069998,-0.2584455506029225,-0.03205126874325786,0.11831728634275837,-0.19925354356416464,-0.2628962870252174,0.2288032061076778,0.09894970927071889
84,1.68,-0.0024951843354015894,-0.05637801115839995,0.2588782013613521,-0.09868927949958194,-0.08871127632427772,-0.2812258051964113,-0.008731766085790547,0.13680960258833097,-0.197115949797695,-0.28035023732188086,0.27760686015483066,0.13706625173055653
85,1.7,-0.0034744752964213574,-0.08486337885451925,0.2621393812005806,-0.09949944155796851,-0.09966088571722684,-0.2909632531391098,0.010012939818813713,0.14257590798878517,-0.16901726174647963,-0.2722136711554813,0.29369581814894047,0.16003921645003516
86,1.72,-0.15556200334412373,-0.11019546840354764,0.3334521527973276,-0.044071260606633855,-0.13203053238756635,-0.2439317030537269,0.14018272418131797,0.12776161457668497,-0.07444999976844542,-0.2711141539182605,0.256425059941026,0.15900505373128143
87,1.74,-0.10080242159907402,-0.12402522599716115,0.28778362907472066,-0.009808273470870182,-0.1313271441527371,-0.19053126903680875,0.06885087806476858,0.13837005972526148,-0.08818526162674921,-0.2693146100327889,0.2682437176684325,0.15100344848438452
88,1.76,-0.06786220360978779,-0.1342037626722938,0.26550412882232205,0.010287379546521008,-0.12933014925638195,-0.16102761861800158,0.03299351720723703,0.14107074854346646,-0.0910407637770892,-0.2633666771969133,0.2716162193083967,0.1420720276115312
89,1.78,-0.05391983976836094,-0.13832579283823632,0.26201458014650764,0.01097037564403047,-0.130104423990935,-0.15755250207476962,0.026501082703368165,0.14613888916331408,-0.0887283662319434,-0.26338096041175557,0.27437567015805214,0.1403586682559098
90,1.8,-0.06027447615070777,-0.13785321301942008,0.27012508288582904,0.004697045521542542,-0.1301117745734809,-0.1687834054760238,0.041200498630359156,0.1441333701815465,-0.08615001053706169,-0.26207804976529164,0.27314326937990424,0.14117272528111868
91,1.82,-0.29707688785618247,-0.2821505331040042,0.23208906419719139,0.03066185335819055,0.8073179797484462,0.5986373741396469,0.0883774315615222,0.317148319374505,0.20463179572496448,-0.1290251308384447,-0.011685197500167027,0.027543178662308918
92,1.84,-0.04341071614718303,-0.38310272182010074,0.13312869761537788,-0.07663341856618255,0.28606173041035876,0.07593611272443657,0.1349421246816384,0.45333828988906544,0.1147703271170436,-0.10827947225944161,-0.0769156506070354,0.07128467991713708
93,1.86,0.1290802060110212,-0.3850438997764151,0.04123088381599116,-0.09625017734691008,0.23953134710540547,-0.005145074929250371,0.15465447424009307,0.5062369659625415,-0.014697180825116271,-0.14854885537967502,-0.03328743040299388,0.053586567496201915
94,1.88,0.19393828542911098,-0.35911241216968004,-0.005887365403543149,-0.08672428384535597,0.24456113633660875,-0.005538010884029665,0.1542996036641403,0.5014073106445581,-0.08760771679633247,-0.18768625700146452,-0.018127359446781427,0.05115055531995022
95,1.9,0.18605390529306268,-0.33531222880445216,-0.011394944451802669,-0.07196226270176288,0.2460746759823068,-0.006092160351840584,0.15128485824414192,0.48988664169260704,-0.09453380938584044,-0.18089691345331327,-0.0192874978008378,0.05121256410240281
96,1.92,0.16212993849937574,-0.3268426245433237,0.04196963341646345,0.0033910477466214672,0.24091957853569135,0.023742938380239442,0.2018926870543446,0.46712409128795196,0.07261104517054405,-0.11888960433421342,-0.08891471172744461,0.06633883795832361
97,1.94,-0.06631915244603838,-0.29414111387698855,0.0331341030643221,-0.04941247909445426,0.24239724164471865,0.025468094459784693,0.18163686565374917,0.45622501098321966,-0.022271880468721056,-0.0921358537553676,-0.07104213640359502,0.059748567347603046
98,1.96,0.0005176652950171223,-0.28473236266816154,-0.001914095229361562,-0.03311976211548755,0.25201380458471984,0.024962975910572865,0.13673494074783488,0.4758774928605824,-0.06340377811145803,-0.09187601349234834,-0.06950116603981167,0.05695511950894663
99,1.98,0.06930715839084733,-0.2899940443700733,-0.030859269261176908,-0.016174357111929993,0.25344978940333984,0.023956698431854245,0.10275806484928238,0.49864065028108717,-0.06710281699291637,-0.08957425849651951,-0.06971021898519925,0.05620974491998228
100,2.0,0.071420161964181,-0.29333523187778193,-0.02363701978381985,-0.006835673076225148,0.232985499309956,0.02474787720988722,0.08662939545740525,0.4726784130246231,-0.06864150160202628,-0.1123153652331483,-0.0033888249333911824,0.11371813535506746
101,2.021,-0.3237950988644728,-0.23985071283025888,0.06898656514427326,0.06647388629953621,-0.6132228444999472,-0.05056549811136335,0.12102189973613106,0.37474946425123334,0.06511559075555234,-0.044984996610316914,-0.011469335916093816,0.011671539132071418
102,2.04,-0.1471771984690639,-0.24184757177400285,0.07614884465669353,-0.019944406522441838,-0.11669261626814975,-0.04626345788757302,0.11045354784696113,0.37797399112364055,-0.03264654806550939,-0.0699440964321565,-0.013677102980097916,0.09479691395715732
103,2.06,-0.1206805779063983,-0.0887897562100268,0.109379530876452,0.21632733627855416,-0.13131960157890832,0.11487603111897801,0.10771424551265593,0.2278526534298833,-0.15413501230907484,-0.1294744449076896,0.202733187991531,0.131284520387438
104,2.08,-0.177367687282021,-0.05280614490816268,0.10399654460870553,0.19645154309727716,-0.150146309197137,0.09604037058680998,0.12241371575427254,0.24183380923184394,-0.138314783735914,-0.11762209291319042,0.18577052612670664,0.10274740137649631
105,2.1,-0.1949838821589217,-0.0519214013831156,0.04915819021408094,0.1800025180178546,-0.1703831488965236,0.0710929802116059,0.14316844061347175,0.26145766056088343,-0.11733386139285512,-0.0978741685646449,0.187674988647751,0.09147260696659583
106,2.12,-0.28790259442120725,-0.04199288306037557,0.06524734106842017,0.21046471910275025,-0.16748357764869123,0.08724261452309723,0.07926305439570555,0.30191030918319617,-0.11988951517081806,0.027350534109645788,0.21249050842900752,0.0009131244833563007
107,2.14,-0.2188008200166645,-0.05121876863966437,0.061970509434872006,0.21028163232314884,-0.16904107404534494,0.09731145750193641,0.059951667154219235,0.3006181184871485,-0.12034584026712562,0.008616142942484528,0.21036610346194531,0.0026854471559644433
108,2.16,-0.23145750220233852,-0.05154702082910839,0.07324267063146983,0.21710467245409676,-0.1691170495182018,0.09721935925866133,0.06448220329702128,0.29827089612797664,-0.12215213370494869,0.015947121983285406,0.21059257084465227,0.009336613393368831
109,2.18,-0.23734260438903562,-0.0498977533236858,0.07419408203277708,0.21860346411651527,-0.1681060681415271,0.09621649960483093,0.06744527837702682,0.29756473389110505,-0.12343988937669269,0.01880126672674704,0.2117268918715019,0.01040637444159287
110,2.2,-0.23843833701157904,-0.04990460008440242,0.07382041831509609,0.21705432288346904,-0.1685510433783866,0.09571453920237798,0.06780280048249036,0.29766765387238603,-0.12288237031436823,0.018956118477312364,0.21109152128692987,0.00878934341430214
111,2.22,-0.15745617931621986,0.18818851818176383,0.03468976725502265,0.1502174479533446,-0.22831043648736546,-0.12983866809683045,0.026032153890105547,-0.6605093556495527,-0.9146083033338608,0.15576060376679152,0.37672494154935204,-0.012360866672733922
112,2.24,-0.02933120799625133,0.21463060488194738,0.047463261575321464,0.04539253528584396,-0.29836835381913795,-0.08701028484802993,0.11891697023571635,-0.12466670720837758,-0.3658928221155695,-0.12300869660340454,0.45687384398773023,-0.03649472075963807
113,2.26,0.0032158902979486648,0.1866787709649209,0.05231433369552935,-0.017494987430972178,-0.33076344689145143,-0.03252144152786457,0.14206077381831478,-0.10544342255551048,-0.029277979353771688,-0.22820285758465333,0.46385228119284155,-0.04492682843382688
114,2.28,0.02042314864249701,0.1955158934183644,0.051323538965786036,-0.030409584791589846,-0.3462146670118951,-0.01516127975812899,0.1243862254522029,-0.12150414941086277,-0.028734826569786792,-0.22236985139791135,0.4647812377729028,-0.026886913401096363
115,2.3,0.004308601681435181,0.20505210008197355,0.04930089761771628,-0.019228491726195413,-0.3438233063877211,-0.016502103154676137,0.1024178700446539,-0.1212143762174622,-0.02956838107181177,-0.1570265665684477,0.4551691233388113,-0.0021156622982983347
116,2.32,-0.005234419171492477,0.2336259932380158,0.043258747627283184,-0.09011955525376059,-0.3071825989507471,-0.13177439159916352,0.0029705989425928836,-0.09918068614835288,-0.06014728047677509,0.17127063811531554,0.4302434607961504,-0.03625261981485453
117,2.34,0.0028778684658010284,0.1886200466629543,0.05153157383535567,-0.06549479445354633,-0.2546642779532193,-0.03149314178094696,-0.0531992770312478,0.007854859420578515,-0.07431288130323538,0.10790103270622768,0.3500169489295855,-0.04831053347008363
118,2.36,-0.0020013420384773703,0.18223005999868452,0.05165943537574999,-0.030039979111700338,-0.2458288744078727,0.008973104304222781,-0.06100138436962285,-0.010575340404210057,-0.06461601313304408,0.09322707322823783,0.32160366889036107,-0.023646229962092424
119,2.38,-0.02226731921798098,0.18654896717897385,0.0502568529764732,-0.0074585696218044395,-0.2619354226697495,0.01466860558975265,-0.05575434913548172,-0.025435466838695076,-0.06210614702666174,0.08851316353987496,0.33220566925029316,0.010402529814343281
120,2.4,-0.029856671774437966,0.18832587881747176,0.05009682659410944,-0.005223514646533804,-0.28544847344665286,0.0073390960228874175,-0.044577724351013995,-0.04598124970453969,-0.06425657850493506,0.07183988576660846,0.3457867659162249,0.023127765830549846
121,2.42,-0.14192001824592881,0.06746538617647746,0.04743282812194788,-0.11262806917314899,-0.15277477472120868,-0.0933298009807939,-0.16118806195583957,0.8988221897597173,0.06515275173728935,0.3470823216387858,0.19518482127591458,0.06989612547998549
122,2.44,-0.00338446654649574,0.17921455049143695,0.05447062689674784,-0.1517421144107826,-0.14212121313020207,-0.048540934181554654,-0.1470424889766409,0.40239694543288185,-0.1671666191750399,0.18331420082144567,0.14806208139392044,0.07680980641906553
123,2.46,-0.031597720553743866,0.16354498837615755,-0.2525038333418662,-0.13760083199231998,-0.09609109308299749,-0.02013210934533169,-0.18709377817378686,0.18367821530967587,-0.18157490411779925,0.16357404244966237,0.2537139470487745,0.08044216518399053
124,2.48,0.023208761090691227,-0.025269318063425,-0.16309654831817522,-0.0312493841519286,-0.03588255725708117,0.01682539418723583,-0.17717715358754726,0.22139039054452092,-0.21673060923714793,0.040525018476968794,0.18661282039684804,0.02855812900282001
125,2.5,0.07720475041499426,0.03625809926339719,-0.13572605057485945,-0.04952622904444237,-0.060810194967724024,0.03295256337545539,-0.18824196789869574,0.23599245161607807,-0.18549339174455243,0.04019824770900855,0.17106006316498804,0.04319226398515526
126,2.52,0.08753198660780175,0.0581428222221284,-0.09419495717859064,-0.22431735993067164,-0.07297518177466997,-0.007868887310437042,-0.25830177142090827,0.25444251620388836,-0.15530239798638135,0.20726590892470248,0.1541969799832337,0.031963618722443576
127,2.54,0.14129106936930416,0.05032142413146219,-0.07969118403455996,-0.21666999439689127,-0.07400252638864167,0.00771528133452927,-0.26225690003966146,0.2520952429525235,-0.14363841798485527,0.22096307622976613,0.1568759618267198,0.051895975540718856
128,2.56,0.1471024169735975,0.042660246736498146,-0.08049697448083193,-0.22469051830574768,-0.07252847221313086,0.010924439607944147,-0.25732106434993823,0.24543227259442246,-0.13538135418746883,0.20391605432686843,0.11252185897938827,-0.025513161204913287
129,2.58,0.14169696985150784,0.04287396793224529,-0.07349113174591207,-0.2232579307634418,-0.07382303709496463,0.0012655006558889709,-0.253707642285784,0.24760539706959103,-0.1302837102598305,0.22714952655594262,0.15461648270937706,0.04545007330739648
130,2.6,0.13583519421518986,0.039008550169194696,-0.06946217906465812,-0.22305891981990555,-0.07604351094515817,-0.004567583779939183,-0.25368278900395097,0.2476268299015621,-0.1313186065042527,0.2258874052555946,0.15264114705248696,0.04208256746034246
131,2.62,0.5949297573694545,1.24935655011416,0.12890501027466095,-0.3754890350732738,-0.25551271142897974,-0.06599556780767596,-0.15962304941882866,0.13372018023460444,-0.08661538225797064,0.21474364022046116,0.24010870833861828,0.03959221650446142
132,2.64,-0.009396928989609421,0.7530928408202506,0.12281590617790927,-0.23264649154219236,-0.28146449195712125,-0.1373233668712769,-0.14453841332041936,0.06780189542807796,-0.10007264784378593,0.1339975789763873,0.3165816741046215,0.12213984113535771
133,2.66,-0.07161493900790422,0.28277411530852836,0.12103472555742925,-0.0033464489721980184,-0.2336470927448041,-0.11295967575827931,-0.05901503645851501,-0.03527680605608224,0.025212631800461932,0.0030071237632590675,0.32443583592716835,0.15371253542331303
134,2.68,-0.06124376695589653,0.1972930322647068,0.11790068773620069,0.12404274313820983,-0.2127895324225461,-0.091471096798683,0.015620395123122466,-0.0994363437193867,0.006501628097836359,-0.1222450283922953,0.325834077793165,0.140433758233115
135,2.7,-0.06484815938981817,0.20485207911349246,0.1191070853824284,0.13928174435250465,-0.21960694114438062,-0.07757125458795748,0.039492648434814245,-0.10721128333593999,0.005841749843051261,-0.19613682240973984,0.34165647727703297,0.1283016843790618
136,2.72,0.42422066544618786,0.28478941604146,0.08257461502843219,-0.16504426344971507,-0.22771990553562194,-0.12775372910060634,0.013578828520228875,-0.08263967399523298,0.009056061268796906,-0.14017277808329814,0.37037677958348986,0.021797303095687545
137,2.74,-0.025872098353454054,0.22680681724670101,0.07832742135786644,-0.0012992290880287777,-0.23209928308506397,-0.14887539167587732,0.021584275267302902,-0.1086945494208033,0.016001518956953925,-0.1404166874891081,0.38947621418344064,0.08384773532168734
138,2.76,-0.03190250076352347,0.21480896399618668,-0.10415442577965098,0.09124029082286948,-0.091346169511998,-0.07602297497283772,0.02973950226474492,-0.03474295143653483,0.015037235476188363,-0.16583788945104166,0.38416887080132717,0.05738957048791346
139,2.78,0.12050445603154634,0.02523586047096027,-0.03288149795610493,0.09856487020977261,-0.06080842759213413,-0.07188891333588072,0.05299638940977755,-0.046302717312336664,0.015086839948417571,-0.16852460894435148,0.3044187497561397,-0.02148525752767426
140,2.8,0.07645826296966449,0.07743308531555573,-0.012555944277577252,0.07182711138620307,-0.08667228871001093,-0.10646472499183803,0.046221959202545355,-0.054986878211961444,0.015141665945891017,-0.1366180186580988,0.321716698050716,-0.014890911031713042
141,2.82,0.5069461050857681,-1.1794594670941236,-0.843927608479119,-0.17885169144399896,-0.03126136422434172,-0.1420332964640985,0.021518454108690466,-0.022923503766565566,0.01275315948721896,-0.04531464208387645,0.2853307385034602,-0.1596478129541164
142,2.84,0.1461416056163652,-0.6831454448203573,-0.3214189038029913,-0.07419073744912674,-0.11849250384191301,-0.18524888571683368,0.011568806514218988,-0.07063049726100616,0.019595532380001557,-0.0371912315142166,0.34674124431457043,-0.03847048969249939
143,2.86,0.0690057196728592,-0.1605056621241976,-0.003405101028257418,-0.06720093183176991,-0.06675349978071535,-0.07489680999953591,0.05123698103997333,0.1872057607511918,0.25552289182167925,0.01340800595531351,0.17716761201003406,-0.03592121078401643
144,2.88,0.22978830601689795,-0.04166358337255188,0.012158105831304888,-0.11347856749116582,-0.01535220245417298,-0.019270172222245627,0.07106861189206096,0.09816818299225658,0.21792847929330827,0.0410182634694386,0.12292602925354948,-0.05433309777962787
145,2.9,0.21032850181062432,-0.05897275622336076,-0.027719373093213345,-0.11138905846839758,-0.008113610205295302,-0.03769389194469579,0.07417504158330616,0.11282176366933733,0.2057066837131712,0.03563286048939146,0.15213129863839975,-0.053413820268178244
146,2.92,0.22200732820595126,-0.05339599839929883,-0.07975703831653966,-0.17532281683176895,-7.466491987200008e-05,-0.09547893561368359,0.20668967841122554,0.1228235788025,0.22526139754636357,-0.08113524690319547,0.14454397551835074,-0.08756016410254215
147,2.94,0.21341004288340873,-0.0535361322784918,-0.09200546303121421,-0.11144032122061998,0.01024216787135971,-0.10285611346015093,0.18208184551558546,0.11486605355790158,0.1703724768715194,-0.1134066978209861,0.1584161014821739,-0.07417677960383859
148,2.96,0.20013493488963457,-0.06710492848705518,-0.08834921324905873,-0.06890441163430297,0.006377601066726357,-0.10359864877545566,0.1666372789633218,0.11636386066362608,0.14097347215673406,-0.13216931875212096,0.1677579843183622,-0.06151388250547958
149,2.98,0.1908672318227807,-0.07553454047517932,-0.08625580999039206,-0.06420511557638024,0.006112505482931595,-0.1022599091278742,0.16300849742992324,0.12464067678281629,0.1387660259070589,-0.1350635731928922,0.17672223475816093,-0.051131062275798195
150,3.0,0.192638392140931,-0.07742847372617583,-0.08564229109024277,-0.07782133978116626,0.04008311946260493,-0.06560305730185985,0.1698762830357084,0.1155474923667055,0.14370658288752808,-0.1260301679519745,0.1687775437168618,-0.054431248326910445
151,3.02,0.1052510593165426,-0.10878730008413744,-0.02204130229742099,-0.056688905353798114,0.12823518349485769,-0.14212904383896707,0.3673037754831936,0.2968108210277215,0.23452066998710314,-0.13429802085133724,-0.7171608104373324,-0.07908135736550803
152,3.04,0.08396726943642316,-0.22349997506090158,-0.1748074062578358,-0.0614329131638198,0.1757192922499189,-0.08157011727856622,0.22941347498841985,0.35254783147482394,0.29011249422879554,0.03839258269587012,-0.19456654152326947,-0.0682423201070057
153,3.06,0.10313897858459185,-0.2499982841536115,-0.19341575888637838,-0.026430322974213702,0.1850969447630987,-0.09451659925433566,0.0390993052585098,0.2977315772486626,0.24893048116224414,0.021679928741548476,-0.09245052482233374,-0.06868369037183827
154,3.08,0.13780468482355465,-0.20287301067854555,-0.1951565861161642,-0.03243324563659971,0.2073399710964694,-0.10319527873339321,-0.04281220946251586,0.2768581352725044,0.20826589988731856,0.012588841465659095,-0.09721738467502411,-0.06632610447795191
155,3.1,0.15805104258737768,-0.17331097371373302,-0.20201088877761306,-0.03838104065159596,0.20728982292631595,-0.10327527963650805,-0.02979574382639089,0.2850980092520523,0.17956002613256086,0.002811987372746891,-0.10430970776290463,-0.06538331461572852
156,3.12,0.11265722316276552,-0.19361266738996247,-0.06416589904561212,-0.03833052891061216,0.14830901897532983,-0.1639078063075784,0.2730440910743059,0.304741029287928,0.23432915036737578,-0.07927377116940859,-0.11777105569238158,-0.028045132837151404
157,3.14,0.10783488194436149,-0.20987128377287986,-0.1587603514115991,-0.04777782663298151,0.19801557767133438,-0.1159180654602201,0.12134855413232687,0.3169155815664654,0.23166851701542407,-0.014288257072365973,-0.11540291679229475,-0.02360413213202188
158,3.16,0.11233711399043872,-0.2022409809099234,-0.20665332879305617,-0.04064349768044214,0.21403179691590532,-0.12270843008288412,0.03242698559852873,0.320508515538994,0.20475783719648538,-0.022169866048863923,-0.10899191185390258,-0.022351754427418963
159,3.18,0.12888692518795863,-0.20115882447570888,-0.2185317690121967,-0.04708029227850332,0.21211721965789632,-0.1228885285774799,0.018968259868677846,0.3194073653187469,0.176055718290266,-0.031989128429160324,-0.1090546122424609,-0.02255225475855191
160,3.2,0.14548887377503475,-0.17594075948995108,-0.20854683604434526,-0.04965553031873764,0.20893881780303333,-0.12160024915327851,0.048485511507277285,0.31920478572175076,0.16180359379687131,-0.04568387547952321,-0.10911731263097597,-0.022507316514058767
161,3.22,0.09066512272003516,-0.2258166184548371,-0.027636002280887112,-0.04351821298540867,0.18115894969018256,-0.12104299972500748,0.273262751314465,0.27970270849510626,0.2293389881405527,-0.12030000607251135,0.876799269512873,0.7985583340874298
162,3.24,0.12115445495502308,-0.19665085531082777,-0.12326677402764519,-0.054249492444755174,0.21260622807129667,-0.1324137305536004,0.11872117321531225,0.305142114571197,0.24591612434587057,-0.061690658610569216,0.32809612948382993,0.2498883042752279
163,3.26,0.15872741825124853,-0.2686894975120453,0.011237053358303606,-0.07116916539323762,-0.026143795530224646,-0.18755512501708432,0.010496729520511866,0.08602941814256201,0.10346247516387291,-0.18280710050483298,0.15502016791121198,0.1282529585060629
164,3.28,0.12542780685018673,0.0013482000146081835,-0.0005990635578394798,-0.07213672660806965,0.0037283929042253444,-0.2094434881720652,0.04384363853263194,0.07514823910178106,0.07122020261836293,-0.21381979976450025,0.16821809341781946,0.11767221575598469
165,3.3,0.10106791808621063,-0.005557515266996403,-0.0048524226301354945,-0.07789384106993,-0.0035143048713582523,-0.24428696395432659,0.08078166433802049,0.08953010007317064,0.07948400499730762,-0.20834797588942341,0.1902284633816177,0.12277401845857605
166,3.32,-0.05012406532107465,-0.054650109316748186,0.08013168692393138,-0.016568300711338198,-0.04150072767471713,-0.22640057707795025,0.1584648443008444,0.07978546275286229,0.1292468775555105,-0.2168075902960537,0.17071734207602868,0.1526361853874481
167,3.34,-0.03195448397802242,-0.04063583487413359,0.050928037449239905,0.001606767027224898,-0.04028537409271541,-0.1936802489933228,0.14152481888057356,0.08362002172099033,0.13277184927640373,-0.2216783451548519,0.17765093180865796,0.14907676598893135
168,3.36,-0.011615218435299085,-0.051414656337788876,0.03663459604766081,0.010270809504925418,-0.0391533757694997,-0.17047517241961574,0.11158573622613926,0.08384243021996995,0.1288696033329145,-0.21897685977776574,0.1788265781724927,0.14231268662058455
169,3.38,0.0020267484921299393,-0.05656339398481972,0.035219254061164024,0.010510398065873807,-0.039686251076591114,-0.16327243867011415,0.10253019863423597,0.0849386250620518,0.13099698755684713,-0.21906510956273556,0.17887581414957282,0.14271564421266658
170,3.4,0.0035811647341209146,-0.05694612647874369,0.039441553836667725,0.007757855794298614,-0.03922822377518267,-0.16850133979085552,0.11013335897118465,0.0844962674010086,0.13230426040356574,-0.21874384590333618,0.17893023285957182,0.1440193701082642
171,3.42,-0.18478289440771284,-0.11841328207109345,0.03456276352217319,0.02501948283525468,0.9272192006998059,0.6223734402744907,0.15231271608598593,0.2531105409681246,0.325024941188379,-0.11253255915737677,-0.05868931123615911,0.07868155916476632
172,3.44,-0.10208619363170407,-0.22665649673812208,-0.05223522205145617,-0.07199100102686273,0.4047031787214711,0.09968354846199967,0.1670699288721289,0.3547769878221359,0.27331541329686426,-0.09056793427538441,-0.08254769832494492,0.07235995622286949
173,3.46,0.1532867349707491,-0.2611785189940329,-0.11436443776688393,-0.09508914368450351,0.23410190646075124,-0.003950643323191533,0.17774711706255508,0.4016533880238812,0.1493535317307772,-0.11586288410837049,-0.05445450576575271,0.0670163551206648
174,3.48,0.21716282355374758,-0.23300384484104325,-0.17317542936149483,-0.08487317106115314,0.24968709823783936,-0.006176596475022819,0.17024327689747887,0.4061360472071386,0.07196938664080935,-0.11210515791595131,-0.05811028357726399,0.06768946213908164
175,3.5,0.20101960920121953,-0.20726288803919543,-0.17674170962588018,-0.06657843441338444,0.2341398436583993,-0.005381800252498972,0.16140299089676446,0.3748441748935143,0.04438680196174115,-0.17363110496902429,-0.0021631914683785877,0.06445886943099012
176,3.52,-0.1481917260402111,-0.20348634633028956,0.12075294464798811,0.0024893153487481334,0.22500348410452803,0.02441860131468171,0.2131803605860591,0.328234673672073,0.20924910513137834,-0.12348110927132265,-0.0888163756809742,0.04759288866812139
177,3.541,-0.005988517700810228,-0.1834664816583404,-0.11095896644392694,-0.05011825252563645,0.24331395703554126,0.025141624295714815,0.201176322583717,0.3509144738355384,0.12568875548864838,-0.09437475904727942,-0.06665890350539594,0.058453226216377524
178,3.56,0.07106065560095208,-0.18195675679289247,-0.14826477390402856,-0.03904144746760956,0.25067151095406043,0.02511886788376698,0.16502989760074332,0.3644651427226571,0.0898125197579141,-0.10217378554857492,-0.06247311207609438,0.06000369478706584
179,3.58,0.15984220964374032,-0.20099050000553473,-0.14486501731976784,-0.028725722373048032,0.24297270616556613,0.02454811418171335,0.13082335605905918,0.36339782429085876,0.0762102923252592,-0.11849982364543199,-0.019928221018641397,0.09468412461839594
180,3.6,0.15862905834091384,-0.19051639183999403,-0.13955902485174596,-0.01664223514942173,0.24442682769697452,0.023944489379473632,0.11573766329994634,0.3576124754187443,0.09160880539380693,-0.11311820502055354,-0.019053194149230887,0.08277832372979159
181,3.62,-0.24943657917969111,-0.13236053519010627,-0.054568345606854446,0.07896104626548828,-0.6634428321811865,-0.04966145166970265,0.15839839283698443,0.2928602240119924,0.18942068481649948,-0.06182703905735036,-0.006928411724096618,-0.0036527222376743773
182,3.64,-0.16565744991513967,-0.16453782510601894,-0.0453704256192794,-0.013865305741422529,-0.1669317195351271,-0.04766023175414158,0.1425883684022053,0.3002967589488879,0.1318809021923586,-0.0642409526752372,-0.01195020164947335,0.09372110916037703
183,3.66,0.0852440938465796,-0.1714787769009719,-0.037355571615448585,0.1770022232046667,-0.09735322238877264,0.03278021343949124,0.15008300177996844,0.23145544495132092,0.022576973041291498,-0.12279285546793718,0.1791815311780648,0.1549270057752905
184,3.68,-0.04601300990592498,-0.028993335287305022,-0.03363804325164374,0.13801974097782432,-0.05869069033156682,0.051468464654446835,0.14359095877767508,0.1900517488785991,-0.00024258252765059496,-0.1377659982179171,0.14992550705211777,0.10405341617106004
185,3.7,-0.050874489936500185,-0.019289889929601227,-0.028990203687837085,0.12011506433803551,-0.07686995999647617,0.022428653427050915,0.16004267014958432,0.2113551608568082,0.02233520031891907,-0.12255219263322514,0.1464468827514192,0.0890277234181169
186,3.72,-0.22772739963911431,-0.009851304475303697,-0.002980387394748013,0.1924808790469735,-0.09696474765681737,0.016745902086838113,0.10395524965430111,0.24881591404087267,0.005399011449758517,0.012424223613971962,0.16253711174266988,0.018355619400899317
187,3.74,-0.2139736692052493,-0.026254293460552233,-0.008874280402492052,0.22468310725412685,-0.09448830771995022,0.028962817209567823,0.07669059954461743,0.24180754189360545,-0.015682932600707494,-0.016140474081112896,0.17267629386059113,0.04700242850777461
188,3.76,-0.18684247276195684,-0.02103132433502758,0.07487264946820388,0.22944091258497565,-0.091935464154798,0.03543362935959127,0.07327209006080442,0.23551008732329531,-0.013648840680534416,-0.016917028966205207,0.17505057915276345,0.05522306508667635
189,3.78,-0.18509412296758382,-0.02209293664309503,-0.002131110558542121,0.22105980906785028,-0.0919831831976737,0.03117752514890705,0.07587184530455258,0.2374905355710527,-0.007849475609407866,-0.013507989087899115,0.17111911190924825,0.04892030502547179
190,3.8,-0.1897127689408551,-0.021491842501388143,-0.00022436630377109523,0.21950423083921947,-0.09225332254158813,0.02964166431007148,0.07739490597085216,0.23755837958246823,-0.007792779655708931,-0.012706722857078492,0.17118237508750123,0.04710576403320181
191,3.82,-0.09475568900929321,0.18503022982905643,0.036670443462952396,0.12594190521546503,-0.18597889482422592,-0.19540120186662563,0.028443006097630064,-0.6932904819452315,-0.7736087754781522,0.10938698982926692,0.3452498291510119,0.03243364801611659
192,3.84,-0.0454538024092406,0.21046503285159246,0.04080566103267605,0.01950764106956278,-0.26120220349036455,-0.15177389372947278,0.11922188642302706,-0.17068577299519372,-0.25097340966067205,-0.14363814436236086,0.42540306570098474,0.017882804466022445
193,3.86,-0.013352900253957911,0.18799884961826221,0.04139922456925427,-0.04570640225258621,-0.296160678435935,-0.0941207839594616,0.14159981333177346,-0.1017929237810567,-0.030421079665284123,-0.24087188418955185,0.4271054851711688,0.011665393239883942
194,3.88,0.021000729167312344,0.19446349662238221,0.041132526504774974,-0.060449786710000314,-0.31047569743668335,-0.0693145366915181,0.12316454614967404,-0.1191555618184191,-0.029376163601554484,-0.23070926282440282,0.42369933807816873,0.033834593644110414
195,3.9,0.012042474143345486,0.2057725823802146,0.041098177434957806,-0.048203416791470804,-0.30657512672226894,-0.06693440511131518,0.10115140716827213,-0.11946204299690999,-0.029848261083766134,-0.16612712903913474,0.41255467141733,0.0582376178963388
196,3.92,-0.05962823400937409,0.23748448395644836,0.04321988871605667,-0.10682790922533422,-0.2695354412863209,-0.17005033149820958,0.024263096361334557,-0.09851808320213995,-0.05990400284725472,0.14134612307703237,0.3896601211104336,0.01915030468002192
197,3.94,0.0030717932322830016,0.223123910776434,0.049860074996310066,-0.055648237302381554,-0.2530015927181455,-0.09915309007919032,0.07143281395741206,-0.10660072920185062,-0.06034274115392768,-0.03857052235077776,0.3745639812861925,0.018283822704332806
198,3.96,-0.015514145764805698,0.15429827746841257,0.051334289141247574,-0.02389292766723053,-0.215002876209043,-0.04182054431603269,-0.05062349666142657,-0.025430943899298716,-0.039624829163030006,0.008205471114297785,0.30049758061967796,0.03054823436618649
199,3.98,-0.02164108248361039,0.18293113453218712,0.050102992919945355,-0.008682497309387846,-0.22582038044054714,-0.04224670573806302,-0.04191178513077908,-0.042525624996810216,-0.042757754877899304,0.041359118550814124,0.29784734497267634,0.05802896026280549
200,4.0,-0.031673423790244716,0.18722274259226,0.04979383868008247,-0.016785972013411615,-0.24171603293528982,-0.05016816006099442,-0.041983293921424525,-0.05435246037405702,-0.04416523498776444,0.04949497325421511,0.31179724133684406,0.07018664374552619
201,4.02,-0.013656764046567793,0.19140144233074097,0.04835674035183374,-0.13248925915363394,-0.10634290611762637,-0.14749822375944607,-0.1650786798085374,0.8858919890859978,0.04550376671570999,0.33808177744527224,0.15524202325428402,0.1158602286484136
202,4.04,-0.008106194309447784,0.17792876249028897,0.054281103666283664,-0.18125293888240201,-0.10329540195652184,-0.1000040199605553,-0.16154634645700894,0.3633273048305258,-0.17204566966976706,0.1894968032654158,0.1047528079925022,0.12215198389172488
203,4.06,-0.035823940346258965,0.163912295617533,0.052057278716949845,-0.19130919688324505,-0.16115329434629933,-0.10751336564607471,-0.1749991722747238,0.05845695909691784,-0.08188797167402401,0.19751940794323491,0.17918992957026705,0.1366364694190877
204,4.08,0.03318972602584802,-0.09759223438077366,-0.1777246853744405,-0.04877449853732817,-0.008905677619457805,-0.049319753745230566,-0.14665626308674873,0.17777107907844236,-0.20024123662908055,0.00915110914814049,0.17497916848987977,0.07514703286743298
205,4.1,0.08869991307957881,0.04231630088981124,-0.1621394745773006,-0.053578454242131576,-0.01939045068308836,-0.03094785866769169,-0.14127207439956355,0.19689513711823825,-0.14983325301924388,-0.020009974229131325,0.11505537289565654,-0.022435996064917155
206,4.12,0.12700608561917257,0.07860691754945984,-0.13167231893250955,-0.21327711963975965,-0.034438181344123624,-0.0580961493809741,-0.21832927302505814,0.21370298135168808,-0.10548758488976231,0.15438327775045313,0.14498631534190207,0.04503382598258952
207,4.14,0.16126275671277454,0.06468063813491669,-0.11179291414946171,-0.21126876648787146,-0.03544626607637603,-0.03965789213993767,-0.21908124446420463,0.20827044378388743,-0.09094811889667184,0.1603186734303296,0.14554322321923804,0.07355221329516079
208,4.16,0.16411772056620602,0.05554809016921471,-0.09733837480115137,-0.2197332132298509,-0.044436122318198844,-0.03694218516078859,-0.19929149295795284,0.16892154211604182,-0.006101505048062145,0.17400984621047544,0.13549935203807734,0.07781157449139102
209,4.18,0.1573710239705839,0.056908767951244284,-0.09592146825879397,-0.22274656871010518,-0.04613945454767618,-0.04175170559282965,-0.20894707677221308,0.20474427860800182,-0.07272251571878678,0.18040944563677827,0.13218484352821047,0.07352316772686303
210,4.2,0.15428385528720778,0.05764722731574403,-0.09844511239793921,-0.22351559739104782,-0.042860553202718685,-0.042851104861260314,-0.2064316086103523,0.20554605100116458,-0.07518167451695745,0.18214924415817335,0.13572167276179217,0.07315139503144513
211,4.22,0.46783622056771024,1.4630828675144747,0.13216598774758836,-0.3278327746298702,-0.143554628823221,-0.004435126507491047,-0.12601013705393654,0.10129452153245644,-0.025995815405237738,0.19559170160364553,0.22303650792287216,0.054507458716205784
212,4.24,-0.026906044329401746,0.8706779312671515,0.12333597945219005,-0.22812006547906727,-0.25984566889074323,-0.17922219671573536,-0.12835780682838627,0.042694874105506736,-0.06315258768391045,0.09686658815088417,0.3064921302922289,0.13622075631770858
213,4.26,-0.06977377098203738,0.29587256429210973,0.12017299178917837,0.0005758448746109868,-0.20945804107453322,-0.1560672023773928,-0.044158236808587686,-0.05774172017343876,0.006298286155885374,-0.029536819894191588,0.32158203888137976,0.1694353988797347
214,4.28,-0.06256858775261814,0.1902147150098335,0.11826204014068725,0.12116239378360039,-0.1935986542367282,-0.13069390445378382,0.016253721443047958,-0.10170160684492993,0.006779693376970181,-0.1470439325609692,0.3197992239964901,0.1571326019734589
215,4.3,-0.0643490809156041,0.2034530420813021,0.1190028229166632,0.1261864350867165,-0.19875073232379947,-0.11215105771846962,0.03757174621189375,-0.10701316654652801,0.0058779924282826995,-0.20716897874793821,0.32819941361742544,0.14803469500140543
216,4.32,0.2104200490619902,0.28512417982474453,0.0834794254914881,-0.17203443556556916,-0.20603599571520864,-0.1625533363670858,0.008670404517405556,-0.08447417867126922,0.009234238255785579,-0.13721775363417527,0.35964553400715416,0.052881041710493515
217,4.34,0.00011090282805803486,0.22881288336909655,0.07791453508845936,-0.014521293204833835,-0.21411112803974253,-0.18033125437638817,0.016751616628581115,-0.10643251966755388,0.01610934767380122,-0.14046350756365727,0.368351791682059,0.1078411764308294
218,4.36,-0.03527869086947355,0.21618931458175406,-0.10349145370456919,0.07585657598614895,-0.06875994857446321,-0.1035361763349073,0.027602386782433395,-0.03456442308695706,0.0161942725987283,-0.17131477061552314,0.3584558367515245,0.08831003090846741
219,4.38,0.12796745901978698,0.01766635874442997,-0.031129847227066576,0.08260332538746255,-0.04051620151047214,-0.09837177742514325,0.05296680310175539,-0.045603344273312425,0.016244837150696675,-0.17851777611822386,0.28117678505591737,0.010436774746136537
220,4.4,0.08615888658192716,0.07487324406834114,-0.012328589435832787,0.0578318005871695,-0.06695474076875986,-0.13394507038484918,0.045998322578342174,-0.05413422365038446,0.01629540170452752,-0.15102656808815368,0.30164919616771224,0.016364305484253175
221,4.42,0.8032603936127246,-1.253079278193608,-0.8433346761397231,-0.18206202617257888,-0.01714164502283165,-0.17067900356385127,0.023287652213008492,-0.020791456966906326,0.01341236439742896,-0.06460575157631285,0.26578505535753144,-0.13529981649499523
222,4.44,0.16924078978829982,-0.7567933981253334,-0.3208233035992659,-0.07869878556283633,-0.09769706604434081,-0.2126880254400293,0.013253356208921027,-0.07076909105751308,0.019772458807841703,-0.05577039695680078,0.33712674916716856,-0.014319797502852477
223,4.46,0.07964626830774718,-0.2603187152944646,-0.0042348760876603775,-0.06814172693477706,-0.07924356540680504,-0.12441013991469754,0.05170201045708034,0.16362530585851748,0.25445768419365966,-0.0047563421791418994,0.1693733898926148,-0.005454354158720878
224,4.48,0.20071570947399578,-0.04968076242532676,0.014497301563062254,-0.11014808880374113,0.00032156513646328794,-0.0546077817081741,0.07233632355893316,0.07838345534466212,0.22298993478939338,0.021060562362326674,0.12111661661396805,-0.027427888095584843
225,4.5,0.2092546895429758,-0.042258143522530295,-0.02917463420496319,-0.10684497200625152,0.0009522960616368328,-0.07626639809843501,0.07405442541200669,0.08873637394488736,0.2084030818452023,0.014675048630664442,0.1437179681897239,-0.03266719224719483
226,4.52,0.21078996938892203,-0.05039422496210866,-0.08609535429970877,-0.1517866357662093,0.019974651863079812,-0.11482233897549038,0.20988889947313144,0.09462267955537768,0.23735578429540716,-0.09873162523112317,0.13923977603766566,-0.06828506528334824
227,4.54,0.20784605106315462,-0.04615900032174003,-0.09690709245424473,-0.10342845343101692,0.02622367950449623,-0.13270504234572558,0.18586816521686758,0.09390494380752337,0.19019052957531615,-0.1307397603754789,0.15337724452946053,-0.05802011693176139
228,4.56,0.19680255768684113,-0.05930938245713133,-0.09329488322404694,-0.06224204506923525,0.028387202619698307,-0.1310123297780424,0.17481781403613889,0.09405802077573792,0.1671842077221103,-0.14525239157778008,0.16171239778765958,-0.04744701171338289
229,4.58,0.18554477117099122,-0.06894222401957717,-0.09130597955925704,-0.05428398359283487,0.024948001853989113,-0.13100528159960464,0.17358748242242245,0.09262743886869529,0.16439019009815803,-0.14663490070010285,0.16273675381737362,-0.04213479724532747
230,4.6,0.1824872583347502,-0.06339015949860627,-0.08977779398741073,-0.07134219047411455,0.024864203023087728,-0.1305630739960377,0.17697975208582015,0.09356475922327592,0.16694853362890882,-0.14040673826264877,0.16155531238553716,-0.041050640017937526
231,4.62,0.1723602624128984,-0.0352238547841435,-0.03525813686523324,-0.05006871306056862,0.12357145553948311,-0.16822519390681104,0.3693163066352726,0.2802042499818439,0.2613142503322327,-0.16818198371736137,-0.7496745847298916,-0.079879204829857
232,4.64,0.09185174824716935,-0.20947287246457832,-0.1800844196619653,-0.0552812277751633,0.17961726221769778,-0.08715841985421208,0.2321416931058709,0.3348612308326382,0.31389098508610236,0.040137655657130455,-0.22709458752198908,-0.06872590071436388
233,4.66,0.09142230155247832,-0.24121692485775476,-0.19248385876784999,-0.028386541422552543,0.1928435765910662,-0.1032340979941546,0.03791578215370378,0.28383773149820923,0.27299865245116484,0.024604513806859005,-0.09014502029470628,-0.06886171663536522
234,4.68,0.1361744009603687,-0.20464431253067947,-0.19574616648601803,-0.033184998656760695,0.2085416020859373,-0.11236185868566845,-0.046069555646679444,0.2656027736043999,0.22575299339588156,0.01434422847844373,-0.09523036082958031,-0.06650679497667208
235,4.7,0.16439158133980175,-0.17335040868633103,-0.201664184175819,-0.038424755298775495,0.20836385440566782,-0.11182851829403175,-0.031008305750347933,0.27574980277432987,0.1878729202335238,0.0030993920418042817,-0.10288461363267817,-0.06542565211282642
236,4.72,0.13803888736877862,-0.22565007475125187,-0.08674985448496092,-0.03532488160762787,0.1874626258835475,-0.11341688137965877,0.26309851693681263,0.2997810201219479,0.2427359042813209,-0.06454468772488958,-0.1270956906123444,-0.028217971543536252
237,4.74,0.11506370396208464,-0.22176502563126804,-0.17944942207903758,-0.04330929640162026,0.19677296804379452,-0.1116445677164492,0.11438470781330726,0.31646917981978356,0.2368041413766187,-0.012895589907883281,-0.11543636094127502,-0.023213216029351516
238,4.76,0.11042498545490316,-0.20004251322072159,-0.22080661780806704,-0.04225039427223079,0.21220090761160776,-0.1227155555213999,0.036025815071525885,0.3142478112903796,0.2054755949677431,-0.01958626331044347,-0.11001374367348848,-0.021993851563332695
239,4.78,0.12719968763926814,-0.18697373922632773,-0.2294760332596513,-0.04827918603923956,0.21108496353457792,-0.12309408860325305,0.024461988153988368,0.3160715440288607,0.17759000687289256,-0.03355995345789833,-0.11015733260353557,-0.021934125916123856
240,4.8,0.14370366001500862,-0.1691292713047468,-0.2189518757776508,-0.04999266272559904,0.20807879636780724,-0.12180181362182499,0.056204873620774976,0.31782708844651614,0.16483438294619568,-0.04624441605664707,-0.11022172446625392,-0.02203256526876872
241,4.82,0.1068373862149084,-0.16547192411160486,-0.04814718953884009,-0.04651128455550693,0.1829156642400049,-0.12198195520315197,0.26975670147613395,0.2778210564641246,0.2371584155390261,-0.1144246707630951,0.8233823022064324,0.7467399897452309
242,4.84,0.12124912441752582,-0.1864487170875118,-0.11995291486571591,-0.06454807411860551,0.13176928206703797,-0.13406872916983764,0.1219179008022831,0.2993881908159172,0.2364937938016106,-0.06487883737693298,0.32692503494516456,0.2503124080955226
243,4.86,0.1640174079417936,-0.2567899978508139,-0.008352483963925295,-0.06845149053206451,-0.0314226255054461,-0.17403218530691772,0.01940677667489335,0.09549448224354315,0.10668892885690073,-0.1792419994330762,0.16132615612899992,0.13861002473862355
244,4.88,0.11907587056637,-0.0014030941116237317,-0.012188639449240368,-0.07296796720805956,-0.0008553901004470718,-0.19403422190218875,0.05106959776289098,0.08227225483550518,0.07509371607069952,-0.20919636182593535,0.16366478754875058,0.11893328160179059
245,4.9,0.09764501116517893,-0.0043520626497819195,-0.015118286317169521,-0.08357828271104967,-0.007505717875959585,-0.2311431046187642,0.0873048089969076,0.09649914122084916,0.0841852242017391,-0.20206897269655782,0.18491054760415207,0.12113084082369258
246,4.92,-0.06497770348715119,-0.052695573911115665,0.06813365305534996,-0.018993014748752812,-0.041884449246157064,-0.21029741508954902,0.16436579699367607,0.08182318791276101,0.132758699217849,-0.2125296792595062,0.16358588406374952,0.15178260381362152
247,4.94,-0.022843317604939253,-0.038390644204093605,0.03875649415812421,0.00033927864393476156,-0.04286131134181131,-0.1816180873790287,0.15199228178630053,0.08825757719192291,0.13691729422330912,-0.2198629436817615,0.17087414765899359,0.14913746034881573
248,4.96,-0.005345875901573212,-0.045376092580206945,0.026065193071107412,0.006710204727639751,-0.04347327903244143,-0.15937494713257816,0.12199981865708065,0.08929625779446212,0.13128871639651304,-0.2163386203390861,0.1725719706038281,0.14243256025635387
249,4.98,0.0040420345611667605,-0.054398224888143144,0.025084705024218473,0.006781235905475727,-0.04331797914402692,-0.15153035263042944,0.11299159846299983,0.08984749875086556,0.13324561069686536,-0.21642956443261369,0.1726949971509078,0.1430764470761241
250,5.0,0.004364900095680645,-0.05442107958115788,0.028701394501108313,0.00435993680067823,-0.04288205029272355,-0.15637210234709142,0.11986235074214036,0.08953990282598462,0.13434251161486435,-0.21627979014262427,0.1727431077648861,0.14417721357672375
251,5.02,-0.17093869207908768,-0.19099808882061253,0.021797642463966593,0.01176297823961775,0.8974810549091725,0.6081358388965064,0.15678598989055614,0.2616203466129654,0.32524369931961994,-0.10782236971602419,-0.07002983223593401,0.0789118616239088
252,5.04,-0.09724733380058814,-0.2572218313787379,-0.06270670729380079,-0.0764744875773579,0.3749528413289962,0.085442391409839,0.16805244800669628,0.361571246673132,0.2670075084123834,-0.09213150100577086,-0.08269934718609576,0.07247804848191634
253,5.06,0.1268948011850049,-0.269076822589473,-0.12120824540943842,-0.09413167608062699,0.23433633188526087,-0.004877192051324308,0.17861294538039452,0.4019196361675417,0.145592257937672,-0.11383779327107285,-0.053496842167748894,0.06723154440729971
254,5.08,0.21786732170979942,-0.23059555558289896,-0.17873088297861556,-0.08348657912750945,0.2504065283732569,-0.006663277202809792,0.1691274379211991,0.40519047784839474,0.07396871793332804,-0.11087516186203165,-0.05850103286031855,0.06810942870383568
255,5.1,0.19412333940648666,-0.2017570319469181,-0.18180733485988393,-0.06608364696171104,0.23368421107276866,-0.005930929887353123,0.1579975970040304,0.37266437078445247,0.04915525483272129,-0.16964737867640417,-0.002865416033501135,0.06746380854818942
256,5.12,-0.15198187184233503,-0.20658847248094991,0.11990537638306742,0.008541887007448234,0.23423373226774796,0.02452939028043452,0.21854537694351256,0.33630145448859267,0.2187715136477975,-0.10881691981382755,-0.08056677438129828,0.07549003460279283
257,5.14,-0.03303512837650749,-0.18424028436831802,-0.1089203858489182,-0.04955710556476686,0.24304164699232433,0.024471962594757993,0.20215743359841473,0.3440338350436344,0.13499605742223603,-0.09602029500796616,-0.06691047533966966,0.05919719706006067
258,5.16,0.10061596333251766,-0.18888793082139854,-0.13990318286338044,-0.038148792548717114,0.25380655951005626,0.023950415659186555,0.17023376169161222,0.3745397777938795,0.09890049689349756,-0.09620806628104647,-0.06695575569349224,0.056419634267409924
259,5.18,0.15677797976651342,-0.21143917403530402,-0.14422286659748992,-0.028791806848490628,0.24410054179476662,0.02401251927981929,0.12898607825871883,0.36124174037776496,0.07724485185953736,-0.11716186904545614,-0.01984487217036638,0.09379679912200935
260,5.2,0.15648144023338467,-0.1903433360643544,-0.14132083615327976,-0.01662680842123815,0.244755725934046,0.02339195050796737,0.11444976999036169,0.3585996495483165,0.09196730368535111,-0.11316646324015041,-0.017191921501544166,0.08359251500954455
261,5.22,-0.0037071455124810387,-0.25831985349966474,-0.05825448435019978,0.07806970966815852,-0.6653567061484165,-0.05007959032863907,0.15724795327322633,0.2955709403124483,0.18917770090090255,-0.06272111064258597,-0.00795125788076819,-0.0021668434505241613
262,5.24,-0.1262020905896093,-0.1635668199339344,-0.050306616932501214,-0.016153829323961616,-0.14270924940202578,-0.047617821457787674,0.14331153488168674,0.30234095666012867,0.12916692330744128,-0.06737159765554694,-0.01311528495811378,0.09578714811477984
263,5.26,0.07994346693080634,-0.16969294066177837,-0.040620517951033025,0.17288116283465368,-0.09935554916648653,0.032490907536083594,0.1496272225716866,0.2306024582704056,0.019375560419977844,-0.12415995486988848,0.18165737520180097,0.15575518454090906
264,5.28,-0.024796689813414128,-0.03375379647828203,-0.03868601743366709,0.13673492445758384,-0.05965157252478917,0.05652248095309417,0.1456846353157966,0.19312633681173796,-0.0019718295335120067,-0.1366974548101206,0.1524960835287817,0.10047482016562813
265,5.3,-0.053833320703687355,-0.01769533207345947,-0.035089041244385694,0.12067377915693644,-0.08002184763505779,0.03296734623847471,0.16400909607525094,0.2164368277873421,0.021225473438191547,-0.12003336725385412,0.14715501241536175,0.08390113809556532
266,5.32,-0.22886273904448234,-0.023076401487036234,-0.005745864779827831,0.18578544630178873,-0.10212460137497842,0.022581125425835957,0.10425788960434715,0.2521120861613096,0.005158926760863658,0.013324820849430735,0.16570190176424454,0.010459060422932057
267,5.34,-0.20942635306781035,-0.018012172827326894,-0.013026628775742621,0.2238983650802966,-0.09653058047864035,0.034346766889859034,0.07959760312468302,0.2448021620327844,-0.014065891222812668,-0.01379261343518564,0.17544695821540485,0.039741076051877475
268,5.36,-0.17818334369445685,-0.022439397955724548,-0.01073238765633669,0.2263936561383456,-0.09429072328082666,0.0398438460243912,0.07068250695639573,0.24260048947477023,-0.01352338627225877,-0.01927078123602124,0.1744522844630497,0.046247155054759057
269,5.38,-0.17645308237911358,-0.021627851901359935,-0.010564441148267267,0.21572196226661491,-0.0993026744652967,0.034951373530697535,0.07415818125629504,0.23540787276612826,-0.009670901822977931,-0.011368300148460877,0.17194990400236637,0.043979309747052706
270,5.4,-0.18276859025838463,-0.023121514148963816,-0.00477902008805034,0.21661805070558932,-0.09155132469993014,0.03177381414562956,0.0774856311990665,0.2415708312139308,-0.00848454287835064,-0.010685244224242135,0.17286480630922055,0.041917900414201556
271,5.42,-0.24738382527592534,0.18169517035565175,0.03613270416885275,0.12553718450483026,-0.19043055902794526,-0.1941868962439004,0.02976630961616078,-0.6892336953994802,-0.7740447235379091,0.11167831039436227,0.3462117331889808,0.028203630837816837
272,5.44,-0.041077621601917996,0.21206029627707312,0.038860804262494664,0.025673329465140796,-0.261830668682632,-0.15339800082255978,0.11928810346843895,-0.1666286210126947,-0.25141164717809905,-0.13237752318172685,0.42660707242949664,0.01590849831637807
273,5.46,-0.010636410940973423,0.19667571217449523,0.03967310483259126,-0.04314767913170912,-0.29389124628575297,-0.09173562405440237,0.14121880006459644,-0.10136746270675534,-0.03000249134985422,-0.2391301578166321,0.4389054730776326,0.013106206361083797
274,5.48,0.019094036310867195,0.19332835619847014,0.04023031181482986,-0.05764782761782133,-0.3089202741260954,-0.06868204886698807,0.12460026352776808,-0.11876803633042349,-0.028948317323066908,-0.23359372834994643,0.4256907178512085,0.027486221555811638
275,5.5,0.008434988604215167,0.2038192152628828,0.04019451230838522,-0.045464789979806956,-0.3060050426939773,-0.06523329263922518,0.10141794728738461,-0.11925990680544574,-0.029453508675690965,-0.16619125764108614,0.4133427912707072,0.05541176581087749
276,5.52,-0.02599311757649747,0.34439277377666133,0.042607686880713036,-0.10664298079607792,-0.2724662624279593,-0.17208379211675778,0.01426531829516875,-0.09810333366880578,-0.05964164829859675,0.14529236209888508,0.39114240018149543,0.017292322834914914
277,5.54,-0.00209611787951601,0.22502134958921816,0.04938696745382326,-0.05471830111922507,-0.2546758604392608,-0.09628669639658871,0.07070615614774894,-0.10624952870261084,-0.06002363647191053,-0.03561728612323012,0.37572959602067996,0.016197499951242395
278,5.56,-0.006333723371060737,0.15587274180920407,0.05091412835357828,-0.028134670154477168,-0.2160308958203174,-0.04059765705206897,-0.05013185719101802,-0.021226507206552815,-0.0400000709225113,0.014942852430861384,0.30139914311799554,0.025112486673232917
279,5.58,-0.02276414397806452,0.1820406632988846,0.04991924270625475,-0.009805833214248327,-0.22484734673264972,-0.03822084236995335,-0.044607250508195785,-0.03965760269357963,-0.04368570610236522,0.045924395921707044,0.3027651525088794,0.055736658970642894
280,5.6,-0.03150290184576722,0.18637402036284131,0.04924295661317929,-0.016192617292521284,-0.2456954979216262,-0.047214903257119994,-0.04188770651013787,-0.05411867375219465,-0.04450011104025499,0.05078379146967218,0.3134510919256287,0.06824564183001948
281,5.62,0.018233980147965317,0.14374413812933626,0.046287085527011024,-0.11547874032227676,-0.047187580741199386,0.023466974999085163,-0.19334021230900855,0.9145698538595699,0.07191728814166531,0.3520806285000028,0.15467129649474523,0.11189043403240255
282,5.64,-0.016416498435422186,0.16914714434208747,0.05381790385468152,-0.17778938845167996,-0.10347187761378257,-0.09539224298822181,-0.1661739706535425,0.3658821819357667,-0.17668628755142474,0.1919259020358477,0.10703710986210346,0.11890568809926878
283,5.66,-0.029979696554145882,0.16300358493541944,-0.3202644958717001,-0.19167697672473671,-0.16213369484142942,-0.1070712204282189,-0.18596292764677852,0.059230280698265636,-0.07946561462705715,0.16827538042270915,0.19070081296233127,0.11958158489127559
284,5.68,-0.012115064544428192,-0.10965522735603245,-0.17814842099262676,-0.049604128621427906,-0.016002939513028558,-0.03810897768173249,-0.13409600608818578,0.16843995749167623,0.036867863313050225,0.007584215179054457,0.16669983511426717,0.0689488509842879
285,5.7,0.08528120338829848,0.04546902973876967,-0.15934965112420219,-0.05383518772121973,-0.028084278307172077,-0.020329190134165148,-0.14796680617613367,0.20356200991322954,-0.15716414652903188,-0.008747591605866759,0.1572318460093893,0.07743176051456864
286,5.72,0.10567722565395729,0.07953791138107645,-0.12935880259503663,-0.2179462077126269,-0.043241345428799774,-0.045617623800728646,-0.22791041630128428,0.22386611076924082,-0.1168896301578804,0.16544116624221106,0.14307772872727897,0.05185565691855584
287,5.74,0.15295199618026278,0.0652651907603334,-0.1095248992913985,-0.21240726477134073,-0.04158470069613051,-0.03175435951386807,-0.22939533455686367,0.21457782994565516,-0.09832453108141992,0.17479681059711544,0.14335470850896104,0.07787696735729811
288,5.76,0.162823879701877,0.05658061388755264,-0.09990366229384713,-0.22011436551084973,-0.0457323941276372,-0.03118924891878397,-0.2246338680577636,0.21423275009538129,-0.08399946590346846,0.18626726842877345,0.13767573119052187,0.0804341540094155
289,5.78,0.15206233499664343,0.04965198906881186,-0.09485470759312915,-0.22344212585245807,-0.048428249533559835,-0.03735371296090009,-0.22047680357093735,0.21368532243316238,-0.0869552172015889,0.189385247276802,0.1359942084208069,0.07499690527601494
290,5.8,0.1504909575204195,0.05687800941706263,-0.09118016574441436,-0.2234699364677623,-0.04832557513440203,-0.04135734286620035,-0.21922137035407677,0.21366676022394393,-0.08557433755495483,0.1882919583168565,0.1385744398597878,0.07247967886480436
291,5.82,0.6062661787494779,1.3145210811565786,0.12870931525820478,-0.3556682672834612,-0.23243013845476304,-0.09069537582427259,-0.13448633614516564,0.10927634723908997,-0.039235582173714784,0.1906465778506442,0.23332506384792245,0.05590729998693962
292,5.84,-0.028879165367882542,0.7137864257489188,0.1226446181717496,-0.22923458775633215,-0.265245261716986,-0.1710679248752769,-0.12562453717856104,0.04275452908567026,-0.06735756651084693,0.09747528960531324,0.30780020333933966,0.13739944301535437
293,5.86,-0.06888232764762596,0.21606062523943437,0.11881397420683859,0.0011125106262696027,-0.21744132982345626,-0.14816456400862824,-0.045069367942554395,-0.05622779478245816,-0.035685445771207566,-0.025576884462329808,0.32419978645687814,0.17078253656698628
294,5.88,-0.06314765246140508,0.19751970346617848,0.11780516332292851,0.122136379864861,-0.19614986781137095,-0.12357496082595293,0.0171648785587974,-0.10260972498658848,0.007140410624519103,-0.1488914251316396,0.32147942253482376,0.15486169061590174
295,5.9,-0.06514707701402339,0.20333825222761787,0.11844093411817819,0.1267742867473374,-0.20110091930483825,-0.10834811037990637,0.037774133541274416,-0.10645483467117113,0.006317204299195064,-0.20393688848775762,0.32938951372048453,0.14507813913324008
296,5.921,0.7409527827451703,0.46421449017562244,0.0813880012184839,-0.16273652195161017,-0.21080485168810478,-0.1622622161786748,0.008425774830414345,-0.0852923772754153,0.00983237624243656,-0.13730406957278057,0.36230940883723334,0.05277728601339769
297,5.94,-0.01722990720165235,0.22951067631865216,0.07739166931302159,-0.01958523260064915,-0.21521384778688576,-0.17766201685599756,0.016778344373339048,-0.10651548963242562,0.016186297209849765,-0.13815544972606159,0.3705667659853444,0.10549083404105229
298,5.96,-0.034596287131466175,0.2169464462217955,-0.11612782915642587,0.07978482161775952,-0.07265589589878976,-0.1001783340151709,0.02850404757125234,-0.03312081187226648,0.01599598124828734,-0.16932426166930928,0.361191895127279,0.08125360443187589
299,5.98,0.14140788402877003,0.015937185740328222,-0.03861893894085576,0.08156639287719888,-0.04407288201311159,-0.09647397392539608,0.05304859574850163,-0.0463195425742533,0.016044388471462057,-0.17438809585964085,0.2859483672116349,0.0023407588086803433
300,6.0,0.08631769277146924,0.07929316022861327,-0.016676611648684045,0.05413906127387991,-0.07120108836803216,-0.13099145179205887,0.046021345313158414,-0.05435037298344935,0.01609279569608109,-0.14670994991756303,0.30708833025673987,0.009694529562748383
301,6.02,0.6239015716613385,-1.2243364286015925,-0.8815331462230711,-0.18599175830008982,-0.010200756919906281,-0.15632351420819884,0.021880716066069394,-0.02201634089537126,0.013542431412248632,-0.06037355754600589,0.2680328491490569,-0.14809207156005139
302,6.04,0.16644492178518178,-0.7280397627494912,-0.332904248429847,-0.08692690608308792,-0.10280352650999039,-0.21011565481631314,0.012188682707030038,-0.06972915532774847,0.020292336458517732,-0.04857924699564783,0.27130127575402324,-0.040369065570862436
303,6.06,0.07473675637334304,-0.15314459272656944,-0.00693117535345722,-0.07771651880621003,-0.07698213609891041,-0.1118447651943899,0.05006599474950235,0.17676923138989672,0.25289213300286517,-0.00023435540402120397,0.165914867139842,-0.014574132698758832
304,6.08,0.22099271953827732,-0.03915469170043501,0.00945988160495509,-0.11662343013682513,-0.0021910839655653186,-0.04344015365882803,0.07260022490262631,0.08795927010750565,0.22037435539146977,0.028344002013756246,0.11842962617407393,-0.030240465411190062
305,6.1,0.20787324957035153,-0.04864451276180565,-0.033979904947863473,-0.11545613609447569,-0.001863400827628127,-0.06383675514286208,0.07365408862711151,0.0975545103780959,0.20729584737088574,0.02138151375650907,0.1399065946792613,-0.03498959741641865
306,6.12,0.22355149036879493,-0.04662764675298127,-0.0886543949378087,-0.15983759759977076,0.015490142339706262,-0.10406477206694442,0.21140337802435655,0.10434932337682631,0.2355587903924894,-0.09229819171683046,0.1345011766359536,-0.06990373742074103
307,6.14,0.20818954531901995,-0.049626418331184016,-0.09809898189922092,-0.1089041596000262,0.017282098569209495,-0.12368159080317753,0.18367439816891046,0.11009327176190548,0.1826185022975696,-0.12683411560479932,0.15426611080234456,-0.056105219880624696
308,6.16,0.18972062372922438,-0.06112772872832646,-0.0910174679330075,-0.06920773754588552,0.013169946888695327,-0.12247204949772811,0.16808793570261454,0.11611153055855467,0.15166408728914915,-0.14505803387296343,0.16770445202724316,-0.0419967353414471
309,6.18,0.18536192189613962,-0.07120974496623524,-0.09169374096827132,-0.06473900917690949,0.01371706282302941,-0.11926833276425701,0.16982156351120098,0.10663807796309674,0.14560928013107766,-0.1422547096480007,0.16398746393971692,-0.035882958095237394
310,6.2,0.18977658903329794,-0.06935575022086461,-0.08831035482239677,-0.08391305408907056,0.01147716566718545,-0.12049498504485064,0.17294357582752384,0.11157511021927718,0.15286724002019825,-0.13619443030339512,0.1642037665273862,-0.03501248401779289
311,6.22,0.1028953526195516,-0.1299418121280263,-0.033720558552564936,-0.05380399203631597,0.12428377997718662,-0.1503861195856741,0.3693654911543585,0.2917999667008532,0.24982459958544923,-0.1438990654893909,-0.7242660616183354,-0.07866141678269722
312,6.24,0.0819924446512954,-0.2275262301074733,-0.17142742668997618,-0.06359663412448711,0.17222835253650848,-0.08521760721078847,0.23361177205553096,0.345886713638331,0.302981382323424,0.03761262545988886,-0.22781152241203662,-0.06835597462688381
313,6.26,0.10420312403075943,-0.24417440840592863,-0.18969448674199332,-0.02673893806515555,0.184589060014218,-0.094375895080743,0.04220478297600308,0.2915116079307757,0.260049610951579,0.021502633468365423,-0.09143355636620937,-0.0683059989510485
314,6.28,0.13976624463025478,-0.1972384770867135,-0.1909973409756168,-0.03254731819265695,0.20752604862563298,-0.10478331431515446,-0.04128167935940888,0.2724303752264385,0.21539139061117538,0.011865271832465024,-0.09643398118796564,-0.06583103841929726
315,6.3,0.1604211040630753,-0.1750169057231973,-0.19732212483196104,-0.038234672003249835,0.20792679601686492,-0.1048559034617473,-0.03164449989442278,0.28145901132854517,0.18352358968486418,0.0028245346509260163,-0.10355024362668919,-0.06485928866067577
316,6.32,0.12300333953141251,-0.21191148045102276,-0.07135840269427088,-0.035470342180165065,0.15057820762629404,-0.16094326899790512,0.2631146686117511,0.3036953800699338,0.23652575964249112,-0.06713141608120188,-0.11762150795147863,-0.02700690335712483
317,6.34,0.10558652445185708,-0.2108371058012864,-0.16397763368405083,-0.04999329405640415,0.19158865729038552,-0.11297381667402284,0.10689641516030987,0.33431650846657057,0.23114123727291946,-0.014063117568470562,-0.11245901627278682,-0.022420479938329504
318,6.36,0.10321093582279571,-0.20387932769425665,-0.21384760643080009,-0.041170191357243736,0.2135327111194219,-0.1233564716153121,0.027626679448727265,0.3233345350236812,0.19512121817985595,-0.022966336622742473,-0.10918017934103562,-0.021037902896501856
319,6.38,0.12092585865858795,-0.20018464181565307,-0.22514298454628787,-0.04924826816499199,0.20479349358146662,-0.12178922970716721,0.014181691345943728,0.3066854871776584,0.16271331520814225,-0.04270462479944087,-0.11175132797417595,-0.03973894419055442
320,6.4,0.1366578253052103,-0.19336418642727798,-0.2030958748027927,-0.049909511308638604,0.20874206734959483,-0.12236432291679539,0.04773355220813444,0.3277253534058222,0.15792688191346577,-0.04602059410652475,-0.10917616325867796,-0.021596137506261187
321,6.42,0.04724064694956534,-0.2598817220329603,-0.02431443330690161,-0.04128571918133443,0.18279330089833737,-0.12209357891671427,0.2776356300853826,0.2846611460839314,0.22623497723207342,-0.13437572545861842,0.8770749666149535,0.8009619994508652
322,6.44,0.12104763997039172,-0.2082662200394594,-0.11072233270704356,-0.05678491214583878,0.11982842439394248,-0.14680534106711077,0.12122568431998346,0.3086734651460866,0.24185191061724057,-0.060823584202128606,0.35450343010748875,0.27842104131723067
323,6.46,0.16384135787008897,-0.2075873366673085,0.013030550861926712,-0.06992387079504839,-0.0308866592622936,-0.1804124662300885,0.009831575059595296,0.08981259901448618,0.10057622006688949,-0.18146487671665504,0.15626314243957506,0.12938018847215427
324,6.48,0.1226898799160796,0.000247993315174444,0.0033087218080731784,-0.0714580725505777,-0.00020972483285923438,-0.2022005386740906,0.043076569823699895,0.07847147722570166,0.06776924116425123,-0.21386979025977979,0.16727597669308764,0.11780870798549381
325,6.5,0.09826846348792104,-0.009273939357793588,-0.001555394850361408,-0.07785894637534571,-0.00693501232878832,-0.23877776099444997,0.08042009329308589,0.09260434784635957,0.07464883734333663,-0.2096287452355372,0.1891976383620398,0.12299885673226116
326,6.52,-0.07820078342253102,-0.05146680068821745,0.08235706402594747,-0.014309162254643334,-0.04152777727659007,-0.22229516662670798,0.15849807618060335,0.08032594517026108,0.1257541646764444,-0.21934299812051758,0.17372283569115515,0.15177526210021366
327,6.54,-0.030358916266466057,-0.046354992892959475,0.053951133174647864,0.004627866460651005,-0.042316821708877884,-0.1922236594976274,0.1453456248010773,0.08503603816460499,0.12914218641096975,-0.2246727634591586,0.17892207853615505,0.14685691544353935
328,6.56,-0.010833633879450452,-0.05721345153923477,0.042611007759176575,0.011734905476022583,-0.043544979190246996,-0.17000743274223765,0.1138812301176553,0.0924533424015594,0.1277794030802316,-0.2223704077911044,0.1820965843727065,0.13979773581794347
329,6.58,0.0006797786119883548,-0.06101003104499742,0.04126188028283152,0.010562382553202476,-0.043142908122477876,-0.16062858374247707,0.10499745615662466,0.0879854140734243,0.12815614719047613,-0.2218338421741446,0.1810026449910101,0.1421184063801847
330,6.6,0.0009346411664118755,-0.06057087841344154,0.04433620460211815,0.008758988494173696,-0.04218878813720167,-0.1654512190257271,0.11198558170340393,0.0874026284962011,0.1283221526305539,-0.22173692203120388,0.18105287245236207,0.14279447506607967
331,6.62,-0.2509399601803985,-0.18666610464277558,0.036331507205482394,0.01247700092254389,0.8980235212350387,0.5988154498893499,0.15140098512340394,0.26397462849523423,0.31814630006089073,-0.10912372505864514,-0.06213015636372227,0.0785938066369037
332,6.64,-0.035831627019351664,-0.26526874012141893,-0.051166290288106264,-0.07556731438721226,0.37549527496759283,0.076120316827752,0.16496707365351182,0.36669131292618645,0.26090030385553303,-0.09159229573388541,-0.08285487033399741,0.07283903820946591
333,6.66,0.16213943215856724,-0.2591847175609505,-0.11204972550927289,-0.09445274484172062,0.23531889451332333,-0.005147099870890071,0.17565940460622917,0.40918863556706847,0.1382807179363444,-0.11471751653758047,-0.05423875864780359,0.06767409044166606
334,6.68,0.21615303125500868,-0.23603869299893987,-0.1698428992860581,-0.08406723861070245,0.250817238629137,-0.007046652289729088,0.1675290856987647,0.4129686242562389,0.06493622641056482,-0.11086692254068703,-0.058684829937339464,0.06851498050502773
335,6.7,0.19801397901148632,-0.20930331246810566,-0.16723953494536342,-0.06665731260666437,0.23466083244878905,-0.006252476369153298,0.15969920843411756,0.3789445461288583,0.041049970400334354,-0.171960814366924,-0.00385853214535746,0.06394420744145839
336,6.72,-0.1517850661218278,-0.3128222141717896,-0.09565778091946162,-0.0053877958107885204,0.23579185284894316,0.023365493693107503,0.21420303346879604,0.3457483597969811,0.20424800657495537,-0.11453559936504326,-0.08043020960580766,0.06644499044601171
337,6.74,-0.016822404727248372,-0.1951727358546513,-0.10336529091545238,-0.049802603451746724,0.24327567889239582,0.024397764249565884,0.20297711738379956,0.3542786961454474,0.12263562235508246,-0.09552981948559247,-0.06624846043518501,0.05946888605515417
338,6.76,0.11523101264633455,-0.1880515207113635,-0.14170492359601888,-0.03812559853688131,0.2508267210944018,0.024406750520173492,0.16418012590952702,0.370719622498589,0.08353424539271787,-0.10324080552174897,-0.06216339406836141,0.06072474099914606
339,6.78,0.14157494461394773,-0.21557727508152072,-0.1398551205852716,-0.027868019207397454,0.24355548721174305,0.023811621101200553,0.1284110983509618,0.36967843530325173,0.0707701461332523,-0.11513798650001064,-0.021318189335901377,0.0912162817438243
340,6.8,0.15911242019905705,-0.1131083708291101,-0.13047000424666044,-0.015787805124920683,0.2449785736440302,0.022956137766355536,0.11221228014761042,0.36570193151755853,0.08491973795088832,-0.11579746663884039,-0.0149811659823237,0.08364773756981302
341,6.82,-0.0681381807633384,-0.13877262073498095,-0.04795179810353735,0.06963656184417977,-0.6403569634834212,-0.051012858117495785,0.15313916187941953,0.3043833521958736,0.1907713684819028,-0.06035458377282023,-0.008737862455503433,0.0012207121910423613
342,6.84,-0.14768247854816136,-0.173092992122512,-0.04154169910193699,-0.014780553314828776,-0.11769974449932985,-0.047689608607404566,0.14087577615467697,0.3104599562688606,0.11942753939223205,-0.06901370086919584,-0.012360973422172308,0.09871884270590348
343,6.86,0.07127850445977232,-0.17945744777409844,-0.030757059778770315,0.17480089809423827,-0.08825432980666831,0.04058606047947767,0.14732849720570643,0.23057600920526122,0.008317829240720206,-0.12598847601134988,0.1761670008264985,0.15014392343654998
344,6.88,-0.03184126790921401,-0.0366738533746456,-0.03145314592313972,0.1438152386180131,-0.06078072476181051,0.060576644320879905,0.1458372733995667,0.2012070547651311,-0.008587351825101175,-0.13552949681719287,0.15053283099272224,0.09956371799804109
345,6.9,-0.05844487491716336,-0.024485625651112286,-0.027884061570806,0.12433245731854176,-0.08235255909403863,0.03494161076771085,0.1648367599039236,0.22400999353518405,0.014558213159464428,-0.11932667471678107,0.14807832175144678,0.08186639086735899
346,6.92,-0.2435747640671027,-0.0091743442566831,-0.002704681160128064,0.19344529725478385,-0.10032931658708674,0.03129385371082331,0.10647050093630475,0.21848380041304394,0.06956664692532864,0.01564142902351269,0.16379585212963596,0.01042871145531396
347,6.94,-0.2138817793820202,-0.022114056206055638,-0.014928608296696066,0.2266098501734672,-0.10453779694630554,0.03762141331036854,0.08112840062639674,0.24709130402506904,-0.02426372509590817,-0.011672153374135033,0.1733179899780003,0.03761405833647212
348,6.96,-0.18793334707538362,-0.02958082098144703,-0.006821255373996152,0.23339334106251347,-0.09837520053571289,0.04693503732156344,0.07443245770063753,0.25023519183794424,-0.023673034613394317,-0.01763838880955923,0.17381402708179092,0.04410524925316964
349,6.98,-0.18565738719529992,-0.026515868459219175,-0.0035658126219539066,0.22617128965294409,-0.0984180597173741,0.04657820452490827,0.08052125301590816,0.24996406183737518,-0.01848312102989845,-0.01002851129412367,0.1728920255449643,0.04116864090709155
350,7.0,-0.19254667267542605,-0.026775023749089306,-0.005664289734963718,0.22055476047498423,-0.105325195650922,0.04252668887272157,0.080322374614039,0.2445557109763796,-0.01925201765590706,-0.009128237508140711,0.17304564633853656,0.03905200018769654
351,7.02,-0.22002006605980773,0.175916153089516,0.035826499349299476,0.12827842380792878,-0.19206156751973477,-0.1840747422939631,0.02838937573861683,-0.681584161406376,-0.7842895713544984,0.1116353554214976,0.3510532668471863,0.025391014229373912
352,7.04,-0.03936528374016368,0.21117299074040424,0.040681493055072765,0.02225599563461536,-0.2680421846158213,-0.1419220749917271,0.11942900183931425,-0.15897730926841658,-0.26166256282767897,-0.14161769993242224,0.43120467514215527,0.010021983862256847
353,7.06,-0.0024410254113710478,0.19615223542925497,0.040678531450463795,-0.043371060367237896,-0.30223455918413056,-0.08646381214422284,0.14154774978968984,-0.10283837940295149,-0.029500121596495787,-0.23863294913523214,0.43462916666730866,0.003796072906181308
354,7.08,0.019929759896729266,0.19296832462348268,0.040645316253399746,-0.058247486031309435,-0.3142006392021421,-0.06252494730305883,0.12351227212670905,-0.11927021259827106,-0.028567187568646624,-0.23004299389009011,0.42974899779988174,0.023056257830825003
355,7.1,0.011234977647995926,0.20265917402977596,0.04061368272863719,-0.04528641785219009,-0.3107222052439409,-0.06069120185106906,0.10151320427905668,-0.11932337182691749,-0.029094902268508888,-0.16487492749370591,0.4185425609956595,0.04950638058229452
356,7.12,-0.039179168647859475,0.3026323811340763,0.042353816242677714,-0.10760604638418048,-0.27562356638381497,-0.16390892972299403,0.02507980533215276,-0.09855416713309417,-0.05922973087818123,0.1371715178524439,0.39588717016754627,0.009959474835585208
357,7.14,0.0013585073233378375,0.22499016951711853,0.04894051899722637,-0.05539845960258552,-0.2590640860457319,-0.09245578574306415,0.07050524775322464,-0.10609311597251639,-0.05965112596328537,-0.03383965407698675,0.38054051535262023,0.010265523938529919
358,7.16,-0.005629485589548053,0.15480487360788195,0.05062516234414184,-0.024600616620260585,-0.21937648427912923,-0.03415916941432118,-0.04902115255901204,-0.02427586986687546,-0.04368521418568161,0.020501400303363226,0.303384061828065,0.022775934102286538
359,7.18,-0.022201551895967495,0.17784355296112286,0.04434689639031483,-0.010709627646719434,-0.22926224652315697,-0.032326772521740654,-0.04495435113520874,-0.03983768521260387,-0.04526427891039328,0.03422049176660163,0.2377136868556653,-0.02777658926475969
360,7.2,-0.031123415267077757,0.18375122941568042,0.04878586965771027,-0.013940391283751762,-0.25071652224381025,-0.041584537530136065,-0.04230974826906045,-0.053361617171830876,-0.04603220542616916,0.05301062668058488,0.3168502031736109,0.06487217738977591
361,7.22,-0.02418286750024412,0.002651513718848364,0.04615174833843792,-0.1300864647861397,-0.11362219542601393,-0.13688258515994056,-0.16742056513583126,0.8878954615877594,0.0673312986342347,0.34661917342383713,0.15468497820493826,0.10951663423770705
362,7.24,-0.0091141071845985,0.17575004095765775,0.053583568578593824,-0.1793385882859329,-0.10746708283194781,-0.08963665874568733,-0.17092451487302862,0.3653290429649769,-0.1809846698519333,0.19402855964891408,0.10992095897613519,0.11597051017768473
363,7.26,-0.03385667521662006,0.16584164729228962,0.05160118385231176,-0.1952012905547971,-0.16203146034470564,-0.10125350080511142,-0.19174850179126435,0.060483512008676965,-0.08144734070113097,0.19964129714148213,0.18311243124506021,0.12766087637503398
364,7.28,0.02469651801423646,-0.011609156140657634,-0.1856792355162671,-0.04494063396705246,-0.009817349663922476,-0.041244620447067254,-0.15134582942851818,0.1902653187587059,-0.19252208892593964,0.01920268129810493,0.17833798068309795,0.0657291413894359
365,7.3,0.09521969235407844,0.046427593046402336,-0.1670566145226971,-0.049457234363805405,-0.02556436875541645,-0.02066679416486976,-0.15080185663035817,0.20279735667455498,-0.15572138794126483,-0.0024313088283549195,0.1619966083994083,0.06936076242897077
366,7.32,0.12559245040343714,0.07679645924920858,-0.13573041990054335,-0.21812362987020162,-0.04226350389562876,-0.04617000026765425,-0.22797644767202746,0.2226076636862512,-0.11328054926238351,0.1698207043417461,0.1432552513806713,0.04084740619654238
367,7.34,0.1603385291108192,0.06468913820681821,-0.11519756842170797,-0.2123707507171525,-0.041616340228455534,-0.02781944458409366,-0.2306074861835395,0.2165164766787474,-0.09505398377554242,0.17943288308840974,0.14656024688482072,0.07211141295746885
368,7.36,0.16556591123639794,0.05425977618032773,-0.10153706379187193,-0.22163448116183088,-0.04680211150771204,-0.02384496338605087,-0.22736565566372982,0.2172735093918616,-0.08319869419890992,0.19217610024157683,0.13985468150233615,0.07628028168212031
369,7.38,0.15771286381093133,0.05687887522711687,-0.09914530386040922,-0.20681991414858644,-0.011140595169332676,-0.029881210113715792,-0.22163957605975773,0.2142745768672688,-0.08390169404214065,0.19840266375229793,0.1332496957032889,0.07109449350521531
370,7.4,0.1446125156861629,0.09530130109130186,-0.09617366718226832,-0.22496029485889182,-0.052514054593475835,-0.035238070294552684,-0.2222196654424412,0.21864648508107454,-0.08413321158390652,0.19641765615860454,0.1333963740580672,0.06693004295477466
371,7.42,0.5275322716687565,1.3151365499901333,0.12810845098824825,-0.3593033822019221,-0.23398157391120472,-0.08472196430380573,-0.139986403773191,0.11492503942270438,-0.04228372327345993,0.19797368750755895,0.2277948582318121,0.05430873792338187
372,7.44,-0.002021022344986023,0.7927744121858074,0.12112503463281088,-0.22619086368489216,-0.2790321359277588,-0.17338997416283383,-0.12943807390663434,0.05096997977094317,-0.1074674752388938,0.10699082599295923,0.29810520938229035,0.13328809915485018
373,7.46,-0.07617546014388465,0.2521826212523405,0.11845837369055326,-0.0013769061801775784,-0.2194472934139372,-0.14667377965927145,-0.05325342885539097,-0.05057545508731646,-0.046615009761791074,-0.015521492285206537,0.32907220739147053,0.16793295732031585
374,7.48,-0.06202367134782889,0.19839206821390803,0.11715834500156075,0.11793027102627707,-0.2004940208132444,-0.1222450390416149,0.013414243700860966,-0.10204560552432326,0.007546171239759911,-0.13685255271458635,0.32420355680705787,0.15377914340354693
375,7.5,-0.064035309051303,0.20554931393048936,0.11808139030162432,0.1279505132253424,-0.20566369890786146,-0.10372329638504289,0.03808661819628952,-0.10664481700875976,0.006698694454382398,-0.20213565821401536,0.33156499423524255,0.14319029584388998
376,7.52,0.20583855295050857,0.24373186445144368,0.08094676893358556,-0.16273243828622574,-0.21637774480154517,-0.15319629998685003,0.013263084427316774,-0.08322390354855193,0.009828326841659726,-0.14171542000469559,0.36101544423701354,0.04780261972431389
377,7.541,-0.034251940302913536,0.21840618082217228,0.0766719094836394,0.005855676889660433,-0.2171122478308155,-0.16736513192591332,0.019078672945574318,-0.10796085343305722,0.01754117937126165,-0.1418778969550759,0.370117370830982,0.11035639060083609
378,7.56,-0.033621500021574185,0.2165428295340621,-0.09035283075348606,0.08349954521891778,-0.07646859698244224,-0.09427074205330466,0.031430906982782,-0.034490582261121894,0.01690189778793283,-0.1719433034681178,0.36098027370122737,0.07126684255876747
379,7.58,0.14066273083088637,0.00775837868497968,-0.027105892930473996,0.08626079174020089,-0.04994719384791202,-0.09404175060960687,0.0524778052424026,-0.04741847045235294,0.01694872247072861,-0.17610864158531814,0.2935250420739304,-0.0031091985259460164
380,7.6,0.08730374067386075,0.07132571669305053,-0.009138448337055433,0.058611176799148915,-0.07681225809328299,-0.12887515016727502,0.04600832510317267,-0.05477720478996093,0.016995547155254823,-0.14794664179120257,0.31446729520470346,0.003835913380581618
381,7.62,0.7486165767466416,-1.279439667305821,-0.8588347028962888,-0.18992208739735095,-0.020272393869542618,-0.161487936155028,0.021181287822576972,-0.0230793486289234,0.013993280594754604,-0.0599629234926409,0.281735370564972,-0.14996224736515648
382,7.64,0.18160869124376744,-0.757039072615812,-0.3101938849153556,-0.08947285079339642,-0.10393005579721948,-0.2056528813592133,0.013595838187688877,-0.06946157343934245,0.02042527444201314,-0.050384581506805075,0.34824868127988967,-0.029732075815586206
383,7.66,0.08414775812179076,-0.20829329719374734,-0.001103554014411423,-0.07425781650165582,-0.07185678043091956,-0.1087689538231596,0.05746237924446597,0.16028456767551497,0.2508671192901613,0.005757936082873446,0.16791944934017972,-0.02620489331375296
384,7.68,0.21712233212507892,-0.050643239034477594,0.014573107600486468,-0.11357984771322689,0.00041572284305907425,-0.04381802341570307,0.07358292395696964,0.08412776506494818,0.22443000644705796,0.02668461220744097,0.12589533849222834,-0.04572672188346946
385,7.7,0.22111248442740003,-0.05234153822874757,-0.02763670366367403,-0.11111038490495855,0.0058289106527917856,-0.06494222801947341,0.07382310340316978,0.09934767367064877,0.21306881599200106,0.01898869640047623,0.15535683019323027,-0.04866177238251615
386,7.72,0.22193885131037266,-0.055904133265958,-0.08497379634033496,-0.15704674935606958,0.01905233489047258,-0.10810815121841738,0.21370899262391796,0.10203375867128904,0.2392389343443932,-0.0913178862142808,0.14373710214360413,-0.08504684853096843
387,7.74,0.21556368535256248,-0.05394284002665628,-0.09755059707254637,-0.09828198642409522,0.027904555388027344,-0.12955451299927667,0.17855040331772773,0.05541767240236395,-0.051584422223651394,-0.12250391291215743,0.16574103892375536,-0.07246872547427018
388,7.76,0.19972000654239414,-0.068119500946756,-0.08982707861085253,-0.06488821619917506,0.02202431174089118,-0.12304627448243785,0.1729232696509095,0.1007978826895365,0.16247244782996514,-0.14184691104714325,0.16687816970205724,-0.059872005983486715
389,7.78,0.19223864549485203,-0.07589791559472872,-0.08811075811401448,-0.06056026847665798,0.020246372298160897,-0.12051664319558332,0.16933700431884738,0.10246798576517174,0.1568868324587345,-0.1442762652838923,0.17189782877989768,-0.04924339965226514
390,7.8,0.19470620701597469,-0.07746223927602644,-0.0876559605062355,-0.07128806119877115,0.02277509759821101,-0.12381519131368314,0.16601620718673216,0.05842596056295385,-0.0408341534994518,-0.13444654494174915,0.17276052499813532,-0.04804820803181982
391,7.82,0.1262957287571387,-0.014486620041861527,-0.033854654925951605,-0.05227669228179649,0.12335229513084428,-0.15352949204286878,0.3783748303092023,0.28889767482519,0.2665193728779388,-0.14556702319320702,-0.7180021116070259,-0.07844863700760496
392,7.84,0.0805183960624035,-0.2149742903726692,-0.18064553234237227,-0.056695359329809666,0.17814625197272316,-0.08190584549147284,0.2330180664528111,0.3403945136234874,0.31082250471243267,0.039025839508589566,-0.1954118563300309,-0.06727805694012376
393,7.86,0.10338591073964819,-0.24606957202834248,-0.18579048843870538,-0.026700269251819043,0.18526148523564548,-0.09595886280939729,0.03858708682963852,0.2858535885229001,0.26544181974667314,0.022039812159310057,-0.09088883855525542,-0.06804985163331989
394,7.881,0.13730518634859132,-0.20270166355312236,-0.1874743846793439,-0.0331212692607327,0.20818907509818618,-0.10603724950817006,-0.04650161733702296,0.2707071268960861,0.2128245744824846,0.011836537764083013,-0.09636606219756896,-0.06548590173657517
395,7.901,0.15932756526646435,-0.17780159335637827,-0.23801467114211983,-0.03883936414909333,0.19845695491427637,-0.10610844762612776,-0.027746971629418693,0.2780322644688901,0.17965570461128674,-0.006018434175451308,-0.11047000806041951,-0.07457645903149752
396,7.92,0.10562427184219175,-0.23535520406924648,-0.07277844125369451,-0.018599492152805472,0.13041233203373176,-0.24906894013608744,0.2782106353016809,0.3085229351806756,0.22045845338351167,-0.08528895053445174,-0.12849329782660818,-0.029851481031565152
397,7.94,0.1049512385976519,-0.21360819241400286,-0.16450161123034346,-0.045797595422248094,0.19463415744309767,-0.11805508057803424,0.12376620241132197,0.32532894438647514,0.22117842872489252,-0.011456350820597205,-0.11628650546748309,-0.022624471990520395
398,7.96,0.10866751855966508,-0.2078453642633312,-0.22294959074567935,-0.045362671704469164,0.20118528924035006,-0.12418218392684088,0.030896579095506138,0.30705045167902617,0.18643221558096706,-0.028310426134539476,-0.11579915966319339,-0.03948296223683012
399,7.98,0.11296536648612032,-0.21639617462088787,-0.21738180274281904,-0.04744093074757849,0.21279559546633264,-0.12399241840279138,0.014949771400827233,0.3297668711082843,0.16694511693203615,-0.02993228015960748,-0.11008594587735283,-0.021189289610442752
