[0.543s] [34mcolcon[0m [1;30mDEBUG[0m [32mCommand line arguments: ['/usr/bin/colcon', 'build', '--packages-select', 'sim_robot', 'cheetah_ros2', '--symlink-install'][0m
[0.543s] [34mcolcon[0m [1;30mDEBUG[0m [32mParsed command line arguments: Namespace(log_base=None, log_level=None, verb_name='build', build_base='build', install_base='install', merge_install=False, symlink_install=True, test_result_base=None, continue_on_error=False, executor='parallel', parallel_workers=8, event_handlers=None, ignore_user_meta=False, metas=['./colcon.meta'], base_paths=['.'], packages_ignore=None, packages_ignore_regex=None, paths=None, packages_up_to=None, packages_up_to_regex=None, packages_above=None, packages_above_and_dependencies=None, packages_above_depth=None, packages_select_by_dep=None, packages_skip_by_dep=None, packages_skip_up_to=None, packages_select_build_failed=False, packages_skip_build_finished=False, packages_select_test_failures=False, packages_skip_test_passed=False, packages_select=['sim_robot', 'cheetah_ros2'], packages_skip=None, packages_select_regex=None, packages_skip_regex=None, packages_start=None, packages_end=None, allow_overriding=[], cmake_args=None, cmake_target=None, cmake_target_skip_unavailable=False, cmake_clean_cache=False, cmake_clean_first=False, cmake_force_configure=False, ament_cmake_args=None, catkin_cmake_args=None, catkin_skip_building_tests=False, mixin_files=None, mixin=None, verb_parser=<colcon_mixin.mixin.mixin_argument.MixinArgumentDecorator object at 0x76b86be47190>, verb_extension=<colcon_core.verb.build.BuildVerb object at 0x76b86bf887f0>, main=<bound method BuildVerb.main of <colcon_core.verb.build.BuildVerb object at 0x76b86bf887f0>>, mixin_verb=('build',))[0m
[1.110s] [34mcolcon.colcon_core.package_discovery[0m [1;30mLevel 1[0m discover_packages(colcon_meta) check parameters
[1.111s] [34mcolcon.colcon_core.package_discovery[0m [1;30mLevel 1[0m discover_packages(recursive) check parameters
[1.111s] [34mcolcon.colcon_core.package_discovery[0m [1;30mLevel 1[0m discover_packages(ignore) check parameters
[1.111s] [34mcolcon.colcon_core.package_discovery[0m [1;30mLevel 1[0m discover_packages(path) check parameters
[1.111s] [34mcolcon.colcon_core.package_discovery[0m [1;30mLevel 1[0m discover_packages(colcon_meta) discover
[1.111s] [34mcolcon.colcon_core.package_discovery[0m [1;30mLevel 1[0m discover_packages(recursive) discover
[1.111s] [34mcolcon.colcon_core.package_discovery[0m [1;30mINFO[0m Crawling recursively for packages in '/home/mubashir/Pictures/FYP-Legged-Robot-main/Code'
[1.112s] [34mcolcon.colcon_core.package_identification[0m [1;30mLevel 1[0m _identify(.) by extensions ['ignore', 'ignore_ament_install']
[1.112s] [34mcolcon.colcon_core.package_identification[0m [1;30mLevel 1[0m _identify(.) by extension 'ignore'
[1.112s] [34mcolcon.colcon_core.package_identification[0m [1;30mLevel 1[0m _identify(.) by extension 'ignore_ament_install'
[1.112s] [34mcolcon.colcon_core.package_identification[0m [1;30mLevel 1[0m _identify(.) by extensions ['colcon_pkg']
[1.112s] [34mcolcon.colcon_core.package_identification[0m [1;30mLevel 1[0m _identify(.) by extension 'colcon_pkg'
[1.113s] [34mcolcon.colcon_core.package_identification[0m [1;30mLevel 1[0m _identify(.) by extensions ['colcon_meta']
[1.113s] [34mcolcon.colcon_core.package_identification[0m [1;30mLevel 1[0m _identify(.) by extension 'colcon_meta'
[1.113s] [34mcolcon.colcon_core.package_identification[0m [1;30mLevel 1[0m _identify(.) by extensions ['ros']
[1.113s] [34mcolcon.colcon_core.package_identification[0m [1;30mLevel 1[0m _identify(.) by extension 'ros'
[1.156s] [34mcolcon.colcon_core.package_identification[0m [1;30mLevel 1[0m _identify(.) by extensions ['cmake', 'python']
[1.157s] [34mcolcon.colcon_core.package_identification[0m [1;30mLevel 1[0m _identify(.) by extension 'cmake'
[1.157s] [34mcolcon.colcon_core.package_identification[0m [1;30mLevel 1[0m _identify(.) by extension 'python'
[1.157s] [34mcolcon.colcon_core.package_identification[0m [1;30mLevel 1[0m _identify(.) by extensions ['python_setup_py']
[1.157s] [34mcolcon.colcon_core.package_identification[0m [1;30mLevel 1[0m _identify(.) by extension 'python_setup_py'
[1.157s] [34mcolcon.colcon_core.package_identification[0m [1;30mLevel 1[0m _identify(Policies) by extensions ['ignore', 'ignore_ament_install']
[1.158s] [34mcolcon.colcon_core.package_identification[0m [1;30mLevel 1[0m _identify(Policies) by extension 'ignore'
[1.158s] [34mcolcon.colcon_core.package_identification[0m [1;30mLevel 1[0m _identify(Policies) by extension 'ignore_ament_install'
[1.158s] [34mcolcon.colcon_core.package_identification[0m [1;30mLevel 1[0m _identify(Policies) by extensions ['colcon_pkg']
[1.158s] [34mcolcon.colcon_core.package_identification[0m [1;30mLevel 1[0m _identify(Policies) by extension 'colcon_pkg'
[1.158s] [34mcolcon.colcon_core.package_identification[0m [1;30mLevel 1[0m _identify(Policies) by extensions ['colcon_meta']
[1.158s] [34mcolcon.colcon_core.package_identification[0m [1;30mLevel 1[0m _identify(Policies) by extension 'colcon_meta'
[1.158s] [34mcolcon.colcon_core.package_identification[0m [1;30mLevel 1[0m _identify(Policies) by extensions ['ros']
[1.159s] [34mcolcon.colcon_core.package_identification[0m [1;30mLevel 1[0m _identify(Policies) by extension 'ros'
[1.159s] [34mcolcon.colcon_core.package_identification[0m [1;30mLevel 1[0m _identify(Policies) by extensions ['cmake', 'python']
[1.159s] [34mcolcon.colcon_core.package_identification[0m [1;30mLevel 1[0m _identify(Policies) by extension 'cmake'
[1.159s] [34mcolcon.colcon_core.package_identification[0m [1;30mLevel 1[0m _identify(Policies) by extension 'python'
[1.159s] [34mcolcon.colcon_core.package_identification[0m [1;30mLevel 1[0m _identify(Policies) by extensions ['python_setup_py']
[1.159s] [34mcolcon.colcon_core.package_identification[0m [1;30mLevel 1[0m _identify(Policies) by extension 'python_setup_py'
[1.160s] [34mcolcon.colcon_core.package_identification[0m [1;30mLevel 1[0m _identify(ROS) by extensions ['ignore', 'ignore_ament_install']
[1.160s] [34mcolcon.colcon_core.package_identification[0m [1;30mLevel 1[0m _identify(ROS) by extension 'ignore'
[1.160s] [34mcolcon.colcon_core.package_identification[0m [1;30mLevel 1[0m _identify(ROS) by extension 'ignore_ament_install'
[1.160s] [34mcolcon.colcon_core.package_identification[0m [1;30mLevel 1[0m _identify(ROS) by extensions ['colcon_pkg']
[1.160s] [34mcolcon.colcon_core.package_identification[0m [1;30mLevel 1[0m _identify(ROS) by extension 'colcon_pkg'
[1.160s] [34mcolcon.colcon_core.package_identification[0m [1;30mLevel 1[0m _identify(ROS) by extensions ['colcon_meta']
[1.160s] [34mcolcon.colcon_core.package_identification[0m [1;30mLevel 1[0m _identify(ROS) by extension 'colcon_meta'
[1.161s] [34mcolcon.colcon_core.package_identification[0m [1;30mLevel 1[0m _identify(ROS) by extensions ['ros']
[1.161s] [34mcolcon.colcon_core.package_identification[0m [1;30mLevel 1[0m _identify(ROS) by extension 'ros'
[1.161s] [34mcolcon.colcon_core.package_identification[0m [1;30mLevel 1[0m _identify(ROS) by extensions ['cmake', 'python']
[1.161s] [34mcolcon.colcon_core.package_identification[0m [1;30mLevel 1[0m _identify(ROS) by extension 'cmake'
[1.161s] [34mcolcon.colcon_core.package_identification[0m [1;30mLevel 1[0m _identify(ROS) by extension 'python'
[1.161s] [34mcolcon.colcon_core.package_identification[0m [1;30mLevel 1[0m _identify(ROS) by extensions ['python_setup_py']
[1.161s] [34mcolcon.colcon_core.package_identification[0m [1;30mLevel 1[0m _identify(ROS) by extension 'python_setup_py'
[1.162s] [34mcolcon.colcon_core.package_identification[0m [1;30mLevel 1[0m _identify(ROS/build) by extensions ['ignore', 'ignore_ament_install']
[1.162s] [34mcolcon.colcon_core.package_identification[0m [1;30mLevel 1[0m _identify(ROS/build) by extension 'ignore'
[1.162s] [34mcolcon.colcon_core.package_identification[0m [1;30mLevel 1[0m _identify(ROS/build) ignored
[1.162s] [34mcolcon.colcon_core.package_identification[0m [1;30mLevel 1[0m _identify(ROS/experiment) by extensions ['ignore', 'ignore_ament_install']
[1.163s] [34mcolcon.colcon_core.package_identification[0m [1;30mLevel 1[0m _identify(ROS/experiment) by extension 'ignore'
[1.163s] [34mcolcon.colcon_core.package_identification[0m [1;30mLevel 1[0m _identify(ROS/experiment) by extension 'ignore_ament_install'
[1.163s] [34mcolcon.colcon_core.package_identification[0m [1;30mLevel 1[0m _identify(ROS/experiment) by extensions ['colcon_pkg']
[1.163s] [34mcolcon.colcon_core.package_identification[0m [1;30mLevel 1[0m _identify(ROS/experiment) by extension 'colcon_pkg'
[1.163s] [34mcolcon.colcon_core.package_identification[0m [1;30mLevel 1[0m _identify(ROS/experiment) by extensions ['colcon_meta']
[1.163s] [34mcolcon.colcon_core.package_identification[0m [1;30mLevel 1[0m _identify(ROS/experiment) by extension 'colcon_meta'
[1.163s] [34mcolcon.colcon_core.package_identification[0m [1;30mLevel 1[0m _identify(ROS/experiment) by extensions ['ros']
[1.163s] [34mcolcon.colcon_core.package_identification[0m [1;30mLevel 1[0m _identify(ROS/experiment) by extension 'ros'
[1.164s] [34mcolcon.colcon_core.package_identification[0m [1;30mLevel 1[0m _identify(ROS/experiment) by extensions ['cmake', 'python']
[1.164s] [34mcolcon.colcon_core.package_identification[0m [1;30mLevel 1[0m _identify(ROS/experiment) by extension 'cmake'
[1.164s] [34mcolcon.colcon_core.package_identification[0m [1;30mLevel 1[0m _identify(ROS/experiment) by extension 'python'
[1.164s] [34mcolcon.colcon_core.package_identification[0m [1;30mLevel 1[0m _identify(ROS/experiment) by extensions ['python_setup_py']
[1.164s] [34mcolcon.colcon_core.package_identification[0m [1;30mLevel 1[0m _identify(ROS/experiment) by extension 'python_setup_py'
[1.164s] [34mcolcon.colcon_core.package_identification[0m [1;30mLevel 1[0m _identify(ROS/experiment/run1) by extensions ['ignore', 'ignore_ament_install']
[1.165s] [34mcolcon.colcon_core.package_identification[0m [1;30mLevel 1[0m _identify(ROS/experiment/run1) by extension 'ignore'
[1.165s] [34mcolcon.colcon_core.package_identification[0m [1;30mLevel 1[0m _identify(ROS/experiment/run1) by extension 'ignore_ament_install'
[1.165s] [34mcolcon.colcon_core.package_identification[0m [1;30mLevel 1[0m _identify(ROS/experiment/run1) by extensions ['colcon_pkg']
[1.165s] [34mcolcon.colcon_core.package_identification[0m [1;30mLevel 1[0m _identify(ROS/experiment/run1) by extension 'colcon_pkg'
[1.165s] [34mcolcon.colcon_core.package_identification[0m [1;30mLevel 1[0m _identify(ROS/experiment/run1) by extensions ['colcon_meta']
[1.165s] [34mcolcon.colcon_core.package_identification[0m [1;30mLevel 1[0m _identify(ROS/experiment/run1) by extension 'colcon_meta'
[1.165s] [34mcolcon.colcon_core.package_identification[0m [1;30mLevel 1[0m _identify(ROS/experiment/run1) by extensions ['ros']
[1.166s] [34mcolcon.colcon_core.package_identification[0m [1;30mLevel 1[0m _identify(ROS/experiment/run1) by extension 'ros'
[1.166s] [34mcolcon.colcon_core.package_identification[0m [1;30mLevel 1[0m _identify(ROS/experiment/run1) by extensions ['cmake', 'python']
[1.166s] [34mcolcon.colcon_core.package_identification[0m [1;30mLevel 1[0m _identify(ROS/experiment/run1) by extension 'cmake'
[1.166s] [34mcolcon.colcon_core.package_identification[0m [1;30mLevel 1[0m _identify(ROS/experiment/run1) by extension 'python'
[1.166s] [34mcolcon.colcon_core.package_identification[0m [1;30mLevel 1[0m _identify(ROS/experiment/run1) by extensions ['python_setup_py']
[1.166s] [34mcolcon.colcon_core.package_identification[0m [1;30mLevel 1[0m _identify(ROS/experiment/run1) by extension 'python_setup_py'
[1.167s] [34mcolcon.colcon_core.package_identification[0m [1;30mLevel 1[0m _identify(ROS/experiment/run2) by extensions ['ignore', 'ignore_ament_install']
[1.167s] [34mcolcon.colcon_core.package_identification[0m [1;30mLevel 1[0m _identify(ROS/experiment/run2) by extension 'ignore'
[1.167s] [34mcolcon.colcon_core.package_identification[0m [1;30mLevel 1[0m _identify(ROS/experiment/run2) by extension 'ignore_ament_install'
[1.167s] [34mcolcon.colcon_core.package_identification[0m [1;30mLevel 1[0m _identify(ROS/experiment/run2) by extensions ['colcon_pkg']
[1.167s] [34mcolcon.colcon_core.package_identification[0m [1;30mLevel 1[0m _identify(ROS/experiment/run2) by extension 'colcon_pkg'
[1.167s] [34mcolcon.colcon_core.package_identification[0m [1;30mLevel 1[0m _identify(ROS/experiment/run2) by extensions ['colcon_meta']
[1.167s] [34mcolcon.colcon_core.package_identification[0m [1;30mLevel 1[0m _identify(ROS/experiment/run2) by extension 'colcon_meta'
[1.168s] [34mcolcon.colcon_core.package_identification[0m [1;30mLevel 1[0m _identify(ROS/experiment/run2) by extensions ['ros']
[1.168s] [34mcolcon.colcon_core.package_identification[0m [1;30mLevel 1[0m _identify(ROS/experiment/run2) by extension 'ros'
[1.168s] [34mcolcon.colcon_core.package_identification[0m [1;30mLevel 1[0m _identify(ROS/experiment/run2) by extensions ['cmake', 'python']
[1.168s] [34mcolcon.colcon_core.package_identification[0m [1;30mLevel 1[0m _identify(ROS/experiment/run2) by extension 'cmake'
[1.168s] [34mcolcon.colcon_core.package_identification[0m [1;30mLevel 1[0m _identify(ROS/experiment/run2) by extension 'python'
[1.168s] [34mcolcon.colcon_core.package_identification[0m [1;30mLevel 1[0m _identify(ROS/experiment/run2) by extensions ['python_setup_py']
[1.168s] [34mcolcon.colcon_core.package_identification[0m [1;30mLevel 1[0m _identify(ROS/experiment/run2) by extension 'python_setup_py'
[1.169s] [34mcolcon.colcon_core.package_identification[0m [1;30mLevel 1[0m _identify(ROS/experiment/run3) by extensions ['ignore', 'ignore_ament_install']
[1.169s] [34mcolcon.colcon_core.package_identification[0m [1;30mLevel 1[0m _identify(ROS/experiment/run3) by extension 'ignore'
[1.169s] [34mcolcon.colcon_core.package_identification[0m [1;30mLevel 1[0m _identify(ROS/experiment/run3) by extension 'ignore_ament_install'
[1.169s] [34mcolcon.colcon_core.package_identification[0m [1;30mLevel 1[0m _identify(ROS/experiment/run3) by extensions ['colcon_pkg']
[1.169s] [34mcolcon.colcon_core.package_identification[0m [1;30mLevel 1[0m _identify(ROS/experiment/run3) by extension 'colcon_pkg'
[1.169s] [34mcolcon.colcon_core.package_identification[0m [1;30mLevel 1[0m _identify(ROS/experiment/run3) by extensions ['colcon_meta']
[1.170s] [34mcolcon.colcon_core.package_identification[0m [1;30mLevel 1[0m _identify(ROS/experiment/run3) by extension 'colcon_meta'
[1.170s] [34mcolcon.colcon_core.package_identification[0m [1;30mLevel 1[0m _identify(ROS/experiment/run3) by extensions ['ros']
[1.170s] [34mcolcon.colcon_core.package_identification[0m [1;30mLevel 1[0m _identify(ROS/experiment/run3) by extension 'ros'
[1.170s] [34mcolcon.colcon_core.package_identification[0m [1;30mLevel 1[0m _identify(ROS/experiment/run3) by extensions ['cmake', 'python']
[1.170s] [34mcolcon.colcon_core.package_identification[0m [1;30mLevel 1[0m _identify(ROS/experiment/run3) by extension 'cmake'
[1.170s] [34mcolcon.colcon_core.package_identification[0m [1;30mLevel 1[0m _identify(ROS/experiment/run3) by extension 'python'
[1.170s] [34mcolcon.colcon_core.package_identification[0m [1;30mLevel 1[0m _identify(ROS/experiment/run3) by extensions ['python_setup_py']
[1.170s] [34mcolcon.colcon_core.package_identification[0m [1;30mLevel 1[0m _identify(ROS/experiment/run3) by extension 'python_setup_py'
[1.171s] [34mcolcon.colcon_core.package_identification[0m [1;30mLevel 1[0m _identify(ROS/experiment/run4) by extensions ['ignore', 'ignore_ament_install']
[1.171s] [34mcolcon.colcon_core.package_identification[0m [1;30mLevel 1[0m _identify(ROS/experiment/run4) by extension 'ignore'
[1.171s] [34mcolcon.colcon_core.package_identification[0m [1;30mLevel 1[0m _identify(ROS/experiment/run4) by extension 'ignore_ament_install'
[1.171s] [34mcolcon.colcon_core.package_identification[0m [1;30mLevel 1[0m _identify(ROS/experiment/run4) by extensions ['colcon_pkg']
[1.171s] [34mcolcon.colcon_core.package_identification[0m [1;30mLevel 1[0m _identify(ROS/experiment/run4) by extension 'colcon_pkg'
[1.172s] [34mcolcon.colcon_core.package_identification[0m [1;30mLevel 1[0m _identify(ROS/experiment/run4) by extensions ['colcon_meta']
[1.172s] [34mcolcon.colcon_core.package_identification[0m [1;30mLevel 1[0m _identify(ROS/experiment/run4) by extension 'colcon_meta'
[1.172s] [34mcolcon.colcon_core.package_identification[0m [1;30mLevel 1[0m _identify(ROS/experiment/run4) by extensions ['ros']
[1.172s] [34mcolcon.colcon_core.package_identification[0m [1;30mLevel 1[0m _identify(ROS/experiment/run4) by extension 'ros'
[1.172s] [34mcolcon.colcon_core.package_identification[0m [1;30mLevel 1[0m _identify(ROS/experiment/run4) by extensions ['cmake', 'python']
[1.172s] [34mcolcon.colcon_core.package_identification[0m [1;30mLevel 1[0m _identify(ROS/experiment/run4) by extension 'cmake'
[1.172s] [34mcolcon.colcon_core.package_identification[0m [1;30mLevel 1[0m _identify(ROS/experiment/run4) by extension 'python'
[1.172s] [34mcolcon.colcon_core.package_identification[0m [1;30mLevel 1[0m _identify(ROS/experiment/run4) by extensions ['python_setup_py']
[1.173s] [34mcolcon.colcon_core.package_identification[0m [1;30mLevel 1[0m _identify(ROS/experiment/run4) by extension 'python_setup_py'
[1.173s] [34mcolcon.colcon_core.package_identification[0m [1;30mLevel 1[0m _identify(ROS/experiment/run5) by extensions ['ignore', 'ignore_ament_install']
[1.173s] [34mcolcon.colcon_core.package_identification[0m [1;30mLevel 1[0m _identify(ROS/experiment/run5) by extension 'ignore'
[1.173s] [34mcolcon.colcon_core.package_identification[0m [1;30mLevel 1[0m _identify(ROS/experiment/run5) by extension 'ignore_ament_install'
[1.173s] [34mcolcon.colcon_core.package_identification[0m [1;30mLevel 1[0m _identify(ROS/experiment/run5) by extensions ['colcon_pkg']
[1.173s] [34mcolcon.colcon_core.package_identification[0m [1;30mLevel 1[0m _identify(ROS/experiment/run5) by extension 'colcon_pkg'
[1.174s] [34mcolcon.colcon_core.package_identification[0m [1;30mLevel 1[0m _identify(ROS/experiment/run5) by extensions ['colcon_meta']
[1.174s] [34mcolcon.colcon_core.package_identification[0m [1;30mLevel 1[0m _identify(ROS/experiment/run5) by extension 'colcon_meta'
[1.174s] [34mcolcon.colcon_core.package_identification[0m [1;30mLevel 1[0m _identify(ROS/experiment/run5) by extensions ['ros']
[1.174s] [34mcolcon.colcon_core.package_identification[0m [1;30mLevel 1[0m _identify(ROS/experiment/run5) by extension 'ros'
[1.174s] [34mcolcon.colcon_core.package_identification[0m [1;30mLevel 1[0m _identify(ROS/experiment/run5) by extensions ['cmake', 'python']
[1.174s] [34mcolcon.colcon_core.package_identification[0m [1;30mLevel 1[0m _identify(ROS/experiment/run5) by extension 'cmake'
[1.174s] [34mcolcon.colcon_core.package_identification[0m [1;30mLevel 1[0m _identify(ROS/experiment/run5) by extension 'python'
[1.174s] [34mcolcon.colcon_core.package_identification[0m [1;30mLevel 1[0m _identify(ROS/experiment/run5) by extensions ['python_setup_py']
[1.175s] [34mcolcon.colcon_core.package_identification[0m [1;30mLevel 1[0m _identify(ROS/experiment/run5) by extension 'python_setup_py'
[1.175s] [34mcolcon.colcon_core.package_identification[0m [1;30mLevel 1[0m _identify(ROS/experiment/run6) by extensions ['ignore', 'ignore_ament_install']
[1.175s] [34mcolcon.colcon_core.package_identification[0m [1;30mLevel 1[0m _identify(ROS/experiment/run6) by extension 'ignore'
[1.175s] [34mcolcon.colcon_core.package_identification[0m [1;30mLevel 1[0m _identify(ROS/experiment/run6) by extension 'ignore_ament_install'
[1.175s] [34mcolcon.colcon_core.package_identification[0m [1;30mLevel 1[0m _identify(ROS/experiment/run6) by extensions ['colcon_pkg']
[1.175s] [34mcolcon.colcon_core.package_identification[0m [1;30mLevel 1[0m _identify(ROS/experiment/run6) by extension 'colcon_pkg'
[1.176s] [34mcolcon.colcon_core.package_identification[0m [1;30mLevel 1[0m _identify(ROS/experiment/run6) by extensions ['colcon_meta']
[1.176s] [34mcolcon.colcon_core.package_identification[0m [1;30mLevel 1[0m _identify(ROS/experiment/run6) by extension 'colcon_meta'
[1.176s] [34mcolcon.colcon_core.package_identification[0m [1;30mLevel 1[0m _identify(ROS/experiment/run6) by extensions ['ros']
[1.176s] [34mcolcon.colcon_core.package_identification[0m [1;30mLevel 1[0m _identify(ROS/experiment/run6) by extension 'ros'
[1.176s] [34mcolcon.colcon_core.package_identification[0m [1;30mLevel 1[0m _identify(ROS/experiment/run6) by extensions ['cmake', 'python']
[1.176s] [34mcolcon.colcon_core.package_identification[0m [1;30mLevel 1[0m _identify(ROS/experiment/run6) by extension 'cmake'
[1.176s] [34mcolcon.colcon_core.package_identification[0m [1;30mLevel 1[0m _identify(ROS/experiment/run6) by extension 'python'
[1.177s] [34mcolcon.colcon_core.package_identification[0m [1;30mLevel 1[0m _identify(ROS/experiment/run6) by extensions ['python_setup_py']
[1.177s] [34mcolcon.colcon_core.package_identification[0m [1;30mLevel 1[0m _identify(ROS/experiment/run6) by extension 'python_setup_py'
[1.177s] [34mcolcon.colcon_core.package_identification[0m [1;30mLevel 1[0m _identify(ROS/install) by extensions ['ignore', 'ignore_ament_install']
[1.177s] [34mcolcon.colcon_core.package_identification[0m [1;30mLevel 1[0m _identify(ROS/install) by extension 'ignore'
[1.177s] [34mcolcon.colcon_core.package_identification[0m [1;30mLevel 1[0m _identify(ROS/install) ignored
[1.178s] [34mcolcon.colcon_core.package_identification[0m [1;30mLevel 1[0m _identify(ROS/log) by extensions ['ignore', 'ignore_ament_install']
[1.178s] [34mcolcon.colcon_core.package_identification[0m [1;30mLevel 1[0m _identify(ROS/log) by extension 'ignore'
[1.178s] [34mcolcon.colcon_core.package_identification[0m [1;30mLevel 1[0m _identify(ROS/log) ignored
[1.178s] [34mcolcon.colcon_core.package_identification[0m [1;30mLevel 1[0m _identify(ROS/src) by extensions ['ignore', 'ignore_ament_install']
[1.178s] [34mcolcon.colcon_core.package_identification[0m [1;30mLevel 1[0m _identify(ROS/src) by extension 'ignore'
[1.179s] [34mcolcon.colcon_core.package_identification[0m [1;30mLevel 1[0m _identify(ROS/src) by extension 'ignore_ament_install'
[1.179s] [34mcolcon.colcon_core.package_identification[0m [1;30mLevel 1[0m _identify(ROS/src) by extensions ['colcon_pkg']
[1.179s] [34mcolcon.colcon_core.package_identification[0m [1;30mLevel 1[0m _identify(ROS/src) by extension 'colcon_pkg'
[1.179s] [34mcolcon.colcon_core.package_identification[0m [1;30mLevel 1[0m _identify(ROS/src) by extensions ['colcon_meta']
[1.179s] [34mcolcon.colcon_core.package_identification[0m [1;30mLevel 1[0m _identify(ROS/src) by extension 'colcon_meta'
[1.179s] [34mcolcon.colcon_core.package_identification[0m [1;30mLevel 1[0m _identify(ROS/src) by extensions ['ros']
[1.179s] [34mcolcon.colcon_core.package_identification[0m [1;30mLevel 1[0m _identify(ROS/src) by extension 'ros'
[1.179s] [34mcolcon.colcon_core.package_identification[0m [1;30mLevel 1[0m _identify(ROS/src) by extensions ['cmake', 'python']
[1.180s] [34mcolcon.colcon_core.package_identification[0m [1;30mLevel 1[0m _identify(ROS/src) by extension 'cmake'
[1.180s] [34mcolcon.colcon_core.package_identification[0m [1;30mLevel 1[0m _identify(ROS/src) by extension 'python'
[1.180s] [34mcolcon.colcon_core.package_identification[0m [1;30mLevel 1[0m _identify(ROS/src) by extensions ['python_setup_py']
[1.180s] [34mcolcon.colcon_core.package_identification[0m [1;30mLevel 1[0m _identify(ROS/src) by extension 'python_setup_py'
[1.180s] [34mcolcon.colcon_core.package_identification[0m [1;30mLevel 1[0m _identify(ROS/src/cheetah_ros2) by extensions ['ignore', 'ignore_ament_install']
[1.180s] [34mcolcon.colcon_core.package_identification[0m [1;30mLevel 1[0m _identify(ROS/src/cheetah_ros2) by extension 'ignore'
[1.181s] [34mcolcon.colcon_core.package_identification[0m [1;30mLevel 1[0m _identify(ROS/src/cheetah_ros2) by extension 'ignore_ament_install'
[1.181s] [34mcolcon.colcon_core.package_identification[0m [1;30mLevel 1[0m _identify(ROS/src/cheetah_ros2) by extensions ['colcon_pkg']
[1.181s] [34mcolcon.colcon_core.package_identification[0m [1;30mLevel 1[0m _identify(ROS/src/cheetah_ros2) by extension 'colcon_pkg'
[1.181s] [34mcolcon.colcon_core.package_identification[0m [1;30mLevel 1[0m _identify(ROS/src/cheetah_ros2) by extensions ['colcon_meta']
[1.181s] [34mcolcon.colcon_core.package_identification[0m [1;30mLevel 1[0m _identify(ROS/src/cheetah_ros2) by extension 'colcon_meta'
[1.181s] [34mcolcon.colcon_core.package_identification[0m [1;30mLevel 1[0m _identify(ROS/src/cheetah_ros2) by extensions ['ros']
[1.181s] [34mcolcon.colcon_core.package_identification[0m [1;30mLevel 1[0m _identify(ROS/src/cheetah_ros2) by extension 'ros'
[1.191s] [34mcolcon.colcon_core.package_identification[0m [1;30mDEBUG[0m [32mPackage 'ROS/src/cheetah_ros2' with type 'ros.ament_python' and name 'cheetah_ros2'[0m
[1.192s] [34mcolcon.colcon_core.package_identification[0m [1;30mLevel 1[0m _identify(ROS/src/cpg_ros2) by extensions ['ignore', 'ignore_ament_install']
[1.192s] [34mcolcon.colcon_core.package_identification[0m [1;30mLevel 1[0m _identify(ROS/src/cpg_ros2) by extension 'ignore'
[1.192s] [34mcolcon.colcon_core.package_identification[0m [1;30mLevel 1[0m _identify(ROS/src/cpg_ros2) by extension 'ignore_ament_install'
[1.193s] [34mcolcon.colcon_core.package_identification[0m [1;30mLevel 1[0m _identify(ROS/src/cpg_ros2) by extensions ['colcon_pkg']
[1.193s] [34mcolcon.colcon_core.package_identification[0m [1;30mLevel 1[0m _identify(ROS/src/cpg_ros2) by extension 'colcon_pkg'
[1.193s] [34mcolcon.colcon_core.package_identification[0m [1;30mLevel 1[0m _identify(ROS/src/cpg_ros2) by extensions ['colcon_meta']
[1.193s] [34mcolcon.colcon_core.package_identification[0m [1;30mLevel 1[0m _identify(ROS/src/cpg_ros2) by extension 'colcon_meta'
[1.193s] [34mcolcon.colcon_core.package_identification[0m [1;30mLevel 1[0m _identify(ROS/src/cpg_ros2) by extensions ['ros']
[1.193s] [34mcolcon.colcon_core.package_identification[0m [1;30mLevel 1[0m _identify(ROS/src/cpg_ros2) by extension 'ros'
[1.195s] [34mcolcon.colcon_core.package_identification[0m [1;30mDEBUG[0m [32mPackage 'ROS/src/cpg_ros2' with type 'ros.ament_python' and name 'cpg_ros2'[0m
[1.195s] [34mcolcon.colcon_core.package_identification[0m [1;30mLevel 1[0m _identify(ROS/src/elevation_mapping) by extensions ['ignore', 'ignore_ament_install']
[1.195s] [34mcolcon.colcon_core.package_identification[0m [1;30mLevel 1[0m _identify(ROS/src/elevation_mapping) by extension 'ignore'
[1.195s] [34mcolcon.colcon_core.package_identification[0m [1;30mLevel 1[0m _identify(ROS/src/elevation_mapping) by extension 'ignore_ament_install'
[1.195s] [34mcolcon.colcon_core.package_identification[0m [1;30mLevel 1[0m _identify(ROS/src/elevation_mapping) by extensions ['colcon_pkg']
[1.196s] [34mcolcon.colcon_core.package_identification[0m [1;30mLevel 1[0m _identify(ROS/src/elevation_mapping) by extension 'colcon_pkg'
[1.196s] [34mcolcon.colcon_core.package_identification[0m [1;30mLevel 1[0m _identify(ROS/src/elevation_mapping) by extensions ['colcon_meta']
[1.196s] [34mcolcon.colcon_core.package_identification[0m [1;30mLevel 1[0m _identify(ROS/src/elevation_mapping) by extension 'colcon_meta'
[1.196s] [34mcolcon.colcon_core.package_identification[0m [1;30mLevel 1[0m _identify(ROS/src/elevation_mapping) by extensions ['ros']
[1.196s] [34mcolcon.colcon_core.package_identification[0m [1;30mLevel 1[0m _identify(ROS/src/elevation_mapping) by extension 'ros'
[1.200s] [34mcolcon.colcon_core.package_identification[0m [1;30mDEBUG[0m [32mPackage 'ROS/src/elevation_mapping' with type 'ros.ament_cmake' and name 'elevation_mapping'[0m
[1.201s] [34mcolcon.colcon_core.package_identification[0m [1;30mLevel 1[0m _identify(ROS/src/gz_joint_torsional_spring) by extensions ['ignore', 'ignore_ament_install']
[1.201s] [34mcolcon.colcon_core.package_identification[0m [1;30mLevel 1[0m _identify(ROS/src/gz_joint_torsional_spring) by extension 'ignore'
[1.201s] [34mcolcon.colcon_core.package_identification[0m [1;30mLevel 1[0m _identify(ROS/src/gz_joint_torsional_spring) by extension 'ignore_ament_install'
[1.201s] [34mcolcon.colcon_core.package_identification[0m [1;30mLevel 1[0m _identify(ROS/src/gz_joint_torsional_spring) by extensions ['colcon_pkg']
[1.201s] [34mcolcon.colcon_core.package_identification[0m [1;30mLevel 1[0m _identify(ROS/src/gz_joint_torsional_spring) by extension 'colcon_pkg'
[1.202s] [34mcolcon.colcon_core.package_identification[0m [1;30mLevel 1[0m _identify(ROS/src/gz_joint_torsional_spring) by extensions ['colcon_meta']
[1.202s] [34mcolcon.colcon_core.package_identification[0m [1;30mLevel 1[0m _identify(ROS/src/gz_joint_torsional_spring) by extension 'colcon_meta'
[1.202s] [34mcolcon.colcon_core.package_identification[0m [1;30mLevel 1[0m _identify(ROS/src/gz_joint_torsional_spring) by extensions ['ros']
[1.202s] [34mcolcon.colcon_core.package_identification[0m [1;30mLevel 1[0m _identify(ROS/src/gz_joint_torsional_spring) by extension 'ros'
[1.203s] [34mcolcon.colcon_core.package_identification[0m [1;30mDEBUG[0m [32mPackage 'ROS/src/gz_joint_torsional_spring' with type 'ros.ament_cmake' and name 'gz_joint_torsional_spring'[0m
[1.203s] [34mcolcon.colcon_core.package_identification[0m [1;30mLevel 1[0m _identify(ROS/src/kin_ros2) by extensions ['ignore', 'ignore_ament_install']
[1.204s] [34mcolcon.colcon_core.package_identification[0m [1;30mLevel 1[0m _identify(ROS/src/kin_ros2) by extension 'ignore'
[1.204s] [34mcolcon.colcon_core.package_identification[0m [1;30mLevel 1[0m _identify(ROS/src/kin_ros2) by extension 'ignore_ament_install'
[1.204s] [34mcolcon.colcon_core.package_identification[0m [1;30mLevel 1[0m _identify(ROS/src/kin_ros2) by extensions ['colcon_pkg']
[1.204s] [34mcolcon.colcon_core.package_identification[0m [1;30mLevel 1[0m _identify(ROS/src/kin_ros2) by extension 'colcon_pkg'
[1.204s] [34mcolcon.colcon_core.package_identification[0m [1;30mLevel 1[0m _identify(ROS/src/kin_ros2) by extensions ['colcon_meta']
[1.204s] [34mcolcon.colcon_core.package_identification[0m [1;30mLevel 1[0m _identify(ROS/src/kin_ros2) by extension 'colcon_meta'
[1.204s] [34mcolcon.colcon_core.package_identification[0m [1;30mLevel 1[0m _identify(ROS/src/kin_ros2) by extensions ['ros']
[1.204s] [34mcolcon.colcon_core.package_identification[0m [1;30mLevel 1[0m _identify(ROS/src/kin_ros2) by extension 'ros'
[1.205s] [34mcolcon.colcon_core.package_identification[0m [1;30mDEBUG[0m [32mPackage 'ROS/src/kin_ros2' with type 'ros.ament_python' and name 'kin_ros2'[0m
[1.205s] [34mcolcon.colcon_core.package_identification[0m [1;30mLevel 1[0m _identify(ROS/src/perception) by extensions ['ignore', 'ignore_ament_install']
[1.206s] [34mcolcon.colcon_core.package_identification[0m [1;30mLevel 1[0m _identify(ROS/src/perception) by extension 'ignore'
[1.206s] [34mcolcon.colcon_core.package_identification[0m [1;30mLevel 1[0m _identify(ROS/src/perception) by extension 'ignore_ament_install'
[1.206s] [34mcolcon.colcon_core.package_identification[0m [1;30mLevel 1[0m _identify(ROS/src/perception) by extensions ['colcon_pkg']
[1.206s] [34mcolcon.colcon_core.package_identification[0m [1;30mLevel 1[0m _identify(ROS/src/perception) by extension 'colcon_pkg'
[1.206s] [34mcolcon.colcon_core.package_identification[0m [1;30mLevel 1[0m _identify(ROS/src/perception) by extensions ['colcon_meta']
[1.206s] [34mcolcon.colcon_core.package_identification[0m [1;30mLevel 1[0m _identify(ROS/src/perception) by extension 'colcon_meta'
[1.206s] [34mcolcon.colcon_core.package_identification[0m [1;30mLevel 1[0m _identify(ROS/src/perception) by extensions ['ros']
[1.206s] [34mcolcon.colcon_core.package_identification[0m [1;30mLevel 1[0m _identify(ROS/src/perception) by extension 'ros'
[1.207s] [34mcolcon.colcon_core.package_identification[0m [1;30mDEBUG[0m [32mPackage 'ROS/src/perception' with type 'ros.ament_python' and name 'perception'[0m
[1.208s] [34mcolcon.colcon_core.package_identification[0m [1;30mLevel 1[0m _identify(ROS/src/quad_interface) by extensions ['ignore', 'ignore_ament_install']
[1.208s] [34mcolcon.colcon_core.package_identification[0m [1;30mLevel 1[0m _identify(ROS/src/quad_interface) by extension 'ignore'
[1.208s] [34mcolcon.colcon_core.package_identification[0m [1;30mLevel 1[0m _identify(ROS/src/quad_interface) by extension 'ignore_ament_install'
[1.208s] [34mcolcon.colcon_core.package_identification[0m [1;30mLevel 1[0m _identify(ROS/src/quad_interface) by extensions ['colcon_pkg']
[1.208s] [34mcolcon.colcon_core.package_identification[0m [1;30mLevel 1[0m _identify(ROS/src/quad_interface) by extension 'colcon_pkg'
[1.209s] [34mcolcon.colcon_core.package_identification[0m [1;30mLevel 1[0m _identify(ROS/src/quad_interface) by extensions ['colcon_meta']
[1.209s] [34mcolcon.colcon_core.package_identification[0m [1;30mLevel 1[0m _identify(ROS/src/quad_interface) by extension 'colcon_meta'
[1.209s] [34mcolcon.colcon_core.package_identification[0m [1;30mLevel 1[0m _identify(ROS/src/quad_interface) by extensions ['ros']
[1.209s] [34mcolcon.colcon_core.package_identification[0m [1;30mLevel 1[0m _identify(ROS/src/quad_interface) by extension 'ros'
[1.210s] [34mcolcon.colcon_core.package_identification[0m [1;30mDEBUG[0m [32mPackage 'ROS/src/quad_interface' with type 'ros.ament_cmake' and name 'quad_interface'[0m
[1.211s] [34mcolcon.colcon_core.package_identification[0m [1;30mLevel 1[0m _identify(ROS/src/rl_ros2) by extensions ['ignore', 'ignore_ament_install']
[1.211s] [34mcolcon.colcon_core.package_identification[0m [1;30mLevel 1[0m _identify(ROS/src/rl_ros2) by extension 'ignore'
[1.211s] [34mcolcon.colcon_core.package_identification[0m [1;30mLevel 1[0m _identify(ROS/src/rl_ros2) by extension 'ignore_ament_install'
[1.211s] [34mcolcon.colcon_core.package_identification[0m [1;30mLevel 1[0m _identify(ROS/src/rl_ros2) by extensions ['colcon_pkg']
[1.211s] [34mcolcon.colcon_core.package_identification[0m [1;30mLevel 1[0m _identify(ROS/src/rl_ros2) by extension 'colcon_pkg'
[1.212s] [34mcolcon.colcon_core.package_identification[0m [1;30mLevel 1[0m _identify(ROS/src/rl_ros2) by extensions ['colcon_meta']
[1.212s] [34mcolcon.colcon_core.package_identification[0m [1;30mLevel 1[0m _identify(ROS/src/rl_ros2) by extension 'colcon_meta'
[1.212s] [34mcolcon.colcon_core.package_identification[0m [1;30mLevel 1[0m _identify(ROS/src/rl_ros2) by extensions ['ros']
[1.212s] [34mcolcon.colcon_core.package_identification[0m [1;30mLevel 1[0m _identify(ROS/src/rl_ros2) by extension 'ros'
[1.213s] [34mcolcon.colcon_core.package_identification[0m [1;30mDEBUG[0m [32mPackage 'ROS/src/rl_ros2' with type 'ros.ament_python' and name 'rl_ros2'[0m
[1.213s] [34mcolcon.colcon_core.package_identification[0m [1;30mLevel 1[0m _identify(ROS/src/rlpa_ros2) by extensions ['ignore', 'ignore_ament_install']
[1.214s] [34mcolcon.colcon_core.package_identification[0m [1;30mLevel 1[0m _identify(ROS/src/rlpa_ros2) by extension 'ignore'
[1.214s] [34mcolcon.colcon_core.package_identification[0m [1;30mLevel 1[0m _identify(ROS/src/rlpa_ros2) by extension 'ignore_ament_install'
[1.214s] [34mcolcon.colcon_core.package_identification[0m [1;30mLevel 1[0m _identify(ROS/src/rlpa_ros2) by extensions ['colcon_pkg']
[1.214s] [34mcolcon.colcon_core.package_identification[0m [1;30mLevel 1[0m _identify(ROS/src/rlpa_ros2) by extension 'colcon_pkg'
[1.214s] [34mcolcon.colcon_core.package_identification[0m [1;30mLevel 1[0m _identify(ROS/src/rlpa_ros2) by extensions ['colcon_meta']
[1.214s] [34mcolcon.colcon_core.package_identification[0m [1;30mLevel 1[0m _identify(ROS/src/rlpa_ros2) by extension 'colcon_meta'
[1.214s] [34mcolcon.colcon_core.package_identification[0m [1;30mLevel 1[0m _identify(ROS/src/rlpa_ros2) by extensions ['ros']
[1.214s] [34mcolcon.colcon_core.package_identification[0m [1;30mLevel 1[0m _identify(ROS/src/rlpa_ros2) by extension 'ros'
[1.216s] [34mcolcon.colcon_core.package_identification[0m [1;30mDEBUG[0m [32mPackage 'ROS/src/rlpa_ros2' with type 'ros.ament_python' and name 'rlpa_ros2'[0m
[1.216s] [34mcolcon.colcon_core.package_identification[0m [1;30mLevel 1[0m _identify(ROS/src/robot_caves) by extensions ['ignore', 'ignore_ament_install']
[1.216s] [34mcolcon.colcon_core.package_identification[0m [1;30mLevel 1[0m _identify(ROS/src/robot_caves) by extension 'ignore'
[1.216s] [34mcolcon.colcon_core.package_identification[0m [1;30mLevel 1[0m _identify(ROS/src/robot_caves) by extension 'ignore_ament_install'
[1.217s] [34mcolcon.colcon_core.package_identification[0m [1;30mLevel 1[0m _identify(ROS/src/robot_caves) by extensions ['colcon_pkg']
[1.217s] [34mcolcon.colcon_core.package_identification[0m [1;30mLevel 1[0m _identify(ROS/src/robot_caves) by extension 'colcon_pkg'
[1.217s] [34mcolcon.colcon_core.package_identification[0m [1;30mLevel 1[0m _identify(ROS/src/robot_caves) by extensions ['colcon_meta']
[1.217s] [34mcolcon.colcon_core.package_identification[0m [1;30mLevel 1[0m _identify(ROS/src/robot_caves) by extension 'colcon_meta'
[1.217s] [34mcolcon.colcon_core.package_identification[0m [1;30mLevel 1[0m _identify(ROS/src/robot_caves) by extensions ['ros']
[1.217s] [34mcolcon.colcon_core.package_identification[0m [1;30mLevel 1[0m _identify(ROS/src/robot_caves) by extension 'ros'
[1.218s] [34mcolcon.colcon_core.package_identification[0m [1;30mDEBUG[0m [32mPackage 'ROS/src/robot_caves' with type 'ros.ament_python' and name 'robot_caves'[0m
[1.219s] [34mcolcon.colcon_core.package_identification[0m [1;30mLevel 1[0m _identify(ROS/src/sim_robot) by extensions ['ignore', 'ignore_ament_install']
[1.219s] [34mcolcon.colcon_core.package_identification[0m [1;30mLevel 1[0m _identify(ROS/src/sim_robot) by extension 'ignore'
[1.219s] [34mcolcon.colcon_core.package_identification[0m [1;30mLevel 1[0m _identify(ROS/src/sim_robot) by extension 'ignore_ament_install'
[1.219s] [34mcolcon.colcon_core.package_identification[0m [1;30mLevel 1[0m _identify(ROS/src/sim_robot) by extensions ['colcon_pkg']
[1.219s] [34mcolcon.colcon_core.package_identification[0m [1;30mLevel 1[0m _identify(ROS/src/sim_robot) by extension 'colcon_pkg'
[1.219s] [34mcolcon.colcon_core.package_identification[0m [1;30mLevel 1[0m _identify(ROS/src/sim_robot) by extensions ['colcon_meta']
[1.219s] [34mcolcon.colcon_core.package_identification[0m [1;30mLevel 1[0m _identify(ROS/src/sim_robot) by extension 'colcon_meta'
[1.219s] [34mcolcon.colcon_core.package_identification[0m [1;30mLevel 1[0m _identify(ROS/src/sim_robot) by extensions ['ros']
[1.219s] [34mcolcon.colcon_core.package_identification[0m [1;30mLevel 1[0m _identify(ROS/src/sim_robot) by extension 'ros'
[1.221s] [34mcolcon.colcon_core.package_identification[0m [1;30mDEBUG[0m [32mPackage 'ROS/src/sim_robot' with type 'ros.ament_python' and name 'sim_robot'[0m
[1.221s] [34mcolcon.colcon_core.package_identification[0m [1;30mLevel 1[0m _identify(ROS/src/venv) by extensions ['ignore', 'ignore_ament_install']
[1.221s] [34mcolcon.colcon_core.package_identification[0m [1;30mLevel 1[0m _identify(ROS/src/venv) by extension 'ignore'
[1.221s] [34mcolcon.colcon_core.package_identification[0m [1;30mLevel 1[0m _identify(ROS/src/venv) ignored
[1.221s] [34mcolcon.colcon_core.package_identification[0m [1;30mLevel 1[0m _identify(ZEDenv) by extensions ['ignore', 'ignore_ament_install']
[1.222s] [34mcolcon.colcon_core.package_identification[0m [1;30mLevel 1[0m _identify(ZEDenv) by extension 'ignore'
[1.222s] [34mcolcon.colcon_core.package_identification[0m [1;30mLevel 1[0m _identify(ZEDenv) by extension 'ignore_ament_install'
[1.222s] [34mcolcon.colcon_core.package_identification[0m [1;30mLevel 1[0m _identify(ZEDenv) by extensions ['colcon_pkg']
[1.222s] [34mcolcon.colcon_core.package_identification[0m [1;30mLevel 1[0m _identify(ZEDenv) by extension 'colcon_pkg'
[1.222s] [34mcolcon.colcon_core.package_identification[0m [1;30mLevel 1[0m _identify(ZEDenv) by extensions ['colcon_meta']
[1.222s] [34mcolcon.colcon_core.package_identification[0m [1;30mLevel 1[0m _identify(ZEDenv) by extension 'colcon_meta'
[1.222s] [34mcolcon.colcon_core.package_identification[0m [1;30mLevel 1[0m _identify(ZEDenv) by extensions ['ros']
[1.222s] [34mcolcon.colcon_core.package_identification[0m [1;30mLevel 1[0m _identify(ZEDenv) by extension 'ros'
[1.222s] [34mcolcon.colcon_core.package_identification[0m [1;30mLevel 1[0m _identify(ZEDenv) by extensions ['cmake', 'python']
[1.222s] [34mcolcon.colcon_core.package_identification[0m [1;30mLevel 1[0m _identify(ZEDenv) by extension 'cmake'
[1.222s] [34mcolcon.colcon_core.package_identification[0m [1;30mLevel 1[0m _identify(ZEDenv) by extension 'python'
[1.223s] [34mcolcon.colcon_core.package_identification[0m [1;30mLevel 1[0m _identify(ZEDenv) by extensions ['python_setup_py']
[1.223s] [34mcolcon.colcon_core.package_identification[0m [1;30mLevel 1[0m _identify(ZEDenv) by extension 'python_setup_py'
[1.223s] [34mcolcon.colcon_core.package_identification[0m [1;30mLevel 1[0m _identify(ZEDenv/ogl_viewer) by extensions ['ignore', 'ignore_ament_install']
[1.223s] [34mcolcon.colcon_core.package_identification[0m [1;30mLevel 1[0m _identify(ZEDenv/ogl_viewer) by extension 'ignore'
[1.223s] [34mcolcon.colcon_core.package_identification[0m [1;30mLevel 1[0m _identify(ZEDenv/ogl_viewer) by extension 'ignore_ament_install'
[1.223s] [34mcolcon.colcon_core.package_identification[0m [1;30mLevel 1[0m _identify(ZEDenv/ogl_viewer) by extensions ['colcon_pkg']
[1.223s] [34mcolcon.colcon_core.package_identification[0m [1;30mLevel 1[0m _identify(ZEDenv/ogl_viewer) by extension 'colcon_pkg'
[1.223s] [34mcolcon.colcon_core.package_identification[0m [1;30mLevel 1[0m _identify(ZEDenv/ogl_viewer) by extensions ['colcon_meta']
[1.223s] [34mcolcon.colcon_core.package_identification[0m [1;30mLevel 1[0m _identify(ZEDenv/ogl_viewer) by extension 'colcon_meta'
[1.223s] [34mcolcon.colcon_core.package_identification[0m [1;30mLevel 1[0m _identify(ZEDenv/ogl_viewer) by extensions ['ros']
[1.223s] [34mcolcon.colcon_core.package_identification[0m [1;30mLevel 1[0m _identify(ZEDenv/ogl_viewer) by extension 'ros'
[1.224s] [34mcolcon.colcon_core.package_identification[0m [1;30mLevel 1[0m _identify(ZEDenv/ogl_viewer) by extensions ['cmake', 'python']
[1.224s] [34mcolcon.colcon_core.package_identification[0m [1;30mLevel 1[0m _identify(ZEDenv/ogl_viewer) by extension 'cmake'
[1.224s] [34mcolcon.colcon_core.package_identification[0m [1;30mLevel 1[0m _identify(ZEDenv/ogl_viewer) by extension 'python'
[1.224s] [34mcolcon.colcon_core.package_identification[0m [1;30mLevel 1[0m _identify(ZEDenv/ogl_viewer) by extensions ['python_setup_py']
[1.224s] [34mcolcon.colcon_core.package_identification[0m [1;30mLevel 1[0m _identify(ZEDenv/ogl_viewer) by extension 'python_setup_py'
[1.224s] [34mcolcon.colcon_core.package_identification[0m [1;30mLevel 1[0m _identify(ZEDenv/zenv) by extensions ['ignore', 'ignore_ament_install']
[1.224s] [34mcolcon.colcon_core.package_identification[0m [1;30mLevel 1[0m _identify(ZEDenv/zenv) by extension 'ignore'
[1.224s] [34mcolcon.colcon_core.package_identification[0m [1;30mLevel 1[0m _identify(ZEDenv/zenv) by extension 'ignore_ament_install'
[1.225s] [34mcolcon.colcon_core.package_identification[0m [1;30mLevel 1[0m _identify(ZEDenv/zenv) by extensions ['colcon_pkg']
[1.225s] [34mcolcon.colcon_core.package_identification[0m [1;30mLevel 1[0m _identify(ZEDenv/zenv) by extension 'colcon_pkg'
[1.225s] [34mcolcon.colcon_core.package_identification[0m [1;30mLevel 1[0m _identify(ZEDenv/zenv) by extensions ['colcon_meta']
[1.225s] [34mcolcon.colcon_core.package_identification[0m [1;30mLevel 1[0m _identify(ZEDenv/zenv) by extension 'colcon_meta'
[1.225s] [34mcolcon.colcon_core.package_identification[0m [1;30mLevel 1[0m _identify(ZEDenv/zenv) by extensions ['ros']
[1.225s] [34mcolcon.colcon_core.package_identification[0m [1;30mLevel 1[0m _identify(ZEDenv/zenv) by extension 'ros'
[1.225s] [34mcolcon.colcon_core.package_identification[0m [1;30mLevel 1[0m _identify(ZEDenv/zenv) by extensions ['cmake', 'python']
[1.225s] [34mcolcon.colcon_core.package_identification[0m [1;30mLevel 1[0m _identify(ZEDenv/zenv) by extension 'cmake'
[1.225s] [34mcolcon.colcon_core.package_identification[0m [1;30mLevel 1[0m _identify(ZEDenv/zenv) by extension 'python'
[1.225s] [34mcolcon.colcon_core.package_identification[0m [1;30mLevel 1[0m _identify(ZEDenv/zenv) by extensions ['python_setup_py']
[1.225s] [34mcolcon.colcon_core.package_identification[0m [1;30mLevel 1[0m _identify(ZEDenv/zenv) by extension 'python_setup_py'
[1.226s] [34mcolcon.colcon_core.package_identification[0m [1;30mLevel 1[0m _identify(ZEDenv/zenv/bin) by extensions ['ignore', 'ignore_ament_install']
[1.226s] [34mcolcon.colcon_core.package_identification[0m [1;30mLevel 1[0m _identify(ZEDenv/zenv/bin) by extension 'ignore'
[1.226s] [34mcolcon.colcon_core.package_identification[0m [1;30mLevel 1[0m _identify(ZEDenv/zenv/bin) by extension 'ignore_ament_install'
[1.226s] [34mcolcon.colcon_core.package_identification[0m [1;30mLevel 1[0m _identify(ZEDenv/zenv/bin) by extensions ['colcon_pkg']
[1.226s] [34mcolcon.colcon_core.package_identification[0m [1;30mLevel 1[0m _identify(ZEDenv/zenv/bin) by extension 'colcon_pkg'
[1.226s] [34mcolcon.colcon_core.package_identification[0m [1;30mLevel 1[0m _identify(ZEDenv/zenv/bin) by extensions ['colcon_meta']
[1.226s] [34mcolcon.colcon_core.package_identification[0m [1;30mLevel 1[0m _identify(ZEDenv/zenv/bin) by extension 'colcon_meta'
[1.226s] [34mcolcon.colcon_core.package_identification[0m [1;30mLevel 1[0m _identify(ZEDenv/zenv/bin) by extensions ['ros']
[1.226s] [34mcolcon.colcon_core.package_identification[0m [1;30mLevel 1[0m _identify(ZEDenv/zenv/bin) by extension 'ros'
[1.226s] [34mcolcon.colcon_core.package_identification[0m [1;30mLevel 1[0m _identify(ZEDenv/zenv/bin) by extensions ['cmake', 'python']
[1.227s] [34mcolcon.colcon_core.package_identification[0m [1;30mLevel 1[0m _identify(ZEDenv/zenv/bin) by extension 'cmake'
[1.227s] [34mcolcon.colcon_core.package_identification[0m [1;30mLevel 1[0m _identify(ZEDenv/zenv/bin) by extension 'python'
[1.227s] [34mcolcon.colcon_core.package_identification[0m [1;30mLevel 1[0m _identify(ZEDenv/zenv/bin) by extensions ['python_setup_py']
[1.227s] [34mcolcon.colcon_core.package_identification[0m [1;30mLevel 1[0m _identify(ZEDenv/zenv/bin) by extension 'python_setup_py'
[1.227s] [34mcolcon.colcon_core.package_identification[0m [1;30mLevel 1[0m _identify(__pycache__) by extensions ['ignore', 'ignore_ament_install']
[1.227s] [34mcolcon.colcon_core.package_identification[0m [1;30mLevel 1[0m _identify(__pycache__) by extension 'ignore'
[1.227s] [34mcolcon.colcon_core.package_identification[0m [1;30mLevel 1[0m _identify(__pycache__) by extension 'ignore_ament_install'
[1.227s] [34mcolcon.colcon_core.package_identification[0m [1;30mLevel 1[0m _identify(__pycache__) by extensions ['colcon_pkg']
[1.227s] [34mcolcon.colcon_core.package_identification[0m [1;30mLevel 1[0m _identify(__pycache__) by extension 'colcon_pkg'
[1.227s] [34mcolcon.colcon_core.package_identification[0m [1;30mLevel 1[0m _identify(__pycache__) by extensions ['colcon_meta']
[1.227s] [34mcolcon.colcon_core.package_identification[0m [1;30mLevel 1[0m _identify(__pycache__) by extension 'colcon_meta'
[1.228s] [34mcolcon.colcon_core.package_identification[0m [1;30mLevel 1[0m _identify(__pycache__) by extensions ['ros']
[1.228s] [34mcolcon.colcon_core.package_identification[0m [1;30mLevel 1[0m _identify(__pycache__) by extension 'ros'
[1.228s] [34mcolcon.colcon_core.package_identification[0m [1;30mLevel 1[0m _identify(__pycache__) by extensions ['cmake', 'python']
[1.228s] [34mcolcon.colcon_core.package_identification[0m [1;30mLevel 1[0m _identify(__pycache__) by extension 'cmake'
[1.228s] [34mcolcon.colcon_core.package_identification[0m [1;30mLevel 1[0m _identify(__pycache__) by extension 'python'
[1.228s] [34mcolcon.colcon_core.package_identification[0m [1;30mLevel 1[0m _identify(__pycache__) by extensions ['python_setup_py']
[1.228s] [34mcolcon.colcon_core.package_identification[0m [1;30mLevel 1[0m _identify(__pycache__) by extension 'python_setup_py'
[1.228s] [34mcolcon.colcon_core.package_identification[0m [1;30mLevel 1[0m _identify(build) by extensions ['ignore', 'ignore_ament_install']
[1.229s] [34mcolcon.colcon_core.package_identification[0m [1;30mLevel 1[0m _identify(build) by extension 'ignore'
[1.229s] [34mcolcon.colcon_core.package_identification[0m [1;30mLevel 1[0m _identify(build) ignored
[1.229s] [34mcolcon.colcon_core.package_identification[0m [1;30mLevel 1[0m _identify(cavegeneration) by extensions ['ignore', 'ignore_ament_install']
[1.229s] [34mcolcon.colcon_core.package_identification[0m [1;30mLevel 1[0m _identify(cavegeneration) by extension 'ignore'
[1.229s] [34mcolcon.colcon_core.package_identification[0m [1;30mLevel 1[0m _identify(cavegeneration) by extension 'ignore_ament_install'
[1.230s] [34mcolcon.colcon_core.package_identification[0m [1;30mLevel 1[0m _identify(cavegeneration) by extensions ['colcon_pkg']
[1.230s] [34mcolcon.colcon_core.package_identification[0m [1;30mLevel 1[0m _identify(cavegeneration) by extension 'colcon_pkg'
[1.230s] [34mcolcon.colcon_core.package_identification[0m [1;30mLevel 1[0m _identify(cavegeneration) by extensions ['colcon_meta']
[1.230s] [34mcolcon.colcon_core.package_identification[0m [1;30mLevel 1[0m _identify(cavegeneration) by extension 'colcon_meta'
[1.230s] [34mcolcon.colcon_core.package_identification[0m [1;30mLevel 1[0m _identify(cavegeneration) by extensions ['ros']
[1.230s] [34mcolcon.colcon_core.package_identification[0m [1;30mLevel 1[0m _identify(cavegeneration) by extension 'ros'
[1.230s] [34mcolcon.colcon_core.package_identification[0m [1;30mLevel 1[0m _identify(cavegeneration) by extensions ['cmake', 'python']
[1.231s] [34mcolcon.colcon_core.package_identification[0m [1;30mLevel 1[0m _identify(cavegeneration) by extension 'cmake'
[1.231s] [34mcolcon.colcon_core.package_identification[0m [1;30mLevel 1[0m _identify(cavegeneration) by extension 'python'
[1.231s] [34mcolcon.colcon_core.package_identification[0m [1;30mLevel 1[0m _identify(cavegeneration) by extensions ['python_setup_py']
[1.231s] [34mcolcon.colcon_core.package_identification[0m [1;30mLevel 1[0m _identify(cavegeneration) by extension 'python_setup_py'
[1.231s] [34mcolcon.colcon_core.package_identification[0m [1;30mLevel 1[0m _identify(data) by extensions ['ignore', 'ignore_ament_install']
[1.232s] [34mcolcon.colcon_core.package_identification[0m [1;30mLevel 1[0m _identify(data) by extension 'ignore'
[1.232s] [34mcolcon.colcon_core.package_identification[0m [1;30mLevel 1[0m _identify(data) by extension 'ignore_ament_install'
[1.232s] [34mcolcon.colcon_core.package_identification[0m [1;30mLevel 1[0m _identify(data) by extensions ['colcon_pkg']
[1.232s] [34mcolcon.colcon_core.package_identification[0m [1;30mLevel 1[0m _identify(data) by extension 'colcon_pkg'
[1.232s] [34mcolcon.colcon_core.package_identification[0m [1;30mLevel 1[0m _identify(data) by extensions ['colcon_meta']
[1.232s] [34mcolcon.colcon_core.package_identification[0m [1;30mLevel 1[0m _identify(data) by extension 'colcon_meta'
[1.233s] [34mcolcon.colcon_core.package_identification[0m [1;30mLevel 1[0m _identify(data) by extensions ['ros']
[1.233s] [34mcolcon.colcon_core.package_identification[0m [1;30mLevel 1[0m _identify(data) by extension 'ros'
[1.233s] [34mcolcon.colcon_core.package_identification[0m [1;30mLevel 1[0m _identify(data) by extensions ['cmake', 'python']
[1.233s] [34mcolcon.colcon_core.package_identification[0m [1;30mLevel 1[0m _identify(data) by extension 'cmake'
[1.233s] [34mcolcon.colcon_core.package_identification[0m [1;30mLevel 1[0m _identify(data) by extension 'python'
[1.233s] [34mcolcon.colcon_core.package_identification[0m [1;30mLevel 1[0m _identify(data) by extensions ['python_setup_py']
[1.233s] [34mcolcon.colcon_core.package_identification[0m [1;30mLevel 1[0m _identify(data) by extension 'python_setup_py'
[1.234s] [34mcolcon.colcon_core.package_identification[0m [1;30mLevel 1[0m _identify(experiment) by extensions ['ignore', 'ignore_ament_install']
[1.234s] [34mcolcon.colcon_core.package_identification[0m [1;30mLevel 1[0m _identify(experiment) by extension 'ignore'
[1.234s] [34mcolcon.colcon_core.package_identification[0m [1;30mLevel 1[0m _identify(experiment) by extension 'ignore_ament_install'
[1.234s] [34mcolcon.colcon_core.package_identification[0m [1;30mLevel 1[0m _identify(experiment) by extensions ['colcon_pkg']
[1.235s] [34mcolcon.colcon_core.package_identification[0m [1;30mLevel 1[0m _identify(experiment) by extension 'colcon_pkg'
[1.235s] [34mcolcon.colcon_core.package_identification[0m [1;30mLevel 1[0m _identify(experiment) by extensions ['colcon_meta']
[1.235s] [34mcolcon.colcon_core.package_identification[0m [1;30mLevel 1[0m _identify(experiment) by extension 'colcon_meta'
[1.235s] [34mcolcon.colcon_core.package_identification[0m [1;30mLevel 1[0m _identify(experiment) by extensions ['ros']
[1.235s] [34mcolcon.colcon_core.package_identification[0m [1;30mLevel 1[0m _identify(experiment) by extension 'ros'
[1.235s] [34mcolcon.colcon_core.package_identification[0m [1;30mLevel 1[0m _identify(experiment) by extensions ['cmake', 'python']
[1.235s] [34mcolcon.colcon_core.package_identification[0m [1;30mLevel 1[0m _identify(experiment) by extension 'cmake'
[1.236s] [34mcolcon.colcon_core.package_identification[0m [1;30mLevel 1[0m _identify(experiment) by extension 'python'
[1.236s] [34mcolcon.colcon_core.package_identification[0m [1;30mLevel 1[0m _identify(experiment) by extensions ['python_setup_py']
[1.236s] [34mcolcon.colcon_core.package_identification[0m [1;30mLevel 1[0m _identify(experiment) by extension 'python_setup_py'
[1.236s] [34mcolcon.colcon_core.package_identification[0m [1;30mLevel 1[0m _identify(experiment/run1) by extensions ['ignore', 'ignore_ament_install']
[1.236s] [34mcolcon.colcon_core.package_identification[0m [1;30mLevel 1[0m _identify(experiment/run1) by extension 'ignore'
[1.237s] [34mcolcon.colcon_core.package_identification[0m [1;30mLevel 1[0m _identify(experiment/run1) by extension 'ignore_ament_install'
[1.237s] [34mcolcon.colcon_core.package_identification[0m [1;30mLevel 1[0m _identify(experiment/run1) by extensions ['colcon_pkg']
[1.237s] [34mcolcon.colcon_core.package_identification[0m [1;30mLevel 1[0m _identify(experiment/run1) by extension 'colcon_pkg'
[1.237s] [34mcolcon.colcon_core.package_identification[0m [1;30mLevel 1[0m _identify(experiment/run1) by extensions ['colcon_meta']
[1.237s] [34mcolcon.colcon_core.package_identification[0m [1;30mLevel 1[0m _identify(experiment/run1) by extension 'colcon_meta'
[1.237s] [34mcolcon.colcon_core.package_identification[0m [1;30mLevel 1[0m _identify(experiment/run1) by extensions ['ros']
[1.237s] [34mcolcon.colcon_core.package_identification[0m [1;30mLevel 1[0m _identify(experiment/run1) by extension 'ros'
[1.238s] [34mcolcon.colcon_core.package_identification[0m [1;30mLevel 1[0m _identify(experiment/run1) by extensions ['cmake', 'python']
[1.238s] [34mcolcon.colcon_core.package_identification[0m [1;30mLevel 1[0m _identify(experiment/run1) by extension 'cmake'
[1.238s] [34mcolcon.colcon_core.package_identification[0m [1;30mLevel 1[0m _identify(experiment/run1) by extension 'python'
[1.238s] [34mcolcon.colcon_core.package_identification[0m [1;30mLevel 1[0m _identify(experiment/run1) by extensions ['python_setup_py']
[1.238s] [34mcolcon.colcon_core.package_identification[0m [1;30mLevel 1[0m _identify(experiment/run1) by extension 'python_setup_py'
[1.239s] [34mcolcon.colcon_core.package_identification[0m [1;30mLevel 1[0m _identify(experiment/run2) by extensions ['ignore', 'ignore_ament_install']
[1.239s] [34mcolcon.colcon_core.package_identification[0m [1;30mLevel 1[0m _identify(experiment/run2) by extension 'ignore'
[1.239s] [34mcolcon.colcon_core.package_identification[0m [1;30mLevel 1[0m _identify(experiment/run2) by extension 'ignore_ament_install'
[1.239s] [34mcolcon.colcon_core.package_identification[0m [1;30mLevel 1[0m _identify(experiment/run2) by extensions ['colcon_pkg']
[1.239s] [34mcolcon.colcon_core.package_identification[0m [1;30mLevel 1[0m _identify(experiment/run2) by extension 'colcon_pkg'
[1.239s] [34mcolcon.colcon_core.package_identification[0m [1;30mLevel 1[0m _identify(experiment/run2) by extensions ['colcon_meta']
[1.240s] [34mcolcon.colcon_core.package_identification[0m [1;30mLevel 1[0m _identify(experiment/run2) by extension 'colcon_meta'
[1.240s] [34mcolcon.colcon_core.package_identification[0m [1;30mLevel 1[0m _identify(experiment/run2) by extensions ['ros']
[1.240s] [34mcolcon.colcon_core.package_identification[0m [1;30mLevel 1[0m _identify(experiment/run2) by extension 'ros'
[1.240s] [34mcolcon.colcon_core.package_identification[0m [1;30mLevel 1[0m _identify(experiment/run2) by extensions ['cmake', 'python']
[1.240s] [34mcolcon.colcon_core.package_identification[0m [1;30mLevel 1[0m _identify(experiment/run2) by extension 'cmake'
[1.240s] [34mcolcon.colcon_core.package_identification[0m [1;30mLevel 1[0m _identify(experiment/run2) by extension 'python'
[1.240s] [34mcolcon.colcon_core.package_identification[0m [1;30mLevel 1[0m _identify(experiment/run2) by extensions ['python_setup_py']
[1.241s] [34mcolcon.colcon_core.package_identification[0m [1;30mLevel 1[0m _identify(experiment/run2) by extension 'python_setup_py'
[1.241s] [34mcolcon.colcon_core.package_identification[0m [1;30mLevel 1[0m _identify(experiment/run3) by extensions ['ignore', 'ignore_ament_install']
[1.241s] [34mcolcon.colcon_core.package_identification[0m [1;30mLevel 1[0m _identify(experiment/run3) by extension 'ignore'
[1.241s] [34mcolcon.colcon_core.package_identification[0m [1;30mLevel 1[0m _identify(experiment/run3) by extension 'ignore_ament_install'
[1.241s] [34mcolcon.colcon_core.package_identification[0m [1;30mLevel 1[0m _identify(experiment/run3) by extensions ['colcon_pkg']
[1.241s] [34mcolcon.colcon_core.package_identification[0m [1;30mLevel 1[0m _identify(experiment/run3) by extension 'colcon_pkg'
[1.241s] [34mcolcon.colcon_core.package_identification[0m [1;30mLevel 1[0m _identify(experiment/run3) by extensions ['colcon_meta']
[1.242s] [34mcolcon.colcon_core.package_identification[0m [1;30mLevel 1[0m _identify(experiment/run3) by extension 'colcon_meta'
[1.242s] [34mcolcon.colcon_core.package_identification[0m [1;30mLevel 1[0m _identify(experiment/run3) by extensions ['ros']
[1.242s] [34mcolcon.colcon_core.package_identification[0m [1;30mLevel 1[0m _identify(experiment/run3) by extension 'ros'
[1.242s] [34mcolcon.colcon_core.package_identification[0m [1;30mLevel 1[0m _identify(experiment/run3) by extensions ['cmake', 'python']
[1.242s] [34mcolcon.colcon_core.package_identification[0m [1;30mLevel 1[0m _identify(experiment/run3) by extension 'cmake'
[1.242s] [34mcolcon.colcon_core.package_identification[0m [1;30mLevel 1[0m _identify(experiment/run3) by extension 'python'
[1.242s] [34mcolcon.colcon_core.package_identification[0m [1;30mLevel 1[0m _identify(experiment/run3) by extensions ['python_setup_py']
[1.242s] [34mcolcon.colcon_core.package_identification[0m [1;30mLevel 1[0m _identify(experiment/run3) by extension 'python_setup_py'
[1.242s] [34mcolcon.colcon_core.package_identification[0m [1;30mLevel 1[0m _identify(experiment/run4) by extensions ['ignore', 'ignore_ament_install']
[1.242s] [34mcolcon.colcon_core.package_identification[0m [1;30mLevel 1[0m _identify(experiment/run4) by extension 'ignore'
[1.243s] [34mcolcon.colcon_core.package_identification[0m [1;30mLevel 1[0m _identify(experiment/run4) by extension 'ignore_ament_install'
[1.243s] [34mcolcon.colcon_core.package_identification[0m [1;30mLevel 1[0m _identify(experiment/run4) by extensions ['colcon_pkg']
[1.243s] [34mcolcon.colcon_core.package_identification[0m [1;30mLevel 1[0m _identify(experiment/run4) by extension 'colcon_pkg'
[1.243s] [34mcolcon.colcon_core.package_identification[0m [1;30mLevel 1[0m _identify(experiment/run4) by extensions ['colcon_meta']
[1.243s] [34mcolcon.colcon_core.package_identification[0m [1;30mLevel 1[0m _identify(experiment/run4) by extension 'colcon_meta'
[1.243s] [34mcolcon.colcon_core.package_identification[0m [1;30mLevel 1[0m _identify(experiment/run4) by extensions ['ros']
[1.243s] [34mcolcon.colcon_core.package_identification[0m [1;30mLevel 1[0m _identify(experiment/run4) by extension 'ros'
[1.243s] [34mcolcon.colcon_core.package_identification[0m [1;30mLevel 1[0m _identify(experiment/run4) by extensions ['cmake', 'python']
[1.243s] [34mcolcon.colcon_core.package_identification[0m [1;30mLevel 1[0m _identify(experiment/run4) by extension 'cmake'
[1.243s] [34mcolcon.colcon_core.package_identification[0m [1;30mLevel 1[0m _identify(experiment/run4) by extension 'python'
[1.243s] [34mcolcon.colcon_core.package_identification[0m [1;30mLevel 1[0m _identify(experiment/run4) by extensions ['python_setup_py']
[1.243s] [34mcolcon.colcon_core.package_identification[0m [1;30mLevel 1[0m _identify(experiment/run4) by extension 'python_setup_py'
[1.244s] [34mcolcon.colcon_core.package_identification[0m [1;30mLevel 1[0m _identify(experiment/run5) by extensions ['ignore', 'ignore_ament_install']
[1.244s] [34mcolcon.colcon_core.package_identification[0m [1;30mLevel 1[0m _identify(experiment/run5) by extension 'ignore'
[1.244s] [34mcolcon.colcon_core.package_identification[0m [1;30mLevel 1[0m _identify(experiment/run5) by extension 'ignore_ament_install'
[1.244s] [34mcolcon.colcon_core.package_identification[0m [1;30mLevel 1[0m _identify(experiment/run5) by extensions ['colcon_pkg']
[1.244s] [34mcolcon.colcon_core.package_identification[0m [1;30mLevel 1[0m _identify(experiment/run5) by extension 'colcon_pkg'
[1.244s] [34mcolcon.colcon_core.package_identification[0m [1;30mLevel 1[0m _identify(experiment/run5) by extensions ['colcon_meta']
[1.245s] [34mcolcon.colcon_core.package_identification[0m [1;30mLevel 1[0m _identify(experiment/run5) by extension 'colcon_meta'
[1.245s] [34mcolcon.colcon_core.package_identification[0m [1;30mLevel 1[0m _identify(experiment/run5) by extensions ['ros']
[1.245s] [34mcolcon.colcon_core.package_identification[0m [1;30mLevel 1[0m _identify(experiment/run5) by extension 'ros'
[1.245s] [34mcolcon.colcon_core.package_identification[0m [1;30mLevel 1[0m _identify(experiment/run5) by extensions ['cmake', 'python']
[1.245s] [34mcolcon.colcon_core.package_identification[0m [1;30mLevel 1[0m _identify(experiment/run5) by extension 'cmake'
[1.245s] [34mcolcon.colcon_core.package_identification[0m [1;30mLevel 1[0m _identify(experiment/run5) by extension 'python'
[1.245s] [34mcolcon.colcon_core.package_identification[0m [1;30mLevel 1[0m _identify(experiment/run5) by extensions ['python_setup_py']
[1.245s] [34mcolcon.colcon_core.package_identification[0m [1;30mLevel 1[0m _identify(experiment/run5) by extension 'python_setup_py'
[1.246s] [34mcolcon.colcon_core.package_identification[0m [1;30mLevel 1[0m _identify(gz_ros2_control) by extensions ['ignore', 'ignore_ament_install']
[1.246s] [34mcolcon.colcon_core.package_identification[0m [1;30mLevel 1[0m _identify(gz_ros2_control) by extension 'ignore'
[1.246s] [34mcolcon.colcon_core.package_identification[0m [1;30mLevel 1[0m _identify(gz_ros2_control) by extension 'ignore_ament_install'
[1.246s] [34mcolcon.colcon_core.package_identification[0m [1;30mLevel 1[0m _identify(gz_ros2_control) by extensions ['colcon_pkg']
[1.246s] [34mcolcon.colcon_core.package_identification[0m [1;30mLevel 1[0m _identify(gz_ros2_control) by extension 'colcon_pkg'
[1.246s] [34mcolcon.colcon_core.package_identification[0m [1;30mLevel 1[0m _identify(gz_ros2_control) by extensions ['colcon_meta']
[1.247s] [34mcolcon.colcon_core.package_identification[0m [1;30mLevel 1[0m _identify(gz_ros2_control) by extension 'colcon_meta'
[1.247s] [34mcolcon.colcon_core.package_identification[0m [1;30mLevel 1[0m _identify(gz_ros2_control) by extensions ['ros']
[1.247s] [34mcolcon.colcon_core.package_identification[0m [1;30mLevel 1[0m _identify(gz_ros2_control) by extension 'ros'
[1.247s] [34mcolcon.colcon_core.package_identification[0m [1;30mLevel 1[0m _identify(gz_ros2_control) by extensions ['cmake', 'python']
[1.247s] [34mcolcon.colcon_core.package_identification[0m [1;30mLevel 1[0m _identify(gz_ros2_control) by extension 'cmake'
[1.247s] [34mcolcon.colcon_core.package_identification[0m [1;30mLevel 1[0m _identify(gz_ros2_control) by extension 'python'
[1.247s] [34mcolcon.colcon_core.package_identification[0m [1;30mLevel 1[0m _identify(gz_ros2_control) by extensions ['python_setup_py']
[1.248s] [34mcolcon.colcon_core.package_identification[0m [1;30mLevel 1[0m _identify(gz_ros2_control) by extension 'python_setup_py'
[1.248s] [34mcolcon.colcon_core.package_identification[0m [1;30mLevel 1[0m _identify(gz_ros2_control/Dockerfile) by extensions ['ignore', 'ignore_ament_install']
[1.248s] [34mcolcon.colcon_core.package_identification[0m [1;30mLevel 1[0m _identify(gz_ros2_control/Dockerfile) by extension 'ignore'
[1.248s] [34mcolcon.colcon_core.package_identification[0m [1;30mLevel 1[0m _identify(gz_ros2_control/Dockerfile) by extension 'ignore_ament_install'
[1.249s] [34mcolcon.colcon_core.package_identification[0m [1;30mLevel 1[0m _identify(gz_ros2_control/Dockerfile) by extensions ['colcon_pkg']
[1.249s] [34mcolcon.colcon_core.package_identification[0m [1;30mLevel 1[0m _identify(gz_ros2_control/Dockerfile) by extension 'colcon_pkg'
[1.249s] [34mcolcon.colcon_core.package_identification[0m [1;30mLevel 1[0m _identify(gz_ros2_control/Dockerfile) by extensions ['colcon_meta']
[1.249s] [34mcolcon.colcon_core.package_identification[0m [1;30mLevel 1[0m _identify(gz_ros2_control/Dockerfile) by extension 'colcon_meta'
[1.249s] [34mcolcon.colcon_core.package_identification[0m [1;30mLevel 1[0m _identify(gz_ros2_control/Dockerfile) by extensions ['ros']
[1.249s] [34mcolcon.colcon_core.package_identification[0m [1;30mLevel 1[0m _identify(gz_ros2_control/Dockerfile) by extension 'ros'
[1.249s] [34mcolcon.colcon_core.package_identification[0m [1;30mLevel 1[0m _identify(gz_ros2_control/Dockerfile) by extensions ['cmake', 'python']
[1.249s] [34mcolcon.colcon_core.package_identification[0m [1;30mLevel 1[0m _identify(gz_ros2_control/Dockerfile) by extension 'cmake'
[1.250s] [34mcolcon.colcon_core.package_identification[0m [1;30mLevel 1[0m _identify(gz_ros2_control/Dockerfile) by extension 'python'
[1.250s] [34mcolcon.colcon_core.package_identification[0m [1;30mLevel 1[0m _identify(gz_ros2_control/Dockerfile) by extensions ['python_setup_py']
[1.250s] [34mcolcon.colcon_core.package_identification[0m [1;30mLevel 1[0m _identify(gz_ros2_control/Dockerfile) by extension 'python_setup_py'
[1.250s] [34mcolcon.colcon_core.package_identification[0m [1;30mLevel 1[0m _identify(gz_ros2_control/doc) by extensions ['ignore', 'ignore_ament_install']
[1.250s] [34mcolcon.colcon_core.package_identification[0m [1;30mLevel 1[0m _identify(gz_ros2_control/doc) by extension 'ignore'
[1.250s] [34mcolcon.colcon_core.package_identification[0m [1;30mLevel 1[0m _identify(gz_ros2_control/doc) by extension 'ignore_ament_install'
[1.251s] [34mcolcon.colcon_core.package_identification[0m [1;30mLevel 1[0m _identify(gz_ros2_control/doc) by extensions ['colcon_pkg']
[1.251s] [34mcolcon.colcon_core.package_identification[0m [1;30mLevel 1[0m _identify(gz_ros2_control/doc) by extension 'colcon_pkg'
[1.251s] [34mcolcon.colcon_core.package_identification[0m [1;30mLevel 1[0m _identify(gz_ros2_control/doc) by extensions ['colcon_meta']
[1.251s] [34mcolcon.colcon_core.package_identification[0m [1;30mLevel 1[0m _identify(gz_ros2_control/doc) by extension 'colcon_meta'
[1.251s] [34mcolcon.colcon_core.package_identification[0m [1;30mLevel 1[0m _identify(gz_ros2_control/doc) by extensions ['ros']
[1.251s] [34mcolcon.colcon_core.package_identification[0m [1;30mLevel 1[0m _identify(gz_ros2_control/doc) by extension 'ros'
[1.252s] [34mcolcon.colcon_core.package_identification[0m [1;30mLevel 1[0m _identify(gz_ros2_control/doc) by extensions ['cmake', 'python']
[1.252s] [34mcolcon.colcon_core.package_identification[0m [1;30mLevel 1[0m _identify(gz_ros2_control/doc) by extension 'cmake'
[1.252s] [34mcolcon.colcon_core.package_identification[0m [1;30mLevel 1[0m _identify(gz_ros2_control/doc) by extension 'python'
[1.252s] [34mcolcon.colcon_core.package_identification[0m [1;30mLevel 1[0m _identify(gz_ros2_control/doc) by extensions ['python_setup_py']
[1.252s] [34mcolcon.colcon_core.package_identification[0m [1;30mLevel 1[0m _identify(gz_ros2_control/doc) by extension 'python_setup_py'
[1.252s] [34mcolcon.colcon_core.package_identification[0m [1;30mLevel 1[0m _identify(gz_ros2_control/doc/img) by extensions ['ignore', 'ignore_ament_install']
[1.252s] [34mcolcon.colcon_core.package_identification[0m [1;30mLevel 1[0m _identify(gz_ros2_control/doc/img) by extension 'ignore'
[1.253s] [34mcolcon.colcon_core.package_identification[0m [1;30mLevel 1[0m _identify(gz_ros2_control/doc/img) by extension 'ignore_ament_install'
[1.253s] [34mcolcon.colcon_core.package_identification[0m [1;30mLevel 1[0m _identify(gz_ros2_control/doc/img) by extensions ['colcon_pkg']
[1.253s] [34mcolcon.colcon_core.package_identification[0m [1;30mLevel 1[0m _identify(gz_ros2_control/doc/img) by extension 'colcon_pkg'
[1.253s] [34mcolcon.colcon_core.package_identification[0m [1;30mLevel 1[0m _identify(gz_ros2_control/doc/img) by extensions ['colcon_meta']
[1.253s] [34mcolcon.colcon_core.package_identification[0m [1;30mLevel 1[0m _identify(gz_ros2_control/doc/img) by extension 'colcon_meta'
[1.253s] [34mcolcon.colcon_core.package_identification[0m [1;30mLevel 1[0m _identify(gz_ros2_control/doc/img) by extensions ['ros']
[1.253s] [34mcolcon.colcon_core.package_identification[0m [1;30mLevel 1[0m _identify(gz_ros2_control/doc/img) by extension 'ros'
[1.253s] [34mcolcon.colcon_core.package_identification[0m [1;30mLevel 1[0m _identify(gz_ros2_control/doc/img) by extensions ['cmake', 'python']
[1.253s] [34mcolcon.colcon_core.package_identification[0m [1;30mLevel 1[0m _identify(gz_ros2_control/doc/img) by extension 'cmake'
[1.254s] [34mcolcon.colcon_core.package_identification[0m [1;30mLevel 1[0m _identify(gz_ros2_control/doc/img) by extension 'python'
[1.254s] [34mcolcon.colcon_core.package_identification[0m [1;30mLevel 1[0m _identify(gz_ros2_control/doc/img) by extensions ['python_setup_py']
[1.254s] [34mcolcon.colcon_core.package_identification[0m [1;30mLevel 1[0m _identify(gz_ros2_control/doc/img) by extension 'python_setup_py'
[1.254s] [34mcolcon.colcon_core.package_identification[0m [1;30mLevel 1[0m _identify(gz_ros2_control/gz_ros2_control) by extensions ['ignore', 'ignore_ament_install']
[1.254s] [34mcolcon.colcon_core.package_identification[0m [1;30mLevel 1[0m _identify(gz_ros2_control/gz_ros2_control) by extension 'ignore'
[1.254s] [34mcolcon.colcon_core.package_identification[0m [1;30mLevel 1[0m _identify(gz_ros2_control/gz_ros2_control) by extension 'ignore_ament_install'
[1.254s] [34mcolcon.colcon_core.package_identification[0m [1;30mLevel 1[0m _identify(gz_ros2_control/gz_ros2_control) by extensions ['colcon_pkg']
[1.255s] [34mcolcon.colcon_core.package_identification[0m [1;30mLevel 1[0m _identify(gz_ros2_control/gz_ros2_control) by extension 'colcon_pkg'
[1.255s] [34mcolcon.colcon_core.package_identification[0m [1;30mLevel 1[0m _identify(gz_ros2_control/gz_ros2_control) by extensions ['colcon_meta']
[1.255s] [34mcolcon.colcon_core.package_identification[0m [1;30mLevel 1[0m _identify(gz_ros2_control/gz_ros2_control) by extension 'colcon_meta'
[1.255s] [34mcolcon.colcon_core.package_identification[0m [1;30mLevel 1[0m _identify(gz_ros2_control/gz_ros2_control) by extensions ['ros']
[1.255s] [34mcolcon.colcon_core.package_identification[0m [1;30mLevel 1[0m _identify(gz_ros2_control/gz_ros2_control) by extension 'ros'
[1.272s] [34mcolcon.colcon_core.package_identification[0m [1;30mDEBUG[0m [32mPackage 'gz_ros2_control/gz_ros2_control' with type 'ros.ament_cmake' and name 'gz_ros2_control'[0m
[1.272s] [34mcolcon.colcon_core.package_identification[0m [1;30mLevel 1[0m _identify(gz_ros2_control/gz_ros2_control_demos) by extensions ['ignore', 'ignore_ament_install']
[1.273s] [34mcolcon.colcon_core.package_identification[0m [1;30mLevel 1[0m _identify(gz_ros2_control/gz_ros2_control_demos) by extension 'ignore'
[1.273s] [34mcolcon.colcon_core.package_identification[0m [1;30mLevel 1[0m _identify(gz_ros2_control/gz_ros2_control_demos) by extension 'ignore_ament_install'
[1.273s] [34mcolcon.colcon_core.package_identification[0m [1;30mLevel 1[0m _identify(gz_ros2_control/gz_ros2_control_demos) by extensions ['colcon_pkg']
[1.273s] [34mcolcon.colcon_core.package_identification[0m [1;30mLevel 1[0m _identify(gz_ros2_control/gz_ros2_control_demos) by extension 'colcon_pkg'
[1.273s] [34mcolcon.colcon_core.package_identification[0m [1;30mLevel 1[0m _identify(gz_ros2_control/gz_ros2_control_demos) by extensions ['colcon_meta']
[1.273s] [34mcolcon.colcon_core.package_identification[0m [1;30mLevel 1[0m _identify(gz_ros2_control/gz_ros2_control_demos) by extension 'colcon_meta'
[1.273s] [34mcolcon.colcon_core.package_identification[0m [1;30mLevel 1[0m _identify(gz_ros2_control/gz_ros2_control_demos) by extensions ['ros']
[1.273s] [34mcolcon.colcon_core.package_identification[0m [1;30mLevel 1[0m _identify(gz_ros2_control/gz_ros2_control_demos) by extension 'ros'
[1.282s] [34mcolcon.colcon_core.package_identification[0m [1;30mDEBUG[0m [32mPackage 'gz_ros2_control/gz_ros2_control_demos' with type 'ros.ament_cmake' and name 'gz_ros2_control_demos'[0m
[1.283s] [34mcolcon.colcon_core.package_identification[0m [1;30mLevel 1[0m _identify(gz_ros2_control/gz_ros2_control_tests) by extensions ['ignore', 'ignore_ament_install']
[1.283s] [34mcolcon.colcon_core.package_identification[0m [1;30mLevel 1[0m _identify(gz_ros2_control/gz_ros2_control_tests) by extension 'ignore'
[1.283s] [34mcolcon.colcon_core.package_identification[0m [1;30mLevel 1[0m _identify(gz_ros2_control/gz_ros2_control_tests) by extension 'ignore_ament_install'
[1.283s] [34mcolcon.colcon_core.package_identification[0m [1;30mLevel 1[0m _identify(gz_ros2_control/gz_ros2_control_tests) by extensions ['colcon_pkg']
[1.284s] [34mcolcon.colcon_core.package_identification[0m [1;30mLevel 1[0m _identify(gz_ros2_control/gz_ros2_control_tests) by extension 'colcon_pkg'
[1.284s] [34mcolcon.colcon_core.package_identification[0m [1;30mLevel 1[0m _identify(gz_ros2_control/gz_ros2_control_tests) by extensions ['colcon_meta']
[1.284s] [34mcolcon.colcon_core.package_identification[0m [1;30mLevel 1[0m _identify(gz_ros2_control/gz_ros2_control_tests) by extension 'colcon_meta'
[1.284s] [34mcolcon.colcon_core.package_identification[0m [1;30mLevel 1[0m _identify(gz_ros2_control/gz_ros2_control_tests) by extensions ['ros']
[1.284s] [34mcolcon.colcon_core.package_identification[0m [1;30mLevel 1[0m _identify(gz_ros2_control/gz_ros2_control_tests) by extension 'ros'
[1.286s] [34mcolcon.colcon_core.package_identification[0m [1;30mDEBUG[0m [32mPackage 'gz_ros2_control/gz_ros2_control_tests' with type 'ros.ament_cmake' and name 'gz_ros2_control_tests'[0m
[1.286s] [34mcolcon.colcon_core.package_identification[0m [1;30mLevel 1[0m _identify(gz_ros2_control/ign_ros2_control) by extensions ['ignore', 'ignore_ament_install']
[1.286s] [34mcolcon.colcon_core.package_identification[0m [1;30mLevel 1[0m _identify(gz_ros2_control/ign_ros2_control) by extension 'ignore'
[1.286s] [34mcolcon.colcon_core.package_identification[0m [1;30mLevel 1[0m _identify(gz_ros2_control/ign_ros2_control) by extension 'ignore_ament_install'
[1.287s] [34mcolcon.colcon_core.package_identification[0m [1;30mLevel 1[0m _identify(gz_ros2_control/ign_ros2_control) by extensions ['colcon_pkg']
[1.287s] [34mcolcon.colcon_core.package_identification[0m [1;30mLevel 1[0m _identify(gz_ros2_control/ign_ros2_control) by extension 'colcon_pkg'
[1.287s] [34mcolcon.colcon_core.package_identification[0m [1;30mLevel 1[0m _identify(gz_ros2_control/ign_ros2_control) by extensions ['colcon_meta']
[1.287s] [34mcolcon.colcon_core.package_identification[0m [1;30mLevel 1[0m _identify(gz_ros2_control/ign_ros2_control) by extension 'colcon_meta'
[1.287s] [34mcolcon.colcon_core.package_identification[0m [1;30mLevel 1[0m _identify(gz_ros2_control/ign_ros2_control) by extensions ['ros']
[1.287s] [34mcolcon.colcon_core.package_identification[0m [1;30mLevel 1[0m _identify(gz_ros2_control/ign_ros2_control) by extension 'ros'
[1.288s] [34mcolcon.colcon_core.package_identification[0m [1;30mDEBUG[0m [32mPackage 'gz_ros2_control/ign_ros2_control' with type 'ros.ament_cmake' and name 'ign_ros2_control'[0m
[1.289s] [34mcolcon.colcon_core.package_identification[0m [1;30mLevel 1[0m _identify(gz_ros2_control/ign_ros2_control_demos) by extensions ['ignore', 'ignore_ament_install']
[1.289s] [34mcolcon.colcon_core.package_identification[0m [1;30mLevel 1[0m _identify(gz_ros2_control/ign_ros2_control_demos) by extension 'ignore'
[1.289s] [34mcolcon.colcon_core.package_identification[0m [1;30mLevel 1[0m _identify(gz_ros2_control/ign_ros2_control_demos) by extension 'ignore_ament_install'
[1.289s] [34mcolcon.colcon_core.package_identification[0m [1;30mLevel 1[0m _identify(gz_ros2_control/ign_ros2_control_demos) by extensions ['colcon_pkg']
[1.289s] [34mcolcon.colcon_core.package_identification[0m [1;30mLevel 1[0m _identify(gz_ros2_control/ign_ros2_control_demos) by extension 'colcon_pkg'
[1.290s] [34mcolcon.colcon_core.package_identification[0m [1;30mLevel 1[0m _identify(gz_ros2_control/ign_ros2_control_demos) by extensions ['colcon_meta']
[1.290s] [34mcolcon.colcon_core.package_identification[0m [1;30mLevel 1[0m _identify(gz_ros2_control/ign_ros2_control_demos) by extension 'colcon_meta'
[1.290s] [34mcolcon.colcon_core.package_identification[0m [1;30mLevel 1[0m _identify(gz_ros2_control/ign_ros2_control_demos) by extensions ['ros']
[1.290s] [34mcolcon.colcon_core.package_identification[0m [1;30mLevel 1[0m _identify(gz_ros2_control/ign_ros2_control_demos) by extension 'ros'
[1.292s] [34mcolcon.colcon_core.package_identification[0m [1;30mDEBUG[0m [32mPackage 'gz_ros2_control/ign_ros2_control_demos' with type 'ros.ament_cmake' and name 'ign_ros2_control_demos'[0m
[1.292s] [34mcolcon.colcon_core.package_identification[0m [1;30mLevel 1[0m _identify(install) by extensions ['ignore', 'ignore_ament_install']
[1.292s] [34mcolcon.colcon_core.package_identification[0m [1;30mLevel 1[0m _identify(install) by extension 'ignore'
[1.292s] [34mcolcon.colcon_core.package_identification[0m [1;30mLevel 1[0m _identify(install) ignored
[1.293s] [34mcolcon.colcon_core.package_identification[0m [1;30mLevel 1[0m _identify(kinematicGait) by extensions ['ignore', 'ignore_ament_install']
[1.293s] [34mcolcon.colcon_core.package_identification[0m [1;30mLevel 1[0m _identify(kinematicGait) by extension 'ignore'
[1.293s] [34mcolcon.colcon_core.package_identification[0m [1;30mLevel 1[0m _identify(kinematicGait) by extension 'ignore_ament_install'
[1.293s] [34mcolcon.colcon_core.package_identification[0m [1;30mLevel 1[0m _identify(kinematicGait) by extensions ['colcon_pkg']
[1.293s] [34mcolcon.colcon_core.package_identification[0m [1;30mLevel 1[0m _identify(kinematicGait) by extension 'colcon_pkg'
[1.293s] [34mcolcon.colcon_core.package_identification[0m [1;30mLevel 1[0m _identify(kinematicGait) by extensions ['colcon_meta']
[1.293s] [34mcolcon.colcon_core.package_identification[0m [1;30mLevel 1[0m _identify(kinematicGait) by extension 'colcon_meta'
[1.294s] [34mcolcon.colcon_core.package_identification[0m [1;30mLevel 1[0m _identify(kinematicGait) by extensions ['ros']
[1.294s] [34mcolcon.colcon_core.package_identification[0m [1;30mLevel 1[0m _identify(kinematicGait) by extension 'ros'
[1.294s] [34mcolcon.colcon_core.package_identification[0m [1;30mLevel 1[0m _identify(kinematicGait) by extensions ['cmake', 'python']
[1.294s] [34mcolcon.colcon_core.package_identification[0m [1;30mLevel 1[0m _identify(kinematicGait) by extension 'cmake'
[1.294s] [34mcolcon.colcon_core.package_identification[0m [1;30mLevel 1[0m _identify(kinematicGait) by extension 'python'
[1.294s] [34mcolcon.colcon_core.package_identification[0m [1;30mLevel 1[0m _identify(kinematicGait) by extensions ['python_setup_py']
[1.294s] [34mcolcon.colcon_core.package_identification[0m [1;30mLevel 1[0m _identify(kinematicGait) by extension 'python_setup_py'
[1.295s] [34mcolcon.colcon_core.package_identification[0m [1;30mLevel 1[0m _identify(log) by extensions ['ignore', 'ignore_ament_install']
[1.295s] [34mcolcon.colcon_core.package_identification[0m [1;30mLevel 1[0m _identify(log) by extension 'ignore'
[1.295s] [34mcolcon.colcon_core.package_identification[0m [1;30mLevel 1[0m _identify(log) ignored
[1.295s] [34mcolcon.colcon_core.package_identification[0m [1;30mLevel 1[0m _identify(mujoco_expei) by extensions ['ignore', 'ignore_ament_install']
[1.295s] [34mcolcon.colcon_core.package_identification[0m [1;30mLevel 1[0m _identify(mujoco_expei) by extension 'ignore'
[1.296s] [34mcolcon.colcon_core.package_identification[0m [1;30mLevel 1[0m _identify(mujoco_expei) by extension 'ignore_ament_install'
[1.296s] [34mcolcon.colcon_core.package_identification[0m [1;30mLevel 1[0m _identify(mujoco_expei) by extensions ['colcon_pkg']
[1.296s] [34mcolcon.colcon_core.package_identification[0m [1;30mLevel 1[0m _identify(mujoco_expei) by extension 'colcon_pkg'
[1.296s] [34mcolcon.colcon_core.package_identification[0m [1;30mLevel 1[0m _identify(mujoco_expei) by extensions ['colcon_meta']
[1.296s] [34mcolcon.colcon_core.package_identification[0m [1;30mLevel 1[0m _identify(mujoco_expei) by extension 'colcon_meta'
[1.296s] [34mcolcon.colcon_core.package_identification[0m [1;30mLevel 1[0m _identify(mujoco_expei) by extensions ['ros']
[1.296s] [34mcolcon.colcon_core.package_identification[0m [1;30mLevel 1[0m _identify(mujoco_expei) by extension 'ros'
[1.296s] [34mcolcon.colcon_core.package_identification[0m [1;30mLevel 1[0m _identify(mujoco_expei) by extensions ['cmake', 'python']
[1.297s] [34mcolcon.colcon_core.package_identification[0m [1;30mLevel 1[0m _identify(mujoco_expei) by extension 'cmake'
[1.297s] [34mcolcon.colcon_core.package_identification[0m [1;30mLevel 1[0m _identify(mujoco_expei) by extension 'python'
[1.297s] [34mcolcon.colcon_core.package_identification[0m [1;30mLevel 1[0m _identify(mujoco_expei) by extensions ['python_setup_py']
[1.297s] [34mcolcon.colcon_core.package_identification[0m [1;30mLevel 1[0m _identify(mujoco_expei) by extension 'python_setup_py'
[1.297s] [34mcolcon.colcon_core.package_identification[0m [1;30mLevel 1[0m _identify(mujoco_expei/__pycache__) by extensions ['ignore', 'ignore_ament_install']
[1.298s] [34mcolcon.colcon_core.package_identification[0m [1;30mLevel 1[0m _identify(mujoco_expei/__pycache__) by extension 'ignore'
[1.298s] [34mcolcon.colcon_core.package_identification[0m [1;30mLevel 1[0m _identify(mujoco_expei/__pycache__) by extension 'ignore_ament_install'
[1.298s] [34mcolcon.colcon_core.package_identification[0m [1;30mLevel 1[0m _identify(mujoco_expei/__pycache__) by extensions ['colcon_pkg']
[1.298s] [34mcolcon.colcon_core.package_identification[0m [1;30mLevel 1[0m _identify(mujoco_expei/__pycache__) by extension 'colcon_pkg'
[1.298s] [34mcolcon.colcon_core.package_identification[0m [1;30mLevel 1[0m _identify(mujoco_expei/__pycache__) by extensions ['colcon_meta']
[1.298s] [34mcolcon.colcon_core.package_identification[0m [1;30mLevel 1[0m _identify(mujoco_expei/__pycache__) by extension 'colcon_meta'
[1.298s] [34mcolcon.colcon_core.package_identification[0m [1;30mLevel 1[0m _identify(mujoco_expei/__pycache__) by extensions ['ros']
[1.298s] [34mcolcon.colcon_core.package_identification[0m [1;30mLevel 1[0m _identify(mujoco_expei/__pycache__) by extension 'ros'
[1.299s] [34mcolcon.colcon_core.package_identification[0m [1;30mLevel 1[0m _identify(mujoco_expei/__pycache__) by extensions ['cmake', 'python']
[1.299s] [34mcolcon.colcon_core.package_identification[0m [1;30mLevel 1[0m _identify(mujoco_expei/__pycache__) by extension 'cmake'
[1.299s] [34mcolcon.colcon_core.package_identification[0m [1;30mLevel 1[0m _identify(mujoco_expei/__pycache__) by extension 'python'
[1.299s] [34mcolcon.colcon_core.package_identification[0m [1;30mLevel 1[0m _identify(mujoco_expei/__pycache__) by extensions ['python_setup_py']
[1.299s] [34mcolcon.colcon_core.package_identification[0m [1;30mLevel 1[0m _identify(mujoco_expei/__pycache__) by extension 'python_setup_py'
[1.299s] [34mcolcon.colcon_core.package_identification[0m [1;30mLevel 1[0m _identify(mujoco_expei/meshes) by extensions ['ignore', 'ignore_ament_install']
[1.299s] [34mcolcon.colcon_core.package_identification[0m [1;30mLevel 1[0m _identify(mujoco_expei/meshes) by extension 'ignore'
[1.300s] [34mcolcon.colcon_core.package_identification[0m [1;30mLevel 1[0m _identify(mujoco_expei/meshes) by extension 'ignore_ament_install'
[1.300s] [34mcolcon.colcon_core.package_identification[0m [1;30mLevel 1[0m _identify(mujoco_expei/meshes) by extensions ['colcon_pkg']
[1.300s] [34mcolcon.colcon_core.package_identification[0m [1;30mLevel 1[0m _identify(mujoco_expei/meshes) by extension 'colcon_pkg'
[1.300s] [34mcolcon.colcon_core.package_identification[0m [1;30mLevel 1[0m _identify(mujoco_expei/meshes) by extensions ['colcon_meta']
[1.300s] [34mcolcon.colcon_core.package_identification[0m [1;30mLevel 1[0m _identify(mujoco_expei/meshes) by extension 'colcon_meta'
[1.300s] [34mcolcon.colcon_core.package_identification[0m [1;30mLevel 1[0m _identify(mujoco_expei/meshes) by extensions ['ros']
[1.300s] [34mcolcon.colcon_core.package_identification[0m [1;30mLevel 1[0m _identify(mujoco_expei/meshes) by extension 'ros'
[1.300s] [34mcolcon.colcon_core.package_identification[0m [1;30mLevel 1[0m _identify(mujoco_expei/meshes) by extensions ['cmake', 'python']
[1.300s] [34mcolcon.colcon_core.package_identification[0m [1;30mLevel 1[0m _identify(mujoco_expei/meshes) by extension 'cmake'
[1.301s] [34mcolcon.colcon_core.package_identification[0m [1;30mLevel 1[0m _identify(mujoco_expei/meshes) by extension 'python'
[1.301s] [34mcolcon.colcon_core.package_identification[0m [1;30mLevel 1[0m _identify(mujoco_expei/meshes) by extensions ['python_setup_py']
[1.301s] [34mcolcon.colcon_core.package_identification[0m [1;30mLevel 1[0m _identify(mujoco_expei/meshes) by extension 'python_setup_py'
[1.301s] [34mcolcon.colcon_core.package_identification[0m [1;30mLevel 1[0m _identify(plugin) by extensions ['ignore', 'ignore_ament_install']
[1.301s] [34mcolcon.colcon_core.package_identification[0m [1;30mLevel 1[0m _identify(plugin) by extension 'ignore'
[1.301s] [34mcolcon.colcon_core.package_identification[0m [1;30mLevel 1[0m _identify(plugin) by extension 'ignore_ament_install'
[1.301s] [34mcolcon.colcon_core.package_identification[0m [1;30mLevel 1[0m _identify(plugin) by extensions ['colcon_pkg']
[1.302s] [34mcolcon.colcon_core.package_identification[0m [1;30mLevel 1[0m _identify(plugin) by extension 'colcon_pkg'
[1.302s] [34mcolcon.colcon_core.package_identification[0m [1;30mLevel 1[0m _identify(plugin) by extensions ['colcon_meta']
[1.302s] [34mcolcon.colcon_core.package_identification[0m [1;30mLevel 1[0m _identify(plugin) by extension 'colcon_meta'
[1.302s] [34mcolcon.colcon_core.package_identification[0m [1;30mLevel 1[0m _identify(plugin) by extensions ['ros']
[1.302s] [34mcolcon.colcon_core.package_identification[0m [1;30mLevel 1[0m _identify(plugin) by extension 'ros'
[1.304s] [34mcolcon.colcon_core.package_identification[0m [1;30mDEBUG[0m [32mPackage 'plugin' with type 'ros.ament_cmake' and name 'gz_joint_torsional_spring'[0m
[1.304s] [34mcolcon.colcon_core.package_identification[0m [1;30mLevel 1[0m _identify(pointcloud) by extensions ['ignore', 'ignore_ament_install']
[1.305s] [34mcolcon.colcon_core.package_identification[0m [1;30mLevel 1[0m _identify(pointcloud) by extension 'ignore'
[1.305s] [34mcolcon.colcon_core.package_identification[0m [1;30mLevel 1[0m _identify(pointcloud) by extension 'ignore_ament_install'
[1.305s] [34mcolcon.colcon_core.package_identification[0m [1;30mLevel 1[0m _identify(pointcloud) by extensions ['colcon_pkg']
[1.305s] [34mcolcon.colcon_core.package_identification[0m [1;30mLevel 1[0m _identify(pointcloud) by extension 'colcon_pkg'
[1.305s] [34mcolcon.colcon_core.package_identification[0m [1;30mLevel 1[0m _identify(pointcloud) by extensions ['colcon_meta']
[1.305s] [34mcolcon.colcon_core.package_identification[0m [1;30mLevel 1[0m _identify(pointcloud) by extension 'colcon_meta'
[1.305s] [34mcolcon.colcon_core.package_identification[0m [1;30mLevel 1[0m _identify(pointcloud) by extensions ['ros']
[1.305s] [34mcolcon.colcon_core.package_identification[0m [1;30mLevel 1[0m _identify(pointcloud) by extension 'ros'
[1.305s] [34mcolcon.colcon_core.package_identification[0m [1;30mLevel 1[0m _identify(pointcloud) by extensions ['cmake', 'python']
[1.306s] [34mcolcon.colcon_core.package_identification[0m [1;30mLevel 1[0m _identify(pointcloud) by extension 'cmake'
[1.306s] [34mcolcon.colcon_core.package_identification[0m [1;30mLevel 1[0m _identify(pointcloud) by extension 'python'
[1.306s] [34mcolcon.colcon_core.package_identification[0m [1;30mLevel 1[0m _identify(pointcloud) by extensions ['python_setup_py']
[1.306s] [34mcolcon.colcon_core.package_identification[0m [1;30mLevel 1[0m _identify(pointcloud) by extension 'python_setup_py'
[1.306s] [34mcolcon.colcon_core.package_identification[0m [1;30mLevel 1[0m _identify(potentiometer) by extensions ['ignore', 'ignore_ament_install']
[1.306s] [34mcolcon.colcon_core.package_identification[0m [1;30mLevel 1[0m _identify(potentiometer) by extension 'ignore'
[1.306s] [34mcolcon.colcon_core.package_identification[0m [1;30mLevel 1[0m _identify(potentiometer) by extension 'ignore_ament_install'
[1.306s] [34mcolcon.colcon_core.package_identification[0m [1;30mLevel 1[0m _identify(potentiometer) by extensions ['colcon_pkg']
[1.306s] [34mcolcon.colcon_core.package_identification[0m [1;30mLevel 1[0m _identify(potentiometer) by extension 'colcon_pkg'
[1.307s] [34mcolcon.colcon_core.package_identification[0m [1;30mLevel 1[0m _identify(potentiometer) by extensions ['colcon_meta']
[1.307s] [34mcolcon.colcon_core.package_identification[0m [1;30mLevel 1[0m _identify(potentiometer) by extension 'colcon_meta'
[1.307s] [34mcolcon.colcon_core.package_identification[0m [1;30mLevel 1[0m _identify(potentiometer) by extensions ['ros']
[1.307s] [34mcolcon.colcon_core.package_identification[0m [1;30mLevel 1[0m _identify(potentiometer) by extension 'ros'
[1.307s] [34mcolcon.colcon_core.package_identification[0m [1;30mLevel 1[0m _identify(potentiometer) by extensions ['cmake', 'python']
[1.307s] [34mcolcon.colcon_core.package_identification[0m [1;30mLevel 1[0m _identify(potentiometer) by extension 'cmake'
[1.307s] [34mcolcon.colcon_core.package_identification[0m [1;30mLevel 1[0m _identify(potentiometer) by extension 'python'
[1.307s] [34mcolcon.colcon_core.package_identification[0m [1;30mLevel 1[0m _identify(potentiometer) by extensions ['python_setup_py']
[1.307s] [34mcolcon.colcon_core.package_identification[0m [1;30mLevel 1[0m _identify(potentiometer) by extension 'python_setup_py'
[1.308s] [34mcolcon.colcon_core.package_discovery[0m [1;30mLevel 1[0m discover_packages(recursive) using defaults
[1.308s] [34mcolcon.colcon_core.package_discovery[0m [1;30mLevel 1[0m discover_packages(ignore) discover
[1.308s] [34mcolcon.colcon_core.package_discovery[0m [1;30mLevel 1[0m discover_packages(ignore) using defaults
[1.308s] [34mcolcon.colcon_core.package_discovery[0m [1;30mLevel 1[0m discover_packages(path) discover
[1.308s] [34mcolcon.colcon_core.package_discovery[0m [1;30mLevel 1[0m discover_packages(path) using defaults
[1.361s] [34mcolcon.colcon_core.package_selection[0m [1;30mINFO[0m Skipping not selected package 'cpg_ros2' in 'ROS/src/cpg_ros2'
[1.361s] [34mcolcon.colcon_core.package_selection[0m [1;30mINFO[0m Skipping not selected package 'elevation_mapping' in 'ROS/src/elevation_mapping'
[1.361s] [34mcolcon.colcon_core.package_selection[0m [1;30mINFO[0m Skipping not selected package 'gz_joint_torsional_spring' in 'ROS/src/gz_joint_torsional_spring'
[1.361s] [34mcolcon.colcon_core.package_selection[0m [1;30mINFO[0m Skipping not selected package 'gz_joint_torsional_spring' in 'plugin'
[1.362s] [34mcolcon.colcon_core.package_selection[0m [1;30mINFO[0m Skipping not selected package 'gz_ros2_control' in 'gz_ros2_control/gz_ros2_control'
[1.362s] [34mcolcon.colcon_core.package_selection[0m [1;30mINFO[0m Skipping not selected package 'kin_ros2' in 'ROS/src/kin_ros2'
[1.362s] [34mcolcon.colcon_core.package_selection[0m [1;30mINFO[0m Skipping not selected package 'perception' in 'ROS/src/perception'
[1.362s] [34mcolcon.colcon_core.package_selection[0m [1;30mINFO[0m Skipping not selected package 'quad_interface' in 'ROS/src/quad_interface'
[1.362s] [34mcolcon.colcon_core.package_selection[0m [1;30mINFO[0m Skipping not selected package 'rl_ros2' in 'ROS/src/rl_ros2'
[1.362s] [34mcolcon.colcon_core.package_selection[0m [1;30mINFO[0m Skipping not selected package 'rlpa_ros2' in 'ROS/src/rlpa_ros2'
[1.362s] [34mcolcon.colcon_core.package_selection[0m [1;30mINFO[0m Skipping not selected package 'gz_ros2_control_demos' in 'gz_ros2_control/gz_ros2_control_demos'
[1.362s] [34mcolcon.colcon_core.package_selection[0m [1;30mINFO[0m Skipping not selected package 'ign_ros2_control' in 'gz_ros2_control/ign_ros2_control'
[1.362s] [34mcolcon.colcon_core.package_selection[0m [1;30mINFO[0m Skipping not selected package 'robot_caves' in 'ROS/src/robot_caves'
[1.362s] [34mcolcon.colcon_core.package_selection[0m [1;30mINFO[0m Skipping not selected package 'ign_ros2_control_demos' in 'gz_ros2_control/ign_ros2_control_demos'
[1.362s] [34mcolcon.colcon_core.package_selection[0m [1;30mINFO[0m Skipping not selected package 'gz_ros2_control_tests' in 'gz_ros2_control/gz_ros2_control_tests'
[1.363s] [34mcolcon.colcon_core.package_discovery[0m [1;30mLevel 1[0m discover_packages(prefix_path) check parameters
[1.364s] [34mcolcon.colcon_core.package_discovery[0m [1;30mLevel 1[0m discover_packages(prefix_path) discover
[1.369s] [34mcolcon.colcon_installed_package_information.package_discovery[0m [1;30mDEBUG[0m [32mFound 1 installed packages in /home/mubashir/gz_control_ws/install[0m
[1.373s] [34mcolcon.colcon_installed_package_information.package_discovery[0m [1;30mDEBUG[0m [32mFound 397 installed packages in /opt/ros/humble[0m
[1.377s] [34mcolcon.colcon_core.package_discovery[0m [1;30mLevel 1[0m discover_packages(prefix_path) using defaults
[1.478s] [34mcolcon.colcon_core.verb[0m [1;30mLevel 5[0m set package 'cheetah_ros2' build argument 'cmake_args' from command line to 'None'
[1.478s] [34mcolcon.colcon_core.verb[0m [1;30mLevel 5[0m set package 'cheetah_ros2' build argument 'cmake_target' from command line to 'None'
[1.478s] [34mcolcon.colcon_core.verb[0m [1;30mLevel 5[0m set package 'cheetah_ros2' build argument 'cmake_target_skip_unavailable' from command line to 'False'
[1.479s] [34mcolcon.colcon_core.verb[0m [1;30mLevel 5[0m set package 'cheetah_ros2' build argument 'cmake_clean_cache' from command line to 'False'
[1.479s] [34mcolcon.colcon_core.verb[0m [1;30mLevel 5[0m set package 'cheetah_ros2' build argument 'cmake_clean_first' from command line to 'False'
[1.479s] [34mcolcon.colcon_core.verb[0m [1;30mLevel 5[0m set package 'cheetah_ros2' build argument 'cmake_force_configure' from command line to 'False'
[1.479s] [34mcolcon.colcon_core.verb[0m [1;30mLevel 5[0m set package 'cheetah_ros2' build argument 'ament_cmake_args' from command line to 'None'
[1.479s] [34mcolcon.colcon_core.verb[0m [1;30mLevel 5[0m set package 'cheetah_ros2' build argument 'catkin_cmake_args' from command line to 'None'
[1.479s] [34mcolcon.colcon_core.verb[0m [1;30mLevel 5[0m set package 'cheetah_ros2' build argument 'catkin_skip_building_tests' from command line to 'False'
[1.479s] [34mcolcon.colcon_core.verb[0m [1;30mDEBUG[0m [32mBuilding package 'cheetah_ros2' with the following arguments: {'ament_cmake_args': None, 'build_base': '/home/mubashir/Pictures/FYP-Legged-Robot-main/Code/build/cheetah_ros2', 'catkin_cmake_args': None, 'catkin_skip_building_tests': False, 'cmake_args': None, 'cmake_clean_cache': False, 'cmake_clean_first': False, 'cmake_force_configure': False, 'cmake_target': None, 'cmake_target_skip_unavailable': False, 'install_base': '/home/mubashir/Pictures/FYP-Legged-Robot-main/Code/install/cheetah_ros2', 'merge_install': False, 'path': '/home/mubashir/Pictures/FYP-Legged-Robot-main/Code/ROS/src/cheetah_ros2', 'symlink_install': True, 'test_result_base': None}[0m
[1.480s] [34mcolcon.colcon_core.verb[0m [1;30mLevel 5[0m set package 'sim_robot' build argument 'cmake_args' from command line to 'None'
[1.480s] [34mcolcon.colcon_core.verb[0m [1;30mLevel 5[0m set package 'sim_robot' build argument 'cmake_target' from command line to 'None'
[1.480s] [34mcolcon.colcon_core.verb[0m [1;30mLevel 5[0m set package 'sim_robot' build argument 'cmake_target_skip_unavailable' from command line to 'False'
[1.480s] [34mcolcon.colcon_core.verb[0m [1;30mLevel 5[0m set package 'sim_robot' build argument 'cmake_clean_cache' from command line to 'False'
[1.480s] [34mcolcon.colcon_core.verb[0m [1;30mLevel 5[0m set package 'sim_robot' build argument 'cmake_clean_first' from command line to 'False'
[1.480s] [34mcolcon.colcon_core.verb[0m [1;30mLevel 5[0m set package 'sim_robot' build argument 'cmake_force_configure' from command line to 'False'
[1.480s] [34mcolcon.colcon_core.verb[0m [1;30mLevel 5[0m set package 'sim_robot' build argument 'ament_cmake_args' from command line to 'None'
[1.480s] [34mcolcon.colcon_core.verb[0m [1;30mLevel 5[0m set package 'sim_robot' build argument 'catkin_cmake_args' from command line to 'None'
[1.480s] [34mcolcon.colcon_core.verb[0m [1;30mLevel 5[0m set package 'sim_robot' build argument 'catkin_skip_building_tests' from command line to 'False'
[1.480s] [34mcolcon.colcon_core.verb[0m [1;30mDEBUG[0m [32mBuilding package 'sim_robot' with the following arguments: {'ament_cmake_args': None, 'build_base': '/home/mubashir/Pictures/FYP-Legged-Robot-main/Code/build/sim_robot', 'catkin_cmake_args': None, 'catkin_skip_building_tests': False, 'cmake_args': None, 'cmake_clean_cache': False, 'cmake_clean_first': False, 'cmake_force_configure': False, 'cmake_target': None, 'cmake_target_skip_unavailable': False, 'install_base': '/home/mubashir/Pictures/FYP-Legged-Robot-main/Code/install/sim_robot', 'merge_install': False, 'path': '/home/mubashir/Pictures/FYP-Legged-Robot-main/Code/ROS/src/sim_robot', 'symlink_install': True, 'test_result_base': None}[0m
[1.481s] [34mcolcon.colcon_core.executor[0m [1;30mINFO[0m Executing jobs using 'parallel' executor
[1.483s] [34mcolcon.colcon_parallel_executor.executor.parallel[0m [1;30mDEBUG[0m [32mrun_until_complete[0m
[1.483s] [34mcolcon.colcon_ros.task.ament_python.build[0m [1;30mINFO[0m Building ROS package in '/home/mubashir/Pictures/FYP-Legged-Robot-main/Code/ROS/src/cheetah_ros2' with build type 'ament_python'
[1.484s] [34mcolcon.colcon_core.shell[0m [1;30mLevel 1[0m create_environment_hook('cheetah_ros2', 'ament_prefix_path')
[1.494s] [34mcolcon.colcon_core.plugin_system[0m [1;30mINFO[0m Skipping extension 'colcon_core.shell.bat': Not used on non-Windows systems
[1.494s] [34mcolcon.colcon_core.shell[0m [1;30mINFO[0m Creating environment hook '/home/mubashir/Pictures/FYP-Legged-Robot-main/Code/install/cheetah_ros2/share/cheetah_ros2/hook/ament_prefix_path.ps1'
[1.496s] [34mcolcon.colcon_core.shell[0m [1;30mINFO[0m Creating environment descriptor '/home/mubashir/Pictures/FYP-Legged-Robot-main/Code/install/cheetah_ros2/share/cheetah_ros2/hook/ament_prefix_path.dsv'
[1.497s] [34mcolcon.colcon_core.shell[0m [1;30mINFO[0m Creating environment hook '/home/mubashir/Pictures/FYP-Legged-Robot-main/Code/install/cheetah_ros2/share/cheetah_ros2/hook/ament_prefix_path.sh'
[1.499s] [34mcolcon.colcon_core.shell[0m [1;30mINFO[0m Skip shell extension 'powershell' for command environment: Not usable outside of PowerShell
[1.499s] [34mcolcon.colcon_core.shell[0m [1;30mDEBUG[0m [32mSkip shell extension 'dsv' for command environment[0m
[1.507s] [34mcolcon.colcon_ros.task.ament_python.build[0m [1;30mINFO[0m Building ROS package in '/home/mubashir/Pictures/FYP-Legged-Robot-main/Code/ROS/src/sim_robot' with build type 'ament_python'
[1.508s] [34mcolcon.colcon_core.shell[0m [1;30mLevel 1[0m create_environment_hook('sim_robot', 'ament_prefix_path')
[1.508s] [34mcolcon.colcon_core.shell[0m [1;30mINFO[0m Creating environment hook '/home/mubashir/Pictures/FYP-Legged-Robot-main/Code/install/sim_robot/share/sim_robot/hook/ament_prefix_path.ps1'
[1.510s] [34mcolcon.colcon_core.shell[0m [1;30mINFO[0m Creating environment descriptor '/home/mubashir/Pictures/FYP-Legged-Robot-main/Code/install/sim_robot/share/sim_robot/hook/ament_prefix_path.dsv'
[1.510s] [34mcolcon.colcon_core.shell[0m [1;30mINFO[0m Creating environment hook '/home/mubashir/Pictures/FYP-Legged-Robot-main/Code/install/sim_robot/share/sim_robot/hook/ament_prefix_path.sh'
[1.512s] [34mcolcon.colcon_core.shell[0m [1;30mINFO[0m Skip shell extension 'powershell' for command environment: Not usable outside of PowerShell
[1.512s] [34mcolcon.colcon_core.shell[0m [1;30mDEBUG[0m [32mSkip shell extension 'dsv' for command environment[0m
[2.207s] [34mcolcon.colcon_core.task.python.build[0m [1;30mINFO[0m Building Python package in '/home/mubashir/Pictures/FYP-Legged-Robot-main/Code/ROS/src/cheetah_ros2'
[2.208s] [34mcolcon.colcon_core.shell[0m [1;30mINFO[0m Skip shell extension 'powershell' for command environment: Not usable outside of PowerShell
[2.208s] [34mcolcon.colcon_core.shell[0m [1;30mDEBUG[0m [32mSkip shell extension 'dsv' for command environment[0m
[2.845s] [34mcolcon.colcon_core.task.python.build[0m [1;30mINFO[0m Building Python package in '/home/mubashir/Pictures/FYP-Legged-Robot-main/Code/ROS/src/sim_robot'
[2.846s] [34mcolcon.colcon_core.shell[0m [1;30mINFO[0m Skip shell extension 'powershell' for command environment: Not usable outside of PowerShell
[2.846s] [34mcolcon.colcon_core.shell[0m [1;30mDEBUG[0m [32mSkip shell extension 'dsv' for command environment[0m
[3.732s] [34mcolcon.colcon_core.task.python.build[0m [1;30mDEBUG[0m [32mWhile undoing a previous installation files outside the Python library path are being ignored: /home/mubashir/Documents/FYP-Legged-Robot-main/Code/install/sim_robot/lib/python3.10/site-packages/sim_robot/rl_obs.py[0m
[3.732s] [34mcolcon.colcon_core.task.python.build[0m [1;30mDEBUG[0m [32mWhile undoing a previous installation files outside the Python library path are being ignored: /home/mubashir/Documents/FYP-Legged-Robot-main/Code/install/sim_robot/lib/python3.10/site-packages/sim_robot/teleop.py[0m
[3.732s] [34mcolcon.colcon_core.task.python.build[0m [1;30mDEBUG[0m [32mWhile undoing a previous installation files outside the Python library path are being ignored: /home/mubashir/Documents/FYP-Legged-Robot-main/Code/install/sim_robot/lib/python3.10/site-packages/sim_robot/rl_action.py[0m
[3.732s] [34mcolcon.colcon_core.task.python.build[0m [1;30mDEBUG[0m [32mWhile undoing a previous installation files outside the Python library path are being ignored: /home/mubashir/Documents/FYP-Legged-Robot-main/Code/install/sim_robot/lib/python3.10/site-packages/sim_robot/flight_recorder.py[0m
[3.733s] [34mcolcon.colcon_core.task.python.build[0m [1;30mDEBUG[0m [32mWhile undoing a previous installation files outside the Python library path are being ignored: /home/mubashir/Documents/FYP-Legged-Robot-main/Code/install/sim_robot/lib/python3.10/site-packages/sim_robot/kinematics.py[0m
[3.733s] [34mcolcon.colcon_core.task.python.build[0m [1;30mDEBUG[0m [32mWhile undoing a previous installation files outside the Python library path are being ignored: /home/mubashir/Documents/FYP-Legged-Robot-main/Code/install/sim_robot/lib/python3.10/site-packages/sim_robot/__init__.py[0m
[3.733s] [34mcolcon.colcon_core.task.python.build[0m [1;30mDEBUG[0m [32mWhile undoing a previous installation files outside the Python library path are being ignored: /home/mubashir/Documents/FYP-Legged-Robot-main/Code/install/sim_robot/lib/python3.10/site-packages/sim_robot/kinematic_gait.py[0m
[3.733s] [34mcolcon.colcon_core.task.python.build[0m [1;30mDEBUG[0m [32mWhile undoing a previous installation files outside the Python library path are being ignored: /home/mubashir/Documents/FYP-Legged-Robot-main/Code/install/sim_robot/lib/python3.10/site-packages/sim_robot/rl_policy.py[0m
[3.733s] [34mcolcon.colcon_core.task.python.build[0m [1;30mDEBUG[0m [32mWhile undoing a previous installation files outside the Python library path are being ignored: /home/mubashir/Documents/FYP-Legged-Robot-main/Code/install/sim_robot/lib/python3.10/site-packages/sim_robot/__pycache__/rl_obs.cpython-310.pyc[0m
[3.733s] [34mcolcon.colcon_core.task.python.build[0m [1;30mDEBUG[0m [32mWhile undoing a previous installation files outside the Python library path are being ignored: /home/mubashir/Documents/FYP-Legged-Robot-main/Code/install/sim_robot/lib/python3.10/site-packages/sim_robot/__pycache__/teleop.cpython-310.pyc[0m
[3.733s] [34mcolcon.colcon_core.task.python.build[0m [1;30mDEBUG[0m [32mWhile undoing a previous installation files outside the Python library path are being ignored: /home/mubashir/Documents/FYP-Legged-Robot-main/Code/install/sim_robot/lib/python3.10/site-packages/sim_robot/__pycache__/rl_action.cpython-310.pyc[0m
[3.733s] [34mcolcon.colcon_core.task.python.build[0m [1;30mDEBUG[0m [32mWhile undoing a previous installation files outside the Python library path are being ignored: /home/mubashir/Documents/FYP-Legged-Robot-main/Code/install/sim_robot/lib/python3.10/site-packages/sim_robot/__pycache__/flight_recorder.cpython-310.pyc[0m
[3.733s] [34mcolcon.colcon_core.task.python.build[0m [1;30mDEBUG[0m [32mWhile undoing a previous installation files outside the Python library path are being ignored: /home/mubashir/Documents/FYP-Legged-Robot-main/Code/install/sim_robot/lib/python3.10/site-packages/sim_robot/__pycache__/kinematics.cpython-310.pyc[0m
[3.733s] [34mcolcon.colcon_core.task.python.build[0m [1;30mDEBUG[0m [32mWhile undoing a previous installation files outside the Python library path are being ignored: /home/mubashir/Documents/FYP-Legged-Robot-main/Code/install/sim_robot/lib/python3.10/site-packages/sim_robot/__pycache__/__init__.cpython-310.pyc[0m
[3.733s] [34mcolcon.colcon_core.task.python.build[0m [1;30mDEBUG[0m [32mWhile undoing a previous installation files outside the Python library path are being ignored: /home/mubashir/Documents/FYP-Legged-Robot-main/Code/install/sim_robot/lib/python3.10/site-packages/sim_robot/__pycache__/kinematic_gait.cpython-310.pyc[0m
[3.733s] [34mcolcon.colcon_core.task.python.build[0m [1;30mDEBUG[0m [32mWhile undoing a previous installation files outside the Python library path are being ignored: /home/mubashir/Documents/FYP-Legged-Robot-main/Code/install/sim_robot/lib/python3.10/site-packages/sim_robot/__pycache__/rl_policy.cpython-310.pyc[0m
[3.734s] [34mcolcon.colcon_core.task.python.build[0m [1;30mDEBUG[0m [32mWhile undoing a previous installation files outside the Python library path are being ignored: /home/mubashir/Documents/FYP-Legged-Robot-main/Code/install/sim_robot/share/ament_index/resource_index/packages/sim_robot[0m
[3.734s] [34mcolcon.colcon_core.task.python.build[0m [1;30mDEBUG[0m [32mWhile undoing a previous installation files outside the Python library path are being ignored: /home/mubashir/Documents/FYP-Legged-Robot-main/Code/install/sim_robot/share/sim_robot/package.xml[0m
[3.734s] [34mcolcon.colcon_core.task.python.build[0m [1;30mDEBUG[0m [32mWhile undoing a previous installation files outside the Python library path are being ignored: /home/mubashir/Documents/FYP-Legged-Robot-main/Code/install/sim_robot/share/sim_robot/launch/rl_walking.launch.py[0m
[3.734s] [34mcolcon.colcon_core.task.python.build[0m [1;30mDEBUG[0m [32mWhile undoing a previous installation files outside the Python library path are being ignored: /home/mubashir/Documents/FYP-Legged-Robot-main/Code/install/sim_robot/share/sim_robot/launch/start_world.launch.py[0m
[3.734s] [34mcolcon.colcon_core.task.python.build[0m [1;30mDEBUG[0m [32mWhile undoing a previous installation files outside the Python library path are being ignored: /home/mubashir/Documents/FYP-Legged-Robot-main/Code/install/sim_robot/share/sim_robot/launch/rl_cave.launch.py[0m
[3.734s] [34mcolcon.colcon_core.task.python.build[0m [1;30mDEBUG[0m [32mWhile undoing a previous installation files outside the Python library path are being ignored: /home/mubashir/Documents/FYP-Legged-Robot-main/Code/install/sim_robot/share/sim_robot/config/ros_gz_bridge_cave.yaml[0m
[3.734s] [34mcolcon.colcon_core.task.python.build[0m [1;30mDEBUG[0m [32mWhile undoing a previous installation files outside the Python library path are being ignored: /home/mubashir/Documents/FYP-Legged-Robot-main/Code/install/sim_robot/share/sim_robot/config/ros_gz_bridge.yaml[0m
[3.734s] [34mcolcon.colcon_core.task.python.build[0m [1;30mDEBUG[0m [32mWhile undoing a previous installation files outside the Python library path are being ignored: /home/mubashir/Documents/FYP-Legged-Robot-main/Code/install/sim_robot/share/sim_robot/worlds/friction_world.sdf[0m
[3.734s] [34mcolcon.colcon_core.task.python.build[0m [1;30mDEBUG[0m [32mWhile undoing a previous installation files outside the Python library path are being ignored: /home/mubashir/Documents/FYP-Legged-Robot-main/Code/install/sim_robot/share/sim_robot/worlds/my_cave_model/model.config[0m
[3.734s] [34mcolcon.colcon_core.task.python.build[0m [1;30mDEBUG[0m [32mWhile undoing a previous installation files outside the Python library path are being ignored: /home/mubashir/Documents/FYP-Legged-Robot-main/Code/install/sim_robot/share/sim_robot/worlds/my_cave_model/model.sdf[0m
[3.734s] [34mcolcon.colcon_core.task.python.build[0m [1;30mDEBUG[0m [32mWhile undoing a previous installation files outside the Python library path are being ignored: /home/mubashir/Documents/FYP-Legged-Robot-main/Code/install/sim_robot/share/sim_robot/worlds/my_cave_model/meshes/color_texture_Underground.png[0m
[3.734s] [34mcolcon.colcon_core.task.python.build[0m [1;30mDEBUG[0m [32mWhile undoing a previous installation files outside the Python library path are being ignored: /home/mubashir/Documents/FYP-Legged-Robot-main/Code/install/sim_robot/share/sim_robot/worlds/my_cave_model/meshes/mesh.obj[0m
[3.735s] [34mcolcon.colcon_core.task.python.build[0m [1;30mDEBUG[0m [32mWhile undoing a previous installation files outside the Python library path are being ignored: /home/mubashir/Documents/FYP-Legged-Robot-main/Code/install/sim_robot/share/sim_robot/worlds/my_cave_model/meshes/roughness_texture_Underground.png[0m
[3.735s] [34mcolcon.colcon_core.task.python.build[0m [1;30mDEBUG[0m [32mWhile undoing a previous installation files outside the Python library path are being ignored: /home/mubashir/Documents/FYP-Legged-Robot-main/Code/install/sim_robot/share/sim_robot/worlds/my_cave_model/meshes/mesh.mtl[0m
[3.735s] [34mcolcon.colcon_core.task.python.build[0m [1;30mDEBUG[0m [32mWhile undoing a previous installation files outside the Python library path are being ignored: /home/mubashir/Documents/FYP-Legged-Robot-main/Code/install/sim_robot/share/sim_robot/worlds/my_cave_model/meshes/normal_texture_Underground.png[0m
[3.735s] [34mcolcon.colcon_core.task.python.build[0m [1;30mDEBUG[0m [32mWhile undoing a previous installation files outside the Python library path are being ignored: /home/mubashir/Documents/FYP-Legged-Robot-main/Code/install/sim_robot/share/sim_robot/models[0m
[3.735s] [34mcolcon.colcon_core.task.python.build[0m [1;30mDEBUG[0m [32mWhile undoing a previous installation files outside the Python library path are being ignored: /home/mubashir/Documents/FYP-Legged-Robot-main/Code/install/sim_robot/share/sim_robot/models/THex_Quadruped/model.urdf[0m
[3.735s] [34mcolcon.colcon_core.task.python.build[0m [1;30mDEBUG[0m [32mWhile undoing a previous installation files outside the Python library path are being ignored: /home/mubashir/Documents/FYP-Legged-Robot-main/Code/install/sim_robot/share/sim_robot/models/THex_Quadruped/model.config[0m
[3.735s] [34mcolcon.colcon_core.task.python.build[0m [1;30mDEBUG[0m [32mWhile undoing a previous installation files outside the Python library path are being ignored: /home/mubashir/Documents/FYP-Legged-Robot-main/Code/install/sim_robot/share/sim_robot/models/THex_Quadruped/model.sdf[0m
[3.735s] [34mcolcon.colcon_core.task.python.build[0m [1;30mDEBUG[0m [32mWhile undoing a previous installation files outside the Python library path are being ignored: /home/mubashir/Documents/FYP-Legged-Robot-main/Code/install/sim_robot/share/sim_robot/models/THex_Quadruped/meshes/bl_knee.STL[0m
[3.735s] [34mcolcon.colcon_core.task.python.build[0m [1;30mDEBUG[0m [32mWhile undoing a previous installation files outside the Python library path are being ignored: /home/mubashir/Documents/FYP-Legged-Robot-main/Code/install/sim_robot/share/sim_robot/models/THex_Quadruped/meshes/br_foot.STL[0m
[3.735s] [34mcolcon.colcon_core.task.python.build[0m [1;30mDEBUG[0m [32mWhile undoing a previous installation files outside the Python library path are being ignored: /home/mubashir/Documents/FYP-Legged-Robot-main/Code/install/sim_robot/share/sim_robot/models/THex_Quadruped/meshes/bl_foot_collision.STL[0m
[3.735s] [34mcolcon.colcon_core.task.python.build[0m [1;30mDEBUG[0m [32mWhile undoing a previous installation files outside the Python library path are being ignored: /home/mubashir/Documents/FYP-Legged-Robot-main/Code/install/sim_robot/share/sim_robot/models/THex_Quadruped/meshes/fr_hip.STL[0m
[3.736s] [34mcolcon.colcon_core.task.python.build[0m [1;30mDEBUG[0m [32mWhile undoing a previous installation files outside the Python library path are being ignored: /home/mubashir/Documents/FYP-Legged-Robot-main/Code/install/sim_robot/share/sim_robot/models/THex_Quadruped/meshes/bl_hip.STL[0m
[3.736s] [34mcolcon.colcon_core.task.python.build[0m [1;30mDEBUG[0m [32mWhile undoing a previous installation files outside the Python library path are being ignored: /home/mubashir/Documents/FYP-Legged-Robot-main/Code/install/sim_robot/share/sim_robot/models/THex_Quadruped/meshes/base_link.STL[0m
[3.736s] [34mcolcon.colcon_core.task.python.build[0m [1;30mDEBUG[0m [32mWhile undoing a previous installation files outside the Python library path are being ignored: /home/mubashir/Documents/FYP-Legged-Robot-main/Code/install/sim_robot/share/sim_robot/models/THex_Quadruped/meshes/fr_knee.STL[0m
[3.736s] [34mcolcon.colcon_core.task.python.build[0m [1;30mDEBUG[0m [32mWhile undoing a previous installation files outside the Python library path are being ignored: /home/mubashir/Documents/FYP-Legged-Robot-main/Code/install/sim_robot/share/sim_robot/models/THex_Quadruped/meshes/fl_hip_collision.STL[0m
[3.736s] [34mcolcon.colcon_core.task.python.build[0m [1;30mDEBUG[0m [32mWhile undoing a previous installation files outside the Python library path are being ignored: /home/mubashir/Documents/FYP-Legged-Robot-main/Code/install/sim_robot/share/sim_robot/models/THex_Quadruped/meshes/br_foot_collision.STL[0m
[3.736s] [34mcolcon.colcon_core.task.python.build[0m [1;30mDEBUG[0m [32mWhile undoing a previous installation files outside the Python library path are being ignored: /home/mubashir/Documents/FYP-Legged-Robot-main/Code/install/sim_robot/share/sim_robot/models/THex_Quadruped/meshes/br_hip_collision.STL[0m
[3.736s] [34mcolcon.colcon_core.task.python.build[0m [1;30mDEBUG[0m [32mWhile undoing a previous installation files outside the Python library path are being ignored: /home/mubashir/Documents/FYP-Legged-Robot-main/Code/install/sim_robot/share/sim_robot/models/THex_Quadruped/meshes/fr_foot_collision.STL[0m
[3.736s] [34mcolcon.colcon_core.task.python.build[0m [1;30mDEBUG[0m [32mWhile undoing a previous installation files outside the Python library path are being ignored: /home/mubashir/Documents/FYP-Legged-Robot-main/Code/install/sim_robot/share/sim_robot/models/THex_Quadruped/meshes/fr_foot.STL[0m
[3.736s] [34mcolcon.colcon_core.task.python.build[0m [1;30mDEBUG[0m [32mWhile undoing a previous installation files outside the Python library path are being ignored: /home/mubashir/Documents/FYP-Legged-Robot-main/Code/install/sim_robot/share/sim_robot/models/THex_Quadruped/meshes/fl_foot.STL[0m
[3.736s] [34mcolcon.colcon_core.task.python.build[0m [1;30mDEBUG[0m [32mWhile undoing a previous installation files outside the Python library path are being ignored: /home/mubashir/Documents/FYP-Legged-Robot-main/Code/install/sim_robot/share/sim_robot/models/THex_Quadruped/meshes/base_link_collision.STL[0m
[3.736s] [34mcolcon.colcon_core.task.python.build[0m [1;30mDEBUG[0m [32mWhile undoing a previous installation files outside the Python library path are being ignored: /home/mubashir/Documents/FYP-Legged-Robot-main/Code/install/sim_robot/share/sim_robot/models/THex_Quadruped/meshes/fl_hip.STL[0m
[3.736s] [34mcolcon.colcon_core.task.python.build[0m [1;30mDEBUG[0m [32mWhile undoing a previous installation files outside the Python library path are being ignored: /home/mubashir/Documents/FYP-Legged-Robot-main/Code/install/sim_robot/share/sim_robot/models/THex_Quadruped/meshes/fl_knee.STL[0m
[3.737s] [34mcolcon.colcon_core.task.python.build[0m [1;30mDEBUG[0m [32mWhile undoing a previous installation files outside the Python library path are being ignored: /home/mubashir/Documents/FYP-Legged-Robot-main/Code/install/sim_robot/share/sim_robot/models/THex_Quadruped/meshes/fr_knee_collision.STL[0m
[3.737s] [34mcolcon.colcon_core.task.python.build[0m [1;30mDEBUG[0m [32mWhile undoing a previous installation files outside the Python library path are being ignored: /home/mubashir/Documents/FYP-Legged-Robot-main/Code/install/sim_robot/share/sim_robot/models/THex_Quadruped/meshes/bl_hip_collision.STL[0m
[3.737s] [34mcolcon.colcon_core.task.python.build[0m [1;30mDEBUG[0m [32mWhile undoing a previous installation files outside the Python library path are being ignored: /home/mubashir/Documents/FYP-Legged-Robot-main/Code/install/sim_robot/share/sim_robot/models/THex_Quadruped/meshes/fl_foot_collision.STL[0m
[3.737s] [34mcolcon.colcon_core.task.python.build[0m [1;30mDEBUG[0m [32mWhile undoing a previous installation files outside the Python library path are being ignored: /home/mubashir/Documents/FYP-Legged-Robot-main/Code/install/sim_robot/share/sim_robot/models/THex_Quadruped/meshes/bl_foot.STL[0m
[3.737s] [34mcolcon.colcon_core.task.python.build[0m [1;30mDEBUG[0m [32mWhile undoing a previous installation files outside the Python library path are being ignored: /home/mubashir/Documents/FYP-Legged-Robot-main/Code/install/sim_robot/share/sim_robot/models/THex_Quadruped/meshes/br_knee.STL[0m
[3.737s] [34mcolcon.colcon_core.task.python.build[0m [1;30mDEBUG[0m [32mWhile undoing a previous installation files outside the Python library path are being ignored: /home/mubashir/Documents/FYP-Legged-Robot-main/Code/install/sim_robot/share/sim_robot/models/THex_Quadruped/meshes/fl_knee_collision.STL[0m
[3.737s] [34mcolcon.colcon_core.task.python.build[0m [1;30mDEBUG[0m [32mWhile undoing a previous installation files outside the Python library path are being ignored: /home/mubashir/Documents/FYP-Legged-Robot-main/Code/install/sim_robot/share/sim_robot/models/THex_Quadruped/meshes/fr_hip_collision.STL[0m
[3.737s] [34mcolcon.colcon_core.task.python.build[0m [1;30mDEBUG[0m [32mWhile undoing a previous installation files outside the Python library path are being ignored: /home/mubashir/Documents/FYP-Legged-Robot-main/Code/install/sim_robot/share/sim_robot/models/THex_Quadruped/meshes/br_knee_collision.STL[0m
[3.737s] [34mcolcon.colcon_core.task.python.build[0m [1;30mDEBUG[0m [32mWhile undoing a previous installation files outside the Python library path are being ignored: /home/mubashir/Documents/FYP-Legged-Robot-main/Code/install/sim_robot/share/sim_robot/models/THex_Quadruped/meshes/br_hip.STL[0m
[3.737s] [34mcolcon.colcon_core.task.python.build[0m [1;30mDEBUG[0m [32mWhile undoing a previous installation files outside the Python library path are being ignored: /home/mubashir/Documents/FYP-Legged-Robot-main/Code/install/sim_robot/share/sim_robot/models/THex_Quadruped/meshes/bl_knee_collision.STL[0m
[3.737s] [34mcolcon.colcon_core.task.python.build[0m [1;30mDEBUG[0m [32mWhile undoing a previous installation files outside the Python library path are being ignored: /home/mubashir/Documents/FYP-Legged-Robot-main/Code/install/sim_robot/share/sim_robot/models/Cube/model.sdf[0m
[3.737s] [34mcolcon.colcon_core.task.python.build[0m [1;30mDEBUG[0m [32mWhile undoing a previous installation files outside the Python library path are being ignored: /home/mubashir/Documents/FYP-Legged-Robot-main/Code/install/sim_robot/lib/python3.10/site-packages/sim_robot-0.0.0-py3.10.egg-info/requires.txt[0m
[3.738s] [34mcolcon.colcon_core.task.python.build[0m [1;30mDEBUG[0m [32mWhile undoing a previous installation files outside the Python library path are being ignored: /home/mubashir/Documents/FYP-Legged-Robot-main/Code/install/sim_robot/lib/python3.10/site-packages/sim_robot-0.0.0-py3.10.egg-info/PKG-INFO[0m
[3.738s] [34mcolcon.colcon_core.task.python.build[0m [1;30mDEBUG[0m [32mWhile undoing a previous installation files outside the Python library path are being ignored: /home/mubashir/Documents/FYP-Legged-Robot-main/Code/install/sim_robot/lib/python3.10/site-packages/sim_robot-0.0.0-py3.10.egg-info/entry_points.txt[0m
[3.738s] [34mcolcon.colcon_core.task.python.build[0m [1;30mDEBUG[0m [32mWhile undoing a previous installation files outside the Python library path are being ignored: /home/mubashir/Documents/FYP-Legged-Robot-main/Code/install/sim_robot/lib/python3.10/site-packages/sim_robot-0.0.0-py3.10.egg-info/SOURCES.txt[0m
[3.738s] [34mcolcon.colcon_core.task.python.build[0m [1;30mDEBUG[0m [32mWhile undoing a previous installation files outside the Python library path are being ignored: /home/mubashir/Documents/FYP-Legged-Robot-main/Code/install/sim_robot/lib/python3.10/site-packages/sim_robot-0.0.0-py3.10.egg-info/top_level.txt[0m
[3.738s] [34mcolcon.colcon_core.task.python.build[0m [1;30mDEBUG[0m [32mWhile undoing a previous installation files outside the Python library path are being ignored: /home/mubashir/Documents/FYP-Legged-Robot-main/Code/install/sim_robot/lib/python3.10/site-packages/sim_robot-0.0.0-py3.10.egg-info/dependency_links.txt[0m
[3.738s] [34mcolcon.colcon_core.task.python.build[0m [1;30mDEBUG[0m [32mWhile undoing a previous installation files outside the Python library path are being ignored: /home/mubashir/Documents/FYP-Legged-Robot-main/Code/install/sim_robot/lib/python3.10/site-packages/sim_robot-0.0.0-py3.10.egg-info/zip-safe[0m
[3.738s] [34mcolcon.colcon_core.task.python.build[0m [1;30mDEBUG[0m [32mWhile undoing a previous installation files outside the Python library path are being ignored: /home/mubashir/Documents/FYP-Legged-Robot-main/Code/install/sim_robot/lib/sim_robot/flight_recorder[0m
[3.738s] [34mcolcon.colcon_core.task.python.build[0m [1;30mDEBUG[0m [32mWhile undoing a previous installation files outside the Python library path are being ignored: /home/mubashir/Documents/FYP-Legged-Robot-main/Code/install/sim_robot/lib/sim_robot/kinematic_gait[0m
[3.738s] [34mcolcon.colcon_core.task.python.build[0m [1;30mDEBUG[0m [32mWhile undoing a previous installation files outside the Python library path are being ignored: /home/mubashir/Documents/FYP-Legged-Robot-main/Code/install/sim_robot/lib/sim_robot/rl_action[0m
[3.738s] [34mcolcon.colcon_core.task.python.build[0m [1;30mDEBUG[0m [32mWhile undoing a previous installation files outside the Python library path are being ignored: /home/mubashir/Documents/FYP-Legged-Robot-main/Code/install/sim_robot/lib/sim_robot/rl_obs[0m
[3.738s] [34mcolcon.colcon_core.task.python.build[0m [1;30mDEBUG[0m [32mWhile undoing a previous installation files outside the Python library path are being ignored: /home/mubashir/Documents/FYP-Legged-Robot-main/Code/install/sim_robot/lib/sim_robot/rl_policy[0m
[3.738s] [34mcolcon.colcon_core.task.python.build[0m [1;30mDEBUG[0m [32mWhile undoing a previous installation files outside the Python library path are being ignored: /home/mubashir/Documents/FYP-Legged-Robot-main/Code/install/sim_robot/lib/sim_robot/teleop[0m
[3.747s] [34mcolcon.colcon_core.event_handler.log_command[0m [1;30mDEBUG[0m [32mInvoking command in '/home/mubashir/Pictures/FYP-Legged-Robot-main/Code/build/sim_robot': PYTHONPATH=/home/mubashir/Pictures/FYP-Legged-Robot-main/Code/build/sim_robot/prefix_override:/usr/lib/python3/dist-packages/colcon_core/task/python/colcon_distutils_commands:/home/mubashir/Pictures/FYP-Legged-Robot-main/Code/install/sim_robot/lib/python3.10/site-packages:${PYTHONPATH} /usr/bin/python3 -W ignore:setup.py install is deprecated -W ignore:easy_install command is deprecated setup.py develop --editable --build-directory /home/mubashir/Pictures/FYP-Legged-Robot-main/Code/build/sim_robot/build --no-deps symlink_data --force[0m
[3.750s] [34mcolcon.colcon_core.task.python.build[0m [1;30mDEBUG[0m [32mWhile undoing a previous installation files outside the Python library path are being ignored: /home/mubashir/Documents/FYP-Legged-Robot-main/Code/install/cheetah_ros2/lib/python3.10/site-packages/cheetah_ros2/gait_node.py[0m
[3.751s] [34mcolcon.colcon_core.task.python.build[0m [1;30mDEBUG[0m [32mWhile undoing a previous installation files outside the Python library path are being ignored: /home/mubashir/Documents/FYP-Legged-Robot-main/Code/install/cheetah_ros2/lib/python3.10/site-packages/cheetah_ros2/swing_controller_node.py[0m
[3.751s] [34mcolcon.colcon_core.task.python.build[0m [1;30mDEBUG[0m [32mWhile undoing a previous installation files outside the Python library path are being ignored: /home/mubashir/Documents/FYP-Legged-Robot-main/Code/install/cheetah_ros2/lib/python3.10/site-packages/cheetah_ros2/teleop_node.py[0m
[3.751s] [34mcolcon.colcon_core.task.python.build[0m [1;30mDEBUG[0m [32mWhile undoing a previous installation files outside the Python library path are being ignored: /home/mubashir/Documents/FYP-Legged-Robot-main/Code/install/cheetah_ros2/lib/python3.10/site-packages/cheetah_ros2/effort_controller.py[0m
[3.751s] [34mcolcon.colcon_core.task.python.build[0m [1;30mDEBUG[0m [32mWhile undoing a previous installation files outside the Python library path are being ignored: /home/mubashir/Documents/FYP-Legged-Robot-main/Code/install/cheetah_ros2/lib/python3.10/site-packages/cheetah_ros2/robot_configs.py[0m
[3.751s] [34mcolcon.colcon_core.task.python.build[0m [1;30mDEBUG[0m [32mWhile undoing a previous installation files outside the Python library path are being ignored: /home/mubashir/Documents/FYP-Legged-Robot-main/Code/install/cheetah_ros2/lib/python3.10/site-packages/cheetah_ros2/stance_controller_node.py[0m
[3.751s] [34mcolcon.colcon_core.task.python.build[0m [1;30mDEBUG[0m [32mWhile undoing a previous installation files outside the Python library path are being ignored: /home/mubashir/Documents/FYP-Legged-Robot-main/Code/install/cheetah_ros2/lib/python3.10/site-packages/cheetah_ros2/kinematics.py[0m
[3.751s] [34mcolcon.colcon_core.task.python.build[0m [1;30mDEBUG[0m [32mWhile undoing a previous installation files outside the Python library path are being ignored: /home/mubashir/Documents/FYP-Legged-Robot-main/Code/install/cheetah_ros2/lib/python3.10/site-packages/cheetah_ros2/estimator_node.py[0m
[3.751s] [34mcolcon.colcon_core.task.python.build[0m [1;30mDEBUG[0m [32mWhile undoing a previous installation files outside the Python library path are being ignored: /home/mubashir/Documents/FYP-Legged-Robot-main/Code/install/cheetah_ros2/lib/python3.10/site-packages/cheetah_ros2/__init__.py[0m
[3.752s] [34mcolcon.colcon_core.task.python.build[0m [1;30mDEBUG[0m [32mWhile undoing a previous installation files outside the Python library path are being ignored: /home/mubashir/Documents/FYP-Legged-Robot-main/Code/install/cheetah_ros2/lib/python3.10/site-packages/cheetah_ros2/fsm_node.py[0m
[3.752s] [34mcolcon.colcon_core.task.python.build[0m [1;30mDEBUG[0m [32mWhile undoing a previous installation files outside the Python library path are being ignored: /home/mubashir/Documents/FYP-Legged-Robot-main/Code/install/cheetah_ros2/lib/python3.10/site-packages/cheetah_ros2/linear_mpc_configs.py[0m
[3.752s] [34mcolcon.colcon_core.task.python.build[0m [1;30mDEBUG[0m [32mWhile undoing a previous installation files outside the Python library path are being ignored: /home/mubashir/Documents/FYP-Legged-Robot-main/Code/install/cheetah_ros2/lib/python3.10/site-packages/cheetah_ros2/__pycache__/gait_node.cpython-310.pyc[0m
[3.752s] [34mcolcon.colcon_core.task.python.build[0m [1;30mDEBUG[0m [32mWhile undoing a previous installation files outside the Python library path are being ignored: /home/mubashir/Documents/FYP-Legged-Robot-main/Code/install/cheetah_ros2/lib/python3.10/site-packages/cheetah_ros2/__pycache__/swing_controller_node.cpython-310.pyc[0m
[3.752s] [34mcolcon.colcon_core.task.python.build[0m [1;30mDEBUG[0m [32mWhile undoing a previous installation files outside the Python library path are being ignored: /home/mubashir/Documents/FYP-Legged-Robot-main/Code/install/cheetah_ros2/lib/python3.10/site-packages/cheetah_ros2/__pycache__/teleop_node.cpython-310.pyc[0m
[3.752s] [34mcolcon.colcon_core.task.python.build[0m [1;30mDEBUG[0m [32mWhile undoing a previous installation files outside the Python library path are being ignored: /home/mubashir/Documents/FYP-Legged-Robot-main/Code/install/cheetah_ros2/lib/python3.10/site-packages/cheetah_ros2/__pycache__/effort_controller.cpython-310.pyc[0m
[3.752s] [34mcolcon.colcon_core.task.python.build[0m [1;30mDEBUG[0m [32mWhile undoing a previous installation files outside the Python library path are being ignored: /home/mubashir/Documents/FYP-Legged-Robot-main/Code/install/cheetah_ros2/lib/python3.10/site-packages/cheetah_ros2/__pycache__/robot_configs.cpython-310.pyc[0m
[3.752s] [34mcolcon.colcon_core.task.python.build[0m [1;30mDEBUG[0m [32mWhile undoing a previous installation files outside the Python library path are being ignored: /home/mubashir/Documents/FYP-Legged-Robot-main/Code/install/cheetah_ros2/lib/python3.10/site-packages/cheetah_ros2/__pycache__/stance_controller_node.cpython-310.pyc[0m
[3.752s] [34mcolcon.colcon_core.task.python.build[0m [1;30mDEBUG[0m [32mWhile undoing a previous installation files outside the Python library path are being ignored: /home/mubashir/Documents/FYP-Legged-Robot-main/Code/install/cheetah_ros2/lib/python3.10/site-packages/cheetah_ros2/__pycache__/kinematics.cpython-310.pyc[0m
[3.753s] [34mcolcon.colcon_core.task.python.build[0m [1;30mDEBUG[0m [32mWhile undoing a previous installation files outside the Python library path are being ignored: /home/mubashir/Documents/FYP-Legged-Robot-main/Code/install/cheetah_ros2/lib/python3.10/site-packages/cheetah_ros2/__pycache__/estimator_node.cpython-310.pyc[0m
[3.753s] [34mcolcon.colcon_core.task.python.build[0m [1;30mDEBUG[0m [32mWhile undoing a previous installation files outside the Python library path are being ignored: /home/mubashir/Documents/FYP-Legged-Robot-main/Code/install/cheetah_ros2/lib/python3.10/site-packages/cheetah_ros2/__pycache__/__init__.cpython-310.pyc[0m
[3.753s] [34mcolcon.colcon_core.task.python.build[0m [1;30mDEBUG[0m [32mWhile undoing a previous installation files outside the Python library path are being ignored: /home/mubashir/Documents/FYP-Legged-Robot-main/Code/install/cheetah_ros2/lib/python3.10/site-packages/cheetah_ros2/__pycache__/fsm_node.cpython-310.pyc[0m
[3.753s] [34mcolcon.colcon_core.task.python.build[0m [1;30mDEBUG[0m [32mWhile undoing a previous installation files outside the Python library path are being ignored: /home/mubashir/Documents/FYP-Legged-Robot-main/Code/install/cheetah_ros2/lib/python3.10/site-packages/cheetah_ros2/__pycache__/linear_mpc_configs.cpython-310.pyc[0m
[3.753s] [34mcolcon.colcon_core.task.python.build[0m [1;30mDEBUG[0m [32mWhile undoing a previous installation files outside the Python library path are being ignored: /home/mubashir/Documents/FYP-Legged-Robot-main/Code/install/cheetah_ros2/share/ament_index/resource_index/packages/cheetah_ros2[0m
[3.753s] [34mcolcon.colcon_core.task.python.build[0m [1;30mDEBUG[0m [32mWhile undoing a previous installation files outside the Python library path are being ignored: /home/mubashir/Documents/FYP-Legged-Robot-main/Code/install/cheetah_ros2/share/cheetah_ros2/package.xml[0m
[3.753s] [34mcolcon.colcon_core.task.python.build[0m [1;30mDEBUG[0m [32mWhile undoing a previous installation files outside the Python library path are being ignored: /home/mubashir/Documents/FYP-Legged-Robot-main/Code/install/cheetah_ros2/share/cheetah_ros2/launch/cheetah_sim.launch.py[0m
[3.753s] [34mcolcon.colcon_core.task.python.build[0m [1;30mDEBUG[0m [32mWhile undoing a previous installation files outside the Python library path are being ignored: /home/mubashir/Documents/FYP-Legged-Robot-main/Code/install/cheetah_ros2/share/cheetah_ros2/launch/cheetah_cave.launch.py[0m
[3.753s] [34mcolcon.colcon_core.task.python.build[0m [1;30mDEBUG[0m [32mWhile undoing a previous installation files outside the Python library path are being ignored: /home/mubashir/Documents/FYP-Legged-Robot-main/Code/install/cheetah_ros2/share/cheetah_ros2/launch/launch_rough_floor_medium.launch.py[0m
[3.753s] [34mcolcon.colcon_core.task.python.build[0m [1;30mDEBUG[0m [32mWhile undoing a previous installation files outside the Python library path are being ignored: /home/mubashir/Documents/FYP-Legged-Robot-main/Code/install/cheetah_ros2/share/cheetah_ros2/launch/launch_rough_floor_hard.launch.py[0m
[3.754s] [34mcolcon.colcon_core.task.python.build[0m [1;30mDEBUG[0m [32mWhile undoing a previous installation files outside the Python library path are being ignored: /home/mubashir/Documents/FYP-Legged-Robot-main/Code/install/cheetah_ros2/share/cheetah_ros2/launch/cheetah_cube.launch.py[0m
[3.754s] [34mcolcon.colcon_core.task.python.build[0m [1;30mDEBUG[0m [32mWhile undoing a previous installation files outside the Python library path are being ignored: /home/mubashir/Documents/FYP-Legged-Robot-main/Code/install/cheetah_ros2/share/cheetah_ros2/launch/launch_rough_floor_easy.launch.py[0m
[3.754s] [34mcolcon.colcon_core.task.python.build[0m [1;30mDEBUG[0m [32mWhile undoing a previous installation files outside the Python library path are being ignored: /home/mubashir/Documents/FYP-Legged-Robot-main/Code/install/cheetah_ros2/share/cheetah_ros2/config/cheetah_controllers.yaml[0m
[3.754s] [34mcolcon.colcon_core.task.python.build[0m [1;30mDEBUG[0m [32mWhile undoing a previous installation files outside the Python library path are being ignored: /home/mubashir/Documents/FYP-Legged-Robot-main/Code/install/cheetah_ros2/share/cheetah_ros2/rviz/rviz_config.rviz[0m
[3.754s] [34mcolcon.colcon_core.task.python.build[0m [1;30mDEBUG[0m [32mWhile undoing a previous installation files outside the Python library path are being ignored: /home/mubashir/Documents/FYP-Legged-Robot-main/Code/install/cheetah_ros2/share/cheetah_ros2/worlds/rough_floor_easy.sdf[0m
[3.754s] [34mcolcon.colcon_core.task.python.build[0m [1;30mDEBUG[0m [32mWhile undoing a previous installation files outside the Python library path are being ignored: /home/mubashir/Documents/FYP-Legged-Robot-main/Code/install/cheetah_ros2/share/cheetah_ros2/worlds/rough_floor_medium.sdf[0m
[3.754s] [34mcolcon.colcon_core.task.python.build[0m [1;30mDEBUG[0m [32mWhile undoing a previous installation files outside the Python library path are being ignored: /home/mubashir/Documents/FYP-Legged-Robot-main/Code/install/cheetah_ros2/share/cheetah_ros2/worlds/friction_world.sdf[0m
[3.754s] [34mcolcon.colcon_core.task.python.build[0m [1;30mDEBUG[0m [32mWhile undoing a previous installation files outside the Python library path are being ignored: /home/mubashir/Documents/FYP-Legged-Robot-main/Code/install/cheetah_ros2/share/cheetah_ros2/worlds/rough_floor_hard.sdf[0m
[3.754s] [34mcolcon.colcon_core.task.python.build[0m [1;30mDEBUG[0m [32mWhile undoing a previous installation files outside the Python library path are being ignored: /home/mubashir/Documents/FYP-Legged-Robot-main/Code/install/cheetah_ros2/share/cheetah_ros2/worlds/my_cave_model/model.config[0m
[3.755s] [34mcolcon.colcon_core.task.python.build[0m [1;30mDEBUG[0m [32mWhile undoing a previous installation files outside the Python library path are being ignored: /home/mubashir/Documents/FYP-Legged-Robot-main/Code/install/cheetah_ros2/share/cheetah_ros2/worlds/my_cave_model/model.sdf[0m
[3.755s] [34mcolcon.colcon_core.task.python.build[0m [1;30mDEBUG[0m [32mWhile undoing a previous installation files outside the Python library path are being ignored: /home/mubashir/Documents/FYP-Legged-Robot-main/Code/install/cheetah_ros2/share/cheetah_ros2/worlds/my_cave_model/meshes/color_texture_Underground.png[0m
[3.755s] [34mcolcon.colcon_core.task.python.build[0m [1;30mDEBUG[0m [32mWhile undoing a previous installation files outside the Python library path are being ignored: /home/mubashir/Documents/FYP-Legged-Robot-main/Code/install/cheetah_ros2/share/cheetah_ros2/worlds/my_cave_model/meshes/mesh.obj[0m
[3.755s] [34mcolcon.colcon_core.task.python.build[0m [1;30mDEBUG[0m [32mWhile undoing a previous installation files outside the Python library path are being ignored: /home/mubashir/Documents/FYP-Legged-Robot-main/Code/install/cheetah_ros2/share/cheetah_ros2/worlds/my_cave_model/meshes/roughness_texture_Underground.png[0m
[3.755s] [34mcolcon.colcon_core.task.python.build[0m [1;30mDEBUG[0m [32mWhile undoing a previous installation files outside the Python library path are being ignored: /home/mubashir/Documents/FYP-Legged-Robot-main/Code/install/cheetah_ros2/share/cheetah_ros2/worlds/my_cave_model/meshes/mesh.mtl[0m
[3.755s] [34mcolcon.colcon_core.task.python.build[0m [1;30mDEBUG[0m [32mWhile undoing a previous installation files outside the Python library path are being ignored: /home/mubashir/Documents/FYP-Legged-Robot-main/Code/install/cheetah_ros2/share/cheetah_ros2/worlds/my_cave_model/meshes/normal_texture_Underground.png[0m
[3.755s] [34mcolcon.colcon_core.task.python.build[0m [1;30mDEBUG[0m [32mWhile undoing a previous installation files outside the Python library path are being ignored: /home/mubashir/Documents/FYP-Legged-Robot-main/Code/install/cheetah_ros2/share/cheetah_ros2/worlds/floors/hard3.obj[0m
[3.755s] [34mcolcon.colcon_core.task.python.build[0m [1;30mDEBUG[0m [32mWhile undoing a previous installation files outside the Python library path are being ignored: /home/mubashir/Documents/FYP-Legged-Robot-main/Code/install/cheetah_ros2/share/cheetah_ros2/worlds/floors/medium4.mtl[0m
[3.755s] [34mcolcon.colcon_core.task.python.build[0m [1;30mDEBUG[0m [32mWhile undoing a previous installation files outside the Python library path are being ignored: /home/mubashir/Documents/FYP-Legged-Robot-main/Code/install/cheetah_ros2/share/cheetah_ros2/worlds/floors/death2.obj[0m
[3.755s] [34mcolcon.colcon_core.task.python.build[0m [1;30mDEBUG[0m [32mWhile undoing a previous installation files outside the Python library path are being ignored: /home/mubashir/Documents/FYP-Legged-Robot-main/Code/install/cheetah_ros2/share/cheetah_ros2/worlds/floors/hard4.obj[0m
[3.756s] [34mcolcon.colcon_core.task.python.build[0m [1;30mDEBUG[0m [32mWhile undoing a previous installation files outside the Python library path are being ignored: /home/mubashir/Documents/FYP-Legged-Robot-main/Code/install/cheetah_ros2/share/cheetah_ros2/worlds/floors/medium2.mtl[0m
[3.756s] [34mcolcon.colcon_core.task.python.build[0m [1;30mDEBUG[0m [32mWhile undoing a previous installation files outside the Python library path are being ignored: /home/mubashir/Documents/FYP-Legged-Robot-main/Code/install/cheetah_ros2/share/cheetah_ros2/worlds/floors/hard2.obj[0m
[3.756s] [34mcolcon.colcon_core.task.python.build[0m [1;30mDEBUG[0m [32mWhile undoing a previous installation files outside the Python library path are being ignored: /home/mubashir/Documents/FYP-Legged-Robot-main/Code/install/cheetah_ros2/share/cheetah_ros2/worlds/floors/hard2.mtl[0m
[3.756s] [34mcolcon.colcon_core.task.python.build[0m [1;30mDEBUG[0m [32mWhile undoing a previous installation files outside the Python library path are being ignored: /home/mubashir/Documents/FYP-Legged-Robot-main/Code/install/cheetah_ros2/share/cheetah_ros2/worlds/floors/medium2.obj[0m
[3.756s] [34mcolcon.colcon_core.task.python.build[0m [1;30mDEBUG[0m [32mWhile undoing a previous installation files outside the Python library path are being ignored: /home/mubashir/Documents/FYP-Legged-Robot-main/Code/install/cheetah_ros2/share/cheetah_ros2/worlds/floors/medium4.obj[0m
[3.756s] [34mcolcon.colcon_core.task.python.build[0m [1;30mDEBUG[0m [32mWhile undoing a previous installation files outside the Python library path are being ignored: /home/mubashir/Documents/FYP-Legged-Robot-main/Code/install/cheetah_ros2/share/cheetah_ros2/worlds/floors/hard3.mtl[0m
[3.756s] [34mcolcon.colcon_core.task.python.build[0m [1;30mDEBUG[0m [32mWhile undoing a previous installation files outside the Python library path are being ignored: /home/mubashir/Documents/FYP-Legged-Robot-main/Code/install/cheetah_ros2/share/cheetah_ros2/worlds/floors/cave.mtl[0m
[3.756s] [34mcolcon.colcon_core.task.python.build[0m [1;30mDEBUG[0m [32mWhile undoing a previous installation files outside the Python library path are being ignored: /home/mubashir/Documents/FYP-Legged-Robot-main/Code/install/cheetah_ros2/share/cheetah_ros2/worlds/floors/easy4.obj[0m
[3.756s] [34mcolcon.colcon_core.task.python.build[0m [1;30mDEBUG[0m [32mWhile undoing a previous installation files outside the Python library path are being ignored: /home/mubashir/Documents/FYP-Legged-Robot-main/Code/install/cheetah_ros2/share/cheetah_ros2/worlds/floors/death2.mtl[0m
[3.756s] [34mcolcon.colcon_core.task.python.build[0m [1;30mDEBUG[0m [32mWhile undoing a previous installation files outside the Python library path are being ignored: /home/mubashir/Documents/FYP-Legged-Robot-main/Code/install/cheetah_ros2/share/cheetah_ros2/worlds/floors/easy2.mtl[0m
[3.757s] [34mcolcon.colcon_core.task.python.build[0m [1;30mDEBUG[0m [32mWhile undoing a previous installation files outside the Python library path are being ignored: /home/mubashir/Documents/FYP-Legged-Robot-main/Code/install/cheetah_ros2/share/cheetah_ros2/worlds/floors/easy2.obj[0m
[3.757s] [34mcolcon.colcon_core.task.python.build[0m [1;30mDEBUG[0m [32mWhile undoing a previous installation files outside the Python library path are being ignored: /home/mubashir/Documents/FYP-Legged-Robot-main/Code/install/cheetah_ros2/share/cheetah_ros2/worlds/floors/cave.obj[0m
[3.757s] [34mcolcon.colcon_core.task.python.build[0m [1;30mDEBUG[0m [32mWhile undoing a previous installation files outside the Python library path are being ignored: /home/mubashir/Documents/FYP-Legged-Robot-main/Code/install/cheetah_ros2/share/cheetah_ros2/worlds/floors/easy4.mtl[0m
[3.757s] [34mcolcon.colcon_core.task.python.build[0m [1;30mDEBUG[0m [32mWhile undoing a previous installation files outside the Python library path are being ignored: /home/mubashir/Documents/FYP-Legged-Robot-main/Code/install/cheetah_ros2/share/cheetah_ros2/worlds/floors/hard4.mtl[0m
[3.757s] [34mcolcon.colcon_core.task.python.build[0m [1;30mDEBUG[0m [32mWhile undoing a previous installation files outside the Python library path are being ignored: /home/mubashir/Documents/FYP-Legged-Robot-main/Code/install/cheetah_ros2/share/cheetah_ros2/models/THex_Quadruped/model.urdf[0m
[3.757s] [34mcolcon.colcon_core.task.python.build[0m [1;30mDEBUG[0m [32mWhile undoing a previous installation files outside the Python library path are being ignored: /home/mubashir/Documents/FYP-Legged-Robot-main/Code/install/cheetah_ros2/share/cheetah_ros2/models/THex_Quadruped/model.config[0m
[3.757s] [34mcolcon.colcon_core.task.python.build[0m [1;30mDEBUG[0m [32mWhile undoing a previous installation files outside the Python library path are being ignored: /home/mubashir/Documents/FYP-Legged-Robot-main/Code/install/cheetah_ros2/share/cheetah_ros2/models/THex_Quadruped/model.sdf[0m
[3.757s] [34mcolcon.colcon_core.task.python.build[0m [1;30mDEBUG[0m [32mWhile undoing a previous installation files outside the Python library path are being ignored: /home/mubashir/Documents/FYP-Legged-Robot-main/Code/install/cheetah_ros2/share/cheetah_ros2/models/THex_Quadruped/meshes/bl_knee.STL[0m
[3.757s] [34mcolcon.colcon_core.task.python.build[0m [1;30mDEBUG[0m [32mWhile undoing a previous installation files outside the Python library path are being ignored: /home/mubashir/Documents/FYP-Legged-Robot-main/Code/install/cheetah_ros2/share/cheetah_ros2/models/THex_Quadruped/meshes/br_foot.STL[0m
[3.757s] [34mcolcon.colcon_core.task.python.build[0m [1;30mDEBUG[0m [32mWhile undoing a previous installation files outside the Python library path are being ignored: /home/mubashir/Documents/FYP-Legged-Robot-main/Code/install/cheetah_ros2/share/cheetah_ros2/models/THex_Quadruped/meshes/bl_foot_collision.STL[0m
[3.757s] [34mcolcon.colcon_core.task.python.build[0m [1;30mDEBUG[0m [32mWhile undoing a previous installation files outside the Python library path are being ignored: /home/mubashir/Documents/FYP-Legged-Robot-main/Code/install/cheetah_ros2/share/cheetah_ros2/models/THex_Quadruped/meshes/fr_hip.STL[0m
[3.758s] [34mcolcon.colcon_core.task.python.build[0m [1;30mDEBUG[0m [32mWhile undoing a previous installation files outside the Python library path are being ignored: /home/mubashir/Documents/FYP-Legged-Robot-main/Code/install/cheetah_ros2/share/cheetah_ros2/models/THex_Quadruped/meshes/bl_hip.STL[0m
[3.758s] [34mcolcon.colcon_core.task.python.build[0m [1;30mDEBUG[0m [32mWhile undoing a previous installation files outside the Python library path are being ignored: /home/mubashir/Documents/FYP-Legged-Robot-main/Code/install/cheetah_ros2/share/cheetah_ros2/models/THex_Quadruped/meshes/base_link.STL[0m
[3.758s] [34mcolcon.colcon_core.task.python.build[0m [1;30mDEBUG[0m [32mWhile undoing a previous installation files outside the Python library path are being ignored: /home/mubashir/Documents/FYP-Legged-Robot-main/Code/install/cheetah_ros2/share/cheetah_ros2/models/THex_Quadruped/meshes/fr_knee.STL[0m
[3.758s] [34mcolcon.colcon_core.task.python.build[0m [1;30mDEBUG[0m [32mWhile undoing a previous installation files outside the Python library path are being ignored: /home/mubashir/Documents/FYP-Legged-Robot-main/Code/install/cheetah_ros2/share/cheetah_ros2/models/THex_Quadruped/meshes/fl_hip_collision.STL[0m
[3.758s] [34mcolcon.colcon_core.task.python.build[0m [1;30mDEBUG[0m [32mWhile undoing a previous installation files outside the Python library path are being ignored: /home/mubashir/Documents/FYP-Legged-Robot-main/Code/install/cheetah_ros2/share/cheetah_ros2/models/THex_Quadruped/meshes/br_foot_collision.STL[0m
[3.758s] [34mcolcon.colcon_core.task.python.build[0m [1;30mDEBUG[0m [32mWhile undoing a previous installation files outside the Python library path are being ignored: /home/mubashir/Documents/FYP-Legged-Robot-main/Code/install/cheetah_ros2/share/cheetah_ros2/models/THex_Quadruped/meshes/br_hip_collision.STL[0m
[3.758s] [34mcolcon.colcon_core.task.python.build[0m [1;30mDEBUG[0m [32mWhile undoing a previous installation files outside the Python library path are being ignored: /home/mubashir/Documents/FYP-Legged-Robot-main/Code/install/cheetah_ros2/share/cheetah_ros2/models/THex_Quadruped/meshes/fr_foot_collision.STL[0m
[3.758s] [34mcolcon.colcon_core.task.python.build[0m [1;30mDEBUG[0m [32mWhile undoing a previous installation files outside the Python library path are being ignored: /home/mubashir/Documents/FYP-Legged-Robot-main/Code/install/cheetah_ros2/share/cheetah_ros2/models/THex_Quadruped/meshes/fr_foot.STL[0m
[3.758s] [34mcolcon.colcon_core.task.python.build[0m [1;30mDEBUG[0m [32mWhile undoing a previous installation files outside the Python library path are being ignored: /home/mubashir/Documents/FYP-Legged-Robot-main/Code/install/cheetah_ros2/share/cheetah_ros2/models/THex_Quadruped/meshes/fl_foot.STL[0m
[3.758s] [34mcolcon.colcon_core.task.python.build[0m [1;30mDEBUG[0m [32mWhile undoing a previous installation files outside the Python library path are being ignored: /home/mubashir/Documents/FYP-Legged-Robot-main/Code/install/cheetah_ros2/share/cheetah_ros2/models/THex_Quadruped/meshes/base_link_collision.STL[0m
[3.759s] [34mcolcon.colcon_core.task.python.build[0m [1;30mDEBUG[0m [32mWhile undoing a previous installation files outside the Python library path are being ignored: /home/mubashir/Documents/FYP-Legged-Robot-main/Code/install/cheetah_ros2/share/cheetah_ros2/models/THex_Quadruped/meshes/fl_hip.STL[0m
[3.759s] [34mcolcon.colcon_core.task.python.build[0m [1;30mDEBUG[0m [32mWhile undoing a previous installation files outside the Python library path are being ignored: /home/mubashir/Documents/FYP-Legged-Robot-main/Code/install/cheetah_ros2/share/cheetah_ros2/models/THex_Quadruped/meshes/fl_knee.STL[0m
[3.759s] [34mcolcon.colcon_core.task.python.build[0m [1;30mDEBUG[0m [32mWhile undoing a previous installation files outside the Python library path are being ignored: /home/mubashir/Documents/FYP-Legged-Robot-main/Code/install/cheetah_ros2/share/cheetah_ros2/models/THex_Quadruped/meshes/fr_knee_collision.STL[0m
[3.759s] [34mcolcon.colcon_core.task.python.build[0m [1;30mDEBUG[0m [32mWhile undoing a previous installation files outside the Python library path are being ignored: /home/mubashir/Documents/FYP-Legged-Robot-main/Code/install/cheetah_ros2/share/cheetah_ros2/models/THex_Quadruped/meshes/bl_hip_collision.STL[0m
[3.759s] [34mcolcon.colcon_core.task.python.build[0m [1;30mDEBUG[0m [32mWhile undoing a previous installation files outside the Python library path are being ignored: /home/mubashir/Documents/FYP-Legged-Robot-main/Code/install/cheetah_ros2/share/cheetah_ros2/models/THex_Quadruped/meshes/fl_foot_collision.STL[0m
[3.759s] [34mcolcon.colcon_core.task.python.build[0m [1;30mDEBUG[0m [32mWhile undoing a previous installation files outside the Python library path are being ignored: /home/mubashir/Documents/FYP-Legged-Robot-main/Code/install/cheetah_ros2/share/cheetah_ros2/models/THex_Quadruped/meshes/bl_foot.STL[0m
[3.759s] [34mcolcon.colcon_core.task.python.build[0m [1;30mDEBUG[0m [32mWhile undoing a previous installation files outside the Python library path are being ignored: /home/mubashir/Documents/FYP-Legged-Robot-main/Code/install/cheetah_ros2/share/cheetah_ros2/models/THex_Quadruped/meshes/br_knee.STL[0m
[3.759s] [34mcolcon.colcon_core.task.python.build[0m [1;30mDEBUG[0m [32mWhile undoing a previous installation files outside the Python library path are being ignored: /home/mubashir/Documents/FYP-Legged-Robot-main/Code/install/cheetah_ros2/share/cheetah_ros2/models/THex_Quadruped/meshes/fl_knee_collision.STL[0m
[3.759s] [34mcolcon.colcon_core.task.python.build[0m [1;30mDEBUG[0m [32mWhile undoing a previous installation files outside the Python library path are being ignored: /home/mubashir/Documents/FYP-Legged-Robot-main/Code/install/cheetah_ros2/share/cheetah_ros2/models/THex_Quadruped/meshes/fr_hip_collision.STL[0m
[3.759s] [34mcolcon.colcon_core.task.python.build[0m [1;30mDEBUG[0m [32mWhile undoing a previous installation files outside the Python library path are being ignored: /home/mubashir/Documents/FYP-Legged-Robot-main/Code/install/cheetah_ros2/share/cheetah_ros2/models/THex_Quadruped/meshes/br_knee_collision.STL[0m
[3.760s] [34mcolcon.colcon_core.task.python.build[0m [1;30mDEBUG[0m [32mWhile undoing a previous installation files outside the Python library path are being ignored: /home/mubashir/Documents/FYP-Legged-Robot-main/Code/install/cheetah_ros2/share/cheetah_ros2/models/THex_Quadruped/meshes/br_hip.STL[0m
[3.760s] [34mcolcon.colcon_core.task.python.build[0m [1;30mDEBUG[0m [32mWhile undoing a previous installation files outside the Python library path are being ignored: /home/mubashir/Documents/FYP-Legged-Robot-main/Code/install/cheetah_ros2/share/cheetah_ros2/models/THex_Quadruped/meshes/bl_knee_collision.STL[0m
[3.760s] [34mcolcon.colcon_core.task.python.build[0m [1;30mDEBUG[0m [32mWhile undoing a previous installation files outside the Python library path are being ignored: /home/mubashir/Documents/FYP-Legged-Robot-main/Code/install/cheetah_ros2/share/cheetah_ros2/models/Cube/model.sdf[0m
[3.760s] [34mcolcon.colcon_core.task.python.build[0m [1;30mDEBUG[0m [32mWhile undoing a previous installation files outside the Python library path are being ignored: /home/mubashir/Documents/FYP-Legged-Robot-main/Code/install/cheetah_ros2/lib/python3.10/site-packages/cheetah_ros2-0.0.0-py3.10.egg-info/requires.txt[0m
[3.760s] [34mcolcon.colcon_core.task.python.build[0m [1;30mDEBUG[0m [32mWhile undoing a previous installation files outside the Python library path are being ignored: /home/mubashir/Documents/FYP-Legged-Robot-main/Code/install/cheetah_ros2/lib/python3.10/site-packages/cheetah_ros2-0.0.0-py3.10.egg-info/PKG-INFO[0m
[3.760s] [34mcolcon.colcon_core.task.python.build[0m [1;30mDEBUG[0m [32mWhile undoing a previous installation files outside the Python library path are being ignored: /home/mubashir/Documents/FYP-Legged-Robot-main/Code/install/cheetah_ros2/lib/python3.10/site-packages/cheetah_ros2-0.0.0-py3.10.egg-info/entry_points.txt[0m
[3.760s] [34mcolcon.colcon_core.task.python.build[0m [1;30mDEBUG[0m [32mWhile undoing a previous installation files outside the Python library path are being ignored: /home/mubashir/Documents/FYP-Legged-Robot-main/Code/install/cheetah_ros2/lib/python3.10/site-packages/cheetah_ros2-0.0.0-py3.10.egg-info/SOURCES.txt[0m
[3.760s] [34mcolcon.colcon_core.task.python.build[0m [1;30mDEBUG[0m [32mWhile undoing a previous installation files outside the Python library path are being ignored: /home/mubashir/Documents/FYP-Legged-Robot-main/Code/install/cheetah_ros2/lib/python3.10/site-packages/cheetah_ros2-0.0.0-py3.10.egg-info/top_level.txt[0m
[3.760s] [34mcolcon.colcon_core.task.python.build[0m [1;30mDEBUG[0m [32mWhile undoing a previous installation files outside the Python library path are being ignored: /home/mubashir/Documents/FYP-Legged-Robot-main/Code/install/cheetah_ros2/lib/python3.10/site-packages/cheetah_ros2-0.0.0-py3.10.egg-info/dependency_links.txt[0m
[3.760s] [34mcolcon.colcon_core.task.python.build[0m [1;30mDEBUG[0m [32mWhile undoing a previous installation files outside the Python library path are being ignored: /home/mubashir/Documents/FYP-Legged-Robot-main/Code/install/cheetah_ros2/lib/python3.10/site-packages/cheetah_ros2-0.0.0-py3.10.egg-info/zip-safe[0m
[3.761s] [34mcolcon.colcon_core.task.python.build[0m [1;30mDEBUG[0m [32mWhile undoing a previous installation files outside the Python library path are being ignored: /home/mubashir/Documents/FYP-Legged-Robot-main/Code/install/cheetah_ros2/lib/cheetah_ros2/effort_controller[0m
[3.761s] [34mcolcon.colcon_core.task.python.build[0m [1;30mDEBUG[0m [32mWhile undoing a previous installation files outside the Python library path are being ignored: /home/mubashir/Documents/FYP-Legged-Robot-main/Code/install/cheetah_ros2/lib/cheetah_ros2/estimator_node[0m
[3.761s] [34mcolcon.colcon_core.task.python.build[0m [1;30mDEBUG[0m [32mWhile undoing a previous installation files outside the Python library path are being ignored: /home/mubashir/Documents/FYP-Legged-Robot-main/Code/install/cheetah_ros2/lib/cheetah_ros2/fsm_node[0m
[3.761s] [34mcolcon.colcon_core.task.python.build[0m [1;30mDEBUG[0m [32mWhile undoing a previous installation files outside the Python library path are being ignored: /home/mubashir/Documents/FYP-Legged-Robot-main/Code/install/cheetah_ros2/lib/cheetah_ros2/gait_node[0m
[3.761s] [34mcolcon.colcon_core.task.python.build[0m [1;30mDEBUG[0m [32mWhile undoing a previous installation files outside the Python library path are being ignored: /home/mubashir/Documents/FYP-Legged-Robot-main/Code/install/cheetah_ros2/lib/cheetah_ros2/stance_controller[0m
[3.761s] [34mcolcon.colcon_core.task.python.build[0m [1;30mDEBUG[0m [32mWhile undoing a previous installation files outside the Python library path are being ignored: /home/mubashir/Documents/FYP-Legged-Robot-main/Code/install/cheetah_ros2/lib/cheetah_ros2/swing_controller[0m
[3.761s] [34mcolcon.colcon_core.task.python.build[0m [1;30mDEBUG[0m [32mWhile undoing a previous installation files outside the Python library path are being ignored: /home/mubashir/Documents/FYP-Legged-Robot-main/Code/install/cheetah_ros2/lib/cheetah_ros2/teleop_node[0m
[3.776s] [34mcolcon.colcon_core.event_handler.log_command[0m [1;30mDEBUG[0m [32mInvoking command in '/home/mubashir/Pictures/FYP-Legged-Robot-main/Code/build/cheetah_ros2': PYTHONPATH=/home/mubashir/Pictures/FYP-Legged-Robot-main/Code/build/cheetah_ros2/prefix_override:/usr/lib/python3/dist-packages/colcon_core/task/python/colcon_distutils_commands:/home/mubashir/Pictures/FYP-Legged-Robot-main/Code/install/cheetah_ros2/lib/python3.10/site-packages:${PYTHONPATH} /usr/bin/python3 -W ignore:setup.py install is deprecated -W ignore:easy_install command is deprecated setup.py develop --editable --build-directory /home/mubashir/Pictures/FYP-Legged-Robot-main/Code/build/cheetah_ros2/build --no-deps symlink_data --force[0m
[4.922s] [34mcolcon.colcon_core.event_handler.log_command[0m [1;30mDEBUG[0m [32mInvoked command in '/home/mubashir/Pictures/FYP-Legged-Robot-main/Code/build/sim_robot' returned '1': PYTHONPATH=/home/mubashir/Pictures/FYP-Legged-Robot-main/Code/build/sim_robot/prefix_override:/usr/lib/python3/dist-packages/colcon_core/task/python/colcon_distutils_commands:/home/mubashir/Pictures/FYP-Legged-Robot-main/Code/install/sim_robot/lib/python3.10/site-packages:${PYTHONPATH} /usr/bin/python3 -W ignore:setup.py install is deprecated -W ignore:easy_install command is deprecated setup.py develop --editable --build-directory /home/mubashir/Pictures/FYP-Legged-Robot-main/Code/build/sim_robot/build --no-deps symlink_data --force[0m
[5.130s] [34mcolcon.colcon_parallel_executor.executor.parallel[0m [1;30mDEBUG[0m [32mclosing loop[0m
[5.131s] [34mcolcon.colcon_parallel_executor.executor.parallel[0m [1;30mDEBUG[0m [32mloop closed[0m
[5.131s] [34mcolcon.colcon_parallel_executor.executor.parallel[0m [1;30mDEBUG[0m [32mrun_until_complete finished with '1'[0m
[5.131s] [34mcolcon.colcon_core.event_reactor[0m [1;30mDEBUG[0m [32mjoining thread[0m
[5.148s] [34mcolcon.colcon_core.plugin_system[0m [1;30mINFO[0m Skipping extension 'colcon_notification.desktop_notification.terminal_notifier': Not used on non-Darwin systems
[5.148s] [34mcolcon.colcon_core.plugin_system[0m [1;30mINFO[0m Skipping extension 'colcon_notification.desktop_notification.win32': Not used on non-Windows systems
[5.148s] [34mcolcon.colcon_notification.desktop_notification[0m [1;30mINFO[0m Sending desktop notification using 'notify2'
[5.182s] [34mcolcon.colcon_core.event_reactor[0m [1;30mDEBUG[0m [32mjoined thread[0m
[5.183s] [34mcolcon.colcon_core.shell[0m [1;30mINFO[0m Creating prefix script '/home/mubashir/Pictures/FYP-Legged-Robot-main/Code/install/local_setup.ps1'
[5.187s] [34mcolcon.colcon_core.shell[0m [1;30mINFO[0m Creating prefix util module '/home/mubashir/Pictures/FYP-Legged-Robot-main/Code/install/_local_setup_util_ps1.py'
[5.190s] [34mcolcon.colcon_core.shell[0m [1;30mINFO[0m Creating prefix chain script '/home/mubashir/Pictures/FYP-Legged-Robot-main/Code/install/setup.ps1'
[5.193s] [34mcolcon.colcon_core.shell[0m [1;30mINFO[0m Creating prefix script '/home/mubashir/Pictures/FYP-Legged-Robot-main/Code/install/local_setup.sh'
[5.195s] [34mcolcon.colcon_core.shell[0m [1;30mINFO[0m Creating prefix util module '/home/mubashir/Pictures/FYP-Legged-Robot-main/Code/install/_local_setup_util_sh.py'
[5.196s] [34mcolcon.colcon_core.shell[0m [1;30mINFO[0m Creating prefix chain script '/home/mubashir/Pictures/FYP-Legged-Robot-main/Code/install/setup.sh'
[5.199s] [34mcolcon.colcon_core.shell[0m [1;30mINFO[0m Creating prefix script '/home/mubashir/Pictures/FYP-Legged-Robot-main/Code/install/local_setup.bash'
[5.201s] [34mcolcon.colcon_core.shell[0m [1;30mINFO[0m Creating prefix chain script '/home/mubashir/Pictures/FYP-Legged-Robot-main/Code/install/setup.bash'
[5.204s] [34mcolcon.colcon_core.shell[0m [1;30mINFO[0m Creating prefix script '/home/mubashir/Pictures/FYP-Legged-Robot-main/Code/install/local_setup.zsh'
[5.205s] [34mcolcon.colcon_core.shell[0m [1;30mINFO[0m Creating prefix chain script '/home/mubashir/Pictures/FYP-Legged-Robot-main/Code/install/setup.zsh'
