Time_Step,Time_s,FR_hip_torque,FR_hip_angle_deg,FR_knee_torque,FR_knee_angle_deg,FR_foot_torque,FR_foot_angle_deg,BR_hip_torque,BR_hip_angle_deg,BR_knee_torque,BR_knee_angle_deg,BR_foot_torque,BR_foot_angle_deg,BL_hip_torque,BL_hip_angle_deg,BL_knee_torque,BL_knee_angle_deg,BL_foot_torque,BL_foot_angle_deg,FL_hip_torque,FL_hip_angle_deg,FL_knee_torque,FL_knee_angle_deg,FL_foot_torque,FL_foot_angle_deg
0,0.0,0.3370898356490653,-15.9842766794928,0.777486693270848,38.20592757275757,0.966768784817044,40.05839929785102,0.20936135036690387,8.300899845928772,0.8413622556948923,37.471735314530996,1.0382473591712686,40.65727794448985,0.27460456518658644,-14.573014412707513,0.7764337516121327,-39.319994062151686,1.0009177720775542,-43.133070174777046,0.24318980731226336,8.630954685756738,0.826700840819004,-38.60874227071396,1.0155868747131098,-39.49188792764787
1,0.02,0.33695029480111455,-15.984276679492043,0.7782127840912257,38.20378228479971,0.9668058086145082,40.05197203548788,0.20927169702608406,8.302234620214918,0.8414120469821482,37.468010899977415,1.0393855021977154,40.65727794449191,0.27438332751197686,-14.578165378575786,0.7758275164041208,-39.3092462576041,0.9971500988651885,-43.13307017481225,0.24367688199968332,8.624457692354747,0.823901435856714,-38.60874227071396,1.0155928903408276,-39.49160633264629
2,0.04,0.3394241047251496,-15.98428309122985,0.7780369976400435,38.20276695638794,0.9668407400768023,40.04365282164417,0.20918595751040064,8.303344262731475,0.8413962005478988,37.46604786113504,1.0387436634736613,40.65727794449669,0.27412742156308517,-14.58228482014098,0.7752195942364216,-39.29826721258355,0.9973365827007702,-43.13307017481767,0.2441937944668004,8.624457692354747,0.8230905183506084,-38.60733354447401,1.0132912087395956,-39.491601361028835
3,0.06,0.33464947656792493,-15.98428309123041,0.7774382155079131,38.19855946782231,0.9668435084246696,40.03780858184815,0.20920569333516637,8.303891926846212,0.8416446595570155,37.46523329337682,1.0412178042012659,40.65727794445293,0.2741614599490863,-14.582609594356217,0.7752855334026916,-39.29526774700643,0.9965817791978068,-43.133070174885574,0.24432010508414592,8.618014995209819,0.8227528824261346,-38.60567912608006,1.0156122484402523,-39.490273563419976
4,0.08,0.33477203384323645,-15.984283091231651,0.7771016734969002,38.19193260356355,0.9668390548407,40.03103519027782,0.20925780189155757,8.304156141814863,0.8419503532604684,37.465230253705165,1.0413536317746825,40.65727794445293,0.2742678452445327,-14.583419938486665,0.7755395921276986,-39.29439336392759,0.9971247798410774,-43.13307017490056,0.2443446592399784,8.617896684180833,0.823072222989574,-38.60458442786155,1.0156166620050855,-39.48993830446871
5,0.1,0.3350386454450916,-15.984269294833616,0.7766806329635403,38.19193260356355,0.9668456858142854,40.026300712431976,0.2092864928473186,8.304486302227566,0.8424927257478728,37.46523025369655,1.041743767710104,40.65726265819426,0.27432460878124426,-14.583419938486665,0.7756534345496219,-39.292391523108634,0.9974895426802298,-43.13307017490505,0.24444014666118538,8.617153289149092,0.8232981085271508,-38.604132201819155,1.0156241083257793,-39.48985593263232
6,0.12,0.34080487997224845,-15.984170637946447,0.7761448813465781,38.171979304291945,0.9668446502946497,40.02243470305532,0.2093417504654891,8.304486302227566,0.8451065388068877,37.46523025369655,1.0440249202908791,40.65726265814764,0.2766364289187469,-14.583552479767777,0.7759256202068809,-39.292391523108634,1.000985257501982,-43.133070174831026,0.2444663552315557,8.617115403125693,0.8236066204556863,-38.60384660573799,1.0125520487639001,-39.48985593259774
7,0.14,0.34094220748877074,-15.984041309176716,0.7756011257862262,38.171979304291945,0.9668458581523169,40.01572583010897,0.2093781938600214,8.3049651178656,0.8427188058315904,37.4650649034952,1.0375935927143844,40.6572626581949,0.28450353341082757,-14.583486859644557,0.7761504016813082,-39.290703331491144,1.0029784047480392,-43.133070174751964,0.24078872751959382,8.61711540312473,0.8239364477715666,-38.60384231228244,1.0103882371066306,-39.48985593259774
8,0.16,0.3410805412804694,-15.983860713559631,0.7751158763969361,38.15650855664419,0.9668484437620547,40.01291997199302,0.2093989582545169,8.305002096032563,0.84409147722158,37.465064903480744,1.039097888019855,40.657262658222834,0.2845925358252435,-14.583410708572607,0.7762891668213603,-39.290703331491144,1.0034859247495562,-43.132726576389565,0.2412236408923345,8.617115403122575,0.824207693407694,-38.60356422464154,1.0103984995829438,-39.489855932613494
9,0.18,0.34056177551952327,-15.983837181798437,0.7748942581092007,38.15175564006351,0.9668478313610972,40.009902143411416,0.20947094825595147,8.305165349407078,0.8443572484146076,37.465063636252026,1.0390762864484353,40.65726265823079,0.2846656504041198,-14.5833946795141,0.7760795147238725,-39.28708298859542,1.0034978123408598,-43.129963964476694,0.24052730029878566,8.617115452488877,0.8244688347434727,-38.603416656641095,1.0104337891080797,-39.489855932625964
10,0.2,0.34130910232883965,-15.983758222064278,0.7745849427449947,38.14250055955946,0.9668512071903831,40.00500649381836,0.20950841385506486,8.305688365752584,0.8436959543725202,37.465063636252026,1.037158138724523,40.65726265829285,0.28474671847658484,-14.58337592773406,0.7759710988103499,-39.28708298859542,1.003503528645556,-43.129963964476694,0.24224888819597487,8.617101040624549,0.8247516872302486,-38.60329886517767,1.0103377435244763,-39.489855932605735
11,0.22,0.3414806312734846,-15.77289182594632,0.7743855771191581,38.14250055955946,0.9668598643854363,40.2873357885155,0.20947919015769625,10.06184541941054,0.8458179523236703,39.7244328731243,1.0399566423917783,40.65726265829285,0.2832351541985443,-13.237741591328623,0.775790775084241,-39.30877175516644,1.0035030816858932,-44.154492927859145,0.24472083385888696,9.409766539204185,0.8272681749068334,-38.237949919607416,1.0132618551485104,-42.2642806516724
12,0.24,0.5397569473124999,-15.919906350948677,0.9724865575446765,39.81377515764432,0.9743259260286864,40.2873357885155,0.4772181880722834,10.06184541941054,0.46651369145791977,46.014054139197945,0.9802582143516503,45.780058902380695,0.41235346424489955,-11.92802797342098,0.81942999508388,-39.30877175516644,0.9806239028281921,-45.34485597111983,0.20457190172093037,10.58640162024029,0.5275922270802516,-37.10865131454707,0.5146996637074359,-50.05536076198301
13,0.26,0.6155217477439091,-15.919906350948677,0.926233653264646,39.67300323584132,0.9713062711270978,40.318438295283485,0.5317388533433174,13.277058930429437,0.5148400130971429,53.289036666759664,0.9751894576129002,45.780058902380695,0.30606192412317756,-12.70069427332404,0.9266694811113303,-40.3121719265964,0.9828642130344004,-45.70245164908754,0.16625137929725603,11.180885558330395,0.34105405799741617,-34.96553961249478,0.3569180303998434,-53.35158696066644
14,0.28,0.7878382653584683,-14.290703605043063,0.757269793516804,38.47590124133923,0.9653888847078296,40.39976025595948,0.3100889584455888,14.720456249358817,0.7043552988359179,55.63027174086407,0.7573736532225729,55.473530249016555,0.11343557541962138,-13.889746304559996,0.936534470349081,-40.401896506147885,1.000851847926653,-45.106961292538045,0.17945486010156347,11.315093789266065,0.4294003320275926,-34.96553961249478,0.7153686757548031,-55.26423802996195
15,0.3,0.8081487046752476,-13.776892507163632,0.7368854761620294,38.47590124133923,0.9524787885526048,40.61406412597046,0.2837932111408105,15.112426577098999,0.5810348155682307,55.89283860414993,0.6865572437613275,55.473530249016555,0.025091305967186298,-14.375979623132952,0.8473322510674526,-39.785800952029525,1.0070813554453817,-44.09910485665013,0.25136122496930435,10.880535784251181,0.6534078704093946,-36.6294113858179,0.9464193803457011,-55.57755287052911
16,0.32,0.7101453699778506,-13.853034562696886,0.7811094102696439,38.370777931183355,0.951974860447794,40.61406412597046,0.4031333488153575,19.331431489986493,0.520325709051598,57.37982839554097,0.918342721336782,67.54229047577167,0.10038580572394228,-13.41426566614042,0.7386053548218697,-39.785800952029525,1.0064306834232082,-43.721926699405785,0.21231462423310438,10.880535784251181,0.6968510099446015,-37.101505204264974,0.800203575957445,-56.625309616296114
17,0.34,0.8946346363888181,-14.560675847078514,0.7510110612144828,37.76365622808232,0.9474039199975168,41.44774435163916,0.31566412148870954,19.331431489986493,0.6834678211944901,57.37982839554097,0.8067149729266572,72.33680130597041,0.15301415092124634,-13.41426566614042,0.7954019704140349,-38.47171603778456,1.002260794793893,-43.47362294393932,0.213913216172102,12.805962505438067,0.728362836264989,-38.019049638916236,0.7594717540583051,-57.718548578891394
18,0.36,0.7136694474205061,-16.207901654416016,0.6702970485258037,37.635601345314804,0.959833869604151,41.39257120180665,0.44530945455248266,21.72099115222161,0.49359078679319346,57.6072931662236,0.90122515534025,72.95360480762336,0.25236044559270104,-10.65668012721418,0.626846654283694,-38.47171603778456,1.0085810667732593,-42.507465483232224,0.16710751645272057,13.622121250315816,0.6609363863489688,-37.614206714051264,0.567584239757139,-59.898988915431985
19,0.38,0.6973734829716587,-16.60782226924732,0.6850819379140498,37.635601345314804,0.9486473010214332,41.423715126892375,0.6424217022923696,21.548565267217537,0.5719430900364194,57.710580200541465,0.9099828205988446,71.82608779589897,0.33049576176233614,-10.174750275950801,0.6852810612961919,-37.65287902731436,1.0046788904313493,-42.56230664485547,0.09615228371359079,13.858673517142702,0.5785695958147922,-37.22635803414021,0.5587814658841641,-60.86684770491125
20,0.4,0.7488702067662668,-16.553303028224356,0.715154716430712,37.65479924095302,0.9492769678624178,41.48274246976429,0.5978108054834306,21.666427280481376,0.6105195588937734,57.797069527467784,0.8932665005632197,71.83419716594001,0.2855788564120767,-10.261002573312982,0.7374398412843082,-37.85808209227185,0.9930077813883669,-42.57227276690387,0.1299680035883189,13.858827675311847,0.6252811178669855,-37.33922526816291,0.5932271843100951,-60.86329882895652
21,0.42,0.8035519724399244,-15.881472951849995,0.7241390509266219,37.68704055138569,0.9540663960032028,42.63705971078812,0.5567861079732663,22.74820416015175,0.6287003110333843,57.797069527467784,0.8872534132670278,69.78795371611395,0.20776505790227262,-10.211156050394308,0.7578346901159603,-37.84626236614897,0.9924884987506726,-43.44910124034985,0.18939704913251176,14.071263237145274,0.6569676676988283,-39.33367722215783,0.6660814821538416,-60.80309023528412
22,0.44,0.9141588208073351,-17.89931141877703,0.7960506532156553,38.22692100774222,0.908023955045661,44.11548495327802,0.911563111599208,25.91299656041729,0.7590524658397069,57.797069527467784,0.9473129900268509,65.96613584057387,0.2903735528276104,-8.420461294853352,0.6988886577479316,-37.59233413573876,0.9800822130411084,-43.44910124034985,0.13006640910795902,15.606040637604435,0.9362326040963795,-39.970497723499975,0.7846327620730729,-60.39654701817301
23,0.46,0.4495639388489888,-20.54582379351781,0.7608970192788143,38.16574757606075,0.7789283596986553,50.28461770264786,0.7964025663435289,28.38279489558077,0.6853296489404727,42.80315700752706,0.9683010018918455,63.66309264879174,0.3215047327873759,-8.353983686102108,0.754308769105769,-37.65267980056747,0.9603132781503211,-49.02923878376861,0.161292425664961,15.670059125585608,0.8289016653646966,-39.64858562808472,0.9452223416918577,-58.24061380157588
24,0.48,0.3098453773952937,-21.8630869933183,0.7123652409905729,37.35810384922151,0.7219639116845848,56.48755133732423,0.44594428695443716,32.4988079518207,0.5600757357608968,39.85649104214009,0.9757713130026306,60.14770017846546,0.21329692987224377,-8.353983686102108,0.7569739001610255,-37.919870622606055,0.9052546632974364,-52.286493873982685,0.3025847145733094,14.339989943872261,0.7171004656383386,-39.21557387687115,0.9575428485617594,-56.55258152908227
25,0.5,0.6885337455037667,-21.8630869933183,0.5839345519979784,37.01217654949993,0.9087695529403943,55.68343118787632,0.3081197236205997,34.091800634944974,0.7017299046782229,39.85649104214009,0.9653189508127986,60.14402845562013,0.10654480410486925,-9.08644212068174,0.7072098879471411,-37.652782802048925,0.8033273275008491,-53.31094102363713,0.4556640007689813,13.225236694975123,0.5937097166295467,-39.21557387687115,0.9595463626785429,-56.55258152908227
26,0.52,0.6101519605733816,-21.8630869933183,0.6815852965900031,37.14619203935617,0.8885818690695361,56.27239417345111,0.40960772961146696,33.83640538487842,0.8044320377965994,38.76830714779359,0.9465206173628103,61.00996196136347,0.0458108884167009,-9.963021268478512,0.7904770632491338,-38.3783357689403,0.8731692227553852,-52.96521418072865,0.46458915445679627,13.360787383469768,0.7553211785849416,-38.875055668860256,0.9540255081740956,-55.13219114977933
27,0.54,0.7302731927126473,-22.210792678480583,0.7015304040893267,37.42333799341486,0.8761569243505448,57.516479355081216,0.5845781925588764,33.3936708921625,0.8678619470394944,39.26776377119765,0.94479609365407,61.565821384647315,0.1669623198612308,-9.338075637529125,0.8613118105791551,-38.604802599337106,0.9776536325775835,-52.424256114561814,0.49467764512088314,13.360787383469768,0.8149292307506515,-39.38323092000347,0.9372913043361973,-55.6722589081948
28,0.56,0.6418791781426815,-22.210792678480583,0.7137816304275958,37.78816072377873,0.8685282781473049,57.516479355081216,0.7112790039825551,31.491504857947728,0.8519926554660915,39.26049790600661,0.9447356430386629,61.565821384647315,0.25912594404731054,-8.669558313837419,0.809666833306848,-38.25038924618443,0.5544248227332125,-49.661568030240204,0.34604063949479014,15.620268181166404,0.8532308884514629,-39.94501922603704,0.9362407158299559,-56.12294883061742
29,0.58,0.5903871328831153,-23.30397391222053,0.7147931701693778,37.800480870776695,0.8646830141981893,60.45143680368268,0.787416052337259,30.586811858931377,0.8160145631287007,39.162696537385266,0.9422423308245167,62.37252207276644,0.3032246573282572,-8.143252087979365,0.7527355903093832,-37.95965918219786,0.9913195301444147,-48.5633067048846,0.2516260501545107,16.525623098875663,0.8592054483341172,-39.94501922603704,0.9377956455073881,-56.18158595317013
30,0.6,0.5903896287752846,-23.30397391222053,0.7101169121416006,37.85478103426183,0.8648654401025888,61.185556059612686,0.7927225030830732,30.465220635516133,0.8166513544803352,39.162052638717185,0.9411185240707255,62.514547676142,0.2885952685197465,-8.112525929265034,0.7479616063034985,-37.879394869021816,0.9887653866932538,-48.188943444762266,0.2529529453030143,16.525623098875663,0.857878260130049,-40.29290470470656,0.9497120716925097,-56.03484005410828
31,0.62,0.6372275732553162,-25.35746626984328,0.71649535561417,37.30633258984506,0.8676301516327333,63.802451723889064,0.7428684900061749,29.637798545401044,0.8219681317629456,39.558928654266126,0.9409922968889867,64.59491444369233,0.2510290415966108,-8.362871590576454,0.7685055708349972,-39.580349844353854,0.9742199068624412,-48.188943444762266,0.29913113205429653,16.829537681937012,0.8445475973570524,-41.345802424705255,0.9511039029360504,-56.07702452889757
32,0.64,0.42370696339214,-25.35746626984328,0.33820159435682473,34.117050494405035,0.37761236538702575,68.49492475427583,0.8752810486409038,27.68824895211279,0.8518546988101894,39.573449105810035,0.9016510157232834,65.48672916851989,0.3558889589929209,-13.78389421690184,0.44067471837559385,-49.392897521397586,0.9105948688749843,-55.3189330890797,0.4366580054483787,17.6215732867712,0.985105372426997,-42.10411889001311,0.9542396671512463,-55.89471349091737
33,0.66,0.2902809305693591,-28.659556048380903,0.23187697470591398,33.588183566113415,0.43475763644911825,69.40001312475788,0.7031406723075022,28.737495758174866,0.9767703750442811,40.542894718840635,0.8567852402059796,66.50318148517617,0.3000071377592819,-15.404031064950374,0.3770498410899185,-52.61757392975176,0.4387742810076178,-60.74808292717759,0.39051155283007044,17.6215732867712,0.96287249188508,-41.76774612204608,0.9617826057295089,-54.45359164680437
34,0.68,0.4484342155904345,-28.17097881918417,0.3457620819498901,33.61893055547093,0.47098433612878865,70.62404956288428,0.5136870136701078,29.66460254558839,0.9749932025406439,40.604582247444995,0.9029707251487211,66.95502897281948,0.16317038644632775,-16.46348437395941,0.4508669695986009,-54.815231098590345,0.5456316442199489,-68.83881995898359,0.3698360328323873,18.264636768946307,0.8909739686295549,-41.074065250545694,0.965902951281248,-54.0873400028372
35,0.7,0.49937586342906015,-28.01217908896646,0.41701482251028626,34.25765633367963,0.5238108126838877,70.57285877159863,0.5229848501861816,29.792417159766693,0.9190685782284931,40.23235308324139,0.9355693780446082,66.76661924487462,0.20676836005367447,-16.621125254314325,0.4680144173885581,-55.24157140317432,0.5917782501538436,-71.85583012006828,0.4421363446747032,18.04707070440933,0.8529135449975859,-40.88738666052751,0.9608036256935693,-53.57431717554343
36,0.72,0.4743860414393572,-28.985271591264002,0.38931309535667996,34.25765633367963,0.5770232079066989,70.41956455635841,0.530396961298239,29.42536869211845,0.9013949034773542,40.37445262946681,0.9400765602325152,66.63057612113862,0.24099325506635175,-20.396252463264847,0.36320813069622,-56.55523807285487,0.38576657021929794,-72.86313183514262,0.4573154601271153,17.861911328433425,0.8850891326787612,-40.98788029463704,0.9468163363517074,-54.54073163460543
37,0.74,0.5101947679250538,-29.40997661725088,0.3786973741137074,34.18319490951252,0.6377975886608883,70.41956455635841,0.45499290670089176,28.573825151259037,0.9221415151469001,40.35554152535031,0.9102876787423458,66.49303012717232,0.45776920548791156,-21.126931256526554,0.39566782980866705,-56.74235383137242,0.8248530106557255,-72.86313183514262,0.7566097697619013,17.227805040754294,0.9175238979954796,-40.98788029463704,0.9403178212484529,-55.076360260645316
38,0.76,0.4578737687598674,-30.592003104544425,0.3916891106883589,34.26164028905534,0.6213282860111996,70.07947705956299,0.500828013304561,28.09666624389074,0.9513505487990699,40.42750395474196,0.9203494199371668,66.48468522226639,0.7175714306020475,-20.979074575016554,0.39111027963336614,-56.86396979526512,0.8473287854534851,-76.6058648620643,0.713712539534602,17.258096951541074,0.9657631273730701,-41.66735039350289,0.9386702789696476,-55.85903318175349
39,0.78,0.47471237694667323,-30.592003104544425,0.39380090758510466,34.28065205410555,0.6226395916134758,70.0468887116415,0.48668723638706324,27.84842030555273,0.9568906818210087,40.52863547073147,0.9017802197109063,66.53274635851481,0.6946316760712888,-20.98753353039974,0.402624487401939,-56.94152064009359,0.8361587677442042,-76.63573546467714,0.734014026715561,17.17705601664637,0.9664628162855095,-41.73640015640796,0.9408764616492693,-55.85903318175349
40,0.8,0.5070324812722297,-30.553705336205844,0.38070196575089293,34.27726309080051,0.627099774942131,70.01301138090358,0.4584369865861718,27.93899922601717,0.9559849066961642,40.57106987647976,0.8923117011002979,66.62832853056845,0.6755228410958145,-21.078638441036812,0.40137504914460487,-56.98163314172414,0.8356697058897284,-76.66116907857338,0.7485077746173571,17.074589383285712,0.9508338891440445,-41.74052321142559,0.952497616701336,-55.851210301823556
41,0.82,0.5213627609274896,-31.2564438085366,0.3793664799491673,35.36858423195611,0.6299827369347875,70.01301138090358,0.44689785674876725,27.93899922601717,0.9532322500669762,39.847578322254314,0.886696227011281,67.01005533583087,0.662652541262533,-22.073911246210443,0.40406394293778675,-54.36866972992455,0.8353696955957535,-73.45361921475964,0.7586953296699083,16.07395386120209,0.9462604134480592,-41.73969325204115,0.9530897344814181,-55.800191057519264
42,0.84,0.4620312901743668,-31.2564438085366,0.591340572064438,35.936056343860415,0.6154202001615429,70.44753490825877,0.5467936365398096,25.038588327172032,0.6732128354726304,37.933473434892136,0.4287734227307208,67.23256552189729,0.9579542354318095,-24.377153477816776,0.7050874430391543,-49.274501972703334,0.8169896876808714,-71.67724460022738,1.0426726166525229,14.721976792285544,0.7796781158177123,-39.70527737000962,0.9525006910466209,-55.60566097379206
43,0.86,0.45443416269665415,-33.73198477395904,0.7243733786988016,36.894591680240396,0.5539575463023105,71.31526531029563,0.5609691866078647,24.31989790062713,0.5059497956599713,36.82077269694879,0.821875633641395,66.99498741225506,0.9609722410295359,-25.301095136947957,0.7649144532307925,-42.87371311090358,0.9218002108813633,-66.63095114184802,1.039554446173303,14.307360663091638,0.6326495690169156,-39.3062240155857,0.9541680418431309,-55.09471963662679
44,0.88,0.4551346717453271,-33.7555955395981,0.6578304177241636,37.34246681148713,0.5250010601058506,71.11252456124147,0.5123319557005228,24.111551493538652,0.426567743156814,36.82077269694879,0.2886413360122012,67.20200482820363,0.968187896922102,-25.698258532019626,0.683018540355609,-42.87371311090358,0.9147935104883663,-65.34367166282416,0.8607292352582464,17.256344053014228,0.7240008185580382,-39.089236126747075,0.9153099494853082,-59.01162062148204
45,0.9,0.4365158278291405,-33.92500987794452,0.6619160849762954,37.4075057556166,0.6441932737052908,71.11252456124147,0.5691382465110246,24.089362810093615,0.5814886550731928,36.29653863241307,0.7218295006135684,67.59622560342555,0.956553064395822,-27.214494259026896,0.6739156157372859,-39.495630039108974,0.9119708317375987,-64.7711809793646,0.5727051812693277,19.810199346126858,0.7361996855641195,-39.19413976769672,0.8973567062097384,-60.7988840506521
46,0.92,0.5236106627442193,-33.704350338421264,0.671139543672607,37.36338901762151,0.7758108370948597,69.31388721833295,0.4719001303778967,24.089362810093615,0.6183132645883148,36.58849275421275,0.6459590271677276,68.16005143929566,0.8889081818874215,-28.35490433543921,0.7102454773262944,-39.46498967231996,0.8942916517954698,-65.3606894427059,0.7647483967731119,20.582610254962734,0.7540505958557198,-39.32029933703086,0.9008968623091554,-63.73281199803672
47,0.94,0.47841573724834874,-33.69716443042061,0.6718020798673182,37.39001620289272,0.8477187076613344,67.94243765427673,0.23685260294185262,24.089362810093615,0.6687879071125008,37.039611535593714,0.6037906644953024,68.35774116549068,0.8723953608870937,-29.03527702937886,0.7272450651485913,-39.46498967231996,0.8921892214022262,-65.7711449992574,0.7799068673488824,21.31204227191599,0.7856100616841716,-39.744817654826996,0.8608207682002654,-64.95108766985487
48,0.96,0.47744283355364864,-33.744590279934734,0.6633735572041999,37.46079800844172,0.8484519653794126,67.94243765427673,0.22383435522573902,24.820125212395624,0.6777259716383607,37.194965720210725,0.6399939559953727,68.3254795173806,0.8796467337255559,-29.337829377503912,0.7453228378058683,-39.55173934191906,0.8901809571080833,-66.23955110621378,0.8602447740482064,21.307480558238787,0.7556737414986203,-39.76175650401669,0.8753594023726912,-65.44222024117894
49,0.98,0.46179176609847544,-33.744590279934734,0.6939573831649416,37.62409540106168,0.8458374497243708,67.73530238907578,0.24394521919063616,24.820125212395624,0.6743416490592308,37.28326832413169,0.6761215955363028,67.85723543698425,0.948489354927267,-29.028787232130686,0.7408559064538662,-39.56801341754268,0.8908872807255112,-66.36828724227856,0.8353210417711383,21.44993730701735,0.77548559012562,-39.82217601848455,0.8722405325139828,-65.69629791534824
50,1.0,0.43742434701718214,-34.09190129209631,0.702397144763729,37.70876812969499,0.8216011548098968,67.73530238907578,0.27254708438232655,24.50515478088042,0.6601422706109125,37.27368667137087,0.6827217558188037,67.78962679370356,0.9700985749114025,-28.642618321723745,0.73079255070993,-39.56801341754268,0.9029420833470918,-66.2702381316579,0.79883501082046,21.647247179486456,0.7856822500512235,-39.93677864327765,0.8655598468499943,-65.75669208333699
51,1.02,0.42496607438228123,-33.62772398904712,0.7010733917390743,39.633291108211886,0.8036553826031821,67.97427975358629,0.2911849899130348,24.503834502398885,0.653403041959925,37.39607739960099,0.6781468948432319,66.86681537685605,0.9697662290295386,-28.210999697619645,0.7277631232206465,-38.19968318677838,0.9043449681170119,-66.7728359400409,0.780451606953067,22.513627982171364,0.7885971213981028,-39.84872386072908,0.8719482771567351,-66.37683236480778
52,1.04,0.04404893754510587,-29.50869372376829,0.06046411263196254,46.844012719630264,0.004892000811687303,78.46227221202571,0.2060889005032862,25.718705435243017,0.9191362373629361,37.39607739960099,0.7492782831662638,66.86681537685605,0.6803626212347478,-29.226055773817798,0.43939774776592316,-38.19968318677838,0.7498182682080622,-68.04159182236374,0.944425490902932,22.819360928070314,0.8048173974490621,-40.21987767557938,0.7371563490054782,-68.42424715353027
53,1.06,0.03592121085343613,-29.116526048551254,0.020067235730039667,50.31615965809654,0.004877529030830722,82.19040761319393,0.1730397474656199,25.718705435243017,1.016946412165554,40.44746556083314,0.8700290865814789,64.84432882272401,0.5525907271762541,-29.67155301883777,0.36506634691904427,-35.761789684345686,0.5950556216210278,-69.89270371525858,0.941974026405079,23.246034239808147,0.8247935533127727,-40.21987767557938,0.5633838076161386,-68.42424715353027
54,1.08,0.10097033763720624,-29.116526048551254,0.12822042307035536,51.66399243740316,0.30065164657161936,84.38345645472863,0.15449185231458146,26.330951012426752,0.9909726317638324,40.54261313293977,0.9384543054172377,64.13907741498245,0.5397717826635714,-30.018430241497796,0.3174571107667466,-35.37208793965238,0.5315720295741091,-70.86022564512882,0.7474275642040921,25.267635785872262,0.8355884223880274,-40.52203859576617,0.5453451860703059,-69.93657996598607
55,1.1,0.1279984769338434,-29.716123180711794,0.11680050815218321,51.66399243740316,0.1610988057946341,85.37504226097387,0.08316834355218423,26.091344705507726,0.9492213659249554,40.4884481480794,0.9045715093040811,64.15508178053136,0.5079975169523796,-30.551204541799766,0.34525547387934424,-35.30182333230388,0.5929957836750773,-70.66931530307026,0.5974841894111869,26.3032289630585,0.8488818195195361,-40.60015695109581,0.6337186697432022,-69.48942363141546
56,1.12,0.138558890868035,-29.716123180711794,0.08924899874135922,51.178519746001825,0.10498670778181611,84.26792849321689,0.04771171804813815,25.808077857204495,0.9199921258718411,39.812260600749994,0.8539617886763103,63.79963550203791,0.518350388336227,-29.732239861040284,0.35660209135974935,-35.59856663553204,0.6610897076385677,-70.32928975134148,0.5645531769132034,26.559601058235344,0.8670259187170053,-40.499478184460486,0.681086355508288,-68.75890461874876
57,1.14,0.09506837751151039,-23.314868703213794,0.015155665147483427,50.59518627239842,0.08015955972600733,83.03420366429117,0.27747623634706076,25.299420013439914,0.9000270715673686,39.802206723248126,0.8462344617243983,63.43240006425696,0.4337968715272545,-28.98476973600461,0.4096667412169497,-35.66303701266426,0.6070109964620791,-69.92994208579921,0.7203819205298343,26.559601058235344,0.7821762594556322,-40.35712408237756,0.7725269412644454,-68.71154940060035
58,1.16,0.1689407089636037,-21.801963493867376,0.07324240069911866,50.59518627239842,0.10474793230376375,82.64112885903234,0.16138591268123662,24.415683684385726,0.9204718957959028,39.84020247507543,0.8519615130957118,63.353344490253775,0.46119076981305507,-28.911120250801268,0.38367938396889933,-35.644248495896115,0.6613641379863457,-69.58350216757557,0.6993336784244076,28.702290722950305,0.8407776307697419,-40.52779988943078,0.6822726699950374,-69.35375689161937
59,1.18,0.20655107885121543,-21.553710702314063,0.08750555546369398,50.7082924727765,0.092085287001744,82.64112885903234,0.13905339429475355,24.22093453176564,0.9246733105026896,39.87564951288218,0.8692145386028324,63.19829247783799,0.4912596988345834,-28.329852365703402,0.3822823247550418,-35.61806285403761,0.6654361144029555,-69.49901639133947,0.6731975724348161,28.853036967944956,0.844788455871515,-40.6190322913338,0.6645651857167773,-69.52047980068932
60,1.2,0.2221239818512353,-21.444749300992605,0.08658757123557491,50.73281219294265,0.08547636626504346,82.20746315965316,0.1746428996550055,24.097572140251447,0.9172574749907639,39.87564951288218,0.8722470576739417,63.11062200955787,0.4812771548070069,-28.30984712482128,0.3810482497736266,-35.61806285403761,0.6413035841274213,-69.60662227901915,0.6854852171339197,28.853036967944956,0.829441823961401,-40.596905191788586,0.6713400947384139,-69.52776956747745
61,1.22,0.19383000639333714,-18.877762580191092,0.07509342842094888,47.38367591949807,0.09933284142998097,82.20746315965316,0.20815310286944247,24.34252743196343,0.92660305866253,38.53157536007947,0.8574267988338019,61.61465521797296,0.4501898405089191,-28.28954295339359,0.38290141575042885,-35.61806285403761,0.6228672534239008,-69.60662227901915,0.7185527178530269,29.14493927426563,0.8252810128317719,-40.48003936358591,0.6909521918872036,-69.50375753930184
62,1.24,0.38228149783862864,-17.012641180765733,0.22398904392805147,39.892252745963276,0.1973673092038584,70.51090129365983,0.3705688883001028,23.888740797398313,0.6717550717824161,37.49147347444223,0.957384183215032,61.70525732014686,0.26930648660207296,-27.936917020250046,0.6527640271770204,-37.2956858868509,0.42745149890848155,-70.75264549821848,0.9105588308042971,29.633992661975906,0.5239844961519462,-37.86074455135729,0.8290185900349709,-68.66985014125713
63,1.26,0.38138953565795847,-17.012641180765733,0.3865962133519835,35.51688480801053,0.02206971018036511,65.75599964458618,0.18354288683824577,23.888740797398313,0.5280217512000454,36.034530292510645,0.7452994977104217,62.92205747721221,0.21652260558447384,-28.088198469567082,0.6947999359754669,-38.22232069227039,0.42885276093626257,-71.23463923099214,0.7064660829537032,30.53850115943467,0.4424563993740842,-37.06560911192486,0.7250106163746065,-69.49728308793493
64,1.28,0.3729475937391146,-15.385595681671495,0.29557256901755463,34.54725047597991,0.14068144697261123,63.664368345604444,0.15387347193370943,22.0004245365806,0.4177924235210242,34.810981087086915,0.5829742581143101,64.3978623348542,0.21785795697167668,-28.135940248853423,0.5646239504825892,-38.12133518327424,0.4230795077544541,-71.59159388123739,0.5133933047264294,33.03862016056461,0.40588398647219337,-37.06560911192486,0.6394884961496529,-70.15863345935153
65,1.3,0.36798345328159054,-15.101862874247404,0.3496750923680465,32.64659142726756,0.16551574036917224,62.66367083140309,0.24912953982662273,22.37152108182657,0.4008919243436197,34.810981087086915,0.5634433914725401,64.75451758775677,0.2467104199431843,-28.065681570133783,0.5144172636108317,-37.428731154530006,0.335940540167203,-72.12340720616734,0.5328319275000319,33.22094597468423,0.4062645747610869,-36.04910924582857,0.5959323188907766,-70.15863345935153
66,1.32,0.3681420847292567,-15.34221861051939,0.39308147585685765,32.47917481466405,0.17291172397858542,62.59694438593223,0.28148730375696984,22.399612441480063,0.44679728991045115,34.14189517698493,0.6063691610601615,64.75451758775677,0.2479018701045636,-27.446394597922655,0.5295843569317945,-37.28636360365653,0.2913153728802131,-72.46594790772392,0.5756885474539911,33.370043264205655,0.41894139531779734,-35.901576711439404,0.5654429432579485,-71.03401698282912
67,1.34,0.4657661742747978,-15.792666986429657,0.3749938979686658,32.45140807360338,0.10689067433509235,62.76030301160482,0.3920804874439092,21.807025335718308,0.4346991313985428,34.06877398865553,0.5678814503076081,63.92814773755516,0.11193163962930626,-26.881268960381068,0.5472516214158438,-37.333888227367595,0.28575000660431465,-72.26500008270284,0.4628690661109053,33.78428630283911,0.40421668812455597,-35.87930844697406,0.56132853451772,-71.03401698282912
68,1.36,0.4679414921149697,-15.832858628324367,0.38561149979512366,32.4514347541304,0.09001860005751729,62.88112259379409,0.32787311923833246,21.807025335718308,0.43445529098677477,34.06061084119226,0.5626002303619961,63.83943200281502,0.1407320078984359,-26.686793847782724,0.551047573227675,-37.36275025786537,0.33009629271805513,-71.98657937294693,0.4222507443780044,34.62621713824911,0.42925072836176764,-35.981959016782184,0.5594889579255916,-71.25960506413972
69,1.38,0.4391677624459315,-15.784871997784597,0.3909266662542366,32.47267394637974,0.08839046762571551,62.94923448808157,0.29549721862002515,20.842169623728616,0.4304565864146488,34.05035582041201,0.541340106696514,63.83943200281502,0.14348725667679138,-26.48498697858435,0.5522689647788749,-37.37090160338612,0.36026203480564706,-71.68807118108234,0.4102486415709216,34.846336365074,0.44533976523450775,-36.09775162194132,0.5609689216092456,-71.2806025023403
70,1.4,0.43147664668701696,-15.733016557661495,0.3923163671023367,32.48050528519212,0.08704771886528745,62.94923448808157,0.29244999214125417,20.74389136031228,0.4292517687702162,34.02040569206468,0.5348679750561982,63.93862753872337,0.13845763129127608,-26.479308060391443,0.5533770397815684,-37.385098528575035,0.36715914843806435,-71.68807118108234,0.4126736126667253,34.88023020750475,0.45170142849728384,-36.162139174380314,0.5709375618740694,-71.28060250232248
71,1.42,0.4304723937669996,-16.00735793131026,0.38766909625367646,32.80930577545387,0.09820449318677833,62.94923448808157,0.3174493525068145,19.88428258975718,0.4361067560632175,34.02040569206468,0.534836583325295,64.11507842905651,0.12337300891259372,-27.01297159473659,0.5493559727544368,-37.385098528575035,0.34808845750420675,-70.83898599660448,0.43010372908012606,34.88023020750475,0.44835218660263454,-41.14516044002638,0.5754162061599457,-72.20423351055784
72,1.44,0.2378488434430719,-15.314283166552265,0.45158769483869726,33.31252801241684,0.12429097651347783,64.86003694405613,0.3543977466591112,19.172267675745566,0.14346277530679707,30.84863657064018,0.20191221459088535,65.5677162144136,0.28886250360076254,-27.623687040451806,0.6741940384966073,-37.385098528575035,0.36511456027329775,-70.63058444757132,0.009198404617444991,34.88023020750475,0.06734367987433161,-42.64344507453186,0.00412142968694232,-72.20423351055784
73,1.46,0.1372025672861622,-15.027247135617506,0.5082068523358234,33.91309447705178,0.0013214772290470558,65.48149077403701,0.18808070152250042,17.26008066450116,0.018990160181493656,29.463815084159176,0.033585053342354246,67.49022358955715,0.14645424594329334,-26.44537421620086,0.6768252272148675,-37.385098528575035,0.3336644274205502,-70.88645247054392,0.019796972039463307,29.64138244086427,0.020064552466901503,-49.8805949790524,0.015676778770490334,-84.11329663034867
74,1.48,0.03874757433204688,-13.96033274835906,0.5040868695256526,33.91309447705178,0.011814512663293785,65.95193292147864,0.020765702007879833,15.752784451138066,0.0874964658894138,28.861322535521897,0.004989503423749885,68.28053940448589,0.03344050152816112,-25.022661273270582,0.6120955855315175,-37.95443293341824,0.2432318279923042,-71.21690411370184,0.026465276955123067,29.64138244086427,0.062181129618571924,-50.906460228623246,0.01469942751816071,-86.42457410933498
75,1.5,0.02290760150721128,-13.044184902751889,0.5033639092738893,34.222038480263144,0.05847022097159285,65.82207483257366,0.04300885268375428,15.19611408286199,0.09113441382463068,28.166595925942644,0.007995682294577845,68.61002317391574,0.14967308225444548,-25.022661273270582,0.5356388354025267,-37.41124144645595,0.14993793949709391,-72.70543043656536,0.052202272421808034,29.64138244086427,0.06671429968014052,-51.23164833072504,0.01040073035047859,-86.42457410933498
76,1.52,0.03327560983528346,-13.047424303994331,0.5097046923535961,34.62602318008089,0.14077940404401762,65.23948082932522,0.05228099209074028,15.19611408286199,0.08671642946055971,27.853132028979886,0.009076054912035404,68.27279588179788,0.18132171706925015,-24.067869150498694,0.46936092472646884,-37.41124144645595,0.08343888334018702,-72.85205671516148,0.05361798625249165,25.41669040286841,0.05904892657907886,-51.23164833072504,0.0066820320849637505,-87.09152026957796
77,1.54,0.03771604560138415,-13.047424303994331,0.5603708184043255,34.62602318008089,0.3122202487772956,64.99185603693294,0.07178707409304463,12.922916281328643,0.06608163351821131,27.90198383655817,0.0027383739656891937,67.51176164959402,0.10004405004743115,-23.832314629490558,0.4362764322044715,-36.25834333092677,0.00612250570332433,-73.40429489290555,0.03414027820954686,22.47643732711213,0.08871622303333045,-50.370357328287064,0.008792106776899814,-84.3402851134738
78,1.56,0.01266478762121385,-14.676149897946924,0.5845565273707423,35.20303885821359,0.22935109660940606,65.3257218309576,0.018710804603676443,12.922916281328643,0.04125835573748698,27.859302774973663,0.054026437604015536,66.77913627956332,0.05458364239469646,-22.59541209238784,0.4654575211439585,-36.259500327536585,0.022508428271604607,-73.42353227208488,0.0859555561566213,19.70300437524877,0.06895997712044641,-50.36202999698471,0.0009139582447021448,-83.74201183143713
79,1.58,0.0252859594491706,-15.230325812170488,0.531832366974141,35.297751006818075,0.13668801460759772,65.75809395666798,0.026412143288872418,12.682365805559527,0.10385771180387551,27.51194166996739,0.010103667858891994,66.79704543088558,0.13541897933315994,-21.52988237279063,0.47857850870454127,-36.267278744966596,0.030163697712331208,-73.27412726539906,0.055546464929582685,19.66936840852036,0.06783243081399867,-50.35671181239519,0.003165213358742099,-83.56623345354264
80,1.6,0.06404388138384448,-15.56576403357143,0.531832366974141,35.141393936864326,0.13668801460759772,66.34039012387117,0.005418171940517623,12.70183018460594,0.10223273680242825,27.51194166996739,0.010123171978215871,66.79743520030104,0.14722372650344728,-21.47442393171346,0.49234826314120267,-36.37740413269052,0.07708092034773108,-72.82941819448432,0.04034949748860332,19.24493838110848,0.06456498857877996,-50.3593609466676,0.00369856953484015,-83.48107446503253
81,1.62,0.07957836751087115,-16.538205908246955,0.5162706598938873,35.141393936864326,0.1151623606763267,66.34039012387117,0.011631520244253405,12.376419762816777,0.09540686791238243,27.73685472909501,0.008047000156138745,65.7285360162392,0.1082685294415877,-21.559597613008886,0.5064125046846465,-35.161546031906305,0.11775067885694142,-72.52007340993428,0.020531910322964857,16.954614007082455,0.06452458099259603,-45.9607514960605,0.004256318465185697,-82.87845054297684
82,1.64,0.08165042156294688,-16.538205908246955,0.4515788528246649,34.2363889497118,0.3265317155204146,66.4409976080001,0.012743538019596407,11.320003591789733,0.05463790681424143,28.306235918421145,0.011966135134053504,65.1545165755911,0.06148536791443622,-20.985503772744817,0.24392253581009926,-34.46143189887038,0.17751886682412324,-70.30512217174575,0.265700920804992,14.771342406597405,0.08114945481741194,-45.9607514960605,0.2132148863541344,-74.00773483610054
83,1.66,0.018874832546402976,-17.074180223146428,0.265660449783546,32.49250750300483,0.33059216310186396,66.07581247778428,0.07386369082078396,11.408398507663577,0.3286767301676283,30.11898431360486,0.1962695400683407,66.33932169967593,0.08851358913165501,-20.51763286124993,0.17524177347367925,-34.0487882127644,0.23169102295615732,-70.07595032497674,0.15396395929317364,14.088266150457722,0.30754956544512985,-45.9607514960605,0.1775193881482435,-68.66206541095613
84,1.68,0.07542908733999794,-16.845816895859134,0.17227270270169903,31.88247292101699,0.3280170272955768,66.10682362495638,0.06138427301421364,11.47239310439117,0.2290408274565421,30.11898431360486,0.15047649094458873,66.45111796907577,0.12389160399088199,-19.379473525374067,0.12954697481761004,-32.73426234445182,0.28713941454541786,-68.82140115530636,0.1723686842784964,13.587915614261206,0.23798584581340065,-33.62574825914183,0.0007564708130665881,-66.32804308328102
85,1.7,0.07096665011351341,-16.771481605421148,0.2080827800824246,31.820072462688774,0.29600763931014573,66.21846551097072,0.04892640346280758,11.39563227631654,0.23257399899795614,30.11898431360486,0.17146471280210285,66.62382467278262,0.09461562030544408,-19.285681401821833,0.14389786807649313,-32.73426234445182,0.2928254683496296,-68.80601439586964,0.18742966931145205,13.55103202932545,0.29528934420512976,-33.15525511143995,0.04121887526561287,-66.32804308328102
86,1.72,0.05712060070356198,-17.298220087451543,0.23450153384502923,31.820072462688774,0.31080238446623,66.82650492416795,0.06273049491791581,11.260325023667264,0.24429907358120218,30.896899524251427,0.17628618280163555,66.63793290104816,0.06898051693231017,-18.990200778976646,0.15212849402401468,-32.14618473966571,0.26539124090802263,-68.62345551901983,0.17757911175663993,13.407537588023416,0.3126616749710791,-32.747164910719476,0.06622095407722922,-65.22107690378033
87,1.74,0.1627796754708315,-17.70449926113443,0.26183702926305524,31.820072462688774,0.35028883171413866,67.04824224233275,0.020147909676268567,10.64640707716373,0.27248173113226787,30.999139134106173,0.11495244468171198,66.45815798924552,0.03444395459739282,-18.171602383299682,0.13071623388361875,-32.098245865646106,0.18265052634795065,-68.44155535843153,0.1844284359899238,13.405305031062404,0.2742045183752024,-32.65828704655318,0.06597634628139847,-65.19602635018828
88,1.76,0.11942893176353472,-18.290392869515394,0.27780853408322737,32.50057076031048,0.3049137890146567,67.49555206638541,0.056414177951416414,10.473442544828627,0.2717586085368757,31.047359236480904,0.06694998775877611,65.81233102027379,0.03950534919396015,-17.960677488328102,0.15179092388188534,-32.16765377271358,0.18847680524987812,-68.44155535843153,0.1750567361181569,13.405305031062404,0.29424428849525597,-32.66886810645069,0.057145673747112505,-65.05357938860692
89,1.78,0.09914505755271817,-18.432823766476396,0.28351022780580964,32.560072528630876,0.2864059768552944,67.86358547010266,0.07007937303070008,10.143922736592293,0.2731530048454634,31.06117266715078,0.041767949471571315,65.41951790801963,0.07724445597278662,-17.960677488328102,0.1607033880311981,-32.23313403502878,0.19158449201169583,-68.12238000815438,0.16783507079573695,13.303344469875512,0.3005366403276779,-32.68665247912683,0.04896656140756863,-64.97684054526447
90,1.8,0.0990969107561935,-18.54108797734402,0.2849623197647305,32.60575006115726,0.2865712587101528,67.93387816163325,0.06832667339334492,10.104242241844133,0.2735356396738119,31.078203134106023,0.03986240747175659,65.30991651865159,0.07842751805601336,-17.123609157927447,0.1620574800905749,-32.23313403502878,0.1891507339901554,-68.11854525111656,0.16450559809670287,13.303344469875512,0.30218975526698566,-32.68665247912683,0.04883992066527358,-64.96280268850553
91,1.82,0.11846697826372643,-18.50496276116785,0.2761863617727957,33.29503699972324,0.30487493147453915,68.7239645223939,0.052071272508906495,12.961754335072397,0.2727524379842641,35.97468676940694,0.061272262387911725,71.00929873382462,0.05039269353200813,-16.80119889025153,0.15080953178412285,-32.42529375920546,0.17712291560899027,-68.74878974031029,0.1625309797722798,13.88707577743835,0.2989081683941317,-31.57813457310277,0.04902236469643334,-64.95892805669564
92,1.84,0.18830059156602844,-20.31185346176344,0.528367666399283,35.04012506451715,0.2540408711051647,69.83506949502669,0.038135251183534134,15.567548352345725,0.06938425216579398,41.06885452685155,0.004594317770541682,74.90483878705207,0.017367589575648712,-15.865055780356519,0.34694438476567485,-33.64006761295571,0.08403351162669309,-69.0312434278075,0.05504344168267559,13.909556950821862,0.0014190778541401602,-30.2094642544089,0.07003325385334189,-65.437017548475
93,1.86,0.0817604404666926,-20.31185346176344,0.589150492764535,35.70411605936376,0.16864015097057686,69.83506949502669,0.07220922376180934,18.00680180586491,0.06517963794443066,44.16568612356756,0.002849816583120529,81.16047686316465,0.05075145953196667,-16.072091030947227,0.4971799923085533,-35.14719512570765,0.0023384479558601254,-68.82079401939883,0.022830056295341326,13.982706378979685,0.0572284990571917,-29.79916127291264,0.02279633188557617,-65.80871572400807
94,1.88,0.19504240939335013,-23.7413262527325,0.5649922062980723,35.7343515003171,0.08729310976145477,71.66894380253113,0.09032809092487115,18.00680180586491,0.04952378557626099,47.73550279688465,0.010654061075642735,82.35580948020434,0.07874542773059796,-16.072091030947227,0.5369720470073691,-35.69439301613243,0.12596897706966367,-67.34670984401815,0.08574517076503584,14.322255340433216,0.02325130719161798,-29.74275987256096,0.016734998860431224,-65.93578692172983
95,1.901,0.14748181212374928,-24.082877693347356,0.49857279738035853,35.65953816770497,0.03815815218146571,72.25065441156862,0.04951259875040719,19.463716005679686,0.07617528415053784,47.73550279688465,0.005541943615463355,83.14379848556474,0.0846763023070011,-16.072091030947227,0.5297516456304735,-36.01221471819564,0.19098455565295258,-66.68352298326495,0.11850615622916823,14.4577528563472,0.011669608546583478,-29.74246985898611,0.02887067442951556,-65.93578692175672
96,1.92,0.14748181212374928,-23.637031940716554,0.49857279738035853,35.63631180274734,0.03815815218146571,72.25065441156862,0.04951259875040719,19.93395800266462,0.07617528415053784,49.38110827762336,0.005541943615463355,85.9036735627742,0.0846763023070011,-16.0955706764126,0.5297516456304735,-35.87465688441448,0.19098455565295258,-66.38289225938686,0.11850615622916823,14.78478534181671,0.011669608546583478,-29.705331907602684,0.02887067442951556,-66.76003983823132
97,1.94,0.1968513327447417,-23.4162730452018,0.48413005926293207,35.483982789594236,0.0764910944253142,72.25065441156862,0.014950458566790684,26.29513516145304,0.0644215225130471,50.01459866064206,0.012556150102510839,87.75650109813091,0.11400936876180959,-15.097363631298872,0.4962218055427173,-35.87465688441448,0.03599500715027716,-66.28438657572893,0.05378256548946877,15.716820644896764,0.09912050351055383,-29.587583944080077,0.01700002495116275,-67.60900563330742
98,1.96,0.054430730374546814,-24.090839779992773,0.4451807556986804,35.07968959768025,0.06071326085079989,73.40698035407173,0.07379527891681119,26.29513516145304,0.06729617735119808,50.14301204154078,0.006287517546888685,87.96290939010227,0.09406040459508942,-14.430472711305287,0.4837076448229946,-35.526923514832106,0.13538558936859468,-65.18484880682564,0.007929868472828233,15.717110502982722,0.07740013917462502,-29.397109190360354,0.009613458261448072,-68.16423340960816
99,1.98,0.027316026307290575,-24.750226368379312,0.4401640806239231,34.93602340904325,0.020940325344349676,73.40698035407173,0.050166486883813366,28.425186752922603,0.07574435271207586,50.15924726690203,0.004648107043247421,88.53095598259819,0.04347728910915145,-13.915642615327984,0.5153179401008563,-35.542842832841465,0.18661981416658815,-65.18484880682564,0.003955912279867728,15.717110502982722,0.06658800519884908,-29.3971091903658,0.005183755142995185,-68.25123647705446
100,2.0,0.048569997000185966,-25.046876216363344,0.4451143581067652,34.9278231520683,0.011539322662701587,74.28382518101486,0.03208544194885822,28.510279615057467,0.0849458437391108,50.18427427329164,0.005134044371054259,88.53095598259819,0.004647158092449644,-13.642608770047616,0.5406282236362003,-35.71615727748198,0.1986153165615989,-64.44052217006741,0.005560360678540241,15.625812447286853,0.06681004241397215,-29.573917722602296,0.004207370784693485,-68.4450425237904
101,2.02,0.040395973033698136,-24.557828405845093,0.45032147597336564,34.723803943715616,0.016196034871097192,74.69305876805045,0.020108865626234193,28.691822296958456,0.062266078697748986,46.11827415425344,0.004715003642707951,87.78542698369188,0.011225890442727338,-12.368193664802883,0.5170442970602926,-35.047315580759985,0.1997997582756238,-64.09831147313508,0.03551400556546574,16.267539653661352,0.010179881655006873,-30.229791905682795,0.06004024491458335,-68.84274125731032
102,2.04,0.24961024560530354,-25.53831462513325,0.3996594496181909,34.557640331169274,0.0756239812520211,74.53341915731376,0.007251705563148994,36.094519205991276,0.037574320529075764,46.11827415425344,0.014171792488498048,80.7537014198356,0.011191701983833534,-12.368193664802883,0.4085020978334032,-34.40483112760991,0.08339925522853897,-63.56111898885723,0.020076792689924614,17.321589203335368,0.0019164049056437423,-30.290787016912592,0.03312378524371753,-69.54517110300058
103,2.06,0.10597055391425698,-25.38095047047423,0.297508518543223,33.281868414787226,0.10553458965738692,74.13518275736793,0.29873551543531257,36.42638729737551,0.5241615986516514,38.61388558555917,0.01586174838379351,78.30782107508153,0.06694773158725516,-11.867863375923974,0.3726335345101445,-33.26859460911594,0.21953548749241056,-62.33466029167001,0.003038234676051242,17.748144071156453,0.15283077084804744,-30.894487893678093,0.05742074414689039,-70.65428010332576
104,2.08,0.23847958359033058,-25.27356419675085,0.18965603582898552,32.53872510086138,0.133618478246996,73.94641984470465,0.19267480993504202,36.6202732087205,0.26015610638661635,34.47948526820533,0.18189825892509154,78.30782107508153,0.0015446534160115867,-11.506670559505475,0.2268981557688636,-32.662089331813085,0.28932246301402154,-61.43358605744045,0.05655863406353155,18.10508638230801,0.2254776244093719,-32.587473208709014,0.07073085772216559,-70.65428010332576
105,2.1,0.21632189568118607,-25.094602056381852,0.1535175383506232,32.53872510086138,0.002079529475702708,73.94641984470465,0.1699330573956501,36.8199994517525,0.2888760642922301,33.75676227797713,0.15998918808702658,77.12185542319737,0.029821940849771845,-11.506670559505475,0.26007696477445746,-32.484115664669154,0.26462895528356006,-61.42827988005763,0.04273181468400721,18.18018131846948,0.22061543116962773,-32.72052995634452,0.040809712242917066,-70.66819566871261
106,2.12,0.22894362892400177,-26.514238892835806,0.1901250447632562,32.09938926554914,0.09996203110825559,74.96184080884196,0.14148194373951464,37.015548396560035,0.3145183410127132,33.5821763880175,0.13829940962096648,76.94922105278413,0.05293244014875596,-11.613563365573206,0.28944352336841395,-32.50697064286674,0.22813344769834382,-61.529930154503376,0.0071535309967452314,18.385021823778235,0.21009861355490128,-32.72052995634452,0.019216261292402295,-70.9322683117631
107,2.14,0.19916146680572563,-27.382342360942914,0.18292262181693333,32.09938926554914,0.038719608321665336,75.3582676910117,0.16154439962330971,37.061688138196565,0.31224492358510575,33.51927741784889,0.15340713086692312,76.8183898062397,0.020655255107985177,-11.420294188130756,0.33226263581670223,-32.89795974261716,0.22492666351181337,-61.610775435407575,0.10529348887365862,18.87294851424503,0.23688295216483418,-33.179536375347176,0.05514840164364578,-70.96874049109697
108,2.16,0.199511551692724,-27.698070535576136,0.1813459943170919,32.09938926554914,0.03359229177192068,75.3582676910117,0.1562639421748372,37.094266747215734,0.3106051366633674,33.49442688425269,0.16211047023536648,76.73169858381281,0.0365158536090036,-11.114552628612016,0.32962737601572306,-32.90531354390927,0.2252697417322234,-61.61787996799154,0.08871980192538345,19.095608832704418,0.23419621754392933,-33.255302632252956,0.058201906499394544,-70.98610349995026
109,2.18,0.2231690476160163,-27.745089198303674,0.18461829435094138,32.03750049556567,0.044586263921107504,75.65573942040747,0.17178779896490706,37.06348161055959,0.31109756572783726,33.4819146231468,0.16049070054720863,76.72206469877088,0.030890285439515962,-11.006682760157954,0.3275239531213113,-32.9445798861248,0.23521914590670662,-61.617677396167,0.09605712792240599,19.095608832704418,0.23537863578127777,-33.33789565049284,0.053573009430551204,-71.04513239644037
110,2.2,0.223606099853003,-27.77120505854194,0.19201670010562286,32.03750049557009,0.056660827760101534,75.6557269652999,0.17483262197186283,37.05148840427308,0.3101304311527997,33.479208832264916,0.16023060358521635,76.70607310474136,0.028434776420220645,-11.006682760157954,0.3280977088594056,-32.95806869075423,0.2376400035389042,-61.613365622108695,0.09891236812069192,19.131561677606758,0.23801514231067644,-33.35307818227354,0.050143242099048975,-71.05179283818394
111,2.22,0.2243475274762809,-29.007103670738726,0.19087291823824903,31.504392707925764,0.05552302925939847,76.55119494791279,0.17430971634515185,35.70483484940056,0.31036905841334056,33.479208832264916,0.15987710094620297,77.23215710962697,0.026387515546742703,-13.381561713504114,0.3278957210033041,-35.24690261903531,0.23765250559293724,-66.9953102867918,0.0993633374623874,19.231495150507925,0.23743390641112896,-33.60470103981348,0.05089346307984869,-71.3703300197919
112,2.24,0.0025769075411032835,-31.863774404713467,0.11302026749507885,29.60241211343688,0.015344533185648367,76.62800899327364,0.12403843341591908,35.48512208501419,0.3788997160565513,33.479208832264916,0.05664477743202157,78.23329344376884,0.020207648359439518,-17.37741782855716,0.07061468412636149,-35.24690261903531,0.007733095470042151,-70.59119341621184,0.21753971207281358,20.989737651598738,0.41251739049074315,-34.930964196112136,0.06309257239662094,-72.1268155052032
113,2.26,0.02096562311548243,-31.863774404713467,0.09213453210450372,29.60241211343688,0.0036825832272462788,76.88669818516746,0.014655241690914837,35.87124053000781,0.44915213300722273,34.59966306319522,0.0238506092824054,78.28235373025583,0.07470621327066299,-17.37741782855716,0.034949027178906335,-35.24690261903531,0.0026536421145631713,-78.30578146086621,0.06394405126084013,22.776588498041665,0.4862101734532941,-35.97936120085775,0.09551799792420015,-72.07719591913498
114,2.28,0.05082529674289104,-33.31992508038122,0.07125470874940167,29.60241211343688,0.0016676703721601961,76.9154140140871,0.04734840708098137,36.11787399677536,0.47828388290622775,35.14184298653174,0.03648528225548907,77.89043766780743,0.09412540666627012,-19.65625365972568,0.04131895975418212,-49.06791340700102,0.017679643057072453,-81.46817006794518,0.17056345235547532,23.952459937217938,0.4913143237740283,-36.22882005764585,0.1042200344039382,-72.09931018471862
115,2.3,0.04484866052666428,-33.31992508038122,0.08233794027224685,29.60241211343688,0.0006883021014460617,76.929874759242,0.05746489931009203,36.35222796269986,0.4922073849819226,35.20220256706482,0.052330447469101996,77.754738039301,0.07204276718253345,-19.89747534246428,0.0699546842220075,-49.8405535588581,0.010980431503452308,-82.38571837095776,0.16489626925318734,24.08764868883038,0.4919777175977681,-36.310656318834496,0.07658391824634764,-72.27591013951859
116,2.32,0.019983202942806248,-33.70603698524513,0.09029261448916093,28.846946978988615,0.0016462567933146633,77.39267072555509,0.045737311583117495,35.42364151835852,0.488846641223136,35.2364095646002,0.051422132020348225,77.95256839418562,0.03737072868751837,-19.89747534246428,0.07212621276052754,-50.80666148611989,0.007218204297277895,-83.68864831782462,0.08483454622069067,23.40901301810578,0.4706790505657267,-36.310656318834496,0.053500247969262664,-73.07925220930865
117,2.34,0.053154488007830944,-35.9310450567993,0.08350517169235722,29.037876545707025,0.009387522551905326,77.46488363397245,0.10245454526461162,34.86564854546643,0.43401309569679075,35.2364095646002,0.03889441581685541,77.76182020122333,0.07038983747908528,-26.061338190537814,0.07984087608619758,-50.80666148611989,0.039771032002439075,-87.01442900720744,0.24173143799439448,23.12377370111335,0.4434515882436153,-36.237624060422284,0.08059954821014337,-73.20890503952216
118,2.36,0.042924654061067914,-36.188736898728344,0.0539029581505347,29.149912114025145,0.0035632922963451186,77.52013459218773,0.07446229902288701,34.12650004059391,0.3922880001600578,34.585234445646485,0.05131108515051313,77.34916331244114,0.07248056075877168,-26.90989689420305,0.057926768157114,-52.464958483803784,0.009425353342886975,-87.86839600887807,0.17436771520980426,23.23931543554705,0.3627156638173014,-35.3544961169068,0.08976201427231417,-73.35603355807729
119,2.38,0.023840412344191226,-36.2204553230761,0.053288817890221774,29.208162126381303,0.0032731673134918987,77.53310356373677,0.04019825648814774,33.67702765202523,0.38954936841391113,34.490670151341014,0.0836799948235403,77.00680747714117,0.086240249468853,-27.521336188083197,0.03768774025845304,-52.464958483803784,0.001576243235558208,-87.86839600887807,0.15814683227343704,23.23931543554705,0.3411690388065375,-35.185874427311894,0.06558896154916947,-73.56638141802482
120,2.4,0.004681013726868834,-36.21035795457436,0.06654308718704649,29.194470134719246,0.004666316581841897,77.54238377388214,0.018369912741503167,33.5265866179622,0.4164122903720978,34.527135650442446,0.08732563698495144,76.73847444667231,0.08063912003236975,-27.814961378722998,0.012239419814387238,-52.594360716630334,0.00040902965130107377,-88.3644963733148,0.15039040995070418,23.634225173354075,0.3551826050664372,-35.168716998120445,0.03590557252120398,-73.84527743464142
121,2.42,0.0016520309530892435,-38.02564162325077,0.07475697071866509,29.549395011725228,0.004801509529660338,77.77412665627651,0.016095723376433686,32.65154995105032,0.43907798827998323,34.05022421048378,0.08033440225341144,76.773369497284,0.0682876760560221,-30.36459829296579,0.008723027623055496,-48.093089284660394,0.0010645983881662617,-88.3644963733148,0.13091093959528613,23.313835789649477,0.3786847068385307,-35.168716998120445,0.02635747129269052,-74.36647422657347
122,2.44,0.06408937296002917,-38.7333058584774,0.05454408700772569,29.447908002477305,0.01165468392299065,77.8880822838461,0.11233769449696362,32.20942193002237,0.28928217136187423,33.50917577833362,0.02177654678054674,76.80606234768726,0.12136067317059862,-35.712398479220916,0.10397413017576136,-47.19411850372101,0.025382597823854568,-82.04829017492949,0.39461537456031337,24.35034784090634,0.20774495880803154,-35.168716998120445,0.023051848024690052,-75.08725087842463
123,2.46,0.025589587148352244,-39.04917650066114,0.03372372404806883,29.991080881353547,0.00302234194475891,77.9248699816436,0.15569795409233694,32.0791328092967,0.2785462671280553,33.50917577833362,0.03297210429593054,76.62626769981824,0.11469158045701466,-36.75730291625573,0.17175657391844323,-36.5027096979909,0.1840403078361898,-78.86271241789603,0.21441859916282166,25.00301616217275,0.165032323283667,-33.458474296415396,0.03519353511933496,-75.69659563282426
124,2.48,0.043344729350022836,-39.65158328817371,0.22622493128256865,29.991080881353547,0.25552168434369404,79.81052827674768,0.10979474451064276,31.536905152939323,0.18427524642716683,32.383612675161785,0.07222726759828788,76.38193422000712,0.15700696941511932,-37.22153508489121,0.17436180672189996,-35.04767376078252,0.27110491447140916,-77.02304649432389,0.18744294475130738,25.00301616217275,0.2824955844343842,-33.458474296415396,0.030967841079295313,-75.64918205681327
125,2.5,0.13105284988127403,-40.12938463045006,0.09943993753914257,30.971058697533024,0.20197358357243403,79.83708954503012,0.03160780996463402,30.967383102508702,0.1685779498439332,32.13269093209714,0.09564531453081611,75.87643086601824,0.1539446973214386,-37.36407196205027,0.21759083223725414,-34.345485407646116,0.22711064184052596,-76.23945059364948,0.07658909324763971,25.00301616217275,0.1954733864037585,-33.53707952569349,0.022893714573909055,-75.64918205681327
126,2.52,0.11994061105898829,-40.43631558782221,0.10369980587086772,30.87409030874747,0.16550283374695457,79.95701152191228,0.052428948526212986,30.384090640710415,0.20504965523101829,32.046398658681326,0.1111633876312898,75.46824625732664,0.1780323570358198,-37.10400368815766,0.2360210990140899,-34.160915799440644,0.17100930931552963,-76.35559679343788,0.08546074929161142,27.37923995266494,0.1809765682503058,-33.40038637706808,0.0028866547317973157,-75.85092277132938
127,2.54,0.19524385566198485,-40.91675961766078,0.07280335751616995,30.881565052557967,0.12465488597498955,79.75729018924582,0.22204553249249956,30.196268689447923,0.2177531115939556,32.046398658681326,0.07478541453690911,75.18803359612554,0.2521463884406806,-36.902035875779006,0.25574043738079355,-34.13108758809892,0.14579190792571228,-76.44724294212097,0.23811881554117573,27.814760731169265,0.16661760938543177,-33.227214383069416,0.003538588396999511,-76.27887332466057
128,2.56,0.20711403245004018,-41.13383848065366,0.09225652250131301,30.934771996220242,0.11184688738721746,79.75729018924582,0.21470634799832408,30.047170990391923,0.21672032051919146,32.17328632613227,0.08669264659239573,75.05624152150658,0.2499320860093379,-36.79801456543082,0.2512968730422461,-34.11633528164541,0.13090832848676398,-76.66819868717691,0.2621828121615817,27.844148125822493,0.16854970725350735,-33.10922595390096,0.018267253088683218,-76.45202227236355
129,2.58,0.19951315908022105,-41.146838825766245,0.09509008987156857,30.952434660649228,0.10952360298319137,79.41358232800094,0.2228383902890073,29.995806263567488,0.21879086800308392,32.20248965367523,0.0884716839770221,74.96899266223895,0.245104555886458,-36.79801456543082,0.2535533416211618,-34.117769174785984,0.12495660524529503,-76.66819868717691,0.27191451494981417,27.844148125822148,0.16665631432797914,-33.077836686903865,0.01960396892447364,-76.49615992610389
130,2.6,0.1868723227738575,-41.14455692294339,0.08484968239971341,30.95223672644668,0.10993124384118598,79.39990106131238,0.2353700871225615,29.99514638046068,0.21966878351765126,32.20248965367523,0.07358385663536257,74.96989272442768,0.22986347088400816,-36.82206351179995,0.25447845959318366,-34.117769174785984,0.12767997479399312,-76.84060645483765,0.2630410985698187,27.861511500637388,0.16264458437676563,-33.069420784814696,0.015187602971421401,-76.5369234459623
131,2.62,0.1846901193608012,-39.76654974272728,0.08183262265912741,35.861344407719386,0.11820206709149167,83.57626893138317,0.23281865963698248,29.771032588794164,0.21789550101637242,32.885360622106376,0.06968676731420183,74.62005564352064,0.22475525351028444,-36.14987268100329,0.2580914621612576,-33.348974307491986,0.13521815223866776,-76.92033620057578,0.2589804652975274,27.861511500637388,0.1622706780173449,-33.04472619768175,0.013354507541045894,-77.04741828517405
132,2.64,0.07360693760372466,-32.364066252515634,0.09582096585367242,42.15413987314063,0.0062546704796695605,86.61956820749792,0.3794617850639387,29.00356889760513,0.41519668461317766,33.89215482876246,0.004357480340469122,74.72345995493684,0.1544336679805188,-35.29751090381248,0.12288476532305109,-32.82856038757335,0.09248481205511463,-76.92033620057578,0.2211233119205113,27.861511500637388,0.260536458900353,-34.054033865723014,0.018596134226142577,-77.04741828517405
133,2.66,0.08725743056924733,-29.148493892813086,0.08054945770810606,43.35276758062203,0.0015111054726076128,87.29161602600095,0.22029248769154997,28.246230686791584,0.43372892756687187,34.140715099452635,0.05357557602317709,75.19794341844866,0.14768321726225697,-35.14986347672118,0.05625448147716886,-31.847278843621307,0.09591488065176103,-76.92033620057578,0.1486392374609287,31.29043432457643,0.3337858496475011,-34.59806711536678,0.09976891181811298,-78.25648573871376
134,2.68,0.06701781713082929,-29.148493892813086,0.0007564411613864922,49.548874048154055,0.0016270005411066562,87.69741056180965,0.025305497572838724,24.92507914171072,0.365046601303767,33.945312250527614,0.02095484666476821,75.13172201706941,0.04956257020654373,-35.71500285105242,0.04889496133379423,-31.049409538341997,0.015760982673783848,-77.53166722713983,0.01725367221525135,32.71379429822435,0.34197898732884435,-34.835168483945814,0.13046347726427993,-78.41239865541249
135,2.7,0.06809361466343058,-28.256777190820735,0.022112055213495293,49.90281631105698,0.0027699387727954713,87.69741056180965,0.15758550793392018,23.787775615402936,0.34288619782463137,33.84723835250624,0.0010505896238564051,75.0439659850441,0.02196256651567114,-36.45392728375044,0.10959229469310772,-30.318512939805014,0.008566508916083465,-77.83533424130768,0.11323968119337734,34.59515594436157,0.34358388608730495,-34.95607283410867,0.11668213253597641,-78.49821932368474
136,2.72,0.059699521468275916,-28.256777190820735,0.02961765942119859,49.803807226499416,0.001322556676239942,85.17945774638474,0.1632630793622049,23.820909666997544,0.3499365411338382,33.610716521162445,0.009037146612176368,75.0439659850441,0.04397335595962454,-35.74641731669119,0.11309593691214628,-30.30541386840256,0.007170702035443235,-77.53991465975172,0.17610726759237505,36.300438006024905,0.3584816590629637,-35.22727358061776,0.09484771637206502,-78.49821932368474
137,2.74,0.052545901573938576,-20.950802069294436,0.07188759153906517,49.28922292717861,0.009949759860628004,84.816871039529,0.13566726638602639,23.820909666997544,0.3696640204268021,33.71621166867468,0.03515293051789668,74.32175715844767,0.012502306909074378,-35.74641731669119,0.089394709899817,-30.150226235582824,0.005223263358960861,-77.47380122828356,0.1309094422210755,36.87432685003954,0.39366879183125697,-35.41166412093694,0.0022496153283534204,-78.2631191985581
138,2.76,0.08038308456458071,-19.763020219754406,0.057423539925228306,49.28922292717861,0.001798987989997756,83.82047902635108,0.02821102215822837,23.820909666997544,0.37038139138902787,33.34464977022226,0.05257463867746588,74.04329462058716,0.0005279276463428012,-33.85162214401271,0.11442911733546861,-30.293682212584958,0.0030100302222579585,-77.45900477734335,0.12526700162486443,37.42785032368073,0.40606207528632815,-35.41166412093694,0.06596522070733457,-78.4621747639649
139,2.78,0.13497834714853865,-19.9491078853583,0.1956920486787721,50.75071507963799,0.18702737193865399,83.82047902635108,0.1202825315917098,21.298464769709433,0.2100966596186209,32.68470403313006,0.014439462719077378,74.04329462058716,0.023807165143286582,-33.91242346045709,0.02323972120169202,-30.545858679824924,0.005347444720653812,-77.45900477730531,0.1521658554130102,38.03957896290901,0.3751222187198594,-35.389209856724996,0.021754159438135263,-78.02874469065186
140,2.8,0.047586364844798466,-19.640896695933826,0.0861979191834383,50.85846386733402,0.10692172880541088,84.53898963828323,0.12687747140155378,21.0792417900086,0.19028273733655182,32.141416889809854,0.012996858257064257,74.04329462058716,0.048162110543684536,-33.95255821370804,0.041919879948874854,-30.566988050534167,0.005377235674943681,-77.45900477730531,0.14637485266747713,38.06332966283299,0.30283057029570964,-34.971455136239136,0.04022474455526186,-77.5986610260968
141,2.82,0.03004547026288946,-19.640896695933826,0.05420480564803668,45.57773418881676,0.08665884154315437,81.4710286629017,0.08800783174687267,21.143887552462235,0.23004330137865417,31.289708639908355,0.025559280344265436,72.94893352516416,0.029083350491220645,-33.12313715072115,0.0590413404035667,-31.004299301609475,0.0059038793778805,-76.99082604829083,0.10351433592088899,38.68056504114663,0.32979917802095043,-34.810640134242476,0.02662647205957758,-77.15507859113042
142,2.84,0.1256431610263305,-14.229466457447113,0.010681148891075526,39.58459564940241,0.18176065417243228,81.4710286629017,0.15346951133460196,20.95070847630073,0.16612682399071652,31.57868455821025,0.037116049313089025,72.94893352516416,0.012706782225255188,-31.760212196113308,0.02015396912430116,-30.97075418668863,0.003035103427153068,-76.77286415509461,0.0385691507324413,39.305300913468336,0.2845228049155585,-34.75438086406603,0.1500593678935361,-77.15507859113042
143,2.86,0.00940887127449718,-12.321459369075066,0.012995609942130679,34.87572370287879,0.08058898573659157,81.4710286629017,0.026411621782561037,20.28483545849595,0.2553427130133644,32.04806250249824,0.08414449546663558,72.81395035023743,0.01914880188557563,-30.9249467090419,0.07188334263634313,-31.38025092578721,0.002710906222154251,-76.77286415509461,0.03310268896797666,39.64605382901163,0.3593908355060001,-34.53153219600389,0.03233284758919207,-77.55902978852366
144,2.88,0.1380521224115257,-12.368280431054611,0.164131150623565,31.761471723678635,0.02097039393525581,65.67543749189106,0.022333390561623322,20.215669196238338,0.18579268898956144,31.554815200771962,0.02855910242206764,72.54119442904504,0.040288168337269205,-31.109150485840296,0.17417536692806898,-32.29073891625217,0.2266263722537451,-78.6136861722678,0.03848067894251873,39.2088283338526,0.14707169192125977,-33.561619436124616,0.053080342969174195,-77.50305934569357
145,2.9,0.17020650229990864,-12.560119518768317,0.15254589517333794,30.733949860865895,0.03918494726751809,64.96409285587882,0.08507156674871931,20.487661532834284,0.1306100653934497,31.15581971769727,0.07809234643635163,71.56664472942487,0.06194639269370439,-31.256067207663527,0.10420929785174425,-32.31817839585939,0.20453243175773195,-78.83385073046263,0.06616639208568177,39.101246144180934,0.10816895676075731,-32.92933177194616,0.06614347042783625,-77.50602640311519
146,2.92,0.13834443883603217,-12.571515610677993,0.1825889177744921,30.302507885206246,0.0021230835996266374,64.43475246786024,0.08692281646431105,19.634048011598544,0.13343792709078614,30.73740429053991,0.05669268268466376,71.01267883309539,0.06440178071405395,-30.794105282772364,0.11612428479546957,-32.31849019958861,0.19443019137193662,-78.83385073046263,0.060220897090084186,39.01888401840311,0.13538741322921813,-32.84538348505077,0.06700337549542904,-77.42574904524261
147,2.94,0.1546715412069127,-12.59777965997398,0.1560621713455414,30.18384433373038,0.06011868816731409,64.64475445382269,0.13373068630459126,19.384431223161663,0.10651740239663741,30.5418758823833,0.009058449343459271,70.70369524303801,0.18294811137778666,-30.439652765639504,0.11979243666153544,-32.37127544382003,0.2031532242855064,-78.18926360960728,0.07547612308684215,39.7072426884764,0.1287416760180968,-32.84538348505077,0.09248094456054257,-77.24042487841773
148,2.96,0.1444548740514786,-12.47180381757526,0.1881509944447432,30.18384433373038,0.06548214954966217,64.70273704662337,0.056895484310156536,18.217747154368016,0.1032183824353542,30.495781418621632,0.0011646123948577387,70.6087030942131,0.1542308270115209,-30.139116559290184,0.11700498659529336,-32.3673315260633,0.15165319101903557,-77.63774837460575,0.11246740491145202,40.419113739754195,0.1580895883734522,-32.903082557105506,0.08083358595503633,-77.26402082041949
149,2.98,0.13378046287720008,-12.47180381757526,0.19852494501557122,30.29930401653555,0.052681037474834755,64.71175688671224,0.010777218061974776,17.842704638812535,0.11153695071271566,30.495636126388227,0.00013783984630868595,70.55167860762897,0.12603631542917001,-29.62690122171727,0.07857040259120031,-32.43951085486581,0.06692829602122097,-77.63774837460575,0.13159158742263233,40.419113739754195,0.18238019893294127,-33.00138803726761,0.05457264961845548,-77.38030481467571
150,3.0,0.14210726940549184,-12.385103620254416,0.20522423300259587,30.333060424316685,0.05988077126074367,64.70792679185335,0.016830597685490084,17.7044722563846,0.11095373284114524,30.49821929480014,0.0038006043517843156,70.52988539038678,0.13537698830889808,-29.543382986448833,0.11060387927756161,-32.44348241613205,0.11389970193649486,-77.63774837460575,0.13188815044126978,40.419113739754195,0.17616824227567804,-33.05414946409766,0.049168488484568895,-77.47339326707787
151,3.02,0.12950195690944258,-13.024831122093637,0.19401388823898985,31.180720626543156,0.04712485905396953,64.70792679185335,0.04838040023355027,16.44690674434767,0.121345024279813,29.39089873945768,0.00313016823420658,69.62689877953326,0.15148383893944684,-29.543382986448833,0.11765009494873137,-33.15485436923115,0.12817547907570623,-76.84860755474482,0.11294571901930212,40.343170196154986,0.1641714435691204,-36.53046352626925,0.049028864132323775,-80.77194665058047
152,3.04,0.05619473438206382,-13.260357790426939,0.3292236211117178,31.832182236703762,0.014329061526247222,65.78377553637678,0.0103535918961151,15.704319701950261,0.016247536475553822,28.980901952112895,0.040723743001216756,69.09138046278949,0.3293815111126332,-29.23490148822369,0.3125724201364191,-33.275138088063905,0.20358044936505643,-76.8907851829951,0.052833364095465664,31.95332877634527,0.09825342763091605,-43.12291591868427,0.008641272924164526,-85.940494773034
153,3.061,0.08856955444453227,-13.404962143396995,0.32080682939992344,32.27980520445638,0.17848019387027886,67.51119815352045,0.019528541913244435,15.25326196920319,0.07006892132705718,28.443460015179387,0.0075034133179865915,68.73920325723107,0.015296987943883796,-27.116926703957912,0.2843770821483468,-34.467271934893866,0.2067576877684347,-77.44027927223827,0.07974376947038142,29.93924914254859,0.022970998707420448,-47.89767175800002,0.0027016561653509558,-85.940494773034
154,3.08,0.08856955444453227,-13.404962143396995,0.32080682939992344,32.210225774362314,0.17848019387027886,68.06273671553629,0.019528541913244435,15.077075762488654,0.07006892132705718,28.206860677615218,0.0075034133179865915,68.72982072366109,0.015296987943883796,-25.808656033051907,0.2843770821483468,-34.41970705667899,0.2067576877684347,-77.29091254433116,0.07974376947038142,28.679357765257283,0.022970998707420448,-50.34804167037698,0.0027016561653509558,-87.93335109424571
155,3.1,0.1183166444976321,-14.02218144089652,0.2802541170279796,32.046164391549084,0.18057289640992896,68.22960166300992,0.009599464766138226,15.01953751769906,0.09172197739826583,28.013306200814757,0.009517448969806835,68.7298207236901,0.09422131874340788,-25.138103673726636,0.2625432637192017,-34.41970705667899,0.16948703454719713,-76.71494679631903,0.06637915623599785,28.521471009639054,0.03942951670807987,-51.154000157517764,0.003998412462245175,-88.14344382037618
156,3.12,0.12364005210818635,-15.18729421523821,0.2738642757100816,32.164168857474415,0.18836209358379075,68.22960166300992,0.003780553487776857,13.648142117878884,0.08942508790216327,27.822397819167012,0.00853350896766596,68.7298207236901,0.0753102522853001,-25.088757821026327,0.28410632358702437,-34.41970705667899,0.14206969522137713,-76.05808685651446,0.05443443011978052,24.851978346221014,0.051786388662067556,-50.75371993506347,0.004738053507845644,-86.6104799579283
157,3.14,0.09757676795979389,-15.701742715341787,0.31840440203507914,32.43937433852583,0.05893392369576573,68.22960166300992,0.0006005328560097821,13.559022398594173,0.03668228089382364,27.801935911742007,0.04231155572447552,67.32017666493418,0.22134887485019691,-24.68323952344797,0.296235622016463,-34.41970705667899,0.18969280704716837,-75.89582877149452,0.03474209428071911,24.851978346221014,0.07594886221282558,-50.48434146830691,0.007315274520811088,-84.3547890452889
158,3.16,0.08683900126425532,-15.73942228839726,0.3306593380360051,32.54538381297016,0.15103578578538288,69.65387756855019,0.0033026882959907695,12.963220567720686,0.083833805773446,27.801935911742007,0.002102949139678747,66.9933745550575,0.060355418668458866,-23.455248497559754,0.3122242673268145,-34.211806247329065,0.18941384469421546,-75.73225937746467,0.07872479148356559,24.851978346221014,0.07770134245673885,-50.2901756379883,0.0021555092628493472,-83.9508918434727
159,3.18,0.0973156941733274,-16.0753018908186,0.309778961483039,32.50159073613181,0.19408770662842775,70.18088546502285,0.010849036829514484,12.872643775297497,0.10078465281939382,27.527927168427457,0.00816411681364231,66.9933745550575,0.026469904592034472,-23.360846028490016,0.3183470844320363,-34.41735181242018,0.16448354042882593,-75.66059157142527,0.06457867704556285,19.24056691220105,0.07070450050481179,-50.267088920667625,0.005157816664340129,-83.55181978876045
160,3.2,0.11312468352267786,-16.197575417005634,0.2902658704977677,32.37305717541441,0.20521966814854847,70.4522255548681,0.0028199971537799843,12.867244148141795,0.09713079380383742,27.487477482659404,0.008200270318094957,66.9933745550575,0.03327033011950946,-22.608238398082978,0.31627853236138426,-34.436663503188996,0.13692112137526263,-75.20486638066637,0.051209172713922245,19.151426546765933,0.06685853755293544,-50.267088920667625,0.005437209669696665,-83.47077553782538
161,3.22,0.12023537515765303,-17.384665234740094,0.28070545877093156,32.37305717541441,0.19652388103479015,70.47561997862887,0.009860571620303672,11.805751602987593,0.08956184319371159,27.342064681502933,0.006662835960578232,65.66067096990152,0.01238030718929369,-22.835841926076576,0.31698218701234887,-33.98231583620197,0.12250487109720723,-75.20486638066637,0.02620635857500106,19.151426546765933,0.06686811363407229,-48.91312049233467,0.005709317426044931,-78.03648488192066
162,3.24,0.10130971717935447,-18.022824411383343,0.3078244311508217,32.752599600864684,0.04920074658292271,70.46868991460465,0.016152530378746373,11.070504014256475,0.05932538014715169,27.277095556121886,0.004995518798822533,65.16341613812403,0.22034261379084366,-22.194354467023192,0.27078719582886773,-33.87784482554504,0.17762647325179504,-74.35780027411938,0.005619688704760501,14.917272491858904,0.07338098182822296,-48.91312049233467,0.002165119341161838,-73.24197404667854
163,3.26,0.1043484111895924,-18.553251891244845,0.3229210092033217,32.41584496713676,0.12656457572720003,70.71767315852709,0.0028700430584579655,10.95107072999413,0.08120678554113565,28.41953660036502,0.0002843214515673693,65.19877983202691,0.047482369828027435,-20.686055782095394,0.30930596802547994,-33.117667620861916,0.19519289133407017,-73.99014696922244,0.04719411993100104,12.893499222317212,0.27744752812425927,-35.1107720827019,0.12867133317004137,-68.69296350861724
164,3.28,0.1204144626745192,-18.553251891244845,0.11757258668050558,32.128410697939174,0.012491496794993546,70.25538332491362,0.025364180477867027,10.992523376788705,0.16342744305208243,29.0902756943895,0.0712785641651527,65.32027270836582,0.05394685596594563,-20.686055782095394,0.07691965666909492,-32.16727688486278,0.06490070158891842,-73.0003342213362,0.07024576053312137,12.560999162865729,0.12061271180272203,-32.48679342463768,0.03397944482810321,-65.94055814621154
165,3.3,0.06998123439573525,-18.553251891244845,0.11158230356643581,30.973716681771997,0.002379396785094057,70.0968595713532,0.030198037344213946,11.000984063652995,0.11859374330891805,29.265626957699013,0.08825175484888349,65.44691355360553,0.014443746323440098,-20.265202622370573,0.06330945460453549,-31.77368760418754,0.030349747939620926,-72.59673051849154,0.11600141941164188,12.606982066213604,0.15045380903223451,-32.48679342463768,0.02034868012718259,-65.16919975168715
166,3.32,0.04882659111944817,-18.553251891244845,0.12414062202571399,31.157984139470223,0.007038253051472156,70.59367325409663,0.03675658672892919,10.735907159138518,0.1242364481410539,29.488810564495584,0.1200254097388622,65.73965770116165,0.034896393394181234,-19.748545267427467,0.08019496805086639,-31.378833167400376,0.036678804614077014,-72.06387210537946,0.10224641564889222,12.606982066213604,0.17811932545923337,-31.509042000177395,0.02679951297154462,-65.09121142695074
167,3.34,0.05527643750490837,-18.976875700132,0.16220416444590033,31.231801719461856,0.051932495295481565,70.7855550695238,0.04547731385875858,10.735907159138518,0.16129215860075047,29.687549014248244,0.09532625380573814,65.73829580525117,0.08337459112263264,-19.142451993273706,0.06646375420440184,-31.368044376470575,0.06698193030549605,-71.51151985435715,0.1221462658045045,12.606982066213604,0.15788796932213908,-31.252759574922447,0.06714169904825516,-64.94517247112049
168,3.36,0.031097663974181566,-19.238173232622916,0.17359568803151273,31.384358119168304,0.02589916138946412,71.0469809797603,0.06204511934955745,10.255506755607959,0.16163644729114063,29.768408021332338,0.062473421432117114,65.39383567419164,0.07122834525680095,-18.701032834278845,0.07859371741410703,-31.36807060004402,0.07584926628198038,-71.43072831688359,0.12652353627405688,12.676797383163228,0.1658896095587685,-31.252500585238483,0.05700365105377199,-64.94517247112049
169,3.38,0.015724059358770692,-19.442358177806423,0.17875686019027012,31.39233527056624,0.013597704306292844,71.0469809797603,0.06985511373926566,10.105656828031167,0.16108918732805746,29.795985722815992,0.04154331575371566,65.24193317254515,0.040524092042542946,-18.37077846081473,0.08203334526139906,-31.373067231317922,0.0726278232632069,-71.29933345680473,0.11756890308714918,12.676973387770127,0.17632707922506174,-31.252500585238483,0.0518436532570854,-64.91724666991793
170,3.4,0.012590363489817053,-19.442358177806423,0.1790040187277044,31.457703245642694,0.011688166587456124,71.26785376498955,0.07016688775702748,10.06106094717981,0.16143103458571906,29.804465249661792,0.03550999253728647,65.13903728060005,0.031811196638618186,-18.274478948585983,0.08310446983542855,-31.377271661304682,0.07371465872456961,-71.2912693562343,0.11369656339774097,12.676973387764397,0.17716505728392906,-31.25285293637459,0.051382015077869235,-64.89357862705384
171,3.42,0.01742579692709096,-19.489572112943737,0.17362405066403463,32.606480690243146,0.015451401821094935,72.16661196117808,0.06685462280236541,13.905078540666164,0.16110843676687986,29.804465249661792,0.04028988573876577,69.932865308159,0.0398558210790183,-18.274478948585983,0.0738775704005822,-31.531781424518837,0.08525339357526739,-71.05748662055626,0.11315268235393165,12.76172555504781,0.17525044367501583,-30.202903374407303,0.05483802910559322,-65.43428305377124
172,3.44,0.13524857685086725,-20.296787245882975,0.36440805494587386,32.812184459335256,0.0031199794246382444,72.8940295397125,0.016904103372644665,16.29093147068039,0.0850566829025236,38.574659780045785,0.004608573922231066,69.932865308159,0.07229159555032934,-16.698940705259083,0.25294806438263495,-32.73518164850035,0.27719426021722565,-71.05748662055626,0.0007777567325946007,13.468554164675442,0.0888584652555516,-29.357931320500867,0.012736308396781843,-66.03975243166957
173,3.46,0.10965985056012871,-23.09247037144606,0.40149809637826067,32.812184459335256,0.08261161466833544,73.47213275116052,0.07417959665031149,18.32319466883596,0.10313515024289072,38.574659780045785,0.006367578041431675,79.22264812689207,0.09449872372558503,-16.681303374964692,0.3615188129465822,-33.88421878595186,0.19155558085368804,-70.61869418553157,0.007239635132639489,13.421303730039167,0.09055841696632906,-29.244856490057852,0.006635620367793893,-66.19834509039946
174,3.48,0.2171257978084774,-23.802763250021954,0.35091744397922836,33.66732840465387,0.14635292728818317,74.51487008775032,0.0874418118783666,18.32319466883596,0.04062357761703236,46.934854583614836,0.00898430046435223,79.22264812689207,0.11448576459693637,-16.659702119918716,0.400680839209154,-34.17610369089709,0.07342521854434729,-69.62044086116703,0.026506760602956737,13.572168868631383,0.0607819665097719,-29.128874691406065,0.002088640399605119,-66.19834509039946
175,3.5,0.21175267369295495,-24.22913522107072,0.31540333109131075,33.66732840465387,0.20391527454815733,74.9282805307061,0.06939196728955849,19.356823425441842,0.07240992145414032,48.47621927774173,0.007054573746388292,83.03818256746109,0.09601550202290621,-16.575993275815684,0.4060567322438559,-34.37448722331527,0.0035819437514113418,-69.0099580632046,0.018896453850309736,14.020944351713677,0.056064743236029495,-29.507245687329608,0.0030119968850204765,-66.25894434289562
176,3.52,0.1748464073065905,-24.22913522107072,0.3022108800538077,33.55134827223452,0.19626713858188732,75.64880973680533,0.039750337755307716,20.519850337625826,0.06024469171685958,49.677724204874394,0.005039111432191117,86.43598333633084,0.0853025344612788,-16.0433861311388,0.35996044675696126,-34.1171826904163,0.018252480150192606,-68.50973660279247,0.0892136474193007,14.930833356887396,0.0067609389583660065,-29.587586336351432,0.016082753195154686,-66.25894434289562
177,3.54,0.09109115351555204,-24.250442152910985,0.30216933406143753,33.35628659480086,0.13595871771240148,75.64880973680533,0.033747375793013734,25.5081041538044,0.059354638209046635,50.068099661730486,0.01156559965331097,87.0020065855915,0.12656017518468468,-15.265016036792092,0.33053888973182466,-33.76558269031327,0.12731769526998699,-67.99495847006584,0.032944280640301714,15.402872540042864,0.09221078524770251,-29.387270766321368,0.015816484166438893,-67.92732003671867
178,3.56,0.07511831418659022,-25.434078042693173,0.2916537180549707,33.281512350673,0.14578936736588866,76.02544389523642,0.0795525295837226,28.06348465454581,0.06918339790578724,50.12922171970561,0.006381190337805521,88.09139843126037,0.11821751485086526,-14.677194489385338,0.3375620819028684,-33.78416231685367,0.04736268982388482,-67.3629139200251,0.007818234903540318,15.402872540042864,0.06784066661516633,-29.381783136977287,0.0070363095745970055,-68.04461681163022
179,3.58,0.15716921972291456,-25.862437695546312,0.3076113045402564,33.281512350673,0.17743889384459083,76.25175712254227,0.05947647073748815,28.376331730746237,0.08498286926237343,50.20619197341054,0.005614302983528077,88.49137734118713,0.08228182660104241,-14.495735009993139,0.3744615432021958,-33.86100204976933,0.012614104945957232,-66.94026485048289,0.010409542620785701,15.767346650336934,0.0642095694954365,-29.638820704490996,0.00360455026032755,-68.36251631464158
180,3.6,0.17510660207341422,-26.422889403296494,0.29444424504076994,33.24605862847749,0.1812292137450903,76.3262610287204,0.047268815517445766,28.654244827702772,0.06854315918925936,50.233461818680006,0.0049806304589434195,88.49137734118713,0.04424502087890401,-14.495735009993139,0.35222752686326614,-33.86040038521069,0.0003868491471381806,-66.80251779082988,0.029772699097923426,15.816424980291691,0.020403750835972734,-29.76607639362965,0.04160037715252567,-68.56927756438873
181,3.62,0.13709683254579144,-25.729954563111235,0.29403984933100535,32.98327354935909,0.1723300031259213,76.57188223691938,0.021776494809871306,30.277675184174388,0.06985480877667899,46.75790686917677,0.005621973575458138,88.49137734118713,0.02902515051853533,-13.402924854817115,0.3432987803258543,-33.46832387491404,0.024623185897589543,-66.22854241490577,0.0205099934028148,16.93073562955695,0.02029249737984557,-30.23921839023894,0.02874930168281301,-68.56927756438873
182,3.64,0.16270443526209832,-25.729954563111235,0.2738893015156075,33.000498467219174,0.09139692495902942,76.54332161512012,0.011837094129978675,36.7402939386706,0.04102928139782107,40.46511140289661,0.013356270450023378,81.28023568914556,0.06286955613675198,-12.249170259898936,0.269409138097672,-32.81744684323702,0.09254478654499738,-66.22854241490577,0.017901243112274826,16.93073562955695,0.001494439208634052,-30.25791914245114,0.03090471638764852,-69.45653400870587
183,3.66,0.064026238253712,-27.584559878533707,0.2836082080841436,33.000498467219174,0.08680538514742324,76.45210870030618,0.0804229923690131,37.78441387814228,0.058561183948931235,40.46511140289661,0.004440312590199651,79.69764498207742,0.046280056087569715,-12.085068867932572,0.28572931046340144,-32.596354179105354,0.036822545903145806,-64.77387972652384,0.00541405562352937,17.381611169936022,0.0159388160510806,-30.826049802076316,0.052024378130004094,-70.159086352812
184,3.68,0.0015167456356911212,-27.440935410912346,0.1435409604667831,32.245657281924004,0.08005056394293704,76.34408926042396,0.13806575753419717,37.78441387814228,0.1883027899226724,33.218437796813696,0.07575306212265596,78.13945794630331,0.05902618168944654,-11.941126373206611,0.21782481515880403,-32.08764193184098,0.05857642936094517,-64.19365919248729,0.04878621236451169,17.99921905831779,0.18498197112909467,-31.225232283682665,0.10558877935683673,-70.74597592199035
185,3.7,0.04458890488923921,-27.126636883898026,0.1298775315277694,31.685834783848797,0.08011533461704803,76.2708631421614,0.08812800289426996,37.82234494603757,0.16680440648300568,33.218437796813696,0.09417857966285573,77.84560190540194,0.056755150007928065,-11.937874795771208,0.18225129850202965,-32.08764193184098,0.07728900815448492,-63.80277907480148,0.059868535036561386,18.32646414488384,0.15380220717666812,-31.773899424799335,0.04441807153194705,-70.66004918532127
186,3.72,0.06340303086149018,-27.580859367270385,0.13129406753429246,31.685834783848797,0.07386904594308624,76.53954818722828,0.0696229900404291,37.7355498536787,0.18970253153961536,32.33938620211036,0.06878185517483895,77.82259656374336,0.08386667107780235,-11.768551222039383,0.21249364182270875,-32.08764193184098,0.0566922176211787,-63.73103031310175,0.03404152716433017,18.743959912902653,0.14778019208004312,-32.18868699562146,0.028697619302413737,-71.05466097579485
187,3.74,0.1972501745935084,-28.016157854808643,0.13164458734460605,31.48091978696578,0.060734641911732105,76.81057191642789,0.1629448453626829,37.45050255003507,0.22211727358655056,32.32987961976766,0.060931542772883256,77.80357627165958,0.011832111528286353,-11.505410087294418,0.2501821151247118,-31.979123721986983,0.07753088161873731,-63.73103031310175,0.08447985184591619,19.17623526991771,0.16240968463029046,-32.18868699562146,0.013848986889065208,-71.46703881179981
188,3.76,0.16545023455618382,-28.27929981433596,0.1495285280279272,31.50733000862246,0.0683335856201075,76.84233295267245,0.192989884634908,37.1011227996867,0.2125754476253178,32.30519106229311,0.07483765732186348,77.76449272840976,0.019021152692469484,-11.234667150476698,0.24265507640812137,-31.979123721986983,0.09501074757379913,-63.39394661911001,0.053507367936229414,19.493655712659656,0.17549740808266454,-32.529352755458106,0.013523425873211955,-71.66307628446928
189,3.78,0.1596789528780036,-28.361563490714154,0.1482668390941605,31.511795684439118,0.06359831623669157,76.89533117159365,0.19556230450662257,36.91077131868874,0.2049811925025862,32.28789022488519,0.07986987827434926,77.65418540198748,0.024190604623514803,-11.101527854272296,0.23859828782280026,-31.974513144614622,0.0930235468203836,-63.359648185797,0.05189569090388699,19.536900898931602,0.1763718617858108,-32.574595672302664,0.020557748837386824,-71.76324071385218
190,3.8,0.16806907701412874,-28.363682108916564,0.148461961252738,31.526815242873052,0.04764808136309216,76.84986244685165,0.17658892940326823,36.91181263481554,0.21088765317821095,32.288078390218196,0.0756468892984216,77.68045313009893,0.018722664273566836,-11.08547968395053,0.23072354509202728,-31.97362809783882,0.07863364128985384,-63.36253857522077,0.06111054336691778,19.551690197747053,0.1719232540925292,-32.57870962617465,0.014970950634201983,-71.78077738584784
191,3.82,0.1789240699631297,-29.460078097165578,0.1385125687170536,30.284993733400544,0.05020000642156609,77.01304295837204,0.175180328397543,36.73630455419266,0.21492076957313325,32.288078390218196,0.0677107476367512,78.73671627530969,0.0069173875150867975,-12.961036877038737,0.23157694132193082,-37.55457921507565,0.07973822151640407,-68.15704941607416,0.06993133523383138,19.59206861410924,0.17078812140667496,-33.57957902516801,0.007322039382326018,-71.78077738584784
192,3.84,0.007016948192198769,-31.134824675010044,0.10254934524606743,29.5035006446682,0.01124992869747942,77.01455509546112,0.08428029026517639,35.71609644397312,0.3178951616658749,33.139510908056785,0.14442401672906763,78.73671627530969,0.010754845157218702,-17.939282241495754,0.07154531688570767,-43.547717753029175,0.007218432468420866,-74.44984488869437,0.16494092969812008,21.246247752560745,0.36232842641163565,-34.03113988556061,0.004654667574052046,-72.90012822960122
193,3.86,0.017852094541380377,-32.88021500829229,0.09373518270966505,29.248134329154333,0.0022756448686569925,77.01455509546112,0.03528749199224144,36.37584546120598,0.39682916071979174,34.17134779779095,0.10724450605256866,79.14188239035497,0.07621448481347436,-18.72398985465318,0.08215513539916482,-47.10375557610504,0.006484927261398978,-76.54744337755697,0.10120727972487313,22.19009104756769,0.43964782348327763,-35.18563471166346,0.010166003898783227,-72.90255050344554
194,3.88,0.0511183134623396,-33.066785148067474,0.07191227442445694,29.171358747162916,0.001960489903996491,76.97285852472481,0.09735464557070185,36.37584546120598,0.4292231626501856,34.34999107391289,0.04537835587064483,78.73074511682017,0.09283614389037105,-19.632760079228763,0.03780756248915761,-47.10375557610504,0.012717477302439143,-81.76019971898374,0.19728719359060928,24.234914017066497,0.4367060830382869,-35.43547795253183,0.01555445202393077,-72.91215196541386
195,3.9,0.0482609115042333,-33.41773426615838,0.07822912649298253,29.065779487529287,0.0023806819483515058,76.97135672069264,0.10462173050694022,36.90828312669737,0.44887779473218303,34.61312118350502,0.025612306015647252,78.5934358431118,0.07266797852160017,-19.872043363843467,0.06414319709859018,-47.10375557610504,0.01393109164818711,-82.87663417179817,0.18054111696726194,24.33139554776637,0.42042632468460106,-35.584646402339786,0.002718111629328326,-73.03258850168666
196,3.92,0.02106123948347253,-33.697659963549675,0.09015966339611466,28.99027878559252,0.0021712665164604736,77.34380967004984,0.08030171784454536,35.96148051993394,0.4330163239325943,34.597161489156875,0.01918142847498528,78.81450727544029,0.034732370311440795,-22.66195488206755,0.06989791168057223,-50.54936790370717,0.006594553547238168,-82.87663417179817,0.09930943026695953,23.463700006386333,0.4065505505314367,-35.584646402339786,0.03137208384910732,-74.02338249460342
197,3.94,0.055616739089051875,-35.90536953232644,0.11371714254094195,28.81912405619791,0.012516252557258276,77.34380967004984,0.12696643822552767,35.24346814050034,0.3829060563033874,34.597161489156875,0.12427422237247499,78.75929939890293,0.02324773176338641,-26.642096218732593,0.042530333951048244,-51.24824911369903,0.011696146779741628,-86.92862217957273,0.20427087118700651,23.72877231899941,0.38166695127194483,-35.584646402339786,0.00045385999923020377,-74.2037938352004
198,3.96,0.027894491414937817,-35.96821862167669,0.08282322160487372,29.147033461888572,0.00455865268576526,77.45865443125344,0.0712341153511995,34.546949843106106,0.36817808117877193,34.209576993036315,0.04500160625122377,78.3992680082229,0.05744280897269372,-26.642096218732593,0.055090532927719774,-51.52261847136556,0.007379187535481703,-88.4164195357903,0.0003246509137276151,24.928467275848572,0.36862096797581345,-35.132740726781286,0.0008312655893334291,-74.34507255466448
199,3.98,0.030326146840542755,-36.17114425141473,0.026704574214373784,29.293569598659023,0.0015805610117013563,77.45865443124423,0.03913643615001044,34.02384116732981,0.34280996133693803,34.07115612661294,0.005999495816732989,77.752061197306,0.08567523209024766,-27.83512586537516,0.03790619701857486,-52.36610581452262,0.04105736693454376,-88.63327880310915,0.018934455384286474,24.73288974794318,0.30585633358216036,-34.87448943894182,0.015315785020097498,-74.47454010663782
200,4.0,0.0011041964687409636,-36.11641938623916,0.06263804151017771,29.293569598659023,0.004400008072666563,77.46129604177375,0.02427079859978296,33.54109053912998,0.3425316462137263,33.92490208434944,0.0067774490096485,77.6286063332246,0.05871691572260953,-28.04091714872747,0.008768862248533542,-52.34379388919059,0.0264432116726778,-88.66210925349046,0.09238933508813109,24.71586762953939,0.2917537700252993,-34.55383109366053,0.037549537596353384,-74.75488999805133
201,4.02,0.005048943979187821,-37.80556452873656,0.071259928731775,29.252406307727625,0.0054396960226026966,77.7138605153186,0.0363498633821304,32.630326985138176,0.365830975021135,33.3026180053569,0.0018024263591440663,77.6152409772605,0.04914949939690393,-28.773283839366123,0.015078209935119123,-47.88419234809456,0.03138519141475386,-88.73416912874914,0.1059833609370754,24.71586762953939,0.30663981878893914,-33.665378077452154,0.04955559148186113,-75.4797338870337
202,4.04,0.06619555231955213,-37.80556452873656,0.05073557641355099,29.5150458624104,0.011620549045153904,77.84270550827256,0.14538979241682568,32.335380369723175,0.21526128627942842,32.68850370168136,0.09586701130063323,77.64165593727097,0.13131470357798597,-35.791323107620244,0.11073093305133314,-42.79002459004409,0.035168697566329156,-83.03637697892962,0.37593798884931184,23.88016055995251,0.13347491457477648,-33.292590223911155,0.09371534072123919,-76.17148635561601
203,4.06,0.030465813658613932,-39.02608439438337,0.032351419738361996,29.494263846620303,0.003706454294752926,77.85395609206101,0.20539344746530755,32.347158050227826,0.21660193591462099,32.70185390296315,0.047447642205581175,77.44055052312194,0.11936499497324524,-36.75287369751116,0.2083704741924092,-38.11578051375501,0.16223456326413294,-78.26624263650943,0.22224677995782144,25.049658127812226,0.0914340795053753,-32.626578447908216,0.10855087211800928,-76.38108353812021
204,4.08,0.005880637026077166,-39.29095322172634,0.08257127848351985,30.52869759165557,0.006516727212027052,79.62489957913446,0.21285928231475423,32.41062309718108,0.2967155228676751,32.0709750210541,0.06559689941245372,77.44055052312194,0.13660519831889906,-37.44883593883483,0.019211423721665365,-34.491903963146505,0.06801221688980795,-77.64998901639613,0.22959185660692152,26.286313011965806,0.17692286260618204,-32.626578447908216,0.11515295901067274,-76.48957179584534
205,4.1,0.13696591352233983,-39.83713504973256,0.08072989347206923,30.706782431143527,0.2191271214302165,80.12234662539844,0.06090318157978334,31.297396780599982,0.13199344630163615,31.677361548131824,0.007423577015288875,77.44055052312194,0.11312644808418104,-37.83660295151321,0.18066936675306816,-33.88437786978119,0.15447518956009518,-76.71272162185564,0.02618680603996516,27.04888341035151,0.16906109001225725,-32.626578447908216,0.05296434422963346,-76.48957179584534
206,4.12,0.13923958547186815,-40.5875008877729,0.07483879457814423,30.706782431143527,0.2026707289883259,80.08424747196892,0.06790043210817664,30.645968833583137,0.148194255332012,31.578271663842717,0.02831963632792681,76.65856861335436,0.10945418760030874,-37.62404606303081,0.1882082245153404,-33.60971814837369,0.14246958334720636,-76.76869294784865,0.0054126013620059985,27.94723844852244,0.1501495086017877,-32.88482557268318,0.056891400293252396,-76.5941444932738
207,4.14,0.20930453015081546,-41.12113669697293,0.046945727268589914,30.60934836481782,0.16491670082514454,80.08424747196892,0.21912392184272286,30.15115117717994,0.17088339220305393,31.578271663842717,0.011046086084735842,76.1742278316315,0.2076393885996376,-37.52521856111499,0.2087939729666269,-33.59819417365883,0.09460777584606747,-76.76869294784865,0.16941304160377477,28.519033180637688,0.13845408422825084,-32.82378330226083,0.04924060370317167,-76.89218491515595
208,4.16,0.22436938971708179,-41.12113669697293,0.06896594454509707,30.68665561307015,0.14569494564748156,79.79116747612332,0.22170926383914688,30.05521042077099,0.1712076757448014,31.668083185665903,0.02600419766530507,76.1742278316315,0.20856223846015703,-37.263384626154036,0.2006097916969561,-33.54423004782948,0.08433314391487441,-77.19944336760146,0.18181031736464265,28.607635680088517,0.13747634626956384,-32.73795028726278,0.07525417369164449,-77.09787553320868
209,4.18,0.2164766887710977,-41.3085404710867,0.07337916439962998,30.68665561307015,0.13412646183689886,79.62933178158752,0.23052709722563014,30.065492408564154,0.1761580646623442,31.709932164046837,0.027268824807423306,75.64703155631818,0.20174748698545236,-37.21523135906411,0.20589885353670984,-33.54801845163377,0.07284422467426126,-77.33814457152313,0.21017958847306648,28.589052158696145,0.13372685645006996,-32.66996038448761,0.07881554016732202,-77.11497339431517
210,4.2,0.20536232970681945,-41.307510133733025,0.07325632674898748,30.722707086730235,0.12969284047478755,79.5836494833668,0.244611171734596,30.072575733149773,0.17931911266903258,31.7363154446343,0.024864140068569546,75.64471489939055,0.1835180099686043,-37.307417291802096,0.2157648262393395,-33.52136695799035,0.06919411393082851,-77.33814457152313,0.21792893658849352,28.589052158696145,0.12889326162195805,-32.618994161703334,0.07006842361391898,-77.11497339431517
211,4.22,0.20223186862758064,-37.22651008851162,0.07256822961631136,35.03261755886465,0.13250132614293358,81.68006983605927,0.23661296248507166,29.669940775489355,0.1756634096933169,31.96155851393617,0.011804992467158387,75.31878987156611,0.17816986336833768,-36.29630784863165,0.21663625050329988,-32.76479665766739,0.06535962574752144,-77.55464701919315,0.2184798726469527,28.86143844263737,0.14264205059034693,-32.618994161703334,0.06236084183845777,-77.34545432164569
212,4.24,0.07019104036879348,-31.436224651677673,0.07891362834163199,40.42644224383336,0.006269509313465167,86.59495461538926,0.34401919976642514,28.674038234603717,0.3643552227492747,31.96155851393617,0.02482742062911929,75.26174776487078,0.13040896408406263,-36.29630784863165,0.08946638673529327,-32.31733412205171,0.03381496441016509,-77.31226294619395,0.19140517932050677,31.23273581838872,0.24091090423021153,-33.524367378036956,0.04958474663194643,-77.47702890910155
213,4.26,0.09140630227369968,-29.06264486767719,0.08139053460270423,46.152852491734166,0.00045548242491424154,86.59495461538926,0.21159199631153086,28.674038234603717,0.3911496355772483,31.96155851393617,0.10675814354405214,75.77241381729655,0.12446640007393166,-35.53110266727556,0.022598504180765897,-31.384349887868865,0.04855461131633745,-77.31226294619395,0.1000793520844132,32.194197940951305,0.3149909824480898,-34.20538773440706,0.12730577578100669,-78.48548885227724
214,4.28,0.07098719536849714,-28.46155937231838,0.0012934274710403523,49.38351522834903,0.001197259814712728,87.7502059129611,0.02807873210993367,28.674038234603717,0.32654241730264405,33.59427507493669,0.07739203424507787,75.77241381729655,0.03178639971738278,-35.53110266727556,0.07822371276910617,-31.062773616159838,0.001972999598312801,-77.72855797447853,0.028842194689815463,33.3345639715505,0.3315056638790803,-34.64190669464096,0.1605402062263869,-78.78592143052958
215,4.3,0.06978235494692318,-28.46155937231838,0.01941571139703119,50.23138642872666,0.0018756070967297536,87.7502059129611,0.14673676318962361,23.785332944699014,0.3088611497804969,33.4139040993374,0.05507459612466543,75.52632152369684,0.02407943543832798,-36.456405973519104,0.11093669284120862,-30.250329661383894,0.008057590266917228,-77.73686674855736,0.14773260593950463,34.45944595941172,0.3255006933482747,-34.71772566721943,0.14767898677366054,-78.810227145104
216,4.32,0.05725404235852734,-24.516076205497246,0.029482138468664397,49.79040017110635,0.0010623676520627482,85.01048070584292,0.14008772569843275,23.977925300853087,0.31551549146338154,33.23028859829415,0.03970754328673578,75.01005985854944,0.04171581185785578,-36.04673916315037,0.11167789591957636,-30.235442540568403,0.006753510291541457,-77.48082096439094,0.1925157362242651,36.55777744989961,0.3296056496182403,-34.881365194246605,0.1303812509721098,-78.810227145104
217,4.34,0.05925640452036538,-20.68326509229758,0.07429287966764972,49.262755383254884,0.008883767983562938,84.15428256439611,0.1481373497800071,23.977925300853087,0.3392789953384471,33.37202539341971,0.08149178778262904,74.78613656833181,0.01596724299553527,-34.28653414619006,0.08855984480629009,-30.115251330405158,0.005291103308768628,-77.4134006513702,0.13644678138731076,36.55777744989961,0.3611431249724237,-35.14645626834845,0.047541409216457525,-78.60024910905172
218,4.36,0.07901076728557668,-20.68326509229758,0.058079705430361145,49.254465106541325,0.001135801252613681,84.23474482185328,0.015097255507262293,22.698364310055116,0.3389226848430691,33.37550365514966,0.09500438160835241,74.67490305428835,0.00549453412715839,-33.773436232903556,0.11163594559172607,-30.267033309523356,0.002820215063573011,-77.40742558986948,0.13249493786927372,37.53842214017763,0.369276777651163,-35.16998951605085,0.1114761783048372,-78.85816009863795
219,4.38,0.13017662270362204,-19.801562149793813,0.19697612782629026,50.87420212779809,0.18049691086979658,84.45745548676297,0.10528588441978397,21.39512475361115,0.1766261099756464,32.46192066355229,0.02475306660605835,74.25002643327412,0.013929470375725624,-33.85818718788699,0.02560520688577017,-30.464058439778494,0.0053987669506712485,-77.3986186572469,0.16290828518549763,38.11995743324396,0.345159969157557,-35.03060319113899,0.0666987225417767,-78.85816009863795
220,4.4,0.04726653747434032,-19.565995465851103,0.08584705202169407,50.85070154498264,0.10529025959861715,84.38656858554351,0.11268603144714882,21.228935283767726,0.16015051619083448,31.81528585924654,0.024477878402048594,74.03485941035878,0.04682019817476176,-33.90641490454371,0.04117657245990467,-30.464058439778494,0.0051958137280409605,-77.3986186571849,0.1661039285198474,38.20668829526605,0.2725062697961345,-34.584066222059526,0.0031049231090103865,-78.85816009863795
221,4.42,0.03049386411113887,-18.37149276229245,0.05342403868550726,45.881551057594855,0.08631868080212453,81.0788804537338,0.07361484689838664,21.349774133998284,0.20022836748544137,30.964393740110005,0.06303733295428837,73.35168760324177,0.028907086251644017,-33.19203175422007,0.058755305810696976,-31.011948769881144,0.005653209696942618,-77.1137335534501,0.12767875464006662,38.402880051155165,0.30760808516409066,-34.52126054109796,0.015509964631563606,-78.85816009863795
222,4.44,0.12604884506847816,-13.794018829065873,0.010766178452064517,45.881551057594855,0.18048335958959608,73.58745727370184,0.16544206504730816,21.12832767261317,0.13970607847264085,31.26369543987315,0.07564763180217327,73.2836180492741,0.010089685533896183,-31.274656920162027,0.019723440680640726,-30.747357290599485,0.0032257550643203102,-76.6985516872389,0.06721044460540801,39.716382539610436,0.26012866827011166,-34.4760963666353,0.11303342356586948,-77.32102782724057
223,4.46,0.003809324774138005,-12.394565871593144,0.02441971893032664,36.59218632208201,0.11289626369910245,68.19468483865673,0.03694189430014279,20.438065768127544,0.22555660012102363,31.869120998662652,0.12548930200966454,73.31842759270509,0.015064585644930512,-30.983345958548423,0.07154222779413892,-30.63489858256404,0.005734699152318221,-76.6985516872389,0.06115119995888758,39.94938530177332,0.33582594417062456,-34.395983599098486,0.0016647633604048187,-78.00494732587474
224,4.48,0.11282678115236151,-12.253871484618324,0.1537155591604877,31.568384977095015,0.03427938587130793,65.70350517199802,0.025575817467490262,20.318509745897494,0.20827679400835414,31.523043403932412,0.038707691886240764,72.84514679107292,0.031261113041176486,-30.97684845427379,0.19005467327758907,-30.63489858256404,0.23496878032524535,-78.42378184209305,0.0011296762320335168,39.94938530177332,0.15883688406112742,-33.631140471128056,0.00968882403593684,-77.96531813663351
225,4.5,0.15715126770088234,-12.379482460860855,0.1397736271931307,30.77451855136815,0.049260141842318673,64.2816742830561,0.08920213698909733,20.486236795152244,0.11812608817111224,31.109277586969796,0.030803566209214307,72.84514679107292,0.06125476871972619,-31.237149740924774,0.07812227826619392,-32.03823151936986,0.19888075907439798,-78.42378184209305,0.03452501881220592,39.349256570558644,0.10449730144086554,-32.8605598754215,0.02470152762507191,-77.91970921824985
226,4.52,0.12901508486116467,-12.469108597187185,0.17340362625459818,30.32512850883767,0.010147813786580046,64.28087495855243,0.08750977726684796,19.722245486718215,0.1195217298230655,30.60041640947813,0.01060492815750976,72.84514679107292,0.06431575204434907,-30.647494254497463,0.09423372368185527,-32.01996007259384,0.1873765866190608,-78.42378184209305,0.028854817852094632,39.86620923490391,0.13031266212016887,-32.67344527779269,0.026618079004143435,-77.79967387102141
227,4.54,0.15759630790558618,-12.474795476147358,0.15141079927726714,30.077982324901367,0.05407453778663524,64.50494060654735,0.11638370549638384,18.8478180155949,0.09417938384282556,30.433681277937136,0.024729225719179963,71.08290279549789,0.17789317981199398,-30.16202709069482,0.09712347988616842,-32.067561342678125,0.19987342031382282,-78.06957491970378,0.10536730185080954,40.23541206160526,0.12786725768338286,-32.651865565671216,0.05836091708491106,-77.60141001855852
228,4.56,0.14077650815393603,-12.389569906069179,0.17794203493045435,30.113633367402205,0.06226494903829978,64.57982722873015,0.06257861943662124,18.287659285312714,0.08833282585013554,30.309410103595308,0.03745926675550325,71.01593346160362,0.1521601474985341,-29.80703347793623,0.09598368585822811,-32.067561342678125,0.1547478107920861,-77.98386811613423,0.1388251832328343,40.23541206160526,0.1538258023109653,-32.651865565671216,0.04884329161678849,-77.6093491493928
229,4.58,0.1269239139640663,-12.389569906069179,0.19008430711611557,30.19197822214379,0.06062318833383606,64.61549167270388,0.021157034621064472,18.287659285312714,0.08777150868390363,30.280710604972473,0.03761775115305109,70.97062224320109,0.14011087480740422,-29.604603457616843,0.0958013903896851,-32.12505347313241,0.1319554538196791,-77.34482484884192,0.1541782605045507,41.04299716557907,0.16170788261369642,-32.82386791991404,0.030060026644563,-77.61672973118391
230,4.6,0.12273933805588268,-12.302001614906969,0.18542163498101125,30.21881702386916,0.04647040480312679,64.61567371199449,0.01834877248729332,17.68958472456764,0.1003425657908069,30.279294854898552,0.03827981732918464,70.96140037134975,0.13598391519750058,-29.58050958784784,0.1107695590959824,-32.127633646357026,0.1324849233826204,-77.33404614539565,0.15841154076731365,41.10651244164842,0.17418371969874513,-32.911493583270904,0.022638112910175315,-77.69107493521032
231,4.62,0.12496394210319581,-12.991274475799091,0.18285976029740555,30.992593131985142,0.04699368950788323,65.3287282533874,0.04702795060086826,16.38246192721973,0.09048646965943816,29.451630181443235,0.03843832687553749,70.96140037134975,0.1546890459246941,-29.467283396791746,0.09894046330459647,-32.58586569220058,0.14497226947933353,-76.92064404432921,0.12490418673985051,36.40514210578437,0.12373573604472894,-34.28832247596617,0.017149796830715297,-82.47843137823534
232,4.64,0.06022545446061665,-13.23927625864406,0.32108401343631937,31.92890932600459,0.019594694883869994,65.3287282533874,0.003338515868027587,16.38246192721973,0.01766136434094422,28.901194248359893,0.06730204825037463,69.27917390366069,0.3308229431899577,-28.688352708244842,0.2970546117552754,-33.8412499858822,0.219933625203764,-77.03102413116036,0.07293658686239424,35.80605340422359,0.09372851234667391,-42.37905950354331,0.00809770025031437,-85.97879482326648
233,4.66,0.04511077279992239,-13.400739809368194,0.36648821190411535,31.92890932600459,0.15379779403120594,67.53023216211864,0.008813184773548042,15.253147549975482,0.06848613688478916,28.62658881113195,0.010947373172355935,68.88128288177512,0.1822205785032698,-27.07926249798638,0.34136481070755126,-33.8412499858822,0.2731465511446486,-77.55346911094648,0.10962911263026552,35.80605340422359,0.10499769666198829,-46.941710870607984,0.005106914206677566,-87.15656182311348
234,4.68,0.08903927016838768,-13.72840439751056,0.23800773521324642,32.184631475252196,0.1267168814954433,67.95399007091955,0.015048026513444114,15.050717803613153,0.07596270837801404,28.15106423751666,0.0064566998276502415,68.78763002290003,0.0168839893759069,-25.876268862753967,0.2666823405678531,-34.2132550294064,0.22436889277637564,-77.29909907948976,0.08924107071456454,28.94729024289797,0.022026913570308886,-49.79076282938892,0.009413292981338427,-87.70761205560214
235,4.7,0.12515327853593955,-14.063285235103228,0.28362402091694744,32.09511454568512,0.1812685102412792,68.1219202253215,0.010402240524658341,14.991842204892203,0.09320796701580339,28.15106423751666,0.009847099258776887,68.77646330043032,0.10184774756306296,-25.13698214128794,0.25743365930964934,-34.08694714890119,0.1828102520489258,-77.20798320429188,0.0702555318406762,28.456294017760353,0.037759782376875314,-51.291371255806425,0.0035762581911642282,-88.07453680076132
236,4.72,0.12871380172965785,-14.880891163472059,0.2730922516697304,32.28586113885709,0.18615104309964456,68.34698265261859,0.004413953716435673,14.34423663717005,0.09082224330158264,27.76326031902504,0.008814584888597548,67.70305537583174,0.07741089298208928,-25.13698214128794,0.27587271477487973,-33.86256442736731,0.15004964698384415,-76.46186775585073,0.0560211887624501,25.610010188199706,0.0503286224950925,-50.71556914504722,0.004446141832843256,-85.2750850814726
237,4.74,0.10896626370672866,-15.639484985906147,0.3315719404382554,32.576821378192555,0.0742555217401726,68.5511496310626,0.01824106451120465,13.153851727907941,0.07171188847330223,27.797238884074762,0.00428043598918107,67.24555526024243,0.21782443596893564,-24.471097924859503,0.29625435174171927,-34.157635729798436,0.19526142642499839,-76.02508309723078,0.03881379488338994,22.424892907111836,0.09125185127431387,-50.39487500017757,0.006802758620480548,-85.2750850814726
238,4.76,0.08361472350978838,-15.749090366360644,0.32892480979453476,32.58993247175479,0.16225794254181744,69.60959661014937,0.010899847259225355,12.922060766077879,0.08087840224356563,27.727992028398173,0.0008700534096095674,66.94706077554669,0.058686852394077206,-23.770689010813406,0.3143619298578265,-34.26710665032922,0.1935023189182761,-75.67910944461637,0.07910311617945832,19.778134550282005,0.07650965709736095,-50.23421206785345,0.0021837973532220644,-83.60956921812054
239,4.78,0.08888674792695657,-15.749090366360644,0.3120365891439942,32.509638599864516,0.20021977642098304,70.06823787505559,0.011332366445546797,12.834026276902868,0.09981554668701269,27.727992028398173,0.007741243235266001,66.81598908561232,0.02542217351079133,-22.743740154058745,0.3163409533664599,-34.26710665032922,0.16265020119226092,-75.52427344196889,0.06386418696984865,19.20657302432497,0.07043486627826251,-50.23421206785345,0.005538050186965168,-83.51287623978175
240,4.8,0.10801061518679195,-16.15878508290494,0.2870314543747124,32.43697984295507,0.2105773219445785,70.41863391848493,0.002089595889712324,12.825219758031867,0.09596213851355033,27.50483648906778,0.008047912722265396,66.80233850066935,0.029782179675004086,-22.606641603249276,0.3183029054815514,-34.429603849531766,0.13262956361261788,-75.13853436232307,0.0523546703095054,19.13738877025055,0.0673769825539087,-50.229334552577754,0.005923384879376464,-83.38015796967284
241,4.82,0.11786392806017355,-16.15878508290494,0.2772960834888992,32.534991610822836,0.2022867017282396,70.45724851950527,0.010149907802170054,11.785785890267563,0.08866638036282745,27.362994121446025,0.006458558370060848,65.4858797084004,0.01497618793233036,-22.62987401754132,0.31952055024496234,-33.83895395982421,0.11752628239174416,-74.27400851172504,0.02659151123383595,17.406219493851186,0.06736343671629436,-45.57910761764016,0.0059441628695025926,-77.974870490293
242,4.84,0.10588331313595821,-17.91504944617727,0.3135826916661434,32.551845372130636,0.12138256765083094,70.82509232324445,0.00220386823444489,11.785785890267563,0.01778950632152276,27.224166565229332,0.020955747837259706,65.04122776890334,0.0591274235733996,-22.24438738304122,0.3011526040690218,-33.9354719693171,0.18748157506474336,-74.27400851172504,0.058869858042839555,13.654710870043582,0.04597578059134076,-45.57910761764016,0.0014633286189932606,-72.28138887399173
243,4.86,0.10588331313595821,-18.2458424445948,0.3135826916661434,32.67812065928344,0.12138256765083094,70.66364300097224,0.00220386823444489,10.927212998629045,0.01778950632152276,28.15496285233491,0.020955747837259706,64.9859318638534,0.0591274235733996,-20.86122136842992,0.3011526040690218,-33.89173846428381,0.18748157506474336,-73.97047338192533,0.058869858042839555,12.73008226490325,0.04597578059134076,-45.57910761764016,0.0014633286189932606,-68.48244365856421
244,4.88,0.1274846908853394,-18.50851003722764,0.12787817689890654,32.67812065928344,0.006073574388428678,70.26600064755235,0.007168798542594608,10.928147830669442,0.15972307734716387,28.99641011622916,0.056158687820812875,65.07996818572903,0.047813001417822465,-20.86122136842992,0.07621642681387941,-32.07302390050596,0.061361907005013615,-72.92777150097339,0.07700944983762406,12.50689858807631,0.12768315008134978,-32.921882627567456,0.0489109149267185,-66.2945872540591
245,4.9,0.07585155359161344,-18.26145828759443,0.10971310175120594,30.92680405677612,0.011846156949018851,70.17607982203462,0.025766802961645446,10.950035591665465,0.1207463912765085,29.299882716759665,0.07273051641177078,65.07996818572903,0.014803107758323752,-20.258823666935758,0.06759914093179765,-31.83758000260046,0.0333683077969191,-72.59557213238398,0.11254014983818697,12.544631398124691,0.14250782001096604,-31.971379303995462,0.017266232536611553,-65.18727403263384
246,4.92,0.052039737796325904,-18.498256620007915,0.12350164218315123,31.171302369888767,0.015278680317338365,70.61023912346066,0.03481216997854296,10.931214801293615,0.1262710521963808,29.58188035881937,0.10828740975961376,65.54352503193803,0.036852549436806784,-19.56675297986864,0.08397798337579944,-31.569292815219153,0.04130560672269929,-71.94112499813863,0.09792776067585664,12.5225914740133,0.17206716795393626,-31.31663182738689,0.024992175062214603,-64.88140940279652
247,4.94,0.055031351449128865,-18.93127623537243,0.1621717393576431,31.281893988914668,0.04579462215901128,70.81317030142151,0.043476423417713114,10.412597018972816,0.16345291309965546,29.716982637286485,0.09168677657963406,65.55144214368173,0.0821143074364781,-19.490835142207203,0.07196465977186317,-31.397312399325497,0.06585032446835867,-71.39164242365909,0.11699111108517328,12.555048903303852,0.15654428431167822,-31.210393465226332,0.0647788853198581,-64.88136545044601
248,4.96,0.03135849195899645,-19.186240283301256,0.17294629324093577,31.372651722803997,0.02156281375095997,71.03544405533874,0.06017166799634447,10.30626052496531,0.16502883104032537,29.815970503460733,0.05644837945391359,65.26528217008423,0.07732316185642149,-19.490835142207203,0.0840717624972014,-31.397312399334023,0.07539888496302927,-71.2941043997494,0.12146238844106173,12.605730452753233,0.16321841217437086,-31.199429315815873,0.05638773957391102,-64.87042305500253
249,4.98,0.01715170654082472,-19.368263349984094,0.17751282337182744,31.432459363281392,0.009474750661045158,71.03544405533874,0.06761669953687635,10.102361878351317,0.16345257289064977,29.82200124285844,0.036143497737504277,65.10118265787283,0.04818482389004458,-18.50244757023079,0.08611778557174057,-31.397312399334023,0.07185044655131234,-71.24774443765224,0.11926817473372787,12.605897863604797,0.1724747894710406,-31.199429315820854,0.05214938759715798,-64.83884040804952
250,5.0,0.0141228115827061,-19.45361323315101,0.17825753732383764,31.452401221964823,0.007767653984381131,71.23277345621169,0.06753043449590253,10.102361878351317,0.16359460497539288,29.840722819765592,0.02986572372284981,65.00802620177494,0.03973670026532254,-18.344068922125086,0.08724497433061576,-31.397312399334023,0.07279701439597193,-71.2088727557411,0.1126217972335078,12.605897863602069,0.17307696908504827,-31.199429315834614,0.05189735738609808,-64.83447257620851
251,5.02,0.018496427125462157,-19.43278649033517,0.17290782870759025,32.0630895675194,0.011256591775319059,71.75258755087869,0.06449695236248228,12.05116856851011,0.1635105909112021,33.543871088648835,0.034179379161207196,67.69668337717059,0.046689722708470396,-17.134756938486632,0.07798153220785764,-31.503498826765753,0.08441100872275792,-71.14329606971542,0.112193794089278,13.368091090781594,0.17179161946201546,-30.258332141254044,0.0550054715703938,-64.83447257620851
252,5.04,0.14377556925135646,-20.648253171760377,0.3621935444825626,33.47229656113665,0.00765228445914082,72.92365002459142,0.013669585243560841,16.30132311543468,0.08790055414996584,41.334951188590296,0.00545560287916396,73.39016499643195,0.06614998351358939,-16.68796525308123,0.26657791207380876,-32.939163363355505,0.26669767966256597,-71.22695119496909,0.006945270136479118,13.329638433112247,0.10396687770416016,-29.469511034655525,0.015038553599640648,-64.83447257620851
253,5.06,0.10690933644827502,-20.648253171760377,0.4086079719655683,33.76773576563678,0.08608513454685829,73.73854472363169,0.06550431668960366,18.303349585006305,0.10530706253564237,46.02279258066888,0.0065773013284112026,80.06241645198405,0.09792258111366121,-16.65430228876152,0.3571277373019477,-33.6447644119824,0.18668085622535163,-70.54936513637486,0.002194427756832556,13.451242937979357,0.09105187266186496,-29.109179125073798,0.006767302490656588,-66.11540958535794
254,5.08,0.21415110115928332,-23.914078131901668,0.3524739087288684,33.75982383190616,0.1436914740392225,74.05099769098925,0.08460829703959073,19.197817191334256,0.04309867632572503,47.31602724694736,0.009323454313147956,82.03623220748088,0.1165175162275147,-16.642904035574567,0.3982212812101542,-34.305365173929445,0.06997617561981119,-70.54936513637486,0.027900752195013766,13.567008424957766,0.060343789480357256,-29.09566789647092,0.0019197698730487943,-66.11540958535794
255,5.1,0.20769403288656133,-24.08546152705871,0.32271505230819975,33.52520924228806,0.19612566758590053,75.0921611502116,0.06839365362107538,19.335257464497744,0.07289902433852924,48.34669249726729,0.007373747300976535,83.12401982180194,0.09549117206169004,-16.642904035574567,0.40672002540355295,-34.49338665017618,0.00197293223803463,-68.79035353430602,0.022041140382764838,13.834652917831873,0.0644267346339414,-29.157305889358586,0.00283058458104488,-66.20874755362428
256,5.12,0.16286351506895122,-23.65252112600096,0.3018082224210047,33.448236549029566,0.21104342378480337,75.75262969665367,0.03694477081621325,19.335257464497744,0.057367214619097814,48.34669249726729,0.004758342165971175,86.25281340987365,0.0817529230189028,-15.743889465295148,0.3690562281008217,-34.1778608383641,0.023955274628467953,-68.44224856218732,0.07964991542826906,13.834652917831873,0.007665352555238903,-29.56633539371643,0.008874248514926148,-67.30613806099299
257,5.14,0.09854272264292395,-24.179425900270058,0.2912909530709136,33.34884169275454,0.1432590430530669,75.69615898155209,0.032541738914020436,26.507578827443908,0.05666516279693388,48.34669249726729,0.01099523763117289,87.75234041080137,0.12828477080522255,-15.743889465295148,0.32856311674328526,-33.87247229121995,0.11969400436072311,-67.89081538573924,0.03309208585849512,15.487893088230818,0.09212259784955062,-29.33728591548928,0.015671724813922667,-67.85460286516712
258,5.16,0.06840367776675146,-24.858638981310634,0.2978791091639638,33.26014827265339,0.1448206880463263,75.8730541896273,0.07985890989817829,27.95426475108195,0.06639773888906346,50.138840732547216,0.006199230390375631,88.2085573113753,0.1153794211532325,-14.757554184232408,0.3309503444799438,-33.76818233311488,0.04044921440678429,-67.40203909326314,0.013455017827945002,15.545216081561186,0.06201459521257051,-29.338952214798955,0.008187311623973301,-68.01069293245881
259,5.18,0.15717499900972196,-26.17569953437822,0.31029341292927554,33.285827773368894,0.17241152808972807,76.05934545243096,0.059097669951325066,28.447430555284168,0.08490172927432174,50.1931776088736,0.005682005862961543,88.46263782854237,0.08070108327114005,-14.250225256646248,0.3789719117027079,-33.826281366678224,0.010056060110130955,-66.83428916937878,0.010783608274215772,15.734176464543179,0.06439479672336987,-29.338952214798955,0.003551929490341883,-68.31531334648464
260,5.2,0.17699383789116085,-26.38936731456092,0.2970068697168207,33.262679892061875,0.17524094281352137,76.14435242229652,0.04912356419675166,28.591879650366536,0.06972683265919039,50.1931776088736,0.005122100234425002,88.52671619279644,0.040189438392563025,-13.915388077103657,0.35307365783269046,-33.82614425774509,0.0032873902502222863,-66.73540162021226,0.02574182310227889,15.781654688734799,0.02219160678256231,-29.753932661952156,0.041942656605696016,-68.51646642977539
261,5.22,0.1380542253054475,-26.14917179391185,0.2998038132504147,33.06925281600198,0.17317433885937294,76.14435242229652,0.02178494883136583,28.64608923355312,0.07046367069163818,48.86539108381765,0.00608290632053791,83.10781591932255,0.024957056463931086,-12.77706870839735,0.3463660122073307,-33.807315778846025,0.02226333924317159,-66.24802024962672,0.022923264979969743,16.519881959489055,0.017106802497259408,-30.21302829006511,0.03337596838589768,-68.99043990791
262,5.24,0.159485442107836,-25.73763497345409,0.26573341889028224,33.06483809175964,0.0869533355108192,76.36895174581466,0.008928524576966211,36.43710187346754,0.03677821901207106,40.774654055316645,0.013774826967939262,80.85253200403758,0.060934310966532984,-12.465952563507054,0.27787757762588744,-32.778948506988,0.09178096208762038,-66.24802024962672,0.017821365340946173,17.279537782659226,0.0028621075274079867,-30.21302829006511,0.03271957655659697,-69.33792417733402
263,5.26,0.06438793161804328,-27.539082026180548,0.28724629258091944,32.78820998310635,0.08304867380492893,76.3384207832006,0.08073283583583593,37.65109717258078,0.05880723753582429,35.35870116297236,0.004489687843684091,79.5518442638413,0.04533399245423491,-12.017952050294054,0.2896397688059254,-32.56858133034901,0.03392653059976053,-65.32008918543717,0.007109556436114997,17.56550248632654,0.015657644464633004,-30.254635766056406,0.05201039348771079,-70.32177768585342
264,5.28,0.0017381814196336647,-27.48227486691156,0.15089102163499024,32.01673452188364,0.0778003768689803,76.21801858433889,0.13738871577024367,37.6506425258352,0.19002626491436678,33.057840501987215,0.07487155113542869,78.15193784894008,0.05724601028319963,-12.017952050294054,0.22047109564338055,-32.04756209388006,0.0624839348316123,-63.95731383069847,0.046352845200270165,17.56550248632654,0.18665087134038968,-31.57203767057557,0.1016814686765677,-70.68131064534901
265,5.3,0.04595909639404226,-27.120929089829815,0.13251473583837628,31.66275748759675,0.07542545469144919,76.1171433245536,0.0858707072960068,37.860424177296835,0.16724291502569674,32.43626774070123,0.0847639211109792,77.79018955491719,0.05372242854279185,-11.885160827829338,0.1846026788437263,-31.70721248888952,0.08078358038340519,-63.770850013669225,0.0590968072374562,18.269504377989705,0.15298883762152288,-31.901776674718437,0.0420178627306767,-70.67235616331959
266,5.32,0.055819880205267444,-27.509363440520218,0.08820363964572954,31.66275748759675,0.04413774044714647,76.57573618167706,0.06779902931359318,37.8243046728898,0.18847134906392868,32.319937723430364,0.06797073348476143,77.76981060605591,0.08292965814896981,-11.741438952873814,0.20440490266939873,-31.86231099707667,0.059096029738096856,-63.60915412509155,0.02777631281677717,18.499668380311935,0.14662548026910585,-31.901776674718437,0.0294818499248314,-70.67235616331959
267,5.34,0.1788922265565398,-27.858421922650653,0.10281095675611311,31.52520807672268,0.031113970084907256,76.57573618167706,0.16269271593369833,37.8243046728898,0.21781928668988745,32.33140448160041,0.05801846863772396,77.71328418068309,0.01472861624120506,-11.394146720911607,0.2509297483554865,-31.96148779708114,0.0801376612698857,-63.41076459562771,0.09340670307893376,18.499668380311935,0.16952229843915262,-32.415199507679034,0.011855411565927678,-71.30571097401797
268,5.36,0.16545285772915516,-28.209654501181173,0.1486680255482942,31.54357548249454,0.06351772968609862,76.74746632691452,0.19546108350605648,36.963122913126895,0.20837079165755007,32.33460447800873,0.0747626142811586,77.64769080059114,0.020795563004689977,-11.168361990506323,0.2471325257901188,-31.98325978383664,0.09813108757181715,-63.302472344785066,0.05590302611536012,19.305941826426736,0.17396529246231465,-32.50493345282958,0.009835117696113149,-71.54606180766525
269,5.38,0.16333870997670424,-28.31532797727199,0.15120273036947987,31.559897087254875,0.0601087113204253,76.76283032191257,0.19451863637679992,36.88189254430473,0.2086094898469061,32.31894922195997,0.07880170259427294,77.60570681264811,0.029135680958480084,-11.03627752132352,0.238999702781784,-31.96014074386277,0.09677558954442181,-63.28426767770176,0.05085834048302711,19.49490464951416,0.17631415912256812,-32.558142898084824,0.016581608321170074,-71.67848614955851
270,5.4,0.16961083893751905,-28.317099234016176,0.15004165483995427,31.562938319500635,0.046286048258366755,76.7616798213334,0.18793648080116293,36.881266121851986,0.21024800283674908,32.31894922195997,0.0762889848251532,77.60570681264811,0.019955628600367172,-11.03627752132352,0.2328261139369913,-31.959469208260465,0.07977337651294569,-63.28598114562105,0.06708745147952447,19.512063010841473,0.1722246216680306,-32.558911798950085,0.011071619662011804,-71.6809115888946
271,5.42,0.17066265965382552,-29.460234272815132,0.1392447296810263,30.201225799618776,0.046205143012335664,76.95952947283679,0.1765281414994478,35.63690197037749,0.20484674901078254,32.31894922195997,0.07277844457321955,78.69855889680638,0.008905029188721358,-12.927110353571372,0.23317876031191898,-33.94078492876133,0.08827716831183195,-67.15726879973805,0.07146104909928137,19.651536351359,0.17173877885721367,-33.40928744603198,0.009829580542445678,-72.11825062230726
272,5.44,0.01577922232478137,-31.992293794563523,0.10153493101361963,29.527109464567772,0.011668655504283013,76.95952947286328,0.10464806368212724,35.63690197037749,0.3129224797195421,33.45106746251664,0.1463575656449925,79.17123955375126,0.023356133471984807,-12.927110353571372,0.07226957371397572,-42.03152195598132,0.007480880097698721,-72.25143656510001,0.18260740371319104,20.68395672596567,0.3619292675438386,-34.52593505750802,0.005039786928083608,-72.11825062230726
273,5.46,0.012022882252932934,-32.632686151237195,0.09450347413860632,29.259889574441647,0.002851290142064333,76.9451470801797,0.02040763111885023,36.133698095153335,0.3949533672308329,33.78330909807373,0.10751942794404909,79.1432742176263,0.07370408890465967,-19.02092466059976,0.08809455694925378,-44.68846100087413,0.007258056713167381,-79.84640559890414,0.08883132324518515,23.04369044204858,0.43945920919711423,-34.986397656906895,0.01054560016017569,-72.822717726102
274,5.48,0.04961219578715427,-33.350504824928954,0.07107938041564882,29.251372627212437,0.0018270949064346062,76.90475462350342,0.09012014779267234,36.133698095153335,0.4297493313653351,34.22547561114775,0.04207933315219114,78.72837038256012,0.09406049497479041,-19.78332274330812,0.035656001001245594,-44.68846100087413,0.01302652344604228,-81.59798652083101,0.19358588870965457,23.86779371662631,0.43854256351366583,-35.49918420595057,0.017617106960260327,-72.82414817621581
275,5.5,0.047803246723606044,-33.38762042366298,0.08213824086947281,29.087568445014636,0.0006468086957212665,76.90125407323933,0.10576164684493963,36.86030256786353,0.441746115475959,34.715046132474036,0.015529817241040971,78.72837038256012,0.07172297446691817,-19.833885871240284,0.06484195076902896,-49.572832620197104,0.008678962044006366,-82.11703674469523,0.18191579198204572,24.303984969431056,0.43182356373755726,-35.57502962147671,0.0012502356610486064,-73.09265581904158
276,5.52,0.022302934545944265,-34.953706116596784,0.08999596601417506,28.827791114573376,0.0017959862966562118,77.26238826843283,0.09268112218853646,36.86030256786353,0.43727130698331695,34.69305045014889,0.013165735421513822,78.49362989840517,0.036590418540721606,-21.537820511755957,0.06951635186706757,-51.02354544363396,0.006094832177344097,-82.91121144650043,0.1019972712851413,24.20741766097722,0.4097064821047279,-35.658844220756635,0.026285279303828183,-73.87948791386104
277,5.54,0.06085648870262068,-35.51472036280746,0.11274134346491801,28.812905919313028,0.012105448358001697,77.37320453106635,0.13063895317941346,35.01397119910606,0.386919114811198,34.39498123086936,0.11760584677600741,78.65630419798288,0.026610655476366395,-26.220344469975608,0.043149606437332184,-51.43741285435964,0.011710926162610722,-86.31726427125437,0.19623193863441368,23.769624222935363,0.3855018316608484,-35.40452827634653,0.005097717783411891,-74.05121463443973
278,5.56,0.02898089516939144,-36.05421200755658,0.08288778059539442,28.869035107867212,0.004426369235630969,77.38128407124941,0.07260640296126276,34.374773979032014,0.37293400875179095,34.33516648610388,0.03906398785602387,78.05431717373106,0.060343391645498276,-27.87062968849719,0.05530547348508713,-52.174787904724916,0.007322675906619692,-88.35714031892414,0.004401056942767261,24.847674518361515,0.37183227427406795,-35.37164188284944,0.002473276894946193,-74.23889572623949
279,5.58,0.03016298882078442,-36.05421200755658,0.024878867358994056,29.30078115384974,0.0018634675600924604,77.38128407128247,0.03721548801616888,33.83228685181291,0.34512840635443626,34.040378912380156,0.013152407278426068,77.59472641863582,0.09425343170215189,-27.876312214307134,0.04528770328473478,-52.32079310883541,0.04283892219588572,-88.35714031892414,0.010561046349187815,24.997313164837962,0.32130361396423773,-34.71001476653069,0.019277465142756432,-74.333049375046
280,5.6,2.2053858798783132e-05,-36.07067436782048,0.06280808087259795,29.26428353089595,0.0044955922148507,77.38737585360218,0.021009750509393497,33.5589776759489,0.3490226263761922,33.995175049184745,0.012258226563069722,77.4957794750547,0.052608260598245506,-28.076727781103827,0.01006400793094683,-52.32079310883541,0.025877502978289824,-88.35714031892414,0.08783310085758533,24.60750207671536,0.29572530396492125,-34.56394002827358,0.037484293047627744,-74.64323566125425
281,5.62,0.006369784558261258,-38.01972738846546,0.07135848257233415,29.565103478817953,0.005483581277707133,77.67215885063297,0.03365181407412351,32.62659395295855,0.3717821811715872,34.010105455610024,0.008645868058800708,77.48079959405132,0.04337339666749468,-29.01544395924914,0.014918679888117022,-52.001088682466175,0.0316195936252031,-87.54667000142875,0.10115178761262217,24.0339711237676,0.3089054666500861,-33.92919230440852,0.0489710551620707,-74.64323566125425
282,5.64,0.06838970460454365,-38.89416153963593,0.04888549918859441,29.51976159856394,0.011977295710021233,77.75989525024728,0.1455961777256474,32.425184497295035,0.21876293495012897,32.736857799886906,0.0871495840706615,77.4493117536574,0.13366874302577178,-35.54250433217359,0.1057573522597593,-43.356859370884735,0.04119339248821235,-81.19195161899393,0.37644573210082793,24.4380379803274,0.13312494977562087,-33.92919230440852,0.09056528022833032,-76.05877105885365
283,5.66,0.031808276962620376,-39.03876211874197,0.031971090593688516,29.519932952969867,0.0035741260801753234,77.78118659251275,0.20397757232609282,32.425184497295035,0.21859611985279298,32.736857799886906,0.04084533015745593,77.34113902408477,0.1178222050403039,-36.43250000929392,0.2081123382339579,-43.356859370884735,0.16597945833988645,-77.85109019743993,0.21734092335781197,25.020373896255723,0.09683211708914045,-32.623769173571844,0.1108788715200858,-76.3285520222999
284,5.68,0.0009904036693920409,-39.52658657351495,0.4266471471766772,30.574034164398856,0.34856374728085393,79.47703614148621,0.20206711485812726,32.02364595746941,0.2991501147857488,32.347068245393984,0.06830695888424765,76.99505614244087,0.14905696927039933,-37.372553904558956,0.031190615817324713,-43.356859370884735,0.10098638242303412,-77.49873308610441,0.216036600966416,25.8934433720174,0.18504274684469152,-33.091157037023024,0.10713160081952752,-76.49981327066432
285,5.7,0.13539816364253723,-40.09920421717183,0.0899738580070467,30.574034164398856,0.20907580600713133,79.47703614148621,0.056597804413702456,31.302813047754817,0.12575797721625884,31.698360139079917,0.009173307875041843,76.99505614244087,0.12647348335439795,-37.66360955790355,0.1789934918492146,-33.68734719660607,0.1394369193586916,-76.72885486226993,0.04230927288375015,27.001486013068554,0.1694174833882144,-32.96581700577136,0.04817744048900649,-76.15335836270792
286,5.72,0.1335386292248467,-40.59220233677831,0.08018215266740623,30.67964810115213,0.19355498491195808,79.9067373042227,0.06723305913842183,30.499257638037914,0.14744188978459716,31.596627278295667,0.02750938167142707,76.99505614244087,0.12047588651541383,-37.60528460968199,0.19507400382944726,-33.64369223977067,0.14831565228272436,-76.74244568882287,0.017874965434680812,27.49497414296585,0.15266865680948896,-32.900563118752515,0.050175457854012985,-76.47877562329897
287,5.74,0.2027219023548838,-40.89451204122212,0.05208455990440657,30.659744247168234,0.1574466665510688,79.77050234208751,0.219615778341844,30.180301881598385,0.17091112132337613,31.631903032047443,0.008678420025290142,75.88363513179,0.21498599776824076,-37.21334217793128,0.215768657614344,-33.62472794004308,0.10132345905151656,-76.93014211493521,0.1793751401756041,28.271634923054396,0.13965412583064127,-32.791998404271325,0.041121319812945686,-76.58250940043709
288,5.76,0.22042261790162482,-41.218476064507634,0.07684779423446676,30.768209006353807,0.13958862929196358,79.77050234208751,0.21797314549771282,30.180301881598385,0.1708143070020272,31.687167909837044,0.02543592095571509,75.88363513179,0.21623470929944033,-37.09249682898082,0.2079441172879054,-33.62472794004308,0.09037145662522869,-76.97812454232063,0.1892928943379057,28.497285736178537,0.14206746025071995,-32.75670798944828,0.06802585986583624,-76.96955159621031
289,5.78,0.21427703523807048,-41.24615685204648,0.07989909834979071,30.79349116886718,0.1271125898075471,79.51352648489289,0.2261793430501127,30.014175220603196,0.17372739425488998,31.724371280539703,0.02967173036701106,75.57169450104043,0.20982456452782555,-37.09175775593591,0.20964781426303225,-33.577952524724445,0.08007861687030206,-77.12762744033719,0.21690088230349505,28.47139497329518,0.14088036410974636,-32.68192379546292,0.073976076972623,-76.94742189137325
290,5.8,0.20147744997721895,-41.22988288482098,0.08041191803782578,30.809596622350423,0.1228247472512106,79.33777131016454,0.2417861487638927,30.022376495327414,0.17992940618706307,31.76542708309082,0.026824965340564763,75.56893704858706,0.1930147572010525,-37.12092873379702,0.22084595311438937,-33.59070621169533,0.07558456264238246,-77.24633656662674,0.22342174417468494,28.410617573054658,0.13285785460994232,-32.6607922273715,0.06416475917974812,-76.92612506443781
291,5.82,0.1960409815891084,-37.142329377867924,0.08042725975686761,33.61950136737068,0.11942156417428482,80.53629886102762,0.2419809370107571,29.704787767408476,0.17981322613648618,32.08860346437766,0.012436930485246916,75.28180235748812,0.19261774685025673,-36.262131388009664,0.21769014809283332,-32.81249965291797,0.07776821748154855,-77.36559583578233,0.22163168809437683,28.410617573054658,0.1432546696352205,-32.797316969871986,0.05770325156175525,-77.32976778950723
292,5.84,0.07106251326440002,-34.17472273117215,0.08115304022209371,41.110924540937624,0.006582599699874661,85.28500912178124,0.3501945107758968,28.78912916272494,0.36896331400175925,33.09065144772528,0.02496494646495503,75.1697906893278,0.1418599961740127,-35.32741919137466,0.09359768387120589,-32.61671855731802,0.04394642031581167,-77.17390998052277,0.19533125945876503,30.759837028952603,0.2410595284419412,-33.381917677161425,0.047870641806626736,-77.69508163808247
293,5.86,0.09193758669324828,-29.543119989700482,0.08137109207046225,45.24028249198577,0.0010203272043364132,85.28500912178124,0.209931315229041,26.7289238091902,0.39708253741292593,33.09065144772528,0.10669273888080318,75.4959366629565,0.1293771078278593,-35.440767634033435,0.029933388788315436,-31.496248589531515,0.07221747752248033,-77.17390998052277,0.10477944456031135,30.759837028952603,0.3178347920503773,-34.28610255250194,0.126619277969453,-78.34978563702455
294,5.88,0.06933373366093874,-28.25598206575728,0.002779607666305315,45.24028249198577,0.0018055797155312869,87.65915753507007,0.03013336767682091,26.51322140677966,0.3396451999390995,33.66204695717583,0.08690688796294367,75.62579260157584,0.033587583612657936,-36.04877589261955,0.0694173977469277,-31.135148298573014,0.01593493171676151,-77.59992954460647,0.02161715989168172,33.57868585143306,0.3270867848453694,-34.628934570753685,0.15603778124631038,-78.67223117218667
295,5.9,0.06937516617572292,-28.009331305904652,0.020591795172632554,50.28590186115958,0.0020914424214737255,87.76453925550558,0.1451278204381122,23.782404391241396,0.31370763285794123,33.455196512871225,0.05134015446388445,75.45349818684834,0.0233357549745816,-36.31328382726703,0.11121828889064762,-30.426978259158616,0.008214124341651927,-77.71756757510421,0.14192921364256963,34.83732874381225,0.3286731620345564,-34.628934570753685,0.14441523582862104,-78.67223117218667
296,5.92,0.05671415146427486,-25.02180328399615,0.0305830630097396,50.28590186115958,0.0011979866011021685,87.76453925550558,0.1387786218824446,24.02852053452179,0.32019354694369584,33.32435056926459,0.03710333250738809,74.78407691123567,0.04157236342673094,-36.31328382726703,0.11166523526215238,-30.20178155565371,0.006785397735182489,-77.47756059467615,0.19009716010522293,36.442093284027,0.3345763276416934,-34.89422909137907,0.1254387657290874,-78.75906291382312
297,5.94,0.055961733799980554,-20.6757008134166,0.07399036844062225,49.26393899325523,0.008867701543691682,83.81289623930519,0.15604222811064605,23.906974388216923,0.3398058633773641,33.40419725224562,0.07853124323845381,74.69856434453196,0.015216115840287845,-34.19385444601609,0.08782665576383145,-30.11414474147449,0.005487732478882808,-77.34617904868949,0.13636621178369843,37.142571166526054,0.3655692522582753,-34.993290649912666,0.03812322227439112,-78.48467073868798
298,5.96,0.07593407166132388,-19.668277614035237,0.057948050928742396,50.04683283584934,0.00100990706823354,83.57081105602711,0.010676377479786241,22.343183532208272,0.3407244143802976,33.01332685951073,0.0934658777031956,74.4348021283174,0.004152947335518322,-34.029056719669846,0.11139793458470854,-30.11414474147449,0.0028168729607941693,-77.34256652166717,0.13252820426868092,37.66802944454445,0.3738224973806391,-35.27470811384772,0.10236927911757145,-78.6928518255126
299,5.98,0.14439477759477104,-19.880199155486594,0.20579621491038924,50.73548123439356,0.20298177167305673,84.43481274159194,0.10473999451965284,21.461278287871725,0.1758009539654697,32.265380808792685,0.02246073554933406,74.12797964824273,0.013267063280073666,-33.832983723656795,0.023069446012177097,-30.493578752993088,0.005618867970042139,-77.33445482151616,0.15937036155087125,37.66802944454445,0.36091179143269647,-34.8911905787374,0.06833606990841794,-78.3781931625301
300,6.0,0.05585752591795262,-19.624537521950764,0.08403872342431826,50.79380256013995,0.11347790572672775,84.448642690404,0.10934984175512896,21.246006276616264,0.16002674298136751,32.265380808792685,0.01910450912686471,73.96590418226666,0.04780363116117734,-33.885918225448194,0.03944054029050564,-30.493578752993088,0.005195840623603858,-77.33445482146887,0.16336823478723408,37.66802944454445,0.2745714013409341,-34.60397145877958,0.0015359367903866772,-77.91250555410103
301,6.02,0.03443014249905893,-16.737228315336093,0.05169465809876556,48.56593380180629,0.0908585529131593,80.79236237354407,0.07004984756463126,21.37068838328995,0.20187099292538377,30.985188076112888,0.05757992636227688,73.96590418226666,0.029439482649513946,-32.672211933435456,0.05818587667609747,-31.00867053667517,0.005690509590848192,-76.88074857940053,0.12389256897420006,39.021160233283446,0.30205948432133556,-34.60397145877958,0.011601162605995745,-78.0004574003607
302,6.04,0.13029749756485262,-16.737228315336093,0.013632021615464401,39.87588291917749,0.18462746591016357,74.49956690194179,0.17058204194538307,21.377764797534585,0.1429062413815789,31.098194615007028,0.0704280604890152,73.22050767374571,0.009931183186295255,-31.479628309722116,0.01800144257893607,-30.890266996810617,0.0034143439479434766,-76.63457682688566,0.0639488117225175,39.71939653970426,0.26020486288091266,-34.44404862012527,0.11851242566193217,-77.24470422354673
303,6.06,0.005902430216844825,-12.088955447358877,0.027130279447611438,34.14789221050489,0.1138939104657576,68.4582609195484,0.04227800752557495,20.91342714923908,0.22837980345808354,31.859749301494222,0.1211333330373334,73.28677909155644,0.015106378818879189,-30.958084528533753,0.0728237898002373,-30.52451645417368,0.0028618627463335928,-77.6686524561688,0.056173987084576195,39.883895683519754,0.3389479056727345,-34.44404862012527,0.00013925146617886904,-77.89158918584117
304,6.08,0.11865229080182872,-12.109641556483147,0.155743105103538,32.3025035790606,0.026868635704267552,65.82374975838597,0.03252554562792456,20.29641153814779,0.19114965670074419,31.335751479115242,0.025432090454157123,72.5003415738759,0.03421259635841701,-31.02912735149839,0.17992585429695623,-32.038531929524545,0.2314525242966366,-78.44469506888737,0.007267403895082383,39.67266204584183,0.1479793787353181,-33.13905773547975,0.0035805553348799493,-77.87539529448323
305,6.1,0.16342662063324861,-12.412604797526164,0.14266471723939855,30.640853481209742,0.04164018671610274,64.26562920266787,0.09193453137536434,20.512453381413522,0.11063152973418046,31.335751479115242,0.03677343688865689,71.9561455105571,0.06147448073323883,-31.196774076655686,0.08859675770899664,-32.05928881850819,0.20440444868129112,-78.74963099409767,0.03883804772541061,39.355444704350084,0.09953303404024406,-32.696188722169985,0.02303937780657773,-77.80671140110711
306,6.12,0.13486318012004872,-12.412604797526164,0.17361780360621057,30.179951283257914,0.00530356099364496,64.19404923682782,0.09166623211406798,20.427403046707376,0.11457830837409208,30.62275024055145,0.015176750697015424,71.39813486259635,0.06250138027514769,-30.865054018151543,0.09867243913456257,-32.14170519464462,0.19436810999727344,-78.23334445451614,0.032954739975227444,39.333407583309224,0.12544712167515673,-32.696188722169985,0.029195929924145828,-77.76315723637221
307,6.14,0.16060306117217016,-12.481128472346008,0.15245674117461785,30.08450431790589,0.050316526432402475,64.30252259184998,0.13093251357714997,19.25556278875308,0.10501582141956527,30.553285857699947,0.018277759755769243,70.98702009362692,0.169983110666896,-30.514898460340877,0.11081041723164628,-32.154389158778194,0.19706435768519567,-78.23334445451614,0.10064501984951642,40.232329239477174,0.12812622794267908,-32.64818238788424,0.0399349896977896,-77.58454744594516
308,6.16,0.14636205212332476,-12.45804932053589,0.17779635627385876,30.108786943829397,0.05850828793651935,64.47105798617078,0.0820639393073667,18.72482833524209,0.09425260027447271,30.410554892576688,0.03230034924253831,70.8861173499676,0.14835180835178302,-29.892128446473173,0.09814111278075617,-32.20312635981702,0.14774017890608118,-77.495875044327,0.13050932958688652,40.5624921848598,0.15128685401076986,-32.66631215725002,0.04207989401097954,-77.60855609667945
309,6.18,0.13338609161894405,-12.367111466773746,0.18886426281557467,30.18403697154959,0.05611543067859769,64.48829639409475,0.03963430328535674,18.29804552254659,0.09677126021159596,30.40256667762101,0.03381589489322646,70.86445568420396,0.13497805644645688,-29.514982127636525,0.10587290332323974,-32.22113897777497,0.11825999397407792,-77.13414517701278,0.1474320859747849,40.955890887824665,0.16164524703521235,-32.773627106312496,0.02339265770485512,-77.6639107884365
310,6.2,0.12965955053760997,-12.340010043346247,0.19210907912301003,30.204070816688425,0.055299408198201956,64.49267856358622,0.03521102089162703,17.85314041197561,0.10000852895254485,30.38093143890482,0.03422965242216919,70.85241262233778,0.13298192430307196,-29.464268819482324,0.10824318073898252,-32.202431636171966,0.11078414236097078,-77.01290155254763,0.1488501802480131,41.01604512311337,0.16626898766262174,-32.888810915687955,0.018305209758953167,-77.71443377137277
311,6.22,0.13089070543784612,-12.776219868658407,0.18454796680338262,31.046495279312893,0.04357619907734806,65.2793627242003,0.062351223235464506,16.695651836350805,0.10536529298110495,30.046864357920985,0.03421625424180325,70.85241262233778,0.14815746421484313,-29.43445402682414,0.10741686243516087,-32.81142432620454,0.12254470971857331,-76.6066355918897,0.13137230001638345,38.49781577453262,0.15580208851393537,-37.87302591847153,0.01933104288283768,-80.7113043610627
312,6.24,0.0601984833347301,-13.217419962435404,0.3287010486460842,31.970059834519613,0.01773141701965309,65.80635467749397,0.005026220080818268,15.726160770078698,0.01559613790905556,30.046864357920985,0.055118158518835114,69.09525729518205,0.3229470042629841,-29.193223382954866,0.3117452685516175,-33.781668466402984,0.2019712688723864,-76.94334694801164,0.06881581573823077,32.210501897654446,0.09504994556385615,-44.46547831041746,0.007583360938119795,-86.13826615330365
313,6.26,0.04201595489417773,-13.217419962435404,0.3735677346205923,32.407045656444325,0.14958450502221343,67.02344675943442,0.014768987042343048,15.522538582986133,0.06410479691742484,28.578922736473487,0.013258071507351704,68.7130982606892,0.180760015859706,-26.957351097367386,0.35662531172817685,-34.39674707557807,0.25950518433915865,-77.32089573869115,0.1076716349061002,29.463326720824504,0.10541402571245902,-46.6857358450726,0.005367965633561659,-86.13826615330365
314,6.28,0.0890720931925175,-13.217419962435404,0.32559033692211375,32.24504972022388,0.17262414473573598,67.86239058454495,0.01845789544698333,14.996614366439061,0.07501998288216279,28.578922736473487,0.0012028158147451475,68.6856533430214,0.01604453856646454,-25.678004000902984,0.2851427063725849,-34.39674707557807,0.21194224750344706,-77.20570215839729,0.08126175620551736,28.89830018636108,0.02287494470864159,-50.396323512344715,0.0023981346594259354,-87.75577270758491
315,6.3,0.11989264035748717,-14.01185545786303,0.2862635420147894,32.05448615439747,0.1750087748482456,67.86239058454495,0.01045407371547576,14.98066958845448,0.09248460239109017,28.1286261044565,0.009666210605047056,68.68565334293208,0.09455894854122068,-24.78972112808961,0.26216497534283206,-34.17374635006094,0.17476746981085814,-77.20570215839729,0.06684220315860669,28.49520117033969,0.03919028209290661,-51.30822619405501,0.0037484976057306075,-88.01490836544535
316,6.32,0.12884172411499675,-14.01185545786303,0.27469712052384865,32.28475472525019,0.17995873424773876,68.31602205055964,0.004711037222753453,14.98066958845448,0.09011244278737376,27.769959378172082,0.008713777168186701,67.85730016705709,0.07324719694678063,-25.126213253675665,0.28092892640948863,-33.82432656657279,0.1486324366438709,-75.99454770105432,0.05340710136635818,27.730789627883624,0.050580332239340976,-51.3821759316083,0.004374864887999041,-88.01490836544535
317,6.34,0.1074385500162364,-15.604990400273334,0.3356520576186616,32.5470190217973,0.06278045612188854,68.86208939348371,0.02163847666995926,13.114758564113078,0.07056894250903661,27.860059114573495,0.004396355386739803,67.3255979289792,0.22959231996988066,-24.791821374273855,0.29766964826785264,-34.138186593959844,0.19505187123195358,-75.84054571083111,0.02661078353504209,22.441026198941007,0.09232787577606323,-51.3821759316083,0.007331170221733703,-84.8689435067168
318,6.36,0.08059839061428854,-15.809662971559295,0.33221733433482503,32.61292640340075,0.14909145189831663,69.53414042488076,0.005326862020023936,12.94907854159396,0.08093755728662556,27.706311882236985,0.0023421081111085333,66.87966064335049,0.06770768597720006,-23.8392634116724,0.3116635208226054,-34.26252684450269,0.19373549009494137,-75.84054571083111,0.07981949071407629,19.746981691177158,0.07816415409065872,-50.21725073903696,0.002121542638855471,-83.59309105976834
319,6.38,0.08935070555600813,-15.939194596876174,0.3267767634690562,32.61292640340075,0.19613372940110138,69.98973079990735,0.010285896104205643,12.819619999722466,0.09713291140174748,27.53174950036677,0.006815033865007161,66.76326627160205,0.023434516636418556,-22.701723489308034,0.3090514493309351,-34.297411983568125,0.16497630701281366,-75.84054571083111,0.0626136208190502,19.325845322259788,0.06711156756887462,-50.194081670520006,0.005755161444421042,-83.42820475706765
320,6.4,0.10888355982272292,-16.056736504753474,0.2887466388706724,32.61292640340075,0.20574337908973167,70.2894234782963,0.004059854713261363,12.819619999722466,0.09646178205077147,27.518339733774862,0.008179411865202628,66.75470104537193,0.0331210265406173,-22.554622831938172,0.3144518372657018,-34.33658292992697,0.13793193631437148,-75.06264979389276,0.05249194857432488,19.084824306989645,0.0669330943037166,-50.20025374015659,0.005593210572678369,-83.3199072529491
321,6.42,0.11831130394708789,-17.312632388495878,0.2823177318488507,32.34683844266647,0.19889486645097476,70.33152648085965,0.009211977183375313,11.900141133828251,0.08998246992833657,27.372918551668285,0.006836919669587662,65.99219874455461,0.008932149386443057,-22.77506837633571,0.32140882971371976,-33.87572984243736,0.12063435177872464,-74.29988659242744,0.027140070013894048,16.47001463888551,0.06746569678059812,-47.64757199495638,0.005926882963378273,-81.51012020927905
322,6.44,0.10183816776217498,-17.724625021195052,0.3100079789717439,32.70537711144876,0.050772244327017865,70.67995855228438,0.016351478175229143,11.107078130353628,0.05966404751106714,27.32813059710732,0.004655227563358803,65.164539118757,0.21842463928056727,-22.183969713858893,0.27374834134879716,-33.87976656175591,0.17589262420298382,-74.19510826986678,0.0057687530395679676,12.73959160876255,0.07369595944812514,-39.55683496664511,0.00201853482916683,-75.51698166174374
323,6.46,0.10970393937140165,-18.411163138973148,0.33505696290131365,32.86592678293334,0.13126181932648118,70.50916630806296,0.004214380807700837,10.892279590015528,0.08613144267911993,28.458933974015956,0.005509114070046646,64.78884614133484,0.05291456541803144,-21.064087923998127,0.3012026820888762,-32.902983286885586,0.20064111445691923,-74.08497587993438,0.059467900628719,12.73959160876255,0.07450631261244745,-39.55683496664511,4.6311357708314064e-05,-69.3612460787488
324,6.48,0.12424207415798208,-18.40111351530064,0.12256540255912866,31.686814043455364,0.003390828254123011,70.08250880439462,0.019783974120159645,10.917594452294914,0.15815856841275927,29.093186657882416,0.06015110990564447,65.05092895927338,0.05323943830163757,-20.269356139468908,0.07038131084965746,-32.004248252450694,0.061071201399283924,-73.34331372247824,0.07498523785545838,12.73959160876255,0.12442128401804524,-32.8791203233668,0.04234863133581221,-65.9876141843879
325,6.5,0.07399130490169514,-18.188387958833452,0.11014964742261973,30.993811258732073,0.00697372192116671,70.0119160189586,0.025451673739033058,10.935479048988771,0.11999648982249973,29.29367610989816,0.07976554910218352,65.45157610881621,0.016643886583198306,-20.109423036012664,0.06377014680119143,-32.004248252450694,0.03211767764072096,-72.51856136427827,0.11458985189772397,12.530711028104662,0.1465678667236421,-31.670509170541244,0.018823543315402567,-65.04816793851143
326,6.52,0.050223490896003184,-18.500407980900412,0.12361218010685023,31.116790092967623,0.011080789155294328,70.36520024280864,0.03387914571899584,10.933065776747709,0.12567492027134544,29.509355282738014,0.11563697443582506,65.45157610881621,0.03478416597535307,-19.4435091915087,0.0809837262540696,-32.004248252450694,0.03993030475211279,-71.83984770010638,0.10004765966642362,12.544533972102625,0.1756236524884808,-31.342232257099738,0.025738086157513492,-64.81726962340547
327,6.54,0.055211819993743916,-18.810637109178014,0.16410266275910126,31.307191957367994,0.04944032075783736,70.68891296578495,0.046687287841239794,10.933065776747709,0.16236707197466388,29.634611211294178,0.09744252251057325,65.46726230685091,0.08177170512044749,-19.165942745313693,0.06830130063486439,-31.314562842886108,0.06858020920783804,-71.57617008193323,0.12074877521694845,12.585979017886451,0.159815941784674,-31.234635654160424,0.06334938799952,-64.81726962340547
328,6.56,0.030881121428039802,-19.220590137228882,0.17509838542739894,31.38915502679918,0.02473628760187432,70.96851426342955,0.06357086394051083,10.173731789361655,0.16258536735802764,29.775878089448607,0.060049873222161106,65.25068443852362,0.07334378898148444,-18.925342987720118,0.08070250165946966,-31.31510340327879,0.07647633309878249,-71.31587218926991,0.12537906631815793,12.599207825472856,0.16612255970361822,-31.200096220894455,0.0554780098683607,-64.81726962340547
329,6.58,0.01679813650967235,-19.366732840866984,0.1798726625461749,31.38915502679918,0.012593936618568391,71.06775765294138,0.07051832067049447,10.063662888388036,0.1609511424490916,29.82101909925405,0.03904998965814132,65.13193683210459,0.04326457422849421,-18.35110960006066,0.08343894516603341,-31.3225854144579,0.07386772521146517,-71.17770935997493,0.11723563132488028,12.599207825472856,0.175231903937373,-31.20009622089929,0.04970948765250569,-64.75997511060142
330,6.6,0.013251465819093656,-19.40321135887632,0.18035980024663112,31.48584840587477,0.01068472384086544,71.13867054117654,0.07105029231037539,10.02069553929512,0.1615671271465249,29.825497026091995,0.03293425498433134,65.13193683210459,0.03445462398464922,-18.35110960006066,0.08486084473995807,-31.331345174411783,0.07525369709178893,-71.17106979847912,0.11335941863381789,12.613563146858452,0.17597372022617985,-31.20009622091209,0.0494134792463853,-64.7457176113056
331,6.62,0.017798808205416634,-19.544980584594068,0.17891205766589627,31.48584840587477,0.014165367851259339,72.01156730168503,0.06788676160862839,11.058710424011291,0.15916643853038298,35.3004302882942,0.03710544613860572,69.17039259392187,0.04192165060915254,-17.11478078888152,0.07948580597664566,-31.333218272647624,0.08604576734742168,-70.80406843510437,0.11284072143540336,13.406698011468015,0.17178372685949866,-31.21267559485649,0.05306292273913804,-65.2063697934514
332,6.64,0.13651373794532667,-20.229755811256958,0.36866880081842474,33.492095331852035,0.0006300234416744392,72.64198786601207,0.015386173232998235,14.320315489914094,0.0830442175629526,35.3004302882942,0.004593459081461407,74.56421728411158,0.0716914281446542,-16.87092182794688,0.2640278428486345,-32.66125160913673,0.26896218409631073,-71.31834099327273,0.00791976222343525,13.382083659126494,0.08514673781802615,-29.729496649229006,0.011408843866773336,-65.96711617252178
333,6.66,0.11207647126458277,-22.90019794172769,0.413054264332067,33.71975289961895,0.07899305166345758,73.55546898062876,0.06868976862982774,18.69099811400728,0.10618645234887655,43.853340051715506,0.006514575236922963,80.1871042748079,0.09953734406660268,-16.650174146587034,0.35569856118995447,-33.347759122528004,0.1908579575619253,-70.43104260499915,0.0074057511394866726,13.406740866265627,0.09134506445887161,-29.729496649229006,0.006697415206683595,-66.07536691942893
334,6.68,0.2177632346730055,-23.715916636986154,0.35549987850406267,33.68610458006813,0.13963112117052054,74.220539375941,0.08751924312584292,19.25478088485062,0.040781236193805415,43.853340051715506,0.009009292781194734,81.82768164458287,0.11678517409130511,-16.64958932315972,0.3983465209289368,-34.240522694248554,0.07428995500424408,-70.43104260499915,0.028719428627695717,13.53644774130265,0.06042356127318776,-29.086020224827365,0.001981056858649925,-66.10437545532587
335,6.7,0.2120593031887304,-24.16754659866848,0.3181251754697689,33.57046135253645,0.19730763608753735,74.93604135156883,0.0698093795630377,19.29598293076518,0.07215619343318834,48.40052488966448,0.006990905712991214,83.14108212872746,0.09709574179302662,-16.601797248041628,0.4047389713935041,-34.35760229951636,0.004458410443219941,-69.25420693334122,0.013044229360676706,13.930265453291916,0.06552315607783227,-29.454838502717088,0.002854131826608008,-66.1294852354333
336,6.72,0.17670361035029045,-23.863578608849977,0.29741940296047203,33.57046135253645,0.19759364206273772,74.93604135156883,0.04000327512748072,23.67279264504319,0.0591083087680277,49.74356144793692,0.004875140451639147,83.14108212872746,0.08723111613138028,-16.601797248041628,0.3591639326009438,-33.99209095286734,0.017877169998763418,-68.39206457572132,0.08754936175552396,14.942153528977897,0.004455011258138785,-29.463319067245973,0.014107502770637935,-67.2724157363293
337,6.74,0.08181555919544031,-24.148224652205073,0.2927533098686761,33.29618250056904,0.1358892187211957,75.66341890305426,0.04390371332540709,25.820456658813228,0.05781390619628653,50.08677077231079,0.01078290324109211,83.14108212872746,0.13277554314101675,-16.601797248041628,0.3220596764640271,-33.66019034762926,0.12329056045483398,-67.82570030617285,0.030763354887721004,15.451615189037199,0.09082518110980783,-29.331975846899667,0.015141629900143623,-67.87561258231526
338,6.76,0.08131093616401532,-24.148224652205073,0.2866809394239271,33.23341549740868,0.14615401091732025,75.82680815188108,0.07859398251188676,28.148408990586937,0.0679573659409286,50.13582190055161,0.006163235405742695,88.082827106393,0.11962238170796485,-14.77740431388025,0.33116378236154026,-33.63935338391378,0.04867101391777793,-67.75980017872881,0.009830321652471254,15.550903564484146,0.06640748412478803,-29.331975846899667,0.006688625503814459,-67.92935758081913
339,6.78,0.1602224879255172,-26.00406103817586,0.3058676676829167,33.29753783942307,0.17715655153211957,75.91959056277256,0.057325500486198645,28.563064136516637,0.08487619501067482,50.254567363234116,0.00571788181048864,88.36178478070714,0.08174638349376401,-14.77740431388025,0.3716388790317803,-33.70139170036142,0.019190207228376232,-67.05279765575928,0.010917191830560983,15.768321222450082,0.06407328245173247,-29.331975846899667,0.0034830018848156378,-68.10858848457256
340,6.8,0.17210232364878372,-26.3079218339592,0.31373442839703464,33.30100043124768,0.1735341503245554,76.044095469596,0.04516953142225793,28.611736848435687,0.0705674483725374,50.261660472737525,0.0056663484695972325,88.4726449627143,0.038323931187511776,-14.003334390744614,0.35650304161531693,-33.7067680893518,0.003880393172033585,-66.72529008063255,0.03374326839934981,15.815467261594279,0.014073111993492078,-29.79167595672344,0.039652030966498705,-68.44676075820513
341,6.82,0.13855190903688033,-25.637797030703663,0.3043998203484476,33.075036704675455,0.16888229045103154,76.3873743639562,0.020866149518003235,31.122470268241507,0.07076926496739401,47.980727821305635,0.006058771587986486,84.03083522047248,0.028107181179048184,-13.551539231661764,0.343066118826863,-33.162612228177146,0.027625947458076547,-66.05016168184058,0.028959733653208433,16.541940756038564,0.013152605105893824,-30.214705545695427,0.02278384977420018,-68.44676075820513
342,6.84,0.15622773637783594,-26.44962621107828,0.26497340268808145,33.075036704675455,0.08560406985643748,76.35684199953438,0.00996798949227964,35.211329076945724,0.0369713626419083,44.08518777032668,0.014103006319749367,84.03083522047248,0.06680026299474778,-12.37679294787864,0.2759810803726771,-33.162612228177146,0.09356540358561652,-65.81032294755059,0.01668544838467316,17.23354610309154,0.00229310046963403,-30.236165014742237,0.03575850965053826,-69.69397364323507
343,6.86,0.06730855227708127,-27.575176039053492,0.28802166557461556,33.10043304774588,0.08339593899304908,76.29702856187971,0.08177811033052049,37.69048614216242,0.059596332213008064,35.25370751938499,0.004554975917029144,79.58146373497149,0.049429151793715695,-12.03643786864035,0.28880666961765916,-32.66110212138128,0.037094456299084234,-65.81032294755059,0.006138102486904865,17.600105086658044,0.01811037664721573,-30.878214487776162,0.05299156580095547,-70.50574678898928
344,6.88,0.0025170790697449106,-27.37829491566364,0.14891703381265012,31.9688408530531,0.07807957268946378,76.16266374492902,0.1357633016907175,37.595056289908015,0.19038826078900128,33.70120229924869,0.07503995046474896,78.17919590811007,0.05989269384904902,-12.00613353235546,0.21796789910428788,-32.016481811016995,0.06085393310147492,-63.913403308214185,0.05079766106727514,17.811533926396766,0.18482709574177264,-31.61800837353488,0.10210884669532423,-70.6405091814889
345,6.9,0.044510450242166266,-27.081144829840643,0.12974679941250483,31.688431671964228,0.07568594097380789,76.09237808052572,0.0854497658264279,37.706907657930536,0.16732488198889942,32.97302349309335,0.09359449176840931,77.85108183479393,0.057602892936620104,-11.955292575263119,0.18309974381611127,-31.6357597110974,0.07966107404133163,-63.913403308214185,0.06306938467514234,18.302178757070596,0.15188069032822862,-31.858455773696903,0.04237827412002892,-70.51797540658286
346,6.92,0.06358738092765215,-27.48362954501094,0.13208479704218015,31.51452458312305,0.07113871998931515,76.52741525471112,0.0677210994420069,37.73496091321691,0.19179443864820858,32.371597998199206,0.06963760631650798,77.65252007924212,0.08731827243974817,-11.778166801273013,0.2150130564177739,-31.833332665246044,0.05978106219808937,-63.614282084567755,0.03599076350998889,18.427976229473423,0.1482336015066699,-32.11856075985392,0.026543823840260473,-70.9161973316274
347,6.94,0.19733043667141603,-27.5813643420593,0.13221480255868798,31.52488124720553,0.057977587584070844,76.57190181557696,0.16167784862079032,37.19139681861789,0.2225602928437251,32.369589205823594,0.06514303245461749,77.67639971924449,0.017113472637840056,-11.405795013924102,0.2532929101779232,-31.932053073339016,0.08006425231210831,-63.614282084567755,0.0826192202360482,19.11875453695308,0.16714690439690014,-32.11856075985392,0.015369378451016895,-71.11029469176273
348,6.96,0.16284994663566085,-28.168204418492383,0.14812821907770968,31.544270775482623,0.06357969190297837,76.71210288809766,0.1926945931250122,36.99669461535868,0.21162509192662957,32.369589205812126,0.07699724472124815,77.5846189059691,0.015579123174945335,-11.163474082933382,0.24555221259935578,-31.932053073339016,0.09755023898638666,-63.2608421386048,0.05086191011068206,19.23246287573158,0.17514186241002963,-32.49798965137662,0.010971314272151592,-71.34754987489346
349,6.98,0.1574772349285187,-28.324960247520554,0.14983940238838814,31.544270775482623,0.06043716226251387,76.67755098680075,0.19499406443524459,36.88416472838321,0.21234257042282054,32.35296578983632,0.08096494270956822,77.5406491061031,0.022604403900755795,-11.065387610663752,0.23003511356877074,-31.90970709626287,0.09358007773488501,-63.24358442397641,0.04823171312089141,19.534996547199324,0.17158184135474194,-32.52610968498953,0.016432428839646296,-71.60953754319745
350,7.0,0.16590935352082156,-28.331850224286104,0.15042523082565157,31.563133763845613,0.045029297280815686,76.67472496845205,0.18409089667463463,36.88416472838321,0.21120209970219994,32.33123627748917,0.07756717546547967,77.53392577189284,0.016280692217062274,-11.063872755994286,0.22973535569301598,-31.904908282696294,0.07835365929069148,-63.23724466383329,0.05631609566929914,19.534996547199324,0.17200717399927676,-32.5265761324384,0.013635823242253925,-71.64200385119527
351,7.02,0.17361215839422592,-30.572583671841826,0.14873954307172074,30.148864145806645,0.04968884663524427,76.80614885694534,0.1745506629231882,35.78541311606952,0.20701317648851664,32.50681285181066,0.07021757352131697,77.59589582132914,0.003969787360782629,-14.091827013454935,0.23929771367804928,-32.39253989216115,0.07865044447179488,-65.61425561837109,0.06711983521106872,19.548126178635076,0.16627724584917536,-33.38639508562275,0.0033693240728723812,-72.3109200208592
352,7.04,0.007754384683505475,-32.09296551696869,0.10202940964842669,29.501064731974488,0.011940841440463576,76.8307913861762,0.09243558141153772,35.59991992410241,0.31735167349871735,32.50681285181066,0.1425699883525456,77.59589582132914,0.020281297640667984,-16.206186185701064,0.07149242746381437,-42.580875408059796,0.007285430027467133,-74.00464958432616,0.17516111745992347,20.92465762227877,0.3636529462891531,-34.661250633294515,0.0037233753426137725,-72.74628796195019
353,7.06,0.014015731295171498,-32.92577597878577,0.09509631643485525,29.501064731974488,0.002485002829848627,76.82652003169905,0.02845860330952958,36.13513026457842,0.3988998370260381,32.50681285181066,0.10616245648509437,79.10408722598709,0.07463883724773528,-18.60974237071258,0.0876404926732555,-44.64051844994087,0.007120657483188553,-77.30087578089497,0.09230574380071487,23.135978989597813,0.4407461736483363,-34.661250633294515,0.01045893980678613,-72.76407954586742
354,7.08,0.049028571178767355,-33.15862073888652,0.0721194767100085,29.20797150406113,0.0017056258818652001,76.82062447394235,0.09311887964582395,36.5681800120155,0.4328662744323727,34.46306100152066,0.04203440542175453,78.58209955129013,0.09351190310551552,-19.709062132007016,0.035299034396399184,-48.18990170372543,0.013005757770610906,-81.53971859114776,0.19463474090465016,24.145591480084434,0.4379288548229697,-35.52123373660281,0.017147597012418556,-72.76407954586742
355,7.1,0.04769895342164516,-33.39852691969362,0.0827531600078296,29.105241173815642,0.0004566595169558463,76.81952997377508,0.1035980354914672,36.85413509080614,0.44644982018913204,34.70925597533464,0.018313921827660146,78.48426843284074,0.07218183792376809,-19.818466732203085,0.06271700593157188,-49.61663581121846,0.008419964419543628,-82.77215053644343,0.18126768227727727,24.26274596012366,0.42810602491914473,-35.54418955481153,0.003091349802827572,-73.0198242859006
356,7.12,0.021805912599326377,-34.91213029931635,0.0905694104077435,29.105241173815642,0.0021163661452511706,77.15359785946201,0.07925877361352898,35.78517849001041,0.43748655708755385,34.693245857215665,0.01423155243792091,78.23513144149429,0.03599392298677865,-23.372718479639225,0.06955701509268904,-50.54679354798154,0.0061943133318460904,-85.27058023294452,0.10164154034595013,24.26274596012366,0.4084153831503463,-35.613684544567526,0.02926021138407745,-73.0198242859006
357,7.14,0.0599649930752863,-35.804897273646574,0.11404723350492414,28.843083885117462,0.012471983994636882,77.29040759994989,0.13063840536820764,35.40271677635486,0.38801826578596765,34.544532151961356,0.12258136105733135,78.57235163276452,0.01678571216709854,-26.59640515290077,0.04303497141342853,-51.38694684212122,0.011915456090119672,-86.86415309798595,0.20849318136511416,23.984011449950103,0.386000383212459,-35.41686653342021,0.0020547168666455776,-73.96419807385857
358,7.16,0.02900194151017834,-35.996089333519286,0.0836134202394028,29.090534084991287,0.004865411747696539,77.3098270352615,0.07523117156720474,34.76245839871566,0.3709217058878123,34.304897736533434,0.043309361865297664,78.04581626631703,0.060169751760982555,-26.59640515290077,0.054434250785740275,-51.933818828964924,0.0074858385194887835,-86.86415309798595,0.004414261588271599,24.981476546411027,0.371683846945408,-35.31981713686856,0.003588198511262146,-74.09034350148971
359,7.18,0.028295624135345164,-36.11451314252692,0.018329817037588403,29.306205166826896,0.0035323077607337925,77.309827035271,0.040758484520271664,33.75750522961531,0.3565529789593382,34.03096463775588,0.00803007295412738,77.58647220375387,0.09957474613696198,-27.85939900142534,0.05247027342418474,-52.28062543283345,0.04931823328692478,-86.86415309798595,0.007365179434466404,24.953093034736977,0.3184173717136832,-34.69917275938846,0.013127073621689694,-74.28322729785275
360,7.2,0.001722269068819812,-36.06911171937407,0.06251035265489105,29.296517065086697,0.004219435344938044,77.32110119079154,0.02242405177386349,33.49678128659306,0.34665330060938426,34.004230147812095,0.011537869455425566,77.45411303774907,0.05090089492026751,-27.85939900142534,0.010404301416932393,-52.27325359392556,0.02629629173811335,-88.58649674934631,0.08043217320060732,24.515462948963012,0.2956809605389964,-34.55365503575164,0.034045410684637636,-74.46825339729146
361,7.22,0.005279545231079435,-36.827998547759734,0.07093208858612958,29.640901670275852,0.005490497994650866,77.54704325740981,0.033460815897383124,32.781026599716455,0.36945272018187336,33.50762416202517,0.007889119039324238,77.45218658293618,0.03851158581606387,-32.00833948395953,0.015703924018162414,-48.11091917466187,0.03318445767472615,-85.1175593463714,0.09812370673866878,23.824801555393503,0.3078112082348396,-34.55365503575164,0.047129915253327784,-75.47541402681168
362,7.24,0.06946724703636266,-38.70272715694286,0.04684206900183911,29.52892498615138,0.011925215717043861,77.70023536123568,0.14312853209926082,32.3317728391658,0.21635876950725333,32.76518766614155,0.08784935741520128,77.41411872744006,0.13049750646861838,-32.00833948395953,0.0990162046937116,-42.717094489632096,0.04806806059614658,-85.1175593463714,0.3767065585292079,24.467413652175022,0.137391873290543,-32.81603282025073,0.09695677597868832,-76.00210874276064
363,7.26,0.029282177854513803,-38.986906767800264,0.03223106523162584,29.39949898274053,0.0037742743337998274,77.70845307191195,0.20258384956938733,32.36094127894898,0.21988632590376764,32.76518766614155,0.042234169940312795,77.41411872744006,0.1208724364875654,-36.83847563202541,0.20955339666952819,-37.534388873857004,0.1612115080240887,-78.03293825393901,0.22666705661184697,24.91963014657459,0.09055098464531611,-32.570439427478625,0.10853368851878799,-76.3007220811992
364,7.28,0.004402996578285019,-39.220201307665626,0.07716641073114378,30.632325259390022,0.00486557051384222,79.349838387481,0.21118506186077737,32.36094127894898,0.3047073150025316,32.62055921767253,0.06443379725102194,76.97826230956602,0.14173809319197103,-37.41251583814015,0.019188298087891204,-37.534388873857004,0.0522952651165469,-76.9730135340067,0.23342918126116635,25.062349109487684,0.1790897581312019,-33.02072583945428,0.12078094936049107,-76.44925362781659
365,7.3,0.1319818234285776,-39.716505873653595,0.07467483617683628,30.65392768725935,0.2235115852120654,79.90674807070224,0.0609939428972837,32.36094127894898,0.13297363419784622,31.736356612523114,0.006899181285071646,76.74811060748405,0.11667605717278881,-37.63278031387651,0.1818137215061591,-33.85249799317591,0.1435291558911581,-76.9730135340067,0.03017677145797708,27.083900810715743,0.16637630614255514,-32.93541598960065,0.052908531611533825,-76.1687801027552
366,7.32,0.1334264814837502,-40.425157266114006,0.07019714907738682,30.65392768725935,0.2076245577092958,79.90674807070224,0.06932636255898803,32.36094127894898,0.15273782947260114,31.65052889123276,0.027386470385237883,76.10874775910095,0.11507648167605371,-37.44073687749463,0.19280306219776447,-33.59952344296178,0.15100079119390822,-76.58634467414575,0.007719449891889292,27.903693609765444,0.14865768904480406,-32.90104293076017,0.05812654404074339,-76.55509116458077
367,7.34,0.20599691466627248,-41.04671351604543,0.04226387433337923,30.65392768725935,0.16823182265951098,79.89603248733572,0.22374326898242275,30.20972768265471,0.17437022885975348,31.65052889123276,0.009897416713297358,75.78495767837565,0.21201081996735688,-37.33779254367207,0.2136314801957291,-33.56169495848632,0.10351083969755408,-76.81140163442596,0.17314347391010868,28.31821383249642,0.13705973163006244,-32.72519349789657,0.05212368523740382,-76.67147520903302
368,7.36,0.22178353652997185,-41.04671351604543,0.06527915012241468,30.632441664579062,0.14847066066399903,79.89603248733572,0.22324020937095526,30.20972768265471,0.17480311874062923,31.716270759465825,0.027463101476667154,75.57846000660508,0.21171718916121327,-37.1528456597414,0.2044575507029592,-33.49493003344834,0.09188463875988388,-76.99640078733594,0.18526588384329495,28.517291216330584,0.13582257194719596,-32.62514338159674,0.07980705830329744,-76.67147520903302
369,7.38,0.21013215162390803,-41.240084736906695,0.07585725891377079,30.70062673226277,0.14273879442464799,79.55726694711694,0.21285659190255726,30.037711371200633,0.13164577175405462,31.716270759465825,0.01910671657544499,75.49395424778001,0.19296582563832357,-37.13424450758876,0.21159522334324532,-33.49526282511169,0.08009784509745194,-77.19745063640406,0.19322638138139714,28.469090352936515,0.10188229555819339,-32.589222606268194,0.04373310510941851,-76.94642350019636
370,7.4,0.212114084785871,-41.24010665738588,0.07213539182529001,30.720306999159465,0.13251924548060107,79.46942524142479,0.24389839793407794,30.048308429490206,0.1806216571678515,31.78670066733027,0.02750756572811254,75.48611268837072,0.1847413420541105,-37.20755647262915,0.21740979458767215,-33.50674000892,0.06896312399062635,-77.2460664901317,0.2221022325538014,28.397121917181735,0.1301699097702159,-32.56965421043092,0.07297572013169261,-76.95329594534368
371,7.42,0.2003412587740939,-37.75840989505448,0.061166479377134354,34.4265984479429,0.13380325122018455,83.5568380071225,0.2448635569226213,30.07035911206684,0.17914287121470546,32.356119798202705,0.015592808919145778,75.05252241653008,0.1835996643196876,-36.95808800242623,0.21313424575938802,-33.50674000892,0.07174324194291755,-77.37271072677997,0.22123301631596679,29.510378720808493,0.1269774805028278,-32.82366409570207,0.06422791664222553,-77.26031683642105
372,7.44,0.07228930068769705,-31.558481314037188,0.07580399549898845,36.52419693669508,0.0054748039111588995,86.38806288651591,0.34801439580224974,29.21077400686951,0.3684563287377115,33.55538625098439,0.019451592946136416,75.30075692172551,0.13538158567940853,-35.34733417233849,0.0973709166396168,-32.30256772395914,0.025155518864143914,-77.07151447894708,0.1915294265104793,29.510378720808493,0.24070390905453237,-33.453105018267074,0.05291638206617827,-77.78918370528967
373,7.46,0.08888602830302048,-31.558481314037188,0.08238177699107077,47.179141761866454,0.0026242228211427144,86.38806288651591,0.21307845500794792,29.21077400686951,0.3921523965530093,33.74971311286497,0.104215840611946,75.57516969052416,0.13092741149066936,-35.37763561858797,0.027831143604921952,-31.474637351713596,0.14427314308513692,-77.15004831660056,0.10158521571588577,32.434679733495464,0.31580795215814794,-33.82725988726099,0.12952920498201734,-78.40460225540807
374,7.48,0.07092511007176672,-28.207707598046735,0.0012760805429412356,49.46019436386113,0.0013488056530048605,86.38806288651591,0.02608082910234425,25.224547945115262,0.33214383183477314,33.66809053554828,0.0853142406379419,75.58692406027713,0.03470775419780655,-35.720457307415614,0.07340787107689876,-30.659423818757478,0.00367476091614702,-77.55679081574579,0.02321902843495411,33.571259105339166,0.33107431952738947,-34.540716204016945,0.1604392576314208,-78.63112566525156
375,7.5,0.07124298864361216,-27.93720279291792,0.020312837322844567,49.80888644497392,0.001448154752669023,87.7582362920204,0.12934756030446018,23.855491591491766,0.2467615553566442,33.482715413138536,0.07297995923152036,75.42179571191252,0.018815193773209213,-36.454726366557054,0.10794518115581715,-30.170021438909544,0.01621754280207677,-77.67802835992973,0.14663746152989357,34.813697421077656,0.3228912538296299,-34.67884690781894,0.14485571015410592,-78.67691502018728
376,7.52,0.0576072177803233,-27.19204298426158,0.030675650806089402,49.49619160618652,0.001230169080455537,86.57464264803201,0.14017927256355864,23.993378897129194,0.3196220674172794,33.45522664322298,0.04052699952077592,75.42179571191252,0.04060381494767432,-34.888087730006376,0.11203856526532935,-30.121221219413826,0.006947965887376212,-77.35512993996844,0.18920087475705963,36.33855525404798,0.33470583265507026,-34.816360708667744,0.12678162808695012,-78.7259069129623
377,7.54,0.0486266368062254,-27.19204298426158,0.0743222822191974,49.49619160618652,0.009395705259585595,83.82000615745328,0.16126279925892967,23.6754034842911,0.33672492725947134,33.39130642794501,0.08165367801777006,74.68557366809544,0.0176878735499869,-34.15654289696859,0.08715199504705627,-30.056492604722898,0.005243001551860861,-77.30411046646267,0.1384973077553208,37.32593033234626,0.36431889613997676,-35.0690154822798,0.03442944076193023,-78.37867475346884
378,7.56,0.07785519533358529,-19.766911545077498,0.05830192845807644,49.81034034113873,0.0012251169257990453,83.82000615745328,0.00616839916221515,23.6754034842911,0.3380750616149401,33.37528141832926,0.098036803541028,74.48960586423456,0.0032015076387321042,-33.83489038759358,0.11124992752500389,-30.009294925409105,0.002698785754431344,-77.26512167524001,0.13345079775805163,37.68093937866305,0.3747606160165815,-35.27385834480349,0.09964001778753842,-78.64497327127347
379,7.58,0.14247621258187168,-19.81197129174879,0.20951110764021877,50.868418530370626,0.1879602617442563,84.33362969807013,0.101257956957608,21.49179771097698,0.18052365144315913,32.3520865523383,0.02819046450907668,74.0406855965624,0.010846710901862018,-33.80034766207874,0.024857087855774986,-30.458403518939,0.005631978708769628,-77.26512167524001,0.1626710582407242,38.086216284453904,0.35674962715422487,-35.243293145810554,0.0659913895443563,-78.40761455425258
380,7.6,0.05365052592459741,-19.64151202894791,0.0961734942144124,50.799104281351994,0.1037210756063879,84.2157378090465,0.11006819017176334,21.21806463895822,0.15848365964260946,31.87876123035888,0.022932863080564345,73.93658986186365,0.047162188581141046,-33.856798282485684,0.03935473251631728,-30.458403518939,0.005145150473341413,-77.26768981086948,0.16815118664254566,38.16752281852287,0.2761652833006557,-34.56699757523526,0.002201170255507099,-77.85535963513288
381,7.62,0.03282207974505813,-17.976032129519417,0.05773403832980046,46.87934222815528,0.08555996028195145,79.43584764761106,0.07333162025625771,21.27123582460959,0.1996147870028485,30.957700083490977,0.061182349929918486,73.12467627129395,0.02920490558053524,-32.47878197516069,0.056607118959791196,-30.458403518939,0.005575194475961505,-76.83726265047763,0.13010352312226495,38.5069019918308,0.2979830945420301,-34.414364150168076,0.009633711886657065,-77.99815141790052
382,7.64,0.12013915033214081,-13.827715058243447,0.01013134420310458,41.18586061536449,0.1779345871280801,73.74236603140137,0.16501294247193665,20.982794702047723,0.14240191730784668,31.192170824966578,0.07294020768653019,73.13982508251887,0.009216221135402963,-31.340916647369717,0.01985937733871318,-30.78687372398399,0.0032429456733326055,-76.57433785900811,0.06541983872303901,39.54153783822992,0.26406943664169585,-34.368935786460746,0.11784208156772079,-77.28608822541455
383,7.66,0.007354110674298591,-12.328759405252633,0.0271812063615139,35.26833991730748,0.10760378259541296,67.62307617307745,0.03933345525793012,20.31335304454714,0.2347901894664465,31.801099485321824,0.12071628234241998,73.13982508251887,0.016429304854771495,-30.862817397218585,0.07466226240283207,-31.44648012389113,0.003073034442826475,-76.55607624680705,0.05650953823444249,39.86990055145846,0.3395522641070186,-34.64372129148423,0.0002493239367488827,-77.28608822541455
384,7.68,0.12507870800115536,-12.356307720319421,0.1561746580979603,31.555397361265314,0.0388415069816607,64.95524293986986,0.035703370967515025,20.277204822804638,0.197542801903456,31.801099485321824,0.025648936337930726,72.31437228418433,0.035189958942855204,-30.986807743413024,0.17479337085149152,-31.983959226879417,0.23226509380854019,-76.55607624680705,0.007848649315523057,39.86990055145846,0.1532789593849348,-33.71075037605558,0.0044049654404311215,-77.81144324965483
385,7.7,0.16132533386766496,-12.389166117825019,0.14434272277879595,30.711548222807796,0.051373705141579185,64.12207341638545,0.09420360585393119,20.524144727832613,0.11721154787463454,31.2392709054291,0.035380284079293826,72.07443777124827,0.059899563081013275,-31.053632109844315,0.0838688954087154,-32.00837468927163,0.20181503798699132,-78.46710629742218,0.03200894902449783,39.30857092656822,0.07539403144098536,-32.76139562958064,0.018203778214748265,-77.72227665029733
386,7.72,0.13515526371418235,-12.453351144378395,0.1761134280632948,30.531311526527727,0.010517431828974412,64.06307810703613,0.08851759736914634,19.705454497872847,0.12011493364991517,30.648912530516967,0.012974350302520029,71.13950073869725,0.06180213326232893,-30.786485023722783,0.09522994166253758,-31.97955924783269,0.18740605588023762,-78.40990678113742,0.02976767254828765,39.50449132112534,0.13461673147986752,-32.68501008121929,0.03407500342861543,-77.59162978545028
387,7.74,0.1487892656976774,-12.448490977262098,0.15442868946314067,30.199250310584254,0.05441449525692088,64.34942949455726,0.11454944003715174,18.952959405869734,0.09436334257491272,30.44200606744304,0.018037446678786533,70.93464036797029,0.1784897157748515,-30.580444530821186,0.09878351860504657,-31.97955924783269,0.19858878958940235,-77.98230544278535,0.10206253775422605,39.50449132112534,0.12989689660307954,-32.63181082845562,0.06523996597539947,-77.3866485055903
388,7.76,0.1406474945700164,-12.377426433446947,0.17988313412722007,30.129826301562403,0.06329831783996626,64.44192545462727,0.06420484499509062,18.238158676553258,0.09014077738478027,30.379521680847933,0.03524105167995888,70.8411541910869,0.15259697803829592,-29.72865976907284,0.09928520999551757,-32.087313234082075,0.15350639088697568,-77.64064328845342,0.13575322767198914,40.76407782503281,0.1553007133093004,-32.718867134575916,0.055365492583074105,-77.3866485055903
389,7.78,0.12756120521897374,-12.28935889138064,0.1917523945805188,30.129826301562403,0.05948415590407926,64.4625238116132,0.02091390707958199,17.74566196278967,0.08933042506535603,30.325325561314624,0.033972442625647026,70.8061115355263,0.14083879137148522,-29.72865976907284,0.09878463000257748,-32.092864732702026,0.1307964927377561,-77.32151892432051,0.15124946442677384,40.76407782503281,0.16455420193860873,-32.82742836450984,0.03518236404992356,-77.45214091306394
390,7.8,0.12635396843994753,-12.28935889138064,0.1939054298770569,30.268508219410734,0.05779375378319655,64.46236699453678,0.01600644684788012,17.665902595142203,0.09217297272432035,30.31958351605704,0.034447956037477676,70.78364391680063,0.13937379667882036,-29.517260661961977,0.10171980383529663,-32.09882261064591,0.130921830224524,-77.16471410546644,0.13985196042593961,40.98050072471801,0.12712050331300973,-32.86367300444053,0.01608241559585929,-77.45214091306394
391,7.82,0.1276247781644625,-13.018572734738337,0.1934148446574904,30.587092501125998,0.04587042250682799,64.46091401156065,0.045610455482027516,16.22733542149916,0.10303253207544696,29.28985757945483,0.033426850099941514,69.71849886225279,0.15518428109950597,-29.40399192666719,0.09921025472250525,-32.93683496849311,0.1431248333437634,-77.03163207508405,0.13388538233937322,37.90640115963815,0.16074489287806634,-33.64647363659196,0.028842896514681107,-77.45214091306394
392,7.84,0.05902549759269264,-13.159450663838546,0.3307472897263724,32.043956836668784,0.020164479021978605,66.14530046813938,0.0034641520434013627,16.22733542149916,0.005982645914241308,28.853643452780318,0.0666926479034654,69.43368044069676,0.3343425674227077,-28.862915053889733,0.3059138467684997,-33.964153183744706,0.22860433721126786,-77.14536140537868,0.07199486724501394,31.82814545752877,0.09287598973954193,-42.93583837187908,0.00809280951905931,-85.4879854038837
393,7.86,0.04369758740690794,-13.346558490269038,0.36926351595474705,32.38197119409603,0.15333385028105856,67.06776591434821,0.009667664187595747,15.272357888131028,0.06686193347539265,28.49039136493946,0.019321516791669716,68.6688294601244,0.18469052696893418,-27.146600734378353,0.34287372883076334,-34.211715184195796,0.2726798150896239,-77.4375914779265,0.1070097624377338,30.710392173346232,0.1049177616274342,-47.12149315432299,0.005436694703693258,-86.97272330382793
394,7.88,0.09014573957894426,-13.66296122253057,0.3380306221808227,32.38197119409603,0.17304525413940142,67.70514478817611,0.020444268818954343,14.996725433462945,0.07233604568823568,28.49039136493946,0.010450417301919557,68.60964175094279,0.01708109444947196,-25.94467164311681,0.27579460206932027,-34.211715184195796,0.22234847940231459,-77.22090538085101,0.07953923887949296,28.6299930332385,0.01667077162550354,-50.669174072644445,0.002431098446154764,-87.60288366045889
395,7.9,0.12260733885467856,-13.66296122253057,0.28583029581351393,32.03411724596066,0.17488703837511696,67.9154449888402,0.010115348537307469,14.955420602251126,0.09305036544198735,28.049435874919965,0.009800579540149573,68.60964175087821,0.09643221905329498,-25.237095002864507,0.2597145854601454,-34.05597146349673,0.17793517312563903,-76.88514489514351,0.06767153264196865,28.52117542666511,0.03897025193137046,-51.28145170911888,0.003673852442131188,-87.88847424330383
396,7.92,0.1319945472163484,-14.932485328825095,0.27734106904734657,32.09278597522298,0.18071135724974327,68.2394728963259,0.005253978050531695,13.98033533163848,0.09106690875852069,27.777264504505418,0.008780459727827905,68.22204635034423,0.07464566100855102,-24.81540391242759,0.2797721567108604,-34.05597146349673,0.1445077387293518,-76.0117382293503,0.053862980922795595,24.275254083355037,0.051007175341895174,-50.43067691341857,0.004361474720437303,-85.71563298629698
397,7.941,0.07558156560625912,-15.534533382282948,0.3201216768145796,32.45164323979435,0.1497317133175822,68.95930985142192,0.00801768974461149,13.309342091708787,0.08008381054356417,27.84312903141321,0.0028361712635464405,66.96945925618327,0.05567610411299676,-24.353535098933556,0.3211283782285555,-33.90101263478607,0.1815261329360132,-75.63043061285624,0.08191165250124496,21.897319732976225,0.07825880915183037,-50.284432180557225,0.0027145985401907336,-85.71563298629698
398,7.96,0.07558156560625912,-15.69584003826353,0.3201216768145796,32.61756812205205,0.1497317133175822,69.53059549730334,0.00801768974461149,12.933406429839575,0.08008381054356417,27.673378715775158,0.0028361712635464405,66.76676245151778,0.05567610411299676,-23.53920301726962,0.3211283782285555,-34.320995652785356,0.1815261329360132,-75.63043061285624,0.08191165250124496,20.577226706361493,0.07825880915183037,-50.1701326534625,0.0027145985401907336,-83.73953955732075
399,7.98,0.08320445536467035,-15.811052625331335,0.34923454704077916,32.559228086865446,0.20701385802762926,69.82832919996187,0.009560076264746283,12.795883969381832,0.08727913259787227,27.673378715775158,0.008238411791184968,66.75035907918992,0.03019471734256835,-22.661368370510157,0.29449273092522427,-34.401135230423385,0.14714720192824493,-75.19655034228191,0.05790010133735533,19.14608563536596,0.07427668144435025,-50.1701326534625,0.012664040060801162,-83.33565662655289
