Time_Step,Time_s,FR_hip_effort,FR_knee_effort,FR_foot_effort,BR_hip_effort,BR_knee_effort,BR_foot_effort,BL_hip_effort,BL_knee_effort,BL_foot_effort,FL_hip_effort,FL_knee_effort,FL_foot_effort
0,0.0,-0.3018158991511091,-0.6239938853981503,2.7294418789853387,0.15630375827019213,-0.688744758728709,1.9375970900270214,-0.2033112495999313,0.7469629590823222,-2.2904703690744026,0.12672189302140985,0.7928316742305336,-2.0438746708176803
1,0.02,-0.3019307456797819,-0.6241751140639461,2.7311678355875677,0.15622734143305297,-0.6887343770095266,1.9383348539030842,-0.20306356539053727,0.7463649208390795,-2.2913425980439777,0.127225682631623,0.7931358175753549,-2.0446477322682393
2,0.04,-0.3020450325690522,-0.6236144581395311,2.7328034336131974,0.15624524196598674,-0.6889746210590811,1.9390726177870468,-0.20308652837352192,0.7464081755104167,-2.2922148270107816,0.1273666672046329,0.793045143922259,-2.045616104502419
3,0.06,-0.3021598788732993,-0.6232762816644153,2.7341567723766462,0.1562958054586979,-0.689277005836334,1.9398103816684629,-0.2031872492320437,0.7466589041715521,-2.29308705598056,0.12739988847694259,0.7933594449231378,-2.046360343718955
4,0.08,-0.30227472517756004,-0.6228579509424599,2.73564837272202,0.15632588810229103,-0.6895481791391138,1.9405481455513174,-0.20324421266101966,0.7467847360896497,-2.2939592849507884,0.12749573732443292,0.793591743261565,-2.047148487971847
5,0.1,-0.3023948480269275,-0.622325515412291,2.7370961160161458,0.15638013575980492,-0.6898124063857334,1.941287243744481,-0.20333761002072698,0.7470628887826003,-2.294831513931432,0.12752691976994576,0.7939041480142013,-2.0479140286633504
6,0.12,-0.3025309667243292,-0.6217811453525106,2.738568688374177,0.15641738504177508,-0.6900522304722203,1.9420250081418076,-0.20342118874362022,0.7473009205819046,-2.2957037429144767,0.12756801427984998,0.7942283635482349,-2.0486925432535776
7,0.14,-0.3026684357515375,-0.6212911196296549,2.7400402684707803,0.15643994251540141,-0.690326424184392,1.94276277255212,-0.2035097820221292,0.7474567895216427,-2.296588918288288,0.1276165646063913,0.7945200673503356,-2.0494710578461914
8,0.16,-0.30277099439591587,-0.6210610611704778,2.741330566143449,0.1565110391204396,-0.6905906456583611,1.9435005369626157,-0.20358317621643318,0.7472706146815606,-2.29772401069899,0.1276651149328731,0.794788250602872,-2.0502495724390637
9,0.18,-0.30289767388672445,-0.6207511616230293,2.7426876647846954,0.1565504720993566,-0.6908547565245987,1.9442383013665072,-0.20366390911768395,0.7471744248466894,-2.298771415126563,0.12771366095028075,0.7950770071538101,-2.05102808703159
10,0.2,-0.3030663007939585,-0.6205506352478116,2.7440589528028405,0.15652683587731675,-0.6911178038974899,1.9449760657818986,-0.20373942104289486,0.7470049377764902,-2.2997639758080415,0.12778692161799585,0.7953967886163804,-2.0518066016341217
11,0.22,-0.5161101753855815,-0.8006655185623328,2.8712041911200923,0.4511043024388899,0.2417283600290001,3.2062633806304346,-0.31299566297742853,0.7807752516177274,-1.9082931525666398,0.10840132981189513,0.5190249201113901,-1.2793872946619589
12,0.24,-0.5755392883933307,-0.7625012435864349,2.863353755376524,0.4987636983706186,-0.27820533730536495,2.904483728357938,-0.22770962874628434,0.883230560942377,-1.8603934507582927,0.0709698948126958,0.3351767875761216,-0.7569559006520448
13,0.26,-0.7387208375473931,-0.6114736726639021,2.853991957068739,0.29048255709024645,-0.4886496966718632,2.2052611680904115,-0.04655236944568178,0.8974615163118461,-1.9306933430576796,0.07195219262967735,0.41427419474827665,-0.7048284368217765
14,0.28,-0.7627627238124277,-0.5868818866547205,2.8165810346702393,0.2597441662093852,-0.38645591665018997,1.6832009103989574,0.04118916619895144,0.8232734953447025,-2.0631632161417377,0.13953838030349863,0.6120647509221881,-0.9362307321958638
15,0.3,-0.681047700319786,-0.6184755330096416,2.793126453465427,0.35975986710293506,-0.34251814524559565,1.6045091508895277,-0.016454137474133823,0.7164068636536794,-2.142291501529075,0.11400510088168157,0.6650019319957589,-0.7885457324963663
16,0.32,-0.8723419803027671,-0.6004555709793287,2.824723615310678,0.3464669142636124,-0.48639449570406523,1.2303971644805982,-0.053427837487123764,0.7713642167944719,-1.8814160169330982,0.12708654730691818,0.6962033286472427,-0.7592958858095649
17,0.34,-0.7140678175538787,-0.493429423414083,2.9088784977818314,0.3414358277823225,-0.3190767835686518,0.7876960707379479,-0.1367738919198252,0.6308427000276764,-2.035908934582636,0.08551428443405057,0.67851537040169,-0.5595503399808591
18,0.36,-0.6778180426492066,-0.5349276261594296,2.875603634087918,0.6272424383347803,-0.3846163852367479,1.5786546632549014,-0.22786873639086688,0.6567195007065729,-2.0249970166470557,0.012035498019592777,0.5709422267664488,-0.53644192863685
19,0.38,-0.7147914585929195,-0.5534504439361605,2.8745326824060107,0.5960611967047413,-0.42121606376187637,1.5152337903067006,-0.18907690900495128,0.6972869938418252,-1.9876705058356512,0.04120876533398028,0.6032859347971832,-0.5709757368389029
20,0.4,-0.7663756862653736,-0.5621963521369874,2.877572532568543,0.5571873505526069,-0.43995991890140157,1.4244921993646464,-0.12557308182502894,0.718202121973049,-1.9627703584134208,0.08749842937399738,0.6322986755862349,-0.6377694490837935
21,0.42,-0.9006849184684302,-0.6348894942745543,2.351817641616219,1.1640548451719726,-1.408201481243832,1.0248284750738903,-0.17968172904512492,0.6758725325268822,-1.6230967743028442,0.05535587672238501,0.8978339929628748,-0.7710418719657202
22,0.44,-0.46152975031627874,-0.6076433671327547,1.7424649267739944,0.8421849275232507,-0.8858514419483188,1.3741818942854669,-0.2134147282854298,0.7184584641099517,-1.293570673050807,0.08003218850174174,0.8081329838802624,-0.9692898996841606
23,0.46,-0.3217349101662955,-0.5710257255480568,1.220200293594687,0.5018372347550805,-0.4519829053747111,1.6838024911726202,-0.12489920694385481,0.7371254800668007,-0.8970829568453764,0.2014588062731427,0.7040563104892827,-1.209985223790874
24,0.48,-0.6596290370076789,-0.44523198639400197,1.834111315151046,0.3588862742307567,-0.5653607261069421,1.6260537067262522,-0.024043110337692214,0.6939270064687976,-0.7765886094785105,0.3477295007780413,0.5785629825589986,-1.3728631702670817
25,0.5,-0.5912442063036104,-0.5264343726882642,1.7323323310932888,0.4479484408953062,-0.6505128317665384,1.4799847489424065,0.037209663913178766,0.7609217648690911,-0.8465859679616571,0.36168960385425647,0.7195592463479222,-1.300837637159105
26,0.52,-0.7314542810666959,-0.5470770744822707,1.63046817291419,0.6020314131677003,-0.7124329732937197,1.413081888471756,-0.06445684603577553,0.8282810801799536,-1.0083597703461349,0.4160132231091119,0.77848649127906,-1.3430988201984202
27,0.54,-0.6461822264102524,-0.5612150992940493,1.4736375637521635,0.7243356072176211,-0.6994811601255622,1.4038285425594268,-0.15291989002477585,0.7895226405730134,-1.2100108459666703,0.27331779276375034,0.8183879601591564,-1.2917981043159403
28,0.56,-0.5959101322867999,-0.5640678617683892,1.3713639107389015,0.7979705296592567,-0.6748448286392503,1.3668604865347633,-0.19630487722396875,0.7338407369576438,-1.3344597659103594,0.1826292696515016,0.8259941695337035,-1.2902120162055188
29,0.58,-0.5926328665831272,-0.5603546499732431,1.327689036568884,0.8082417352488795,-0.6751765194840113,1.3432796961914393,-0.1853546590862733,0.7263701146772747,-1.3670585305227436,0.17757328349480128,0.8261544512905916,-1.311827497487559
30,0.6,-0.6265619157814184,-0.5666384140212793,1.3486831227560763,0.7720635433110664,-0.6763783097833115,1.3340259957619058,-0.1599114262790003,0.7357732305119258,-1.322170083068733,0.21019281866295594,0.8231373632238683,-1.3371258396064565
31,0.62,-0.45302100212895435,-0.22375777280198056,0.644564038278296,0.8719700053161382,-0.7115108661892,0.9218734676003715,-0.30164379818728193,-0.1934891470219472,-2.453661780417057,0.36668697498428676,1.0161933993063696,-1.4743651420754167
32,0.64,-0.31879005207457645,-0.11171022001142575,0.5172548093603917,0.7269338732593421,-0.8205169218513308,0.8685711218521335,-0.2436263116344729,0.27433416438257974,-1.7731186078295522,0.3207337945641934,0.9591743171174684,-1.585365440318973
33,0.66,-0.446856255747299,-0.20156175597711218,0.5494029746143276,0.5509390373767694,-0.8259186770244887,0.912454281019013,-0.10953126142034073,0.3656664343136554,-1.2769914207810578,0.29882200444506535,0.8749976843517832,-1.713356811535377
34,0.68,-0.5035169621881639,-0.2738395791862568,0.5925638791490787,0.5489646149219625,-0.780274063859891,0.9625809718093362,-0.1463761125925983,0.40236840649331435,-0.7284206597103118,0.3562421202088295,0.832537006539128,-1.695029848919984
35,0.7,-0.4796350022608874,-0.24843363793051593,0.6489449075224122,0.5564596373488736,-0.761561231362643,1.0088801423335019,-0.17731390572394237,0.31334183680390343,-0.9866315794839704,0.3721638073614952,0.8620184885484161,-1.6321272681720527
36,0.72,-0.5392023294234133,-0.23613539696776803,0.7198669445587701,0.45828523741419225,-0.7819832437171276,0.9107999659179252,-0.4356484736275662,0.33408357571991726,-0.9746995866245787,0.6723481201499313,0.8838641693498713,-1.6286535567811184
37,0.74,-0.4873300810019202,-0.24893881898462455,0.7018758111985781,0.5035999668264055,-0.7990557102454934,0.9229911871260302,-0.6631971414632508,0.3309838261808907,-1.1052790228461966,0.6405511281410932,0.9319436981459295,-1.56356234179602
38,0.76,-0.5007039975721798,-0.2512241615754581,0.7033782141951254,0.4924367944001478,-0.8051886915253398,0.9138636590196552,-0.6516268606334511,0.34256667178809874,-1.0952733578198832,0.6501013526359121,0.9344872468569864,-1.5726374609869096
39,0.78,-0.5212309531408541,-0.24834463540410717,0.7082290636676323,0.47568163547079834,-0.8049742184307981,0.9036535100217651,-0.6335881914933047,0.3418680103461393,-1.0889544336451515,0.663876656266056,0.9254024929464655,-1.5947769850012523
40,0.8,-0.5349600881319149,-0.2469746551283583,0.7114591176767304,0.4646385432508826,-0.8034885300033917,0.8974866335706908,-0.6209811208215622,0.3446356155920724,-1.0835060706845832,0.6739058731579375,0.925163831637886,-1.6063929137581565
41,0.82,-0.5068805581648628,-0.4387977102725644,0.7072455974175662,0.5308664874749709,-0.54853732661712,0.7677466096753308,-1.2595783078877822,1.302716914552905,-0.8391793960078118,1.1777036295711032,0.7673305764105742,-1.7389780669528903
42,0.84,-0.49406835558513096,-0.5720451283289603,0.6391900285282849,0.5511277850018016,-0.3815272939145645,0.8171101017423283,-1.2016882867137346,0.7906001091270969,-1.1699335951556211,1.2076301689631368,0.6223665533497895,-1.8237106241527907
43,0.86,-0.49121782974846684,-0.5439101778578159,0.5956464764033578,0.5112713324571547,-0.30784976072580794,0.2587387479740956,-1.202891415702265,0.6859903415585563,-1.248768358397969,0.808833058351772,0.694615176595099,-1.4735586910949274
44,0.88,-0.4735723019357507,-0.5222751371949277,0.7204418921592641,0.5633505055577195,-0.4338085266832367,0.7221281782321254,-1.0915900854577074,0.6659874932165428,-1.2201362349093996,0.5265511089949587,0.7078290230652451,-1.1252664421459244
45,0.9,-0.5445900169168094,-0.5247202837132856,0.8570109408114113,0.48279369848413634,-0.4721406185670516,0.6388458055054662,-0.8837484364899701,0.6963634128049182,-1.1307717249828866,0.6895205386523973,0.726256104433918,-1.068776948206016
46,0.92,-0.5131584090300572,-0.5235367183865796,0.9417132439766039,0.24311743658513918,-0.5222111553321765,0.5858965240509652,-0.8621631530482413,0.7100511897971825,-1.0803228889479977,0.732008247037733,0.7593583602182787,-0.9115655220479271
47,0.94,-0.5122801592481911,-0.5207610012602601,0.980635769095159,0.23028763954131629,-0.5327504724226181,0.6127640302750342,-0.866005512064287,0.7206178265163761,-1.0372590666104848,0.7935483128006671,0.7415403766136289,-0.9228121585232375
48,0.96,-0.4977910371792861,-0.5431412466090115,0.9568958767105652,0.23901097983684655,-0.5297759557001411,0.6518231292427175,-0.9207126876292295,0.7205203186152142,-1.026848000030884,0.7796977461150818,0.7510854237665767,-0.9180780655700146
49,0.98,-0.47452290905991706,-0.5535101647794172,0.9272132061798968,0.26593461930416595,-0.5248846848957262,0.6597482410527727,-0.9517183330614837,0.7170340097946407,-1.049755722667181,0.7447783325281898,0.7614553064209096,-0.9101361560276804
50,1.0,-0.46217354217632417,-0.5531932065859435,0.9076662329517451,0.2840727688854343,-0.5193960484552977,0.6552969189641726,-0.9636763139257679,0.7139936189002987,-1.0736983289756732,0.7264448617841432,0.7645373920579193,-0.9166625189486621
51,1.02,-0.029218981278504114,0.3413818402433171,0.8564576321791435,-0.1897966564249457,-0.7602267325180952,0.7185971681916157,-0.6635329722347938,0.4431689893628584,-0.8007981062320608,0.8981245437855394,0.7812041989564639,-0.7784466018308601
52,1.04,-0.03309100892515146,0.21586647247168783,0.333834475312599,-0.16427701067302986,-0.8582214038408339,0.8477442467847182,-0.5438813202451174,0.3681939558261533,-0.6344114002375929,0.8930155795902279,0.8037062348740285,-0.5945230155159847
53,1.06,0.08267309538606397,0.0626212148381746,0.4429201514283102,-0.1474435952377078,-0.8372165316359916,0.9244202273009873,-0.5293248953658379,0.3178084211537522,-0.5636225457907681,0.7105278940079827,0.815148668293443,-0.5706058917309135
54,1.08,0.10859005406550601,0.06370970775308496,0.29289094704433993,-0.09033053256704512,-0.8082373245255833,0.8908129404502834,-0.49906105775931486,0.34150373312773985,-0.6163364673734977,0.5640819870984,0.8273369404499245,-0.6536471864799296
55,1.1,0.1198002192161509,0.08619840903839075,0.23218669602608027,-0.05542210263905922,-0.7803380039123239,0.8476262365707761,-0.5076095072319606,0.34781583998430715,-0.6891282282342506,0.5279785163888974,0.844710988328198,-0.70480946339073
56,1.12,0.14530935183190075,0.14264162365460492,0.15481408809933309,-0.2888882227587548,-0.7593792812230002,0.8205708271576824,-0.40188456114885673,0.3947959248789062,-0.6267727960120326,0.6888798432972746,0.7714245636703959,-0.8096650125813073
57,1.14,0.20016126839824755,0.10002436160092065,0.1847920380743179,-0.17745376670874796,-0.7692232679631198,0.8261235977614623,-0.42903898597430284,0.3787295648154815,-0.6859592615514698,0.6676252154353267,0.8183412663472512,-0.7234015405180436
58,1.16,0.23122985690908793,0.08622335769857353,0.17328827447740133,-0.15339543496399716,-0.7730278754585688,0.8449558372980481,-0.45904199297524284,0.37713481874886196,-0.6913003164624648,0.6414051835026401,0.8234118505072718,-0.7036549754335868
59,1.18,0.2446505708044074,0.0866835006740064,0.16636920956630144,-0.1758574058558778,-0.7718492139321746,0.8487063508912679,-0.4510387543228874,0.37613348179877976,-0.6767260621550422,0.651700512731326,0.8186384423141524,-0.7103758201726464
60,1.2,0.21780360931768722,0.08884702243245567,0.1810120746897167,-0.2074977145067834,-0.7750925213344216,0.8437402518907218,-0.4314487772975191,0.37755714632084014,-0.6569038702062313,0.6732518637839099,0.8144504292670385,-0.7206058794346943
61,1.22,0.4406540619887226,-0.8798422830982546,-0.6213125873705025,-0.39804637299103884,-0.5466748682431415,0.9399323980505887,-0.23837015516411772,0.6270464226900926,-0.44004604798632574,0.8816277397407202,0.5292240025233601,-0.8829664365079043
62,1.24,0.4319984021601143,-0.3311465408010028,-0.08747031533819127,-0.21123664161070949,-0.4012684049865869,0.7258384466869509,-0.19617915347187076,0.6758469455047391,-0.4407385322257733,0.6893077739362822,0.44178458445333835,-0.7787231108280467
63,1.26,0.4167919683743125,-0.19147721617847213,0.09729731188172286,-0.17615572119899903,-0.2971768126862325,0.5577251360102549,-0.1957609674366527,0.5691761506245688,-0.439755127320925,0.5068754705124043,0.4017389175902076,-0.6907161996492963
64,1.28,0.4140728629582833,-0.2324961319413129,0.1280123103081561,-0.25641105709015233,-0.27192346771379455,0.530064104555393,-0.2136189208114615,0.5158446863052767,-0.3445295414108172,0.5167600734111146,0.4013756447496813,-0.639877886830207
65,1.3,0.4132110905609017,-0.27071682018006665,0.13802267700535945,-0.2879645196804325,-0.3036086246017479,0.5635572850706192,-0.21517329598901175,0.5289218782603868,-0.2953609759903041,0.545935580019107,0.41287369537617086,-0.6060854035713874
66,1.32,0.49453260348414296,-0.2538922687027053,0.07994969696145218,-0.4173729264223536,-0.3029185271363321,0.5110879581830052,-0.0704353738703438,0.5360810029042944,-0.27150434685841274,0.4495358774232431,0.3986749278568732,-0.6017216825064022
67,1.34,0.5001407061730558,-0.25775074221046246,0.06091792571874352,-0.3552805356945524,-0.30271175362143743,0.5061651402678257,-0.09965842273867857,0.5392241111061389,-0.3186857598878531,0.40939266514755374,0.41275586413552123,-0.599273405619701
68,1.36,0.4821453340711254,-0.2597088113154278,0.05873689567256879,-0.3228004305957053,-0.2990494259065897,0.49424030907392175,-0.10356019027523256,0.540061389319234,-0.35137113942789355,0.3966181795307986,0.4284568801343801,-0.6005241977982035
69,1.38,0.4748581022798599,-0.2611036784673913,0.05708940296703574,-0.318445018461595,-0.297899748835773,0.4872074434945518,-0.09941271860519627,0.5410439314844472,-0.3593709180050126,0.39805189285150855,0.4350712276295301,-0.6025080717489932
70,1.4,0.47368312929107,-0.26056357306126715,0.058287598056301765,-0.33196390300414985,-0.29897328714255755,0.48708361443976145,-0.09477528177062189,0.5413956111172149,-0.35003889167096314,0.40474144850950067,0.43223048332286007,-0.6052213740113614
71,1.42,0.2803995908303804,-0.315403581355695,0.11121713510991846,-0.3902180998047736,-0.03688965359607985,0.1242105902734082,0.31093036770930604,0.6522449094454202,-0.3495911486299321,-0.05521686090822986,-0.4798276750255148,-0.5581905109586713
72,1.44,0.18782241892194007,-0.37287592928814245,-0.02166375415401811,-0.23088439701422497,0.12522337655641846,-0.05293194092089577,0.1910552532376008,0.6605943865097633,-0.3181131547971443,-0.03404826262425811,-0.09963727570020198,-0.06897377363558566
73,1.46,0.09311083033951092,-0.37216839171736377,-0.03542170414843129,-0.06987488256515512,0.19677280682546947,-0.09444480775124507,0.020374831723056208,0.6104786447048729,-0.2345881992445874,-0.02479725965388882,-0.12202931700997333,-0.06162225442240438
74,1.48,0.032052572405322485,-0.3717766652750452,0.027475836462801384,-0.005344890195927293,0.20468684021384853,-0.09810098779815109,-0.09325714880246255,0.5379211771992265,-0.13600942741802663,0.000813648824901439,-0.1207301357404923,-0.06225270187145149
75,1.5,0.019772885670407858,-0.3769805093301789,0.11518227249603555,0.006327914668433007,0.20223918857992604,-0.09937427405075595,-0.12710217490603526,0.47307329367780293,-0.06511890736627957,0.0035663784358124437,-0.11128833211289266,-0.06415928020915393
76,1.52,-0.007552179517274535,-0.4162906083749381,0.3168695962675432,0.016941448991790342,0.18052880267525226,-0.11311081386224911,0.15357783664863262,0.4387494284821568,0.03870146992588844,-0.08355265638017961,-0.12440049810087894,-0.03112808060563793
77,1.54,0.015728824278875377,-0.44673877487872277,0.24067831830999836,-0.032829091187268934,0.16789332370089727,-0.05484190659498747,0.007084935027074857,0.46069403595653485,0.058187787069365116,-0.008667347782835011,-0.10659961637451384,-0.027206732442471154
78,1.56,0.05507666182254123,-0.4315319528025094,0.17486268103122657,-0.024552726377523294,0.21727332475622546,-0.11235887184959409,-0.07213183294749681,0.468351030097474,0.013351387379580859,-0.030291393238563377,-0.10505472573708816,-0.024585178055810036
79,1.58,0.094381510520146,-0.40907703184145044,0.13511180074052437,-0.035315772372830054,0.2167570900493907,-0.11242471525637522,-0.08478628395178754,0.48146279789298324,-0.04186896603046547,-0.04353995045246602,-0.1042790354080739,-0.024666077106958118
80,1.6,0.10902288878764052,-0.394483034757391,0.11339819057797215,-0.049988004701257735,0.21215464149298802,-0.11224126214372439,-0.06048818718512987,0.4943349129067004,-0.07980650030316014,-0.052852275224744526,-0.10433463890250347,-0.024304532591707284
81,1.62,0.10303443212195848,-0.32879510177102916,0.3442763107993204,-0.06882911111346043,0.08082744214009219,-0.11391044717649548,0.12652429892436695,0.2553079324063179,-0.13620628536395726,-0.3751915040411161,0.8773556790834829,0.8039176544573816
82,1.64,0.025398269562749057,-0.16402833952238655,0.34519671433580656,-0.11157328397023385,-0.1932335498954912,-0.3349230770478703,-0.00746440476065556,0.19451616326204602,-0.18841526134559386,-0.25778775452802666,0.38091917320030455,0.32616499772228824
83,1.66,-0.035107177821706775,-0.054708214862004445,0.34723512458538264,-0.11490577993969653,-0.10346661393605547,-0.2837093935460313,-0.05208851896597137,0.13335862081675384,-0.2578176436703743,-0.2765439107203964,0.26103760451329344,0.10107463966440633
84,1.68,-0.03206354331358522,-0.08492840114232345,0.3233830508980844,-0.10285392508386293,-0.1076888508285127,-0.30605677704942696,-0.02680828837891562,0.1437269876645419,-0.2651693551592189,-0.2894296717259058,0.3064313667679977,0.14119381987148574
85,1.7,-0.024344447146522424,-0.09975129389198562,0.3282654412592831,-0.10699952744605262,-0.11949155471238368,-0.3115396249614467,-0.012220492965809494,0.1511952633478337,-0.23629455809633312,-0.2798267044068069,0.3208991833968512,0.166698828481111
86,1.72,-0.14259925160657339,-0.12502190593159856,0.3924484504170558,-0.03827952760486948,-0.14699205743249238,-0.2582028767706397,0.10952164081389304,0.1316224859615927,-0.1368251888005326,-0.27960591454072115,0.28203438309802586,0.1655151123844071
87,1.74,-0.10033644026552893,-0.14189698950040117,0.3430924609614545,-0.0029104639531237486,-0.14600550507129997,-0.20648917155171073,0.03802582201642349,0.14171023285389278,-0.14317959882410894,-0.2772193432403022,0.29288058807417894,0.1566534436239179
88,1.76,-0.07980208750292081,-0.14839232181770312,0.32240689462495165,0.011156855209513868,-0.14710559384814642,-0.1788982849663211,0.00015249337438730248,0.15037217004646364,-0.14670417575906874,-0.2706761069664,0.2969123602675802,0.14809395919372736
89,1.78,-0.07872436331612791,-0.15023961838927014,0.3220080731778398,0.010293732715489314,-0.14755457033452235,-0.17626674134131587,-0.0026657386555351374,0.15204626570579016,-0.14426296714481676,-0.2674013701520894,0.2986466519696632,0.1478786599312317
90,1.8,-0.08711620781988275,-0.14770798739760158,0.3307275816109847,0.004684581177895351,-0.1471170251227456,-0.1882197057228599,0.013683798656065286,0.14972909430286538,-0.14219000121035105,-0.2653351316016943,0.2974645394879593,0.14795361477510482
91,1.82,-0.19720999141060103,-0.37464410490820976,0.29825552605065897,0.037502176748425264,0.7917923263859397,0.5799383940339058,0.06212819874589631,0.3336009082075856,0.15496201884472388,-0.14716834815996638,0.02015285568228367,-0.011545338297976326
92,1.84,0.07534229650253484,-0.4478952601981503,0.20230426842747717,-0.07677005243282134,0.27431247392086033,0.05722077641996759,0.1180549409857002,0.47945534620704233,0.07470633005482727,-0.12400601524213928,-0.04494959359732225,0.03909651963738628
93,1.86,0.18907586880140384,-0.4293392696771228,0.11490340031967025,-0.10030234576344538,0.2351910637643571,-0.004068354011335318,0.14511987821513686,0.5218316641138476,-0.056753435902167665,-0.17318887718196949,-0.015658465440899307,0.04666438988022692
94,1.88,0.2094745813004833,-0.39940321295895687,0.06925120029718754,-0.09242633763282926,0.2466955933944417,-0.0043923606279508,0.15096279483654232,0.5266918394040319,-0.12332593725967883,-0.20896884769091081,-0.0039053342967604043,0.033855033632488124
95,1.901,0.15802629682511093,-0.3758613498862884,0.06117464434088138,-0.07523740936706926,0.248287951155108,-0.004589635311251727,0.1515286716169539,0.5177720064971333,-0.1269138680052357,-0.20547679984066525,-0.005768193218440555,0.03490482054751606
96,1.92,-0.18009982222821863,-0.36257646731646587,0.11051350287244771,0.02572305874513675,0.24149657636770372,0.02488472163175967,0.20160189886064067,0.5009506098465188,0.05071446647009112,-0.1339921324667835,-0.09014004172195968,0.06557164626093911
97,1.94,-0.06298648804106197,-0.32540762926137606,0.095953599828064,-0.04547961494997965,0.2417294393597189,0.026742378425281918,0.18095780686953328,0.4859481090062826,-0.051232365840841454,-0.09713585767379135,-0.07216807869039274,0.06074829208639118
98,1.96,0.02155331601663521,-0.31835768145758286,0.051869543185524,-0.029813166718079077,0.2488936649939854,0.026764165964133696,0.13212319049327892,0.5048313079797551,-0.11106651412987698,-0.09718337091980411,-0.06884938300334609,0.05670202900696006
99,1.98,0.04395329303441674,-0.32256720914355286,0.018224863545814263,-0.015202073876223396,0.2522566139717738,0.025730985984699764,0.09393537019570886,0.52902452856483,-0.12461757055331887,-0.08933417405031865,-0.0688953136976139,0.055859971415601256
100,2.0,0.037827245883527226,-0.3278263015207563,0.011296695581417715,-0.004334349360993781,0.23680538020805536,0.026066494219720182,0.0774739864694216,0.5174512899826158,-0.12661616845980422,-0.11785620517811174,0.003635633263777284,0.11612718467855684
101,2.02,-0.2535769642830356,-0.2833969815502237,0.10460679587149144,0.08641133412709545,-0.6627518252863613,-0.048864083526247215,0.11057233586729967,0.4161255802539271,0.011451425054102904,-0.053273326676338106,-0.011592091770170544,0.002567563149664165
102,2.04,-0.11507675826968436,-0.18445210048348631,0.13840145291997485,0.32928484104217365,-0.42858080670385745,-0.07340754713832348,0.151166793918364,0.37705342413269194,-0.13608191099233485,-0.0698428167865522,0.1325391427624598,-0.015688536849400775
103,2.06,-0.2287061880265675,-0.07425189676575483,0.17024550464953117,0.24057773473784988,-0.15474044050742602,0.1426838430822319,0.09729592128540224,0.2343971947349313,-0.2128323938892247,-0.1284073034635173,0.21493157173882843,0.12163097986152918
104,2.08,-0.22554144120017885,-0.07120588377867801,0.16372099117707234,0.22066051042816462,-0.17702290289213485,0.1208211441604759,0.1131310124942354,0.2619824248092285,-0.18816729104266658,-0.11654719112128932,0.2077061458929153,0.100102538063852
105,2.1,-0.22168395205474983,-0.06940486666830883,0.14581517221877538,0.19094386229925017,-0.1939799352411484,0.09977087212196407,0.13530703031093017,0.2802110154759214,-0.15943506146695777,-0.0933685086314221,0.20314691510323823,0.0775121043835939
106,2.12,-0.22021982395366707,-0.06210734257272402,0.08773013026981477,0.20884925724659056,-0.19027886257676338,0.1154494344953525,0.07638118515347381,0.32201073406786895,-0.1550069587483068,0.03645383163850606,0.22730214961308706,-0.023209250605172982
107,2.14,-0.21599189267153307,-0.0604684289641329,0.08098554478103451,0.20359146684511242,-0.18831943610046484,0.12509014542343183,0.060080744795465726,0.32050518120449917,-0.15515013459744448,0.01915864539744025,0.2254994290183457,-0.026481831714678772
108,2.16,-0.23526331441780776,-0.06198764182573671,0.09136269425951932,0.20829819413767106,-0.18856195528096556,0.12367490581448867,0.06443468970876057,0.31869759478069787,-0.15712917335052148,0.024894158370031644,0.2269159948756741,-0.021860138446805844
109,2.18,-0.2365689240934833,-0.06199751211528251,0.09464528450856904,0.21158717541808872,-0.18765209256657175,0.12331518402042174,0.06688692472255292,0.31939450385483015,-0.15760520668197997,0.02782275496213876,0.22975128659567015,-0.01777591035270365
110,2.2,-0.2371319877095831,-0.06200644237544819,0.09461950749792594,0.21122841066819484,-0.18783149958526207,0.12295414963461443,0.06737632127548179,0.3192435563991257,-0.15765747278237047,0.028217246649007377,0.22934346110136247,-0.018464304934440595
111,2.22,-0.04118912131343738,0.21817210681950644,0.036195767291575476,0.15179012475924297,-0.2456710626408143,-0.10566451988305342,0.018356316966681108,-0.6374936852929771,-0.9503020177411394,0.1585192043323637,0.3938514573569312,-0.03915904773148357
112,2.24,-0.013774864938293996,0.20845605484397395,0.04840581234524674,0.05907076260682863,-0.31256824740306255,-0.06903654347772117,0.11858580580030384,-0.12645251621580478,-0.42772451427412816,-0.10890513897023624,0.47046623871819865,-0.06100755647988118
113,2.26,0.015992228470355738,0.18940792807142,0.053839741930148205,-0.0019075366168796112,-0.3424605716759381,-0.013066674479513221,0.14257995134979046,-0.1034096680445728,-0.030931477698881937,-0.21669276626724182,0.47826885224090465,-0.07016558372333312
114,2.28,0.01255425064090036,0.20013598646308806,0.05298806262946659,-0.012962813748233139,-0.35730377851542783,0.0040463611590157295,0.12503523533150665,-0.12224884566635824,-0.030192850358534085,-0.21646199415852455,0.4806790576942927,-0.051740000469149894
115,2.3,-0.0006016495834850026,0.20817541623220864,0.051024004553664015,-0.002698230906913214,-0.3552707843757647,0.0033783106590555417,0.10289844680991903,-0.12157763500008953,-0.03115845654745722,-0.1524747131744907,0.47096738478875594,-0.027281725781668847
116,2.32,0.004512160446764182,0.21418715469652783,0.04775934775995347,-0.08264160831783482,-0.3136017069213246,-0.08590588475785024,-0.06419741007761465,0.01719046792006368,-0.11452544136204934,0.17316415010578695,0.4457877591906667,-0.0645604123506053
117,2.34,-0.0010482411440412495,0.18510214530979463,0.05281007190322315,-0.05383800983450207,-0.2720592991607902,-0.0005965304512319802,-0.054387444021924025,0.003316496472819057,-0.07901456337253585,0.1201929071530809,0.36710701134863244,-0.07492097996306624
118,2.36,-0.01640021760917335,0.18316167475946116,0.05312456703195248,-0.02142708255853728,-0.26690976406861144,0.03384656544024921,-0.06286270326628204,-0.013615499970060216,-0.06923071192819544,0.10448561849240964,0.34451646593821184,-0.051238495433844566
119,2.38,-0.025165942040659244,0.18888089345292292,0.051926409497025455,0.001533720185859764,-0.28191486410556543,0.03903429427493421,-0.05627584118125542,-0.027007394814590448,-0.0663561238227025,0.0971283137457051,0.3555957586631938,-0.01900592590029837
120,2.4,-0.03138292170551241,0.1932707244873698,0.05176608744611838,0.005533786926632856,-0.30402507881632385,0.031893842941225894,-0.04434228077400984,-0.04741052542152717,-0.0678308384657883,0.07919989054499696,0.3681954421636461,-0.007375841594054078
121,2.42,0.0036423884063862544,0.1802166085814242,0.04982526859192951,-0.10205462606022808,-0.17061250526448496,-0.0677655736408378,-0.1609925419170093,0.8966849925814664,0.05475762881665858,0.3438104948393454,0.2207240766300475,0.03604459306752003
122,2.44,-0.02695205412057785,0.16634078716511275,0.05638756401108111,-0.1390514166519043,-0.15856887652387236,-0.02334855914575794,-0.1347103516642989,0.3741226905288918,-0.17546881891487975,0.17394853552823497,0.1733127287513754,0.04817169674502722
123,2.46,-0.01051664536942458,-0.08568922315258183,-0.21263377703625952,-0.09737342494612666,-0.07041711408731141,0.018179998508604037,-0.1694593743489689,0.19207659888656958,-0.2741691081127017,0.14444670060790596,0.2714162986246424,0.04379710073453974
124,2.48,0.07204393819004978,0.029212166940759385,-0.1588274868755288,-0.021942500165600412,-0.04946801697002115,0.044278987460647984,-0.16494115726498956,0.22374210420281343,-0.2309510246741536,0.03761776306120497,0.199929699720719,-0.0026735204974898674
125,2.5,0.06504649054661565,0.025839873639898536,-0.13107739477290625,-0.03958955615750771,-0.07535483379464122,0.06142160028606221,-0.1772268071024269,0.2383839871870761,-0.18311577545612726,0.04253976263884553,0.1853724595135731,0.013443114947997103
126,2.52,0.13603831865490315,0.0467228107676652,-0.08756009222553013,-0.21540029531014585,-0.0851194701165357,0.016877002671492378,-0.24668556566675007,0.2570236057289148,-0.156157667714021,0.2018348645631086,0.17089574122343767,0.007748682192607298
127,2.54,0.14892863679966795,0.03794792616791624,-0.07347302345376644,-0.2071698175227995,-0.0843214408954805,0.02993789951169959,-0.24570686505535924,0.25290171301061826,-0.14013312261589567,0.2229263821824029,0.17226929096119986,0.024087877722851814
128,2.56,0.14260816601862006,0.034992769399501564,-0.07078362668758006,-0.21424847114866508,-0.08643005799205325,0.03216880626530341,-0.2416556319723648,0.25354048244169425,-0.13357801883405324,0.22495714297134684,0.17019957218577844,0.025829386612558458
129,2.58,0.13916206281944835,0.037443829657275086,-0.07109311891471501,-0.216578371248651,-0.08750849562365368,0.027086106194832177,-0.23679835870556248,0.25362109965230595,-0.13632301963690957,0.2235853259926711,0.16619383673871987,0.021281693926915812
130,2.6,0.13823318547664923,0.03787997584416966,-0.07320283488069101,-0.2164114860597836,-0.08655141491631932,0.022982362955388205,-0.2318897312908076,0.251733901851395,-0.13366632666621497,0.21974581389784045,0.1657147198713034,0.020150045582457365
131,2.62,0.141110593936848,0.9293420506000947,0.13129610733757324,-0.378629593203636,-0.27147133400422946,-0.05535547556230462,-0.1373108866857144,0.13459944939479282,-0.0861937415998327,0.20088790209924978,0.250805925056109,0.02188147748864032
132,2.64,-0.07020381229310599,0.406827760723229,0.12443010399233576,-0.22872566062063637,-0.2983508343638988,-0.11738004005448116,-0.13447118986946088,0.06533492433502058,-0.10244728320367014,0.129377277843659,0.32226382627272837,0.10735765670347933
133,2.66,-0.061501897638458786,0.19549682633366927,0.12142163327281133,0.006221636280139942,-0.24557997217288507,-0.09332966123881463,-0.05316943280541511,-0.03890705600645432,-0.02068546141307928,0.0032725725015213813,0.3326557905082603,0.14137971492887907
134,2.68,-0.06603314432159352,0.20399464936799394,0.1195761524359702,0.13744023852426993,-0.22327818478750394,-0.0718949294471955,0.015194219292612526,-0.10080153902040376,0.00480778147685218,-0.12313052967302808,0.3349815653431455,0.12789288464218634
135,2.7,-0.059819459428866344,0.2064098099415025,0.12061620093777639,0.1483024547716737,-0.2288770084785561,-0.06096811035508455,0.03769649490447512,-0.10697348447480541,0.004058898952214951,-0.18659873698080995,0.34963055996582426,0.11572905934773273
136,2.72,0.004042078974294483,0.2305806061859675,0.0842307207643527,-0.14891164243992938,-0.2381911991469047,-0.11621583564925078,0.011912940207420536,-0.08426307877410985,0.007254510947472592,-0.1299398522772805,0.382643516157878,0.013595245391608723
137,2.74,-0.037196840408446286,0.21814100232658967,0.07993918989019971,0.005439525722319913,-0.2398264399416764,-0.13460065628674156,0.020086084958140397,-0.10852009486032899,0.014207416081553625,-0.12904369761101978,0.396557913971679,0.06995088154935393
138,2.76,0.1488961931981923,-0.026481470332213125,-0.11807482939890526,0.09581010367457245,-0.09632612192273807,-0.06228749088150601,0.03474638547139856,-0.03312407339149745,0.013397461313106651,-0.15678798174706926,0.37840378399436486,0.03418924913793171
139,2.78,0.0774045525587721,0.07439861280266899,-0.03606451978095479,0.10478266494546003,-0.07287138765942144,-0.06255846090325257,0.052662083522475645,-0.04885745280656278,0.013459769289846352,-0.1528370311133307,0.3072862214624472,-0.032223637829097276
140,2.8,0.06006926280295988,0.10509025314322869,-0.014291720157322496,0.07923310946385266,-0.0993965649168055,-0.09284412758770572,0.044766764288591984,-0.05510455910395588,0.013522077268087213,-0.12216872492552389,0.327491321459295,-0.018405575888344558
141,2.82,0.19771696207778544,-0.8812071092759406,-0.8770000291981712,-0.1648217499048236,-0.040931002835949,-0.126298225059209,0.01919282603446565,-0.022709491609605774,0.01090012717425451,-0.03703025277516177,0.28273098353119364,-0.15907354811043983
142,2.84,0.0778495389658061,-0.3586446862709075,-0.3545143439563647,-0.05460568619602761,-0.12448608356664545,-0.16563515008823815,0.010790238426344273,-0.06901905090685359,0.01737119746328719,-0.03198214107490256,0.3465555229603189,-0.041237989340822456
143,2.86,0.18093541048042142,-0.07245282454515944,-0.02911495964832367,-0.04908439256081627,-0.06871213787147992,-0.05532372631704918,0.05469681631312877,0.1634034024415723,0.24789746870868917,0.024643532502912867,0.15887097156290625,-0.05013616845166215
144,2.88,0.21166399415113896,-0.04540256541420229,-0.0024471024954823006,-0.09773024787411488,-0.013194995167369411,-0.0006925444956270566,0.07548023971850612,0.09942824676703443,0.22579495320370344,0.051786307059840636,0.11516289896864748,-0.06410100434418771
145,2.9,0.19149741994158248,-0.06874185355288154,-0.03968252493549401,-0.10033852099190582,-0.01446181470020378,-0.022347376689731982,0.07837450188138453,0.11051950924321216,0.2159077672757541,0.047190191956528446,0.1377721355585106,-0.06504316082245237
146,2.92,0.20541425816420972,-0.04224503525638992,-0.09426782403230236,-0.16835283048256117,0.010727538150096187,-0.08384680765557481,0.21660658138878264,0.11468892026296074,0.24247327269794772,-0.07039073381494908,0.13048399657506685,-0.0925179064234538
147,2.94,0.198163761550338,-0.06177147741567963,-0.10151290981955333,-0.09736345185504267,0.0144558735512587,-0.09197989053251975,0.18759357113408576,0.11162050214704056,0.1895510575214618,-0.10599698303361053,0.1479457898255713,-0.08129721036147705
148,2.96,0.18798870152301028,-0.07302494059449632,-0.09935919204184382,-0.04663273379154857,0.011201514468947467,-0.0946374986159758,0.16046274926551213,0.07265247840459552,-0.04225360359636293,-0.12660082653672372,0.17236879869452496,-0.0633439066854942
149,2.98,0.185464167901832,-0.07916503285053543,-0.09586215023961628,-0.05134931275072252,0.007841187468373853,-0.08918522995086645,0.16754005516391357,0.11487887211445358,0.1461026657596426,-0.1283457912195088,0.16771828488491944,-0.05734069978975717
150,3.0,0.18293707096639944,-0.07473453715461392,-0.09279291454622474,-0.0709324733823054,0.007457815216003139,-0.08982388904716307,0.17291794404323568,0.11525058572597599,0.15043463483475203,-0.12032194155998793,0.16478269287730662,-0.057090579605988595
151,3.02,0.09346751163121941,-0.1928760549134869,-0.027110547871350782,-0.0566849817838119,0.12164964356224744,-0.15088908126779232,0.36764816647404536,0.28844587483093764,0.2337438743340596,-0.15606288466353613,-0.7474771927151531,-0.08041253735175924
152,3.04,0.08205367667360015,-0.24197776952807004,-0.1779074400069759,-0.057934965396543414,0.17389416689500875,-0.07667577415298055,0.22827830525041637,0.3434365467074759,0.29435912912671325,0.03817943019330705,-0.1987632403877173,-0.06944354740055947
153,3.061,0.1256384123106476,-0.203178035805921,-0.21001149799886826,-0.025569847093664895,0.18628382820361566,-0.09531834318901929,0.02544582964662173,0.28557169282319284,0.24937148852446955,0.021655806732666677,-0.09210308845240334,-0.0692119835784532
154,3.08,0.15168836912317357,-0.16793240455724148,-0.21284113163236432,-0.03313635206087148,0.20684700975413148,-0.10144879804370908,-0.04093414182297375,0.2678017450610502,0.21648753190721684,0.014112200761473254,-0.09651060762037472,-0.06738466786596037
155,3.1,0.15879698548615262,-0.15930025407490386,-0.22129652868391123,-0.039202985622248165,0.2057738707010047,-0.10166086792006579,-0.027106207879871096,0.27772070093234513,0.1854798938491586,0.0037947471798296765,-0.10460373200603662,-0.0662164499101898
156,3.12,0.1229131827234201,-0.1882064719975423,-0.06887246206517186,-0.054256140146239584,0.1624644129950781,-0.16124002199769674,0.2693876396078582,0.2889694107627057,0.24412112900355587,-0.07183814862317983,-0.11183145485882046,-0.030657005293586947
157,3.14,0.11495745488662115,-0.2024748012998662,-0.16723818568791707,-0.04885510347363359,0.1982977909969105,-0.11629219263101101,0.11788637016763784,0.3052402118155997,0.24411724459969103,-0.016066511556390772,-0.11453075488974698,-0.02507709429782022
158,3.16,0.12543116476100452,-0.19336044721237944,-0.21390492312636775,-0.04069721115961553,0.2153409576673486,-0.12140358864188977,0.03278720360299525,0.3116365361468435,0.21785896665178617,-0.023094173105233318,-0.108291378692011,-0.023517424846457705
159,3.18,0.14089491197468973,-0.17487899691849026,-0.2265212035858084,-0.0474281829874145,0.2126357290318978,-0.12139146589718841,0.023272175975487364,0.30992214505442334,0.18848058340014812,-0.03321963444032372,-0.10821969815498364,-0.02372516548927711
160,3.2,0.14827599286287219,-0.16511085519941635,-0.21836116464029035,-0.04973140530533042,0.2096600572966543,-0.11994935896699027,0.05546039321051899,0.31058193265227513,0.17282479316962693,-0.046461797991036134,-0.10828470071625299,-0.023534718008385955
161,3.22,0.12219291416869105,-0.17489406648972572,-0.04345019945789977,-0.0433096872567235,0.18119377487521574,-0.11941010048491249,0.27836971159623153,0.2700235443113584,0.24098586152581714,-0.12163433824098618,0.8514440966226857,0.7711596188156113
162,3.24,0.1243563244830847,-0.19263983899935372,-0.12910607271318747,-0.06086076442924443,0.208091266896752,-0.12542365031572922,0.11494986868124332,0.3139926284624283,0.25938868788977365,-0.06321908775013063,0.3288621205896797,0.2486168055357647
163,3.26,0.14566672724061108,-0.013326963680575066,0.006607107742645529,-0.07120175904951319,-0.03234641927787703,-0.19608802033836584,0.015967989549135767,0.0881795468446839,0.1188815543209773,-0.17947945363642037,0.1552268933305283,0.1471446698523266
164,3.28,0.10379699825711092,0.0032602195730044164,-0.007203174489273684,-0.07589902332004622,0.007234478862080833,-0.21353313943552416,0.049730867975042864,0.07060115722361932,0.08087927245418075,-0.2114173346229124,0.16553105124720513,0.11733226740573374
165,3.3,0.0833282981280171,-0.0065074891394071785,-0.012025755331854987,-0.08201455229635882,0.0007800001225065772,-0.24795782558587812,0.08655203777549499,0.08508971203448087,0.08681308175987179,-0.20794628222363903,0.18729580667582904,0.12234297441397196
166,3.32,-0.03895704009214551,-0.0315866293749828,0.07249837969063655,-0.014620650514528391,-0.03534534951273136,-0.22911509133231572,0.15663859930443175,0.07202792148778811,0.13039051372397817,-0.21666737442994838,0.16623340865520614,0.15335609778820997
167,3.34,-0.014916714840274709,-0.04328920174799984,0.044454245553954025,0.0022127717725861328,-0.03618325927361054,-0.19882225627761108,0.1430010748303675,0.07698797121320433,0.13893799414571353,-0.2211152143221582,0.17319480675703508,0.15300341402549433
168,3.36,0.00048292459374511126,-0.04894015487621682,0.030820152066142525,0.010329880616368376,-0.03553061194299531,-0.1761228307904235,0.11277816772932303,0.07714562924045366,0.135306596832785,-0.2181981003855271,0.17421830713571332,0.14824180005546483
169,3.38,0.004127932031622143,-0.04952317786556009,0.028454647596034693,0.011082663450539184,-0.035833054541385544,-0.16928281317825877,0.10339293031931678,0.07820805832991924,0.13637430360397257,-0.21829126583627068,0.1743428930087117,0.1477385372562558
170,3.4,-5.551201939420561e-05,-0.04799519840240162,0.03233593696814718,0.008165476460127104,-0.035672093696340064,-0.17416161572357208,0.11033278583815327,0.07782213858946177,0.13797534344422738,-0.2183406874107627,0.17434379492741725,0.14874144740317274
171,3.42,-0.13006432760185418,-0.22317348591536354,0.021716072739980885,0.01715005053557639,0.9048625818743496,0.5904551292821503,0.14905539176966703,0.24427758731972926,0.36060768759022155,-0.10529832320818658,-0.06847095475312212,0.07857905601061736
172,3.44,0.09294715533769014,-0.26378059248767893,-0.058900633366217536,-0.07900844963989329,0.40847200698956354,0.0938842459046223,0.17063840570534927,0.34836017847483297,0.28710581732412876,-0.09368049476469698,-0.07909068304443856,0.07097799492661565
173,3.46,0.2083343029102239,-0.23226331145933032,-0.12825205302779943,-0.09904610398457481,0.22957728524736476,-0.002150722986241499,0.1804059158440816,0.3913846495051631,0.16050226827002956,-0.11675636345612074,-0.05387250913761599,0.06593827135308869
174,3.48,0.21043546901063145,-0.19821948400957867,-0.19364526487250464,-0.08452628128530035,0.24959699613982533,-0.004434029853932514,0.17249245975123192,0.39733882458421904,0.07903467814164489,-0.11106208556527125,-0.058655249249485036,0.06674586108094924
175,3.5,0.1867857211373924,-0.18493140933039254,-0.18822424604586874,-0.06692110945759831,0.234212849018745,-0.004005567007293792,0.1619406874354946,0.36350697285269057,0.05394723472132501,-0.1777267525327753,0.002157386475727663,0.0582699498607024
176,3.52,-0.0907874209733296,-0.18388160373134171,-0.11439466088440087,0.005890590644532512,0.23665276063734952,0.02540678495672649,0.2128406826609886,0.33920128101956554,0.22313192470679918,-0.11417250001435493,-0.08424149344112891,0.0647738539654467
177,3.54,0.06539673027547864,-0.17287417269921984,-0.12453793984350722,-0.05200789181916704,0.24381322807454087,0.026644995099015134,0.20329297028228924,0.34320233405966505,0.1378629698894795,-0.09195680851359968,-0.06652058744612291,0.05791127732720462
178,3.56,0.14602855797060113,-0.1808268641314958,-0.15819980638997658,-0.03963741634641289,0.25429836299678293,0.025952150731068185,0.16851271585519784,0.36790733979887913,0.10007948437690259,-0.09489691109957388,-0.06656947052479845,0.054952445615987805
179,3.58,0.1661266166811679,-0.17553048425823548,-0.16259027266288084,-0.030218405423213836,0.24274823416966146,0.02616404099880494,0.13157500091235189,0.3567841603199522,0.08525020160699004,-0.11356505860820763,-0.024694469830677072,0.09650908297042363
180,3.6,0.14132045044722744,-0.17486193117413687,-0.1577116592194381,-0.016525322174765003,0.24378449207670197,0.025448336280435385,0.11595339543060673,0.3485134829311576,0.10060922030557837,-0.10768539201366362,-0.024122621108639795,0.08547262879028797
181,3.62,-0.16899940888482182,-0.1492868446460107,-0.07190702669995772,0.0663681473794473,-0.6400547265968737,-0.04872804705667422,0.15969699220194358,0.27915019065972396,0.19827192275667027,-0.05593160430193445,-0.014457003789513728,0.004868010806893461
182,3.64,0.04380236628012543,-0.15492070661928273,-0.06573207373115494,-0.013833997437640744,-0.11739351784282237,-0.04569442470686047,0.14133616687989672,0.2923572171877902,0.13921079818830379,-0.06931016850782731,-0.017608374394598482,0.09491274523464495
183,3.66,0.0017846775097340797,-0.030825353529038507,-0.0565422917568415,0.175487937284621,-0.08374376318303334,0.031194591331112756,0.15216904645235158,0.2274154319974518,0.03579549254547765,-0.12086074048255728,0.17188158000886378,0.15709320730929838
184,3.68,-0.04214909886564046,-0.014017513586253152,-0.05685331127645979,0.13806074163133666,-0.0525898722553666,0.053538350316988614,0.14919536596501085,0.18973593249692222,0.013825251247950254,-0.13351967494945707,0.14613136921992564,0.10299216950672135
185,3.7,-0.06074667917658697,-0.013378462377800583,-0.050200687196988725,0.12010669446510958,-0.07060031667882263,0.027424615296019417,0.16525763430557952,0.21015484663327888,0.035344191400679764,-0.11939740644769158,0.1413760000433329,0.08607823216764664
186,3.72,-0.2134030716562397,-0.011991655011758064,-0.01942811060840055,0.19739630241850542,-0.090896486723016,0.018659161597481128,0.1077639909655839,0.24417483854228234,0.014244624347360513,0.015914774876604393,0.15399326033536553,0.018717759304512874
187,3.74,-0.18195467950739763,-0.019460632975583765,-0.027677036338724786,0.2272811342476539,-0.0884004080785712,0.03342553228349998,0.07764250430263671,0.23720379288129756,-0.00490700130836727,-0.014565337673907323,0.1678334317684435,0.04851113615297489
188,3.76,-0.17539185183530703,-0.01835073346539673,-0.02287105199137371,0.23084820296639771,-0.08375824065991123,0.038976933327362406,0.07165372960462481,0.23749640089380972,-0.0030783525728612926,-0.01731286518822011,0.1693469560119547,0.056479406970789736
189,3.78,-0.18275708685079736,-0.018573528010436963,-0.016609886743337854,0.2216329174563114,-0.08402017040891996,0.03462655789735279,0.07631366896477831,0.23554719147859354,0.0015135893852801785,-0.010632540501005334,0.16532365435716773,0.05080996168732449
190,3.8,-0.1835474795687637,-0.016905071919901996,-0.01661676800886272,0.22152931000237538,-0.08406279759187157,0.03257260528692213,0.07797889264126756,0.23634226160399763,0.0009860994039318227,-0.010184685336649521,0.16424538309003556,0.048340100973760056
191,3.82,-0.04355141896757764,0.2096504162761985,0.03839438835324316,0.11456229185508535,-0.1844395150479831,-0.1973486738207914,0.02823472409753708,-0.6943867199645741,-0.7645577221070892,0.10800687140219584,0.3441201492868017,0.03256852298990005
192,3.84,-0.016362429266147727,0.20986303494522543,0.03890598365113154,0.011095073157999485,-0.26059457556004917,-0.15614803892596063,0.12051677545742379,-0.17178564290140086,-0.24190828658130759,-0.14540373729065964,0.4247717632421507,0.01878470002639923
193,3.86,0.016014801481188723,0.18970312820618607,0.04314247933019208,-0.04816486169254978,-0.2935957222859614,-0.1023931743318599,0.14200756103994144,-0.10066648633410008,-0.03243498510132592,-0.2409458374713001,0.42558824187800065,0.012670623257687877
194,3.88,0.016143975394583517,0.1962479736016003,0.043854698090730476,-0.05849509460421375,-0.3145774612008967,-0.07884404193586142,0.12604578252485021,-0.11753680701614241,-0.025635780237331235,-0.23201172864260428,0.41147357943608787,0.03202771678079
195,3.9,0.0008562648683199531,0.2081208175080105,0.041980282739868174,-0.04581914090734365,-0.30075865512322053,-0.07161866162034926,0.10078722296091337,-0.11965411771420734,-0.031135507748259045,-0.16656797993642505,0.40862529217253885,0.06252525776336416
196,3.92,0.007347864012470229,0.23222128235740744,0.04466390937611581,-0.10707977398405263,-0.26406375335436155,-0.17668846660558055,0.02294884971365202,-0.09767571750127671,-0.061779889450817804,0.1383372538747769,0.38466158373242,0.021437429786779885
197,3.94,-0.014426200708923642,0.21260238440136395,0.05171710505891983,-0.05154442104630841,-0.24802349598966889,-0.10340609956928276,0.0693709260365105,-0.10696170234464727,-0.06204648309754979,-0.043615448132565925,0.37113550667093254,0.021875637575052606
198,3.96,-0.011515446338708699,0.1585656934803687,0.052714203779842594,-0.01936957732801531,-0.22290027739175977,-0.04756272850014094,-0.059861887510577805,-0.01558023783101345,-0.023602071019324267,-0.03113976898241118,0.3115111744920153,0.03657563488872023
199,3.98,-0.02864814724682842,0.18199885834037324,0.05187074437188671,-0.003392288622087805,-0.22138830599649012,-0.04642808174484353,-0.03412193455234834,-0.049286125326878184,-0.03865690888940612,0.02832988471000811,0.2959629107711467,0.06011008424237019
200,4.0,-0.0345481471486582,0.19017572523156245,0.05101487436718799,-0.013652703743473688,-0.233745357857238,-0.05154963717260319,-0.024388368410989902,-0.05523979952209784,-0.03340771322214822,0.04232651332451026,0.3091659101832177,0.07331803813301879
201,4.02,0.005740558119182226,0.17633147546438627,0.04963099754412417,-0.13318286160504283,-0.09819890073957052,-0.14621064880175066,-0.16891204332616316,0.8815517223790539,0.0657990288668393,0.3243804082990168,0.1483517965217815,0.11070295944550851
202,4.04,-0.02213272709835211,0.16324418902787816,0.055611507444673386,-0.1768598386577944,-0.0977179688112855,-0.10847437173742394,-0.13864852177526044,0.3589821284581858,-0.15230752895754546,0.18038698470489706,0.10104182250570654,0.12565341660391124
203,4.06,-0.03476049802211488,0.20987905675038085,0.05302815624294244,-0.18452248595997678,-0.16366640285998352,-0.11697580426658906,-0.1492642655417907,0.050031106022031535,-0.06427722348945597,0.18467452664326303,0.1779923415923484,0.14450600120494547
204,4.08,0.07711733454438666,0.04626973793580086,-0.1763712757210793,-0.052378523231347895,-0.014750259503464272,-0.051336126699068355,-0.12735512826877413,0.18672426060009084,-0.17870259226650045,-0.004775159722873956,0.17576674303548218,0.0795018537225749
205,4.1,0.08334096796709833,0.05385605156651216,-0.15943277531350647,-0.05523140067587405,-0.027543132168538972,-0.02676998598859119,-0.12125219635600659,0.19133118309042335,-0.14251348439862177,-0.03313116941580132,0.15529041984019,0.0816374939273897
206,4.12,0.14975013415055888,0.07196687390897535,-0.13010568017053897,-0.21324461513115983,-0.039448701355807296,-0.05109523224955391,-0.20342153855869757,0.2109513057042021,-0.10227330103570376,0.13582626425626687,0.1432106928978593,0.056495417879169396
207,4.14,0.16567404159002602,0.060727559850550894,-0.10959039337570367,-0.21400566293888532,-0.03983889193505935,-0.03458451563228922,-0.20548407910605948,0.2031812978200994,-0.09108759881638895,0.1454939430376555,0.1421832510659956,0.08444493318322793
208,4.16,0.15918086266095427,0.0562950642268501,-0.09712949048018002,-0.22164849826983307,-0.04461746661786904,-0.032824015533270315,-0.1995410618147579,0.20563850846549675,-0.07866568142535096,0.16225355310418013,0.13831644640013202,0.08859145185660108
209,4.18,0.15555449872564725,0.05623369778298194,-0.09226637637568455,-0.22549628762561108,-0.0479587967823896,-0.035252648914332704,-0.19180412531890245,0.20801404448805277,-0.07456411868879242,0.16969386526966743,0.1332521164176337,0.07945992069315748
210,4.2,0.1554768963039165,0.05953199846940209,-0.0938648136576731,-0.22401989763359298,-0.04123925904883339,-0.03712447989093777,-0.18660689337902023,0.2088128928229069,-0.07033330594555007,0.17075553424410228,0.14075864972251256,0.0736873913373954
211,4.22,0.1572643218438029,0.9499981547930931,0.13091726850265917,-0.345914161371063,-0.2217825531160575,-0.09702130350710188,-0.11320742820668735,0.10178843734260434,-0.023933394608206898,0.1716344313332271,0.2312846238372753,0.05539317776274491
212,4.24,-0.07352485173332954,0.42749187293422863,0.12522610604166257,-0.22007682658231964,-0.2563818238636136,-0.17336977126821262,-0.11163542017769612,0.03232689834680931,-0.04153908204677795,0.082448014740025,0.3036552601371231,0.13694946426464946
213,4.26,-0.06490506682914855,0.19577974206643856,0.12143122919169941,0.00932677062165671,-0.20775943397152813,-0.1532824464595951,-0.035401393294304265,-0.06831359251886793,-0.005629511740287252,-0.041371599059436354,0.32215827307353506,0.1735477797142515
214,4.28,-0.06746562612091114,0.20182818943429598,0.12005640179730054,0.12763285113617667,-0.18985059950559968,-0.12951016624234224,0.0181137937157631,-0.10331054138783666,0.004859487566299586,-0.15698662450675194,0.31769374318891663,0.16088946600612247
215,4.3,-0.05739742400810478,0.20643921830128262,0.1205535187737228,0.12654835197149844,-0.19519359164222008,-0.11303274976912636,0.036158132766840885,-0.10616862839161617,0.004007637650023849,-0.20323577884661245,0.32195467115380577,0.15337673529464516
216,4.32,-0.0029939193438065503,0.23308557692373288,0.0831821867177378,-0.16111788463708585,-0.20843956900897642,-0.16567986395191076,0.009112936851292941,-0.08371942990837863,0.007430561934047286,-0.13588911764073103,0.3513431606197052,0.06156274821817251
217,4.34,-0.036119958953575754,0.21894035949738958,0.07911348811423385,-0.007223211974577204,-0.20910972614930728,-0.17991879594941357,0.014692083969994524,-0.10598600888044729,0.014466225298008645,-0.1361564874463913,0.3609013220013474,0.11824225374834309
218,4.36,0.14446888247664946,-0.016855824481311815,-0.10174082290061351,0.08135509369714125,-0.06357903707204723,-0.10422985171166682,0.030027314012590907,-0.03533066140134067,0.01446803366286084,-0.16699505495883754,0.3490826264626036,0.08192465224214074
219,4.38,0.07918725394456227,0.07389323767636874,-0.035002815021029254,0.09107950090201339,-0.04331168123309943,-0.10264294945056593,0.051497696455016576,-0.048166885213556616,0.014528233764767196,-0.17154091340709215,0.27834622174106627,0.014732821970056889
220,4.4,0.060651162120061775,0.10591543380594497,-0.014154625686038924,0.06533356642566074,-0.07021158319262408,-0.13285171858701417,0.04475156154068289,-0.05480818397855611,0.014588433868350709,-0.14524536026739224,0.29979357821123714,0.026517856683863555
221,4.42,0.21237336936280182,-0.9070386200262475,-0.9021081236001223,-0.18108858348424658,-0.011189433668430955,-0.1643103822774592,0.021845150534245933,-0.02230309298707394,0.010927169146762616,-0.06432576918072049,0.2542945174717456,-0.12403986086790268
222,4.44,0.0728578880101195,-0.35835371983766284,-0.35350025580168576,-0.06485882278551364,-0.09547522300782497,-0.20966453502273352,0.014839373822540802,-0.07126039214174007,0.016883451841422592,-0.05891247629084752,0.32504192739964394,0.000536744543823825
223,4.46,0.15732351326709854,-0.06136664782325685,-0.014949996941469146,-0.05222627657212427,-0.08971375056145384,-0.12737636911955064,0.04661482454721693,0.1769053366440014,0.2564987947891598,-0.013274545817176582,0.17040474362822056,0.006365298761976779
224,4.48,0.19930726980305577,-0.03268944553788483,0.008295651053922631,-0.10162837074187366,-0.0017854337356948968,-0.051706209817376156,0.07512079929381471,0.07830254508085063,0.21977567458404784,0.0212459645933753,0.11225089297015262,-0.019481119254886728
225,4.5,0.18259371613734102,-0.05935550927804917,-0.031174126795121243,-0.1008898907489574,-0.0013671482022105802,-0.07205104297593097,0.07862833835778539,0.08881522035383824,0.20834644312435308,0.016913572353665154,0.13337404479185302,-0.02166167832118228
226,4.52,0.1997223580725456,-0.03728194918369367,-0.08802076173438839,-0.15194025747661552,0.022693725511721746,-0.12057977024325703,0.21184160130943192,0.0921581965184885,0.23874082866071777,-0.09946747499796003,0.13018393250866023,-0.055741612720097186
227,4.54,0.1937900358682955,-0.05235484532170147,-0.09778371165993638,-0.09874829200940291,0.028866626168431116,-0.13348452264804603,0.18565995109071745,0.0907642684439521,0.19064470302436412,-0.13307020636361833,0.1452763194895813,-0.04606644995463009
228,4.56,0.18093399935563495,-0.06400358047297375,-0.09663308998373088,-0.0573608165918353,0.029945230882678198,-0.13358292567032948,0.17308458779012037,0.09035399664263104,0.16586707272511886,-0.14896087434224958,0.15321902667164686,-0.03673933482128157
229,4.58,0.1836870351229036,-0.0644238779848032,-0.09742982860082589,-0.05287036847333973,0.027881068883169553,-0.13419273908217638,0.16850969123055792,0.10446465545473127,0.16588557130038833,-0.15379328563239733,0.16367132034791038,-0.02969793557176137
230,4.6,0.17871253797305298,-0.06253800089871561,-0.092681254083157,-0.0696968073662776,0.027259051907112593,-0.13447604063985424,0.17635722041081386,0.09319880178596632,0.16824267012038008,-0.1324176429176258,0.11864183409705858,-0.023619713432762826
231,4.62,0.09610686530014184,-0.18804195960604755,-0.038968209041016416,-0.05156442607845205,0.12469881550451142,-0.17711848004680114,0.36838457039430444,0.2786187473083467,0.2564841986196045,-0.17016958343273902,-0.757260888956178,-0.08079475938797864
232,4.64,0.08207035306925119,-0.23537787654980635,-0.175983780403544,-0.05604266583077125,0.1772421020389628,-0.09488777314902463,0.2285426300150633,0.3306657609556924,0.31422931924668385,0.038530489771159526,-0.26082013848265406,-0.0707153043278611
233,4.66,0.12523563275830685,-0.11234243556366394,0.1118457442856495,-0.029691809164005663,0.19192815954612671,-0.1076979749992771,0.03867024630200744,0.2736419416370113,0.27454209910919547,0.0330145118342256,-0.09144626032790187,-0.06013278229600194
234,4.68,0.15925184868237,-0.1698577047784517,-0.2139076700707999,-0.03299684559279145,0.20875734210362182,-0.11090868739507322,-0.048096719828382706,0.2625470604890635,0.22949201626892674,0.017263055762415852,-0.09555826765529257,-0.06732820529358846
235,4.7,0.16383314586932124,-0.15874644034516844,-0.21940345411376455,-0.03823696596666039,0.20723092055535677,-0.1101337709794888,-0.029154008480732147,0.26969092380984316,0.1945934351440548,0.005288762280904257,-0.10332577282610622,-0.06609087558642723
236,4.72,0.13370138283592353,-0.20087323981990468,-0.07984905001301906,-0.03682443781374492,0.1873675825139371,-0.11190525929093009,0.26585734893471313,0.2885933299963969,0.2506887350128596,-0.06837287138144488,-0.12598719679809228,-0.02973134647949424
237,4.74,0.11231030054786807,-0.20137599569147824,-0.1797084657108402,-0.041379700753039886,0.19579082016807164,-0.11348562608590099,0.11623745709002348,0.3074896688277644,0.2490399413789709,-0.01578162347198145,-0.11351062982583464,-0.024698278001754212
238,4.76,0.11762269924657034,-0.1956918567059323,-0.22088003765416817,-0.040033186966553114,0.21440049397925137,-0.12133907604018176,0.033759056120433006,0.30966428169594024,0.21644492175616914,-0.023870408407646482,-0.10863378356477152,-0.022813550770723265
239,4.78,0.1351080931690672,-0.17277845138476988,-0.23265993026373852,-0.04664706179680697,0.21152724871558184,-0.12167323041205602,0.026634135991720417,0.31184494607550617,0.18444445808050355,-0.032228211058337564,-0.1087001040025467,-0.02291730018256434
240,4.8,0.14598287754892317,-0.16171604699628567,-0.22425598798967303,-0.04993780912961418,0.20875606217578974,-0.12017720072828356,0.058065714473413896,0.31306668956681943,0.16800106589126615,-0.04617728583846065,-0.10876642443988901,-0.022942622501421775
241,4.82,0.12211346673935586,-0.17251676997580434,-0.04897941302678732,-0.04462718737708299,0.18026790137460896,-0.11985294637015628,0.28064293030227827,0.2724702629830859,0.23620074439941302,-0.12078039994864881,0.8509582344683742,0.7717647853022225
242,4.84,0.12103669889949148,-0.10845381558283224,0.10188943081867904,-0.05696646504411021,0.11987495752193453,-0.14332844654696586,0.12464833198727687,0.2921521241516337,0.24972458450335477,-0.055242321458494476,0.30224028319392293,0.22308708159072288
243,4.86,0.1479777645530484,-0.018627533314732936,-0.012912516744186114,-0.063630818382012,-0.027818904932023644,-0.18018870463449638,0.022285263441747985,0.08817020171471307,0.11562396362010602,-0.18544162000401815,0.15994892408310596,0.1538519865667788
244,4.88,0.1093100602806691,0.004686013573565302,-0.017945871714876466,-0.0717121582766859,0.005727199508326196,-0.19731008361307115,0.04972058358141662,0.07513057368613957,0.08457711781550564,-0.20825904148399943,0.15840997379221133,0.11444268110859993
245,4.9,0.08650728525518409,-0.006064810878580122,-0.02138812747813243,-0.08015061917658822,-0.000900021147904384,-0.23568374557294836,0.08852480359410655,0.0890653096360882,0.09222258205201744,-0.20395789771461956,0.18152223831227424,0.12074315990810397
246,4.92,-0.038526734200822046,-0.031641105955559766,0.06540529480772653,-0.016537666288009845,-0.03726498755271294,-0.21946039338032491,0.15573842770960983,0.0775626644875522,0.12979624350384983,-0.21187069070306497,0.16494744781942652,0.15329614812813486
247,4.94,-0.01500280035163317,-0.04270993363811539,0.039333223137191425,0.0003890144547048571,-0.03937916715217153,-0.19275403502795307,0.14879152684434385,0.08230024909127917,0.13896130461370632,-0.21630370387205414,0.17065277864181796,0.15326148610691567
248,4.96,-0.0007537822977219076,-0.04775251971450844,0.025956633434447512,0.008128702315907236,-0.03777324115346003,-0.17074057886582183,0.12014845067367996,0.08231077943550488,0.13499210835404776,-0.2146347251247967,0.17239320515122758,0.14893049919077214
249,4.98,0.0027594268465304835,-0.04880021127992824,0.023814291397059123,0.008496012362019063,-0.03787992337215498,-0.16366764380893645,0.11110851930848728,0.082443541553696,0.13589512462401068,-0.21445490127224817,0.17243871468593358,0.14865090531962555
250,5.0,-0.0010099244960308333,-0.047185242627896376,0.027416404426081564,0.005822366244770418,-0.03792741376633744,-0.16805797888722873,0.11705990569116666,0.08238016022635533,0.13758259890051458,-0.21454558571966545,0.17248422421974507,0.149583540255507
251,5.02,-0.13803723969416518,-0.22076446025171617,0.01640587499539381,0.01382297277401423,0.9003725578540611,0.5964579301070976,0.14331281485257788,0.25741905280688326,0.3499323143719683,-0.10145997521565359,-0.08280542722458092,0.08124386562517213
252,5.04,0.10026442624507817,-0.273359013910368,-0.06837097417535179,-0.07197542700111896,0.3778487208976369,0.07375134456070154,0.1738145964306657,0.34642323265014696,0.27523099294206804,-0.09068603810769985,-0.08049380691677474,0.07112049691775599
253,5.06,0.20777698394324964,-0.23411376449754107,-0.12635265790654554,-0.09593641696857885,0.2328996943117695,-0.00278974984043151,0.18236243616847708,0.3885359659974592,0.15115388613601005,-0.11859648684609919,-0.05349282347889641,0.06631571337412555
254,5.08,0.20654413135746816,-0.2051442536418152,-0.1858674040428212,-0.08360765423922661,0.24994358049072535,-0.005106645112588654,0.17210292309431754,0.3979426324873853,0.0777581747797893,-0.11410344230049525,-0.05707179954019559,0.06701156658178066
255,5.1,0.17534189730671423,-0.18485599568513322,-0.20310835679223155,-0.06436873815743017,0.23185518226420787,-0.004155367064169704,0.1587100712054419,0.3728244133906063,0.04856888299714071,-0.1683345832457786,0.002480405924810164,0.06624883195701012
256,5.12,-0.0981271902324734,-0.17349376017110413,-0.12276863104228589,0.006956108818649054,0.23431675389457163,0.025530150647939787,0.2145646226506585,0.33794308146822094,0.2154788333771148,-0.11408380758771082,-0.08447561003014586,0.06499772411710168
257,5.14,0.05887658184825424,-0.17838367966485483,-0.12401727351063097,-0.05232401459178415,0.24104655535696445,0.026436419297277025,0.20076746775819876,0.3367972408309794,0.13077256433457524,-0.09722133678291349,-0.06617300280408192,0.05946883882420553
258,5.16,0.14589702632387952,-0.18063479582190917,-0.15330259762703896,-0.03931050705323222,0.25332302484428104,0.025480161319996877,0.16711579291249978,0.37219805722816934,0.09779803356418296,-0.09535092169134682,-0.06752682875571299,0.05530231834409591
259,5.18,0.16795709586253887,-0.17781894055765382,-0.1566803613629564,-0.032004298032352,0.24378204593163438,0.02562982609517475,0.1278386112966755,0.3571952132050785,0.08254015160553085,-0.1099627193019881,-0.026239296632732854,0.09736217096696356
260,5.2,0.14363310472475527,-0.17902862327319022,-0.15554935280046,-0.01661690176820855,0.24440341999500836,0.02459230164688285,0.11211472461604571,0.35147520474689176,0.09854233153467393,-0.10751451764531546,-0.02025626233481699,0.08920636346860887
261,5.22,-0.1659150961797942,-0.1503817323090959,-0.06922557047148326,0.0689594381971308,-0.6398836846260083,-0.04871650005784045,0.15786728542054249,0.28732092986664837,0.19796208302944962,-0.0561335837457063,-0.010111406740542603,0.003390107672227985
262,5.24,0.04429366859124949,-0.15857840307332904,-0.06226379027620102,-0.014155994582676218,-0.11722282094729142,-0.04606297893701805,0.14047831434253555,0.2962573292937272,0.1365994234518695,-0.06781642059532139,-0.015115936602124243,0.09532525085544075
263,5.26,0.0021053861835378766,-0.03790833244764777,-0.05471190586332955,0.17482513297072305,-0.08532527742960588,0.029804627978852735,0.1505616197415892,0.2301576255651424,0.03203350686968848,-0.11865199441991768,0.173605532764975,0.15333604530881753
264,5.28,-0.04329707918489088,-0.01662660232037664,-0.05238323953599666,0.13590757387630437,-0.0530079120661541,0.05373865146178301,0.1463897679524199,0.19214082180476716,0.01052781529163066,-0.13283540109736142,0.14550666690887173,0.10087716362471166
265,5.3,-0.053236770595934776,0.028947208781308256,0.08362192398766988,0.11857336258157689,-0.06880423948547071,0.02622753408227327,0.16480039380714376,0.21053930412487173,0.03357540603403297,-0.11297152280435747,0.14059609007007876,0.08814853560532523
266,5.32,-0.19616756073407204,0.025768547066009694,0.0767561257551217,0.19736692281117782,-0.08632912342788476,0.02029946462254631,0.11087616667192102,0.2456279507790094,0.012155500250416285,0.024820842452826113,0.16101659226032536,0.02197352029748298
267,5.34,-0.181997138130826,-0.018814977099740303,-0.0230804809899309,0.2294863701472262,-0.08713556510520272,0.03292779669204386,0.07605632814281398,0.2416311466424148,-0.00775415092992407,-0.012284864557151026,0.16653977347889873,0.04499133361275383
268,5.36,-0.17876667833540288,-0.02122301287258687,-0.01965237778312079,0.22982782958683243,-0.08568066479586506,0.03742169503908194,0.06709370998248654,0.23964066433057693,-0.006652611342937126,-0.018244661721826753,0.16943030236335138,0.052675088203750164
269,5.38,-0.1841853142859214,-0.02018802157603209,-0.015666526052103807,0.22409957075138104,-0.08557557232249854,0.0349084381130088,0.0751655984715983,0.23763434506137224,0.0007475082412762291,-0.009316556687306824,0.16567434989524973,0.04706921781256361
270,5.4,-0.18515120876201893,-0.019809542919911535,-0.015665321629110718,0.2227742081178207,-0.08364542665015942,0.031193193482672882,0.07615051924372757,0.23798198695241535,0.0008677967085607141,-0.00880586448392117,0.16521941957106445,0.04598066770946714
271,5.42,-0.05188990942618052,0.2079695761426069,0.03625795488373523,0.13376576268125379,-0.17955603894543629,-0.19983631765616378,0.015819920412809052,-0.7193039695668297,-0.7932450260822461,0.1244853350354477,0.34357668192472623,0.03318389933558315
272,5.44,-0.021892955407007836,0.21021331439881893,0.037763222407415836,0.02560138354474037,-0.258673256297834,-0.157126981046782,0.11784167870925202,-0.19671397771436383,-0.27060956944590575,-0.13344507111257434,0.4244696105435283,0.018728488859413
273,5.46,0.015245408832644115,0.18949005950327774,0.04255347861326683,-0.042574084560813075,-0.2946261725530155,-0.09714649606333303,0.14297660068899798,-0.10069055597055898,-0.032019424401605934,-0.23918111571150175,0.42728191761729756,0.011331282966959857
274,5.48,0.01567849362999348,0.20001046669952288,0.04162284078130621,-0.059224910229026276,-0.3078724349290418,-0.06861862317929544,0.12517579150176017,-0.11826407439077474,-0.030779488128645505,-0.23319669088223416,0.42239255597826214,0.0310071400115009
275,5.5,0.0022155412054139477,0.2077315655508437,0.0411684017740403,-0.04905009509633273,-0.30518747612065333,-0.065438790900521,0.1025705131977683,-0.11939011810027372,-0.03130519404175364,-0.1727959826009516,0.4124713988035379,0.05640312832084067
276,5.52,0.013916813443095782,0.23264003669225158,0.04446725258706272,-0.11321757398328125,-0.27032102432667104,-0.17431601787125361,0.01733997637472723,-0.09823590569341065,-0.061480058064133924,0.13925112922799,0.3897441398000485,0.015960692566523216
277,5.54,-0.01312337104027013,0.21265350254335796,0.05138560122659669,-0.052972975975464465,-0.25262109468293087,-0.09753216492239317,0.07220541705581204,-0.1071286085665836,-0.06168173879630873,-0.04777009320545361,0.37433563266749614,0.01874407163093951
278,5.56,-0.011530783135197446,0.15710721011290282,0.05254338182474705,-0.01767670433576736,-0.22515298137761147,-0.040312211341354334,-0.058182361396416526,-0.008708208254847596,-0.021284535005194505,-0.03936677547034856,0.3263438845565939,0.041213829901541696
279,5.58,-0.029536572231292347,0.18213968822843707,0.05133094275891853,-0.000350536924143649,-0.22775094488889985,-0.041088172569110015,-0.02816579917015937,-0.050506240878781875,-0.03885214214561347,0.023722949201693426,0.30003400557750265,0.06047060651456505
280,5.6,-0.03572062957006093,0.19028146566855209,0.050518373599902744,-0.01110806109800731,-0.23958558438169894,-0.04475075687493482,-0.01871501606486867,-0.05509249285181492,-0.0327580910912085,0.037505006603516244,0.31156524594129376,0.0731278434066899
281,5.62,0.0081209017140427,0.17463252359887627,0.04875734443107321,-0.13336556763397517,-0.10172965196324762,-0.13734140353609725,-0.1709541606225249,0.8814782501816003,0.07249939715380577,0.3246510508466261,0.14815577136131403,0.10779841960140657
282,5.64,-0.020636121133328814,0.16340949563475787,0.055310345293360735,-0.17555507247314583,-0.09955007678241021,-0.1018198390726026,-0.13711573075671502,0.35890752252399993,-0.1557811496444108,0.1756322769514328,0.10628311685669597,0.1283786632872313
283,5.66,-0.03566076437442425,0.19792902416532013,0.051034179403263574,-0.18481752507185428,-0.17969608268601892,-0.12114935813219231,-0.1617385299209704,0.05575675419430265,-0.09855079916392945,0.17031630235266706,0.1735836336461592,0.12264140427038302
284,5.68,0.0773542564574532,0.03937608629277197,-0.1652975371124674,-0.04726393689539658,-0.00885475844606623,-0.04746924034957191,-0.13866118944918646,0.18650616132795372,-0.13832309758634828,0.005700132487136758,0.1741280409606698,0.07374538277297046
285,5.7,0.07897637304447669,0.048947652694005764,-0.15164101365662794,-0.05321659641155707,-0.025781758928604875,-0.028851752711306175,-0.13063209399069253,0.19766728341145923,-0.15031925496035778,-0.022181609271358704,0.1581931513603939,0.07405000960647766
286,5.72,0.14355620585609594,0.06684074615268049,-0.12268074985364905,-0.2136164278214921,-0.03947752986857261,-0.05399961738686335,-0.21046654765047437,0.21779487367308964,-0.10892620183892565,0.14542830221321304,0.1443491846433321,0.04832688764549492
287,5.74,0.16189478995249496,0.05303439048869568,-0.10364557425160767,-0.21048860765138858,-0.039409494555465635,-0.035636472329178714,-0.21280717971351268,0.21045411184977314,-0.09705394914591292,0.15274573196167518,0.1465850157560496,0.07717282637488573
288,5.76,0.1574527801558605,0.05324780316242177,-0.08943175466661762,-0.21672835170264182,-0.038161836330658554,-0.02932622366543211,-0.2072627479633916,0.21592912837784997,-0.08483368813699496,0.16810022003522554,0.15046913596865852,0.08621713806243936
289,5.78,0.1524416368576646,0.049237758500022044,-0.08552817908456298,-0.2227821914498736,-0.04849062215756231,-0.03360908415430236,-0.20087617451921427,0.21312018378636047,-0.08090794322329911,0.17495425886585608,0.13720752145487233,0.0736336360340493
290,5.8,0.1494723515597681,0.04922019408758157,-0.08172953508594696,-0.2230425511556575,-0.04864436421697511,-0.038220355757577734,-0.20037488113410476,0.21359674149335722,-0.08307463367587428,0.1734966149527455,0.1372636791840837,0.06688985009760957
291,5.82,0.15224734360248882,0.9432004177421189,0.13037336223972973,-0.35163809362714715,-0.22625972525294982,-0.09765740189300579,-0.12418546039155391,0.10587135215620297,-0.03427908106743821,0.17539474224660967,0.23169215154868755,0.05394668212206166
292,5.84,-0.07399031320420607,0.4206911629468473,0.1242032771877967,-0.21844279868865474,-0.26213855987754087,-0.17392113969870507,-0.11634790677698709,0.03906445891726057,-0.06587600938594299,0.08700073995675908,0.3064272799498715,0.13660672614337055
293,5.86,-0.06331605927415163,0.1940196036295797,0.12035415729132012,0.01124969473863982,-0.22015257275927524,-0.1532907016997949,-0.03720324824045919,-0.05997818663492231,-0.019822135389832546,-0.034518932830791965,0.3179880960816806,0.16914834005854862
294,5.88,-0.0669856833287051,0.20274148142757542,0.11937056255330122,0.1260699085968856,-0.1947987215330874,-0.12707329448840635,0.017366916080836174,-0.10329018374992477,0.005382468238797872,-0.14695238239558794,0.3206518151161609,0.15867090608967005
295,5.9,-0.05764672300496268,0.2071744889483367,0.11995931062253554,0.12522035780149918,-0.19911700741121083,-0.11108628090794445,0.03603475137898594,-0.10598307959232767,0.00443796572366445,-0.20005405723920242,0.3264595794310021,0.14889557243037269
296,5.92,2.4201731849027297e-05,0.23287087952487368,0.08265679864673153,-0.16874452676940999,-0.20910228251889795,-0.16297885644053617,0.009817030373923535,-0.08292022108204855,0.007690196487954631,-0.13584156699382288,0.35574589102385423,0.052030395312949854
297,5.94,-0.03315450600473557,0.21883624824853626,0.07847928992323427,-0.011662021449786092,-0.21088195904823237,-0.1787122243489187,0.016015170925433732,-0.10564497333222687,0.014881819348064235,-0.13627013816379852,0.3654170819959131,0.10900702958057704
298,5.96,0.15743392446538457,-0.024624359937163123,-0.1255099162217666,0.08061552916123986,-0.06306264892407698,-0.1022614847258865,0.02946523835896899,-0.032877022660675326,0.015008296786376552,-0.16383699500428195,0.36413691995371356,0.08393007770794444
299,5.98,0.08541728375988353,0.07664636810766234,-0.04371578736575332,0.08778853570120419,-0.04322071056772983,-0.09737653130649297,0.052457799229505046,-0.04642178942219195,0.015066257148541956,-0.1690587120885252,0.2799671748571305,0.009367481733734778
300,6.0,0.06461221591855174,0.10762588633050191,-0.019521809479534663,0.06180424182592244,-0.07174168784802985,-0.1274721097873434,0.045328275349955996,-0.05415287216757356,0.015124217511157723,-0.14174941637787972,0.30022521331641977,0.022703062810666114
301,6.02,0.20263739419084936,-0.8791916691463901,-0.8839757027989872,-0.18130001797373355,-0.01792609531890762,-0.16223950588295588,0.022044587712262115,-0.020560295003897756,0.011218766113492068,-0.06145112647357519,0.25893039378575944,-0.12490809245653149
302,6.04,0.07511140225669882,-0.35662895398133654,-0.3614872476857005,-0.07004050467925232,-0.09808346423894143,-0.20543644619793527,0.014893522922954996,-0.06974504094466336,0.018181672113443292,-0.054406921332038616,0.32647389419657086,-0.006472158939416092
303,6.06,0.16290248861605142,-0.06368351751240175,-0.023494017548221224,-0.059061006175189,-0.07346149604505267,-0.11364369134632665,0.04943967506687025,0.16791051994768608,0.25336200225409133,-0.005372189305267713,0.15995380993895886,0.00011841864826754589
304,6.08,0.20650710572384454,-0.034117843002134995,0.00011911906616085544,-0.10305374065924255,0.006441248546456703,-0.0451778278334813,0.07540274101008075,0.08400877355347783,0.22651870081795197,0.02501098897212086,0.10789240728698968,-0.016691824797163954
305,6.1,0.18829984770230285,-0.05971608692623727,-0.036883655607672816,-0.10500852387830104,0.0036912047342882934,-0.06740232298180823,0.07692970296767027,0.09331548802335454,0.21626845227839395,0.020766506409486164,0.12853066093724275,-0.024129820802185828
306,6.12,0.20271043759193716,-0.03802533771042414,-0.08448797772971373,-0.16609919172860216,0.012431592852236363,-0.11438973393694868,0.2043215788086909,0.10572708660173802,0.23615351360924708,-0.09498550970135214,0.13066151177175278,-0.0465075397340774
307,6.14,0.19917327331240237,-0.052094086508802886,-0.09414814334557059,-0.11753480195446445,0.02302871198664473,-0.1284850981329579,0.18197446019820093,0.09907688936158932,0.18375442477752688,-0.12516847441748177,0.14303602937902377,-0.038506852281750076
308,6.16,0.1872284398601302,-0.06263241782297316,-0.09216683024043343,-0.07525398235092232,0.021113589538730305,-0.13009645603989056,0.16819930684196105,0.1003496458711305,0.15185018464443756,-0.14249436690224354,0.15338534001941284,-0.02924156987343232
309,6.18,0.18352956942234244,-0.06600804987364463,-0.09142559028580621,-0.06924577998470051,0.019815495803470355,-0.13053402466202463,0.1655839053782529,0.10258308334658542,0.1433749981977172,-0.14473926098273485,0.15835125538209238,-0.023728320491083615
310,6.2,0.1845075686150236,-0.06216614494533657,-0.0894850032757114,-0.08459268883761034,0.01988501143467141,-0.13050163618243013,0.17011174901228154,0.1018850299915185,0.14497243896295428,-0.13811762599448119,0.15663152251502724,-0.024733008705241755
311,6.22,0.09778276235419738,-0.19174505801501893,-0.03172893089795217,-0.05304908914754444,0.12041309874458582,-0.16859103666134978,0.36112826751810573,0.2932321246586725,0.23250922182237002,-0.1719790340203362,-0.7554835849429915,-0.08073551310367422
312,6.24,0.08011912339222382,-0.2427421586270472,-0.17838630354670176,-0.059643084624884365,0.17683272109852538,-0.08945776789709053,0.2271092715722291,0.34598405975150137,0.3003183994914651,0.03902290975605727,-0.2067753401315502,-0.06896966273939206
313,6.26,0.12276682598177456,-0.21178597252371786,-0.20380145356977128,-0.026781911160819835,0.18956501883281826,-0.09863027058456092,0.038415499562840155,0.29038712696130914,0.26079026527924243,0.025265438280643898,-0.0916566768197642,-0.0691836766200804
314,6.28,0.15439306871185798,-0.17242226775071556,-0.2078416953596474,-0.03301050893042892,0.2079339972316303,-0.1096365520607488,-0.04105993247083343,0.26759446805948645,0.22130566651813124,0.014088271690501614,-0.09658462509995375,-0.06672390160154104
315,6.3,0.16394582406594838,-0.16027390508158185,-0.21329148369853232,-0.03858794944723658,0.2065168916398546,-0.10972313097637464,-0.024950207108194115,0.27567980153071636,0.19342393237041797,0.002744343009950122,-0.10339356749754258,-0.06573540527469429
316,6.32,0.13291126769598624,-0.20204892507067823,-0.06861809738654498,-0.033756535458356746,0.18623269863198194,-0.11219515205875946,0.2770921419905972,0.2902374608439826,0.2507797140606996,-0.0809960860918223,-0.12668215221563986,-0.029520280297744506
317,6.34,0.10941557183462984,-0.20424270342999146,-0.16612139393802922,-0.046772467403067675,0.19569727134825501,-0.11244845123182051,0.12515372708984818,0.3050218291741751,0.24965151718499,-0.01579926276041313,-0.11485170512918397,-0.02421071463620697
318,6.36,0.11676939545898153,-0.20471719026377047,-0.2173711988009841,-0.0416571111712383,0.2098621340335548,-0.12252460896314588,0.036072254213771554,0.3000236173562499,0.21977318856632852,-0.02602632224310869,-0.10896309894028404,-0.025349022462047843
319,6.38,0.13691388891019143,-0.1734590175432416,-0.2279581759865864,-0.046322805647611244,0.21197296052901107,-0.12215550923432264,0.024514894931628325,0.30821913534091855,0.18918490620048814,-0.0330141917404943,-0.10903740503546902,-0.02280600073504767
320,6.4,0.14646238012688717,-0.16635647200546003,-0.2211341908041216,-0.04922181698680546,0.2085464764231382,-0.12092590291726092,0.05244036616833058,0.31488224663255565,0.1716588166270454,-0.04578842815053936,-0.10856281376854249,-0.022560739801133475
321,6.42,0.12276793875409595,-0.176939822361334,-0.04610678556897005,-0.043202904106047824,0.18150448899030902,-0.1205394452244519,0.27675820423220654,0.27308319418398735,0.2400087252618619,-0.12165624648257795,0.851156177111621,0.7722350828901701
322,6.44,0.12953832239849145,-0.2044316236728799,-0.13521998094977572,-0.0543310929794911,0.2125819127023394,-0.13169872375574382,0.12018849310053986,0.2972076964485719,0.2553430132333307,-0.06122355638201635,0.32857186510315906,0.2496880023554836
323,6.46,0.14520193726669425,-0.013381332281639735,-0.003129895798490101,-0.06609351461946465,-0.026680017631596754,-0.1848853929293439,0.017106073698910026,0.08235497968478422,0.11567260414491451,-0.18373052306194862,0.1565746817217913,0.14740789158123124
324,6.48,0.10770105660598271,0.004451275810693871,-0.013097036840490017,-0.07146169573524065,0.006282942188975384,-0.20522346538818992,0.047945473881035094,0.0712472086357874,0.08357826962228854,-0.21025228674343668,0.16228096806976738,0.11654959332306189
325,6.5,0.08488080820212893,-0.006065718128213021,-0.017301194279274512,-0.07930783797029492,-0.00044660485101887665,-0.24397204499295944,0.08661261892406365,0.08605391954125047,0.0910905363518632,-0.2060423147269239,0.18506250570104946,0.12198931353712178
326,6.52,-0.03864211873602827,-0.033445955397471326,0.06890177738686123,-0.013561421403900015,-0.0362975045176143,-0.22603188170119104,0.15525444368114316,0.07393222147174831,0.132973194413077,-0.21553093048722788,0.16820775236389418,0.15345371525543733
327,6.54,-0.014488745058950453,-0.04478624736174327,0.04226134237129295,0.0035858931901604774,-0.03703945898899937,-0.19699693762761344,0.14509061666253292,0.07785671965484253,0.14044202681936213,-0.22017918783765533,0.17359411478618827,0.15274489889754736
328,6.56,-0.0008241606866420809,-0.04996479735300191,0.029163257672467274,0.01066789325929303,-0.03528701867049613,-0.17494592643345155,0.11553797959256384,0.07852607460050637,0.13745969765782629,-0.21726635903642297,0.1751854054112742,0.14690084396787867
329,6.58,0.0036949537548499733,-0.050849018125658244,0.026378793544662327,0.011820295126090001,-0.03587131815390675,-0.1673120861669415,0.10610979945879209,0.0800958987373438,0.13886872003076164,-0.21736185962425922,0.17523321486613655,0.14643300590996716
330,6.6,2.57867785440416e-05,-0.04965426983500457,0.02984025939606605,0.009136654578348443,-0.03535853601369748,-0.17107518225322044,0.11252006286018688,0.07950852936274694,0.14026164085238885,-0.21744595241180337,0.1752764710377344,0.14762187164375384
331,6.62,-0.1311287221766926,-0.22692112869061343,0.02329930798153318,0.01558794040616368,0.9049522313921978,0.5927471981950139,0.14857047846385535,0.2550224081991833,0.3527105593097965,-0.10859544848984166,-0.06468626339751025,0.0779990246420331
332,6.64,0.10535023280153452,-0.27767170612487213,-0.06130325559271696,-0.07494092875673111,0.3824298389534576,0.07004147049628673,0.1755214084381343,0.345055655614726,0.2800793647978981,-0.09542132115221891,-0.08037778924052903,0.07134036895006708
333,6.66,0.211439428635545,-0.23611792325980055,-0.12604057323031517,-0.0987172504671845,0.23093238274312933,-0.0028870455004751383,0.18280079427118606,0.3885172170998268,0.15618433364677645,-0.11964823200263737,-0.0534133161492757,0.06672969054645118
334,6.68,0.2109346194285655,-0.2009382593857989,-0.1875759726827201,-0.08501102461662763,0.24939425082859634,-0.005120819315083486,0.1737835134533515,0.396226666135961,0.08082639398103111,-0.11279222628194112,-0.05801600005681392,0.06737929039791273
335,6.7,0.18859166704391964,-0.18048574674153875,-0.189351194467678,-0.06723682582595247,0.23328870107179783,-0.004629512777084663,0.16401298077894544,0.3631427943874253,0.05520322729455504,-0.1762506130582308,6.862209972875732e-06,0.061066542023709494
336,6.72,-0.08207320497229477,-0.17471789104006877,-0.1153041508656159,-0.004781788696535116,0.23523362850682594,0.02512338936736208,0.21879581999216619,0.3313499433125579,0.21965237519303954,-0.11245053416932367,-0.08307322941758195,0.0649822016915569
337,6.74,0.07153207489103469,-0.16782383948888635,-0.12585727032757532,-0.0517790395859998,0.24263082645333445,0.02598830527381088,0.2049014292172203,0.3370769612957829,0.13990930960694314,-0.09405352905387965,-0.06669280959993526,0.05835844779716995
338,6.76,0.14923939500713274,-0.17638881347490987,-0.1587859272550072,-0.03795079301174836,0.2536010221317879,0.025063854212124967,0.16825488252832335,0.36526187355902573,0.10781581839985938,-0.09560542597073687,-0.06674396999737502,0.05561419722300212
339,6.78,0.16353168857620654,-0.1841582825953718,-0.15522552344568943,-0.028469912364337293,0.244521678496823,0.024752311176839806,0.12616114572259615,0.35101623166080564,0.09057443885178795,-0.11760937727577025,-0.018394398979139116,0.09547697590053009
340,6.8,0.14282675081488655,-0.1817703522371722,-0.1507242030434188,-0.015747625158665852,0.24469778447758503,0.024259967857773623,0.11512184638858866,0.34810978478326454,0.10468942931721896,-0.11340574932892361,-0.01695796171174699,0.0861211455672791
341,6.82,-0.16280182959897765,-0.15057633372717555,-0.06674078690691607,0.06802321382045895,-0.6401647117770002,-0.04882170137122166,0.16351486980572733,0.28546874383688686,0.20031105730273904,-0.05740119955354415,-0.01054089539997944,0.0005224121745144306
342,6.84,0.04717333368991636,-0.15932886673759786,-0.06305365292111342,-0.01517408225295555,-0.11750434752483685,-0.046387308431580315,0.14455399610400782,0.2954912193134254,0.14039953523768467,-0.06888901792263208,-0.014312104593831532,0.09668259320908958
343,6.86,0.0029987232119123904,-0.036096107379463144,-0.05544109935951613,0.17322939313855626,-0.08571107324080374,0.029604668110402632,0.15324640413028132,0.22775317478582002,0.034163635123268574,-0.12296327265185646,0.17197859497976004,0.154201782590767
344,6.88,-0.04182055239829792,-0.014013293825107312,-0.05309516555867605,0.13541363433045125,-0.05311289177263395,0.052116200983826494,0.15021543620943598,0.1906875162616831,0.012104123098055947,-0.1367587717140763,0.14454902623820837,0.10165650015384128
345,6.9,-0.060702694948188474,-0.014169780124149087,-0.04822117331006595,0.11817728599860974,-0.07264990568206217,0.027530994288462743,0.16873477979206888,0.2120537692125209,0.03287694945926134,-0.12147375156408269,0.14194940161413272,0.08459931109912051
346,6.92,-0.21603092767455484,-0.011756336812686903,-0.01641408146652562,0.19334041403793725,-0.0914047574735666,0.02169650595509967,0.11300579807154337,0.24731802051302867,0.014101200343245232,0.01583411440131271,0.15758354580105197,0.01552266943981144
347,6.94,-0.17937794467759985,-0.018258353997589676,-0.023598698385985217,0.22679614142740345,-0.08912109077574734,0.03489377812263404,0.08117627978598521,0.24010269484670832,-0.006783074065231903,-0.01730536506308611,0.16778049100591677,0.0465920590169563
348,6.96,-0.17312601997360552,-0.019959939787082617,-0.020485363477440843,0.23015783558838562,-0.08791065746980176,0.03928791616321896,0.07348145746645302,0.23490866349672537,-0.0029041534493201016,-0.020975610631024898,0.16501152519176376,0.052855675954584055
349,6.98,-0.180506155018778,-0.020486942049194552,-0.01476202038680624,0.2210783559260053,-0.0858435454754288,0.03585571381579135,0.07888215724717788,0.23469279512365032,0.002608279751211917,-0.013848487049260439,0.1655507904934711,0.05017039568618849
350,7.0,-0.1815480322225493,-0.018928119436544044,-0.014953544562062243,0.2208060216695596,-0.0857620703235008,0.033506037220033855,0.08101366452589596,0.23593022370018746,0.0023243662044921815,-0.013088848644206019,0.16512881387307934,0.047839599553640325
351,7.02,-0.04395211286928122,0.20843078264500606,0.03734886012435257,0.1220915338286317,-0.18381765010947798,-0.19622356907411959,0.01895095840413119,-0.720944570901429,-0.7911524653584094,0.11721754514647198,0.3452413657191573,0.03221944846473926
352,7.04,-0.019657924372580668,0.21082666544104828,0.040777195754056084,0.017666556039761645,-0.26255714303170347,-0.15605415991348612,0.11894171248897031,-0.19835632299555794,-0.26851857004505975,-0.1370125312279148,0.4257875487355683,0.019211201140016218
353,7.06,0.014936433092859677,0.1904998682949358,0.04206017758975769,-0.04573759446768126,-0.2977545510201606,-0.09748208279030657,0.14262111600992744,-0.10034736381606257,-0.03160577741010362,-0.24041414004421363,0.42681131117097193,0.01218108941150746
354,7.08,0.01573934624171373,0.20054622634901242,0.04167956727299396,-0.05745403058834511,-0.3122815642739073,-0.07195230291719393,0.12570759428816272,-0.11627165508660658,-0.030662350866420163,-0.23270578386001575,0.41892949342546076,0.033287333320213275
355,7.1,0.0019454492428361246,0.20834650028447965,0.041641580482292134,-0.0448783792327693,-0.3050352248123782,-0.06720656066630719,0.10211298262281712,-0.11930196856051475,-0.030792843219185503,-0.16888674373961585,0.4105786847535609,0.059982692274173396
356,7.12,0.012561316226782165,0.23373176749169502,0.04380463287092867,-0.1107405519276922,-0.2690572473773823,-0.1799108597815523,0.01594149409116724,-0.09824296291589674,-0.06105379698274516,0.1501142045043533,0.39031146380554516,0.020535126215417518
357,7.14,-0.01318919004701579,0.21338940325578398,0.05053571253898573,-0.05554042095626002,-0.2507591627042868,-0.10242076498926778,0.07161461431459791,-0.10629490831558652,-0.06125558697208541,-0.03935745894426492,0.3742624649355254,0.017998395493805025
358,7.16,-0.013365337652597755,0.15111271421986314,0.05212826328746464,-0.02115547702242762,-0.23605796653127048,-0.04617847606418342,-0.0628676766442906,-0.0023573603718860525,-0.014204641323011469,-0.056105396593264356,0.3239633051670194,0.03511543812554739
359,7.18,-0.027919076975190516,0.18212716937714174,0.051140210034270495,-0.0018284706226563627,-0.2255848413556734,-0.042256308837643614,-0.026457893077447905,-0.05080860883708812,-0.038021385120644804,0.01642919138791381,0.3002276498224124,0.057208476484813434
360,7.2,-0.03459238058487284,0.18985879641334003,0.05007026523208444,-0.011049147528385268,-0.2373693518565863,-0.045952694631962124,-0.014012140886348994,-0.05579396580017676,-0.030721593857711935,0.03434391547437246,0.3106164566000626,0.07151349069766162
361,7.22,0.009262338654684496,0.17264740847628446,0.04843899899423035,-0.13110270252566986,-0.09925277432864021,-0.13837004786076948,-0.16776878322412803,0.8806520061809968,0.08007799191586806,0.3245497650388831,0.1523013296574776,0.11483881660034273
362,7.24,-0.0229137453194838,0.16315603087253372,0.054669270912460016,-0.17426315670729153,-0.10083575297327552,-0.10369948653495185,-0.1396931723310333,0.35807986651549084,-0.15028125037894297,0.18428838856770097,0.10038406712233316,0.1263707448382983
363,7.26,-0.03495532064950731,0.19834862749036947,0.052578704032664986,-0.18356214027622125,-0.17208137232038165,-0.11763564398683307,-0.15397721404761514,0.05018431176891197,-0.0470707702049572,0.19691531422462036,0.1601513031218778,0.13565381371581947
364,7.28,0.07408771262060107,0.05443960068490519,-0.1808844855681861,-0.051516131552816716,-0.015742590656279323,-0.05045247978906811,-0.12947915694158912,0.18905395935469832,-0.1423748013161219,-0.005573085210112225,0.17119901936227658,0.07901014591951504
365,7.3,0.07794164561605856,0.0585066114783797,-0.16555498342206926,-0.0566692908785274,-0.03195283165460969,-0.028617586226350328,-0.12641759981066128,0.19586592479653087,-0.15074436503974722,-0.03104912234676728,0.15391699920460986,0.08366392151606639
366,7.32,0.14666095177959643,0.07699367400378956,-0.13449810701279896,-0.2176727425638138,-0.042880263811452254,-0.05317762218156517,-0.20746824602494607,0.21577517077401925,-0.11090547941161835,0.13924497621729867,0.14199259416428775,0.06025357423373075
367,7.34,0.16328218602406136,0.06489864243082637,-0.11428955621511838,-0.2155866053147995,-0.04334195281489314,-0.03393630293030081,-0.2083880991759723,0.20707895687430175,-0.09832215227511744,0.14868341225210874,0.14074591577937295,0.08999271550954119
368,7.36,0.1530294684609635,0.054217817607820296,-0.10821021236529821,-0.20601314015607908,-0.003786586520065263,-0.04169087174443338,-0.20092944684293876,0.20382442316568666,-0.0858149695284089,0.14622162753102813,0.09748317154234687,-0.03874611585054959
369,7.38,0.1553342642609824,0.05746216723056255,-0.09614177001094998,-0.22496716179588896,-0.04919852317019535,-0.03322839311080719,-0.19285792291558376,0.20973737201084358,-0.07349372117419177,0.17348962962568848,0.13454268469056302,0.08326837313304536
370,7.4,0.15368297609166046,0.05963467354342946,-0.09739719971777516,-0.2259308597136545,-0.04800742184340147,-0.03522767270994473,-0.1915918151192211,0.20918827597134404,-0.07629443630215872,0.17295917398620228,0.13127947864983114,0.0740882975131355
371,7.42,0.15601945958038343,0.9518513755561562,0.13086178916493485,-0.3497436350736043,-0.22567133618525403,-0.09208728962031479,-0.11774503888904242,0.1093561874453341,-0.024463627965863474,0.17174077348568773,0.23121225158241138,0.059772818710973466
372,7.44,-0.07069220119306102,0.4293453277545223,0.12199034236770556,-0.2211848529955346,-0.2575009665018999,-0.17234640935943346,-0.1172458871468588,0.03600191593486525,-0.15088933242252628,0.08399710714528336,0.3044638447254192,0.1400315012038832
373,7.46,-0.06467410077703326,0.1958718370792809,0.12038973880126091,0.007296640016737549,-0.2131728591949771,-0.15180633699099536,-0.03804379063130671,-0.06334326007607932,-0.006661972483850587,-0.036232891132685574,0.3217240535109019,0.1742601060746028
374,7.48,-0.06893083173184164,0.2032906640568814,0.11960921101394698,0.11095439135862377,-0.12032124126197918,0.0047541448360518546,0.012713130272484188,-0.09974207833170337,0.01583861928595598,-0.1564858374619197,0.31610071397244544,0.15897458737091702
375,7.5,-0.057534941757680376,0.20762266591329243,0.1194849892507491,0.12646464662357648,-0.19920961112773533,-0.11464943462573571,0.03525928833074965,-0.10623113298626422,0.0049559199042469165,-0.20011389303622293,0.32687837064831643,0.15044357976959347
376,7.52,0.017422807876845525,0.23387823017970266,0.08262703150316525,-0.17349982458861643,-0.20553780913864755,-0.1649501281909679,0.007537719800205234,-0.08219591808941476,0.008304514035415933,-0.13701810165259407,0.3521147006710384,0.04563404662996029
377,7.54,-0.03437572939664815,0.2198395035578511,0.07869047029080273,-0.016016420871232687,-0.20828608599918202,-0.18393264838846862,0.01694689858169806,-0.10540269276685052,0.015130794767538744,-0.13723860496682042,0.3674984615723424,0.10499416081916767
378,7.56,0.1560007560936752,-0.028161033259323787,-0.11036158447022532,0.0772242770284019,-0.06754391021529577,-0.10880625195888399,0.027381087263857067,-0.03467560590773401,0.015126293545100741,-0.1669343427485295,0.36036381453736455,0.08190639649313027
379,7.58,0.08350872877636678,0.07170401859848563,-0.033849427464915594,0.088301685502959,-0.04180729971627731,-0.10184063243528091,0.05195097904457378,-0.046351352103707597,0.015181923368123046,-0.17363823362244207,0.28159867101309244,0.009117002325008783
380,7.6,0.0631821997812515,0.10172900323596247,-0.014323403202057106,0.06481349948233153,-0.06957980258604961,-0.13168222122508583,0.04519074994300197,-0.054379184370043285,0.015237553192954667,-0.14775507488854653,0.3004082475107629,0.02102503315482547
381,7.62,0.1924759258214046,-0.8621550635868152,-0.8506964413566573,-0.17601248417780416,-0.017131959770190677,-0.16523666021600467,0.02297556254743205,-0.022149026937280776,0.011847234321176056,-0.06299227650144817,0.262681570211328,-0.1236907834194108
382,7.64,0.0791359273459124,-0.3657192081878833,-0.3543222047848623,-0.0670783005409723,-0.10406716873291964,-0.20541668961772366,0.013912892535726501,-0.0713469834994542,0.018869603396841086,-0.0548004177962632,0.32731330013843224,-0.011738237225308173
383,7.66,0.1592565860795377,-0.06619789253927644,-0.012523772775860031,-0.0618906732728587,-0.0796644603446246,-0.12323837631711884,0.05050631157300021,0.1631044796785584,0.2545806951497255,-0.009157107898132386,0.17403114609452464,0.004194284188218392
384,7.68,0.2035674217963971,-0.03682391843617425,0.009870812264596601,-0.10667750307876346,-0.0009990466032579956,-0.0474767752157903,0.07406702798939967,0.07916918236068342,0.22382507687601522,0.018995545949357304,0.08504849590878816,-0.012510906559185991
385,7.7,0.1886791400880894,-0.0619252002773478,-0.031636456057504925,-0.10213305370233258,-0.0018743809419550228,-0.07024034254882024,0.07641544589659284,0.08990216095867462,0.2092762100203106,0.0177096885531971,0.13763153123273592,-0.0287539253239196
386,7.72,0.1993482954116592,-0.040275842468189355,-0.08931041218218783,-0.15064566579705696,0.022560790741323347,-0.11432614870357863,0.21263037380518435,0.09392490088786164,0.2382792256844718,-0.09637154956801228,0.1322604124106638,-0.06221737058156439
387,7.74,0.19389568505042448,-0.054306310592635305,-0.09984120682400113,-0.1004799048866907,0.02714238410225099,-0.13191152729014677,0.18627525024163843,0.09414860285697432,0.19021009172175812,-0.13023781069256563,0.1468143491808464,-0.05224623811272039
388,7.76,0.1817430542355734,-0.06562756385715218,-0.09637311178468883,-0.05730088223725438,0.02847337694253599,-0.13051075190975597,0.17397823844961968,0.09344330262867584,0.16549458707418374,-0.1462893691982956,0.15611412008268735,-0.04143675387141599
389,7.78,0.18040560803336,-0.06819906283998173,-0.09455126602272074,-0.05077896509430098,0.02564771364849977,-0.13105032993515464,0.17192528289976272,0.09592101132669212,0.16504100323976922,-0.13675027688538446,0.12177441049150606,-0.02192547794713924
390,7.8,0.18189885525578725,-0.06796879646451842,-0.09316899993865146,-0.06843492927757013,0.025201481437330087,-0.12988481790204387,0.1769582153935537,0.09395368158537976,0.1671256345683152,-0.14071887057766902,0.1568217974141748,-0.03455014300034537
391,7.82,0.0952156393407232,-0.19533992262369793,-0.035337684899029526,-0.05150559984623293,0.1143035736497553,-0.17716142245159217,0.37211208645563304,0.287579766542514,0.2665008520089785,-0.14878246663875672,-0.7294114650680728,-0.07912952630560399
392,7.84,0.08165549261001455,-0.238810542577909,-0.1827081074096541,-0.05477760673049539,0.17971609904933727,-0.08340214902901538,0.23112877713666352,0.33270003512706176,0.3147624007087103,0.038162618961245176,-0.2068280488067341,-0.06860027349780234
393,7.86,0.12546799070110629,-0.21291414263712852,-0.2055151534811575,-0.024915450727710606,0.18778194187233488,-0.09085175630394217,0.037642269180574006,0.28096896390892334,0.27234143709573366,0.02241891452740344,-0.08619919782587626,-0.06852027107647063
394,7.88,0.15702636324319438,-0.17193151532775033,-0.20806085201021698,-0.033296383269772675,0.20847556135701853,-0.10872352142707367,-0.04268767960029103,0.2648754449702507,0.22524364468932273,0.014725594721072356,-0.09622763893989844,-0.06643625000708257
395,7.9,0.1670711717280747,-0.1627823058901551,-0.21456675215013551,-0.037964953193057004,0.20744650307785356,-0.10880744703945887,-0.02617837386132269,0.27355229976683804,0.18958680643508116,0.0030845489976378607,-0.10371748981161519,-0.06538228838133522
396,7.92,0.12874140868705702,-0.20366642887202188,-0.08647818364269413,-0.03630118212098528,0.18691946766752116,-0.11292179796213497,0.2662132906322104,0.2933293364084484,0.2465750471122461,-0.0673987383140624,-0.12654586822315797,-0.028570326375459726
397,7.941,0.10275121533045206,-0.11494537307117175,0.10784039579423252,-0.04378334627552202,0.1920863866289821,-0.1209805216587636,0.11211724761581565,0.3083708833798493,0.23596554305145523,-0.0064621264774019915,-0.11514326123659895,-0.015118939796301675
398,7.96,0.11216541469562247,-0.22134431062703333,-0.2295716953034148,-0.041833011000744255,0.20240693695823997,-0.12305663297710728,0.02943104797423239,0.297784168547362,0.20057466971309484,-0.029518377010777072,-0.11564097493338747,-0.04105112921753454
399,7.98,0.1343193155477332,-0.17900232117700765,-0.2275647051373294,-0.04641977340881477,0.21239707553998546,-0.12254999729166022,0.02356775513792965,0.3180655722260918,0.18032632180114652,-0.03147246127437168,-0.10890470841345946,-0.0222181817353755
