Time_Step,Time_s,FR_hip_effort_applied,FR_hip_angle_deg,FR_knee_effort_applied,FR_knee_angle_deg,FR_foot_effort_applied,FR_foot_angle_deg,BR_hip_effort_applied,BR_hip_angle_deg,BR_knee_effort_applied,BR_knee_angle_deg,BR_foot_effort_applied,BR_foot_angle_deg,BL_hip_effort_applied,BL_hip_angle_deg,BL_knee_effort_applied,BL_knee_angle_deg,BL_foot_effort_applied,BL_foot_angle_deg,FL_hip_effort_applied,FL_hip_angle_deg,FL_knee_effort_applied,FL_knee_angle_deg,FL_foot_effort_applied,FL_foot_angle_deg
0,0.0,-0.3018158991511091,-15.9842766794928,-0.6239938853981503,38.20592757275757,0.9414,40.05839929785102,0.15630375827019213,8.300899845928772,-0.688744758728709,37.471735314530996,0.9414,40.65727794448985,-0.2033112495999313,-14.573014412707513,0.7469629590823222,-39.319994062151686,-0.9414,-43.133070174777046,0.12672189302140985,8.630954685756738,0.7928316742305336,-38.60874227071396,-0.9414,-39.49188792764787
1,0.02,-0.3019307456797819,-15.984276679492043,-0.6241751140639461,38.20378228479971,0.9414,40.05197203548788,0.15622734143305297,8.302234620214918,-0.6887343770095266,37.468010899977415,0.9414,40.65727794449191,-0.20306356539053727,-14.578165378575786,0.7463649208390795,-39.3092462576041,-0.9414,-43.13307017481225,0.127225682631623,8.624457692354747,0.7931358175753549,-38.60874227071396,-0.9414,-39.49160633264629
2,0.04,-0.3020450325690522,-15.98428309122985,-0.6236144581395311,38.20276695638794,0.9414,40.04365282164417,0.15624524196598674,8.303344262731475,-0.6889746210590811,37.46604786113504,0.9414,40.65727794449669,-0.20308652837352192,-14.58228482014098,0.7464081755104167,-39.29826721258355,-0.9414,-43.13307017481767,0.1273666672046329,8.624457692354747,0.793045143922259,-38.60733354447401,-0.9414,-39.491601361028835
3,0.06,-0.3021598788732993,-15.98428309123041,-0.6232762816644153,38.19855946782231,0.9414,40.03780858184815,0.1562958054586979,8.303891926846212,-0.689277005836334,37.46523329337682,0.9414,40.65727794445293,-0.2031872492320437,-14.582609594356217,0.7466589041715521,-39.29526774700643,-0.9414,-43.133070174885574,0.12739988847694259,8.618014995209819,0.7933594449231378,-38.60567912608006,-0.9414,-39.490273563419976
4,0.08,-0.30227472517756004,-15.984283091231651,-0.6228579509424599,38.19193260356355,0.9414,40.03103519027782,0.15632588810229103,8.304156141814863,-0.6895481791391138,37.465230253705165,0.9414,40.65727794445293,-0.20324421266101966,-14.583419938486665,0.7467847360896497,-39.29439336392759,-0.9414,-43.13307017490056,0.12749573732443292,8.617896684180833,0.793591743261565,-38.60458442786155,-0.9414,-39.48993830446871
5,0.1,-0.3023948480269275,-15.984269294833616,-0.622325515412291,38.19193260356355,0.9414,40.026300712431976,0.15638013575980492,8.304486302227566,-0.6898124063857334,37.46523025369655,0.9414,40.65726265819426,-0.20333761002072698,-14.583419938486665,0.7470628887826003,-39.292391523108634,-0.9414,-43.13307017490505,0.12752691976994576,8.617153289149092,0.7939041480142013,-38.604132201819155,-0.9414,-39.48985593263232
6,0.12,-0.3025309667243292,-15.984170637946447,-0.6217811453525106,38.171979304291945,0.9414,40.02243470305532,0.15641738504177508,8.304486302227566,-0.6900522304722203,37.46523025369655,0.9414,40.65726265814764,-0.20342118874362022,-14.583552479767777,0.7473009205819046,-39.292391523108634,-0.9414,-43.133070174831026,0.12756801427984998,8.617115403125693,0.7942283635482349,-38.60384660573799,-0.9414,-39.48985593259774
7,0.14,-0.3026684357515375,-15.984041309176716,-0.6212911196296549,38.171979304291945,0.9414,40.01572583010897,0.15643994251540141,8.3049651178656,-0.690326424184392,37.4650649034952,0.9414,40.6572626581949,-0.2035097820221292,-14.583486859644557,0.7474567895216427,-39.290703331491144,-0.9414,-43.133070174751964,0.1276165646063913,8.61711540312473,0.7945200673503356,-38.60384231228244,-0.9414,-39.48985593259774
8,0.16,-0.30277099439591587,-15.983860713559631,-0.6210610611704778,38.15650855664419,0.9414,40.01291997199302,0.1565110391204396,8.305002096032563,-0.6905906456583611,37.465064903480744,0.9414,40.657262658222834,-0.20358317621643318,-14.583410708572607,0.7472706146815606,-39.290703331491144,-0.9414,-43.132726576389565,0.1276651149328731,8.617115403122575,0.794788250602872,-38.60356422464154,-0.9414,-39.489855932613494
9,0.18,-0.30289767388672445,-15.983837181798437,-0.6207511616230293,38.15175564006351,0.9414,40.009902143411416,0.1565504720993566,8.305165349407078,-0.6908547565245987,37.465063636252026,0.9414,40.65726265823079,-0.20366390911768395,-14.5833946795141,0.7471744248466894,-39.28708298859542,-0.9414,-43.129963964476694,0.12771366095028075,8.617115452488877,0.7950770071538101,-38.603416656641095,-0.9414,-39.489855932625964
10,0.2,-0.3030663007939585,-15.983758222064278,-0.6205506352478116,38.14250055955946,0.9414,40.00500649381836,0.15652683587731675,8.305688365752584,-0.6911178038974899,37.465063636252026,0.9414,40.65726265829285,-0.20373942104289486,-14.58337592773406,0.7470049377764902,-39.28708298859542,-0.9414,-43.129963964476694,0.12778692161799585,8.617101040624549,0.7953967886163804,-38.60329886517767,-0.9414,-39.489855932605735
11,0.22,-0.5161101753855815,-15.77289182594632,-0.8006655185623328,38.14250055955946,0.9414,40.2873357885155,0.4511043024388899,10.06184541941054,0.2417283600290001,39.7244328731243,0.9414,40.65726265829285,-0.31299566297742853,-13.237741591328623,0.7807752516177274,-39.30877175516644,-0.9414,-44.154492927859145,0.10840132981189513,9.409766539204185,0.5190249201113901,-38.237949919607416,-0.9414,-42.2642806516724
12,0.24,-0.5755392883933307,-15.919906350948677,-0.7625012435864349,39.81377515764432,0.9414,40.2873357885155,0.4987636983706186,10.06184541941054,-0.27820533730536495,46.014054139197945,0.9414,45.780058902380695,-0.22770962874628434,-11.92802797342098,0.883230560942377,-39.30877175516644,-0.9414,-45.34485597111983,0.0709698948126958,10.58640162024029,0.3351767875761216,-37.10865131454707,-0.7569559006520448,-50.05536076198301
13,0.26,-0.7387208375473931,-15.919906350948677,-0.6114736726639021,39.67300323584132,0.9414,40.318438295283485,0.29048255709024645,13.277058930429437,-0.4886496966718632,53.289036666759664,0.9414,45.780058902380695,-0.04655236944568178,-12.70069427332404,0.8974615163118461,-40.3121719265964,-0.9414,-45.70245164908754,0.07195219262967735,11.180885558330395,0.41427419474827665,-34.96553961249478,-0.7048284368217765,-53.35158696066644
14,0.28,-0.7627627238124277,-14.290703605043063,-0.5868818866547205,38.47590124133923,0.9414,40.39976025595948,0.2597441662093852,14.720456249358817,-0.38645591665018997,55.63027174086407,0.9414,55.473530249016555,0.04118916619895144,-13.889746304559996,0.8232734953447025,-40.401896506147885,-0.9414,-45.106961292538045,0.13953838030349863,11.315093789266065,0.6120647509221881,-34.96553961249478,-0.9362307321958638,-55.26423802996195
15,0.3,-0.681047700319786,-13.776892507163632,-0.6184755330096416,38.47590124133923,0.9414,40.61406412597046,0.35975986710293506,15.112426577098999,-0.34251814524559565,55.89283860414993,0.9414,55.473530249016555,-0.016454137474133823,-14.375979623132952,0.7164068636536794,-39.785800952029525,-0.9414,-44.09910485665013,0.11400510088168157,10.880535784251181,0.6650019319957589,-36.6294113858179,-0.7885457324963663,-55.57755287052911
16,0.32,-0.8723419803027671,-13.853034562696886,-0.6004555709793287,38.370777931183355,0.9414,40.61406412597046,0.3464669142636124,19.331431489986493,-0.48639449570406523,57.37982839554097,0.9414,67.54229047577167,-0.053427837487123764,-13.41426566614042,0.7713642167944719,-39.785800952029525,-0.9414,-43.721926699405785,0.12708654730691818,10.880535784251181,0.6962033286472427,-37.101505204264974,-0.7592958858095649,-56.625309616296114
17,0.34,-0.7140678175538787,-14.560675847078514,-0.493429423414083,37.76365622808232,0.9414,41.44774435163916,0.3414358277823225,19.331431489986493,-0.3190767835686518,57.37982839554097,0.7876960707379479,72.33680130597041,-0.1367738919198252,-13.41426566614042,0.6308427000276764,-38.47171603778456,-0.9414,-43.47362294393932,0.08551428443405057,12.805962505438067,0.67851537040169,-38.019049638916236,-0.5595503399808591,-57.718548578891394
18,0.36,-0.6778180426492066,-16.207901654416016,-0.5349276261594296,37.635601345314804,0.9414,41.39257120180665,0.6272424383347803,21.72099115222161,-0.3846163852367479,57.6072931662236,0.9414,72.95360480762336,-0.22786873639086688,-10.65668012721418,0.6567195007065729,-38.47171603778456,-0.9414,-42.507465483232224,0.012035498019592777,13.622121250315816,0.5709422267664488,-37.614206714051264,-0.53644192863685,-59.898988915431985
19,0.38,-0.7147914585929195,-16.60782226924732,-0.5534504439361605,37.635601345314804,0.9414,41.423715126892375,0.5960611967047413,21.548565267217537,-0.42121606376187637,57.710580200541465,0.9414,71.82608779589897,-0.18907690900495128,-10.174750275950801,0.6972869938418252,-37.65287902731436,-0.9414,-42.56230664485547,0.04120876533398028,13.858673517142702,0.6032859347971832,-37.22635803414021,-0.5709757368389029,-60.86684770491125
20,0.4,-0.7663756862653736,-16.553303028224356,-0.5621963521369874,37.65479924095302,0.9414,41.48274246976429,0.5571873505526069,21.666427280481376,-0.43995991890140157,57.797069527467784,0.9414,71.83419716594001,-0.12557308182502894,-10.261002573312982,0.718202121973049,-37.85808209227185,-0.9414,-42.57227276690387,0.08749842937399738,13.858827675311847,0.6322986755862349,-37.33922526816291,-0.6377694490837935,-60.86329882895652
21,0.42,-0.9006849184684302,-15.881472951849995,-0.6348894942745543,37.68704055138569,0.9414,42.63705971078812,0.9414,22.74820416015175,-0.9414,57.797069527467784,0.9414,69.78795371611395,-0.17968172904512492,-10.211156050394308,0.6758725325268822,-37.84626236614897,-0.9414,-43.44910124034985,0.05535587672238501,14.071263237145274,0.8978339929628748,-39.33367722215783,-0.7710418719657202,-60.80309023528412
22,0.44,-0.46152975031627874,-17.89931141877703,-0.6076433671327547,38.22692100774222,0.9414,44.11548495327802,0.8421849275232507,25.91299656041729,-0.8858514419483188,57.797069527467784,0.9414,65.96613584057387,-0.2134147282854298,-8.420461294853352,0.7184584641099517,-37.59233413573876,-0.9414,-43.44910124034985,0.08003218850174174,15.606040637604435,0.8081329838802624,-39.970497723499975,-0.9414,-60.39654701817301
23,0.46,-0.3217349101662955,-20.54582379351781,-0.5710257255480568,38.16574757606075,0.9414,50.28461770264786,0.5018372347550805,28.38279489558077,-0.4519829053747111,42.80315700752706,0.9414,63.66309264879174,-0.12489920694385481,-8.353983686102108,0.7371254800668007,-37.65267980056747,-0.8970829568453764,-49.02923878376861,0.2014588062731427,15.670059125585608,0.7040563104892827,-39.64858562808472,-0.9414,-58.24061380157588
24,0.48,-0.6596290370076789,-21.8630869933183,-0.44523198639400197,37.35810384922151,0.9414,56.48755133732423,0.3588862742307567,32.4988079518207,-0.5653607261069421,39.85649104214009,0.9414,60.14770017846546,-0.024043110337692214,-8.353983686102108,0.6939270064687976,-37.919870622606055,-0.7765886094785105,-52.286493873982685,0.3477295007780413,14.339989943872261,0.5785629825589986,-39.21557387687115,-0.9414,-56.55258152908227
25,0.5,-0.5912442063036104,-21.8630869933183,-0.5264343726882642,37.01217654949993,0.9414,55.68343118787632,0.4479484408953062,34.091800634944974,-0.6505128317665384,39.85649104214009,0.9414,60.14402845562013,0.037209663913178766,-9.08644212068174,0.7609217648690911,-37.652782802048925,-0.8465859679616571,-53.31094102363713,0.36168960385425647,13.225236694975123,0.7195592463479222,-39.21557387687115,-0.9414,-56.55258152908227
26,0.52,-0.7314542810666959,-21.8630869933183,-0.5470770744822707,37.14619203935617,0.9414,56.27239417345111,0.6020314131677003,33.83640538487842,-0.7124329732937197,38.76830714779359,0.9414,61.00996196136347,-0.06445684603577553,-9.963021268478512,0.8282810801799536,-38.3783357689403,-0.9414,-52.96521418072865,0.4160132231091119,13.360787383469768,0.77848649127906,-38.875055668860256,-0.9414,-55.13219114977933
27,0.54,-0.6461822264102524,-22.210792678480583,-0.5612150992940493,37.42333799341486,0.9414,57.516479355081216,0.7243356072176211,33.3936708921625,-0.6994811601255622,39.26776377119765,0.9414,61.565821384647315,-0.15291989002477585,-9.338075637529125,0.7895226405730134,-38.604802599337106,-0.9414,-52.424256114561814,0.27331779276375034,13.360787383469768,0.8183879601591564,-39.38323092000347,-0.9414,-55.6722589081948
28,0.56,-0.5959101322867999,-22.210792678480583,-0.5640678617683892,37.78816072377873,0.9414,57.516479355081216,0.7979705296592567,31.491504857947728,-0.6748448286392503,39.26049790600661,0.9414,61.565821384647315,-0.19630487722396875,-8.669558313837419,0.7338407369576438,-38.25038924618443,-0.9414,-49.661568030240204,0.1826292696515016,15.620268181166404,0.8259941695337035,-39.94501922603704,-0.9414,-56.12294883061742
29,0.58,-0.5926328665831272,-23.30397391222053,-0.5603546499732431,37.800480870776695,0.9414,60.45143680368268,0.8082417352488795,30.586811858931377,-0.6751765194840113,39.162696537385266,0.9414,62.37252207276644,-0.1853546590862733,-8.143252087979365,0.7263701146772747,-37.95965918219786,-0.9414,-48.5633067048846,0.17757328349480128,16.525623098875663,0.8261544512905916,-39.94501922603704,-0.9414,-56.18158595317013
30,0.6,-0.6265619157814184,-23.30397391222053,-0.5666384140212793,37.85478103426183,0.9414,61.185556059612686,0.7720635433110664,30.465220635516133,-0.6763783097833115,39.162052638717185,0.9414,62.514547676142,-0.1599114262790003,-8.112525929265034,0.7357732305119258,-37.879394869021816,-0.9414,-48.188943444762266,0.21019281866295594,16.525623098875663,0.8231373632238683,-40.29290470470656,-0.9414,-56.03484005410828
31,0.62,-0.45302100212895435,-25.35746626984328,-0.22375777280198056,37.30633258984506,0.644564038278296,63.802451723889064,0.8719700053161382,29.637798545401044,-0.7115108661892,39.558928654266126,0.9218734676003715,64.59491444369233,-0.30164379818728193,-8.362871590576454,-0.1934891470219472,-39.580349844353854,-0.9414,-48.188943444762266,0.36668697498428676,16.829537681937012,0.9414,-41.345802424705255,-0.9414,-56.07702452889757
32,0.64,-0.31879005207457645,-25.35746626984328,-0.11171022001142575,34.117050494405035,0.5172548093603917,68.49492475427583,0.7269338732593421,27.68824895211279,-0.8205169218513308,39.573449105810035,0.8685711218521335,65.48672916851989,-0.2436263116344729,-13.78389421690184,0.27433416438257974,-49.392897521397586,-0.9414,-55.3189330890797,0.3207337945641934,17.6215732867712,0.9414,-42.10411889001311,-0.9414,-55.89471349091737
33,0.66,-0.446856255747299,-28.659556048380903,-0.20156175597711218,33.588183566113415,0.5494029746143276,69.40001312475788,0.5509390373767694,28.737495758174866,-0.8259186770244887,40.542894718840635,0.912454281019013,66.50318148517617,-0.10953126142034073,-15.404031064950374,0.3656664343136554,-52.61757392975176,-0.9414,-60.74808292717759,0.29882200444506535,17.6215732867712,0.8749976843517832,-41.76774612204608,-0.9414,-54.45359164680437
34,0.68,-0.5035169621881639,-28.17097881918417,-0.2738395791862568,33.61893055547093,0.5925638791490787,70.62404956288428,0.5489646149219625,29.66460254558839,-0.780274063859891,40.604582247444995,0.9414,66.95502897281948,-0.1463761125925983,-16.46348437395941,0.40236840649331435,-54.815231098590345,-0.7284206597103118,-68.83881995898359,0.3562421202088295,18.264636768946307,0.832537006539128,-41.074065250545694,-0.9414,-54.0873400028372
35,0.7,-0.4796350022608874,-28.01217908896646,-0.24843363793051593,34.25765633367963,0.6489449075224122,70.57285877159863,0.5564596373488736,29.792417159766693,-0.761561231362643,40.23235308324139,0.9414,66.76661924487462,-0.17731390572394237,-16.621125254314325,0.31334183680390343,-55.24157140317432,-0.9414,-71.85583012006828,0.3721638073614952,18.04707070440933,0.8620184885484161,-40.88738666052751,-0.9414,-53.57431717554343
36,0.72,-0.5392023294234133,-28.985271591264002,-0.23613539696776803,34.25765633367963,0.7198669445587701,70.41956455635841,0.45828523741419225,29.42536869211845,-0.7819832437171276,40.37445262946681,0.9107999659179252,66.63057612113862,-0.4356484736275662,-20.396252463264847,0.33408357571991726,-56.55523807285487,-0.9414,-72.86313183514262,0.6723481201499313,17.861911328433425,0.8838641693498713,-40.98788029463704,-0.9414,-54.54073163460543
37,0.74,-0.4873300810019202,-29.40997661725088,-0.24893881898462455,34.18319490951252,0.7018758111985781,70.41956455635841,0.5035999668264055,28.573825151259037,-0.7990557102454934,40.35554152535031,0.9229911871260302,66.49303012717232,-0.6631971414632508,-21.126931256526554,0.3309838261808907,-56.74235383137242,-0.9414,-72.86313183514262,0.6405511281410932,17.227805040754294,0.9319436981459295,-40.98788029463704,-0.9414,-55.076360260645316
38,0.76,-0.5007039975721798,-30.592003104544425,-0.2512241615754581,34.26164028905534,0.7033782141951254,70.07947705956299,0.4924367944001478,28.09666624389074,-0.8051886915253398,40.42750395474196,0.9138636590196552,66.48468522226639,-0.6516268606334511,-20.979074575016554,0.34256667178809874,-56.86396979526512,-0.9414,-76.6058648620643,0.6501013526359121,17.258096951541074,0.9344872468569864,-41.66735039350289,-0.9414,-55.85903318175349
39,0.78,-0.5212309531408541,-30.592003104544425,-0.24834463540410717,34.28065205410555,0.7082290636676323,70.0468887116415,0.47568163547079834,27.84842030555273,-0.8049742184307981,40.52863547073147,0.9036535100217651,66.53274635851481,-0.6335881914933047,-20.98753353039974,0.3418680103461393,-56.94152064009359,-0.9414,-76.63573546467714,0.663876656266056,17.17705601664637,0.9254024929464655,-41.73640015640796,-0.9414,-55.85903318175349
40,0.8,-0.5349600881319149,-30.553705336205844,-0.2469746551283583,34.27726309080051,0.7114591176767304,70.01301138090358,0.4646385432508826,27.93899922601717,-0.8034885300033917,40.57106987647976,0.8974866335706908,66.62832853056845,-0.6209811208215622,-21.078638441036812,0.3446356155920724,-56.98163314172414,-0.9414,-76.66116907857338,0.6739058731579375,17.074589383285712,0.925163831637886,-41.74052321142559,-0.9414,-55.851210301823556
41,0.82,-0.5068805581648628,-31.2564438085366,-0.4387977102725644,35.36858423195611,0.7072455974175662,70.01301138090358,0.5308664874749709,27.93899922601717,-0.54853732661712,39.847578322254314,0.7677466096753308,67.01005533583087,-0.9414,-22.073911246210443,0.9414,-54.36866972992455,-0.8391793960078118,-73.45361921475964,0.9414,16.07395386120209,0.7673305764105742,-41.73969325204115,-0.9414,-55.800191057519264
42,0.84,-0.49406835558513096,-31.2564438085366,-0.5720451283289603,35.936056343860415,0.6391900285282849,70.44753490825877,0.5511277850018016,25.038588327172032,-0.3815272939145645,37.933473434892136,0.8171101017423283,67.23256552189729,-0.9414,-24.377153477816776,0.7906001091270969,-49.274501972703334,-0.9414,-71.67724460022738,0.9414,14.721976792285544,0.6223665533497895,-39.70527737000962,-0.9414,-55.60566097379206
43,0.86,-0.49121782974846684,-33.73198477395904,-0.5439101778578159,36.894591680240396,0.5956464764033578,71.31526531029563,0.5112713324571547,24.31989790062713,-0.30784976072580794,36.82077269694879,0.2587387479740956,66.99498741225506,-0.9414,-25.301095136947957,0.6859903415585563,-42.87371311090358,-0.9414,-66.63095114184802,0.808833058351772,14.307360663091638,0.694615176595099,-39.3062240155857,-0.9414,-55.09471963662679
44,0.88,-0.4735723019357507,-33.7555955395981,-0.5222751371949277,37.34246681148713,0.7204418921592641,71.11252456124147,0.5633505055577195,24.111551493538652,-0.4338085266832367,36.82077269694879,0.7221281782321254,67.20200482820363,-0.9414,-25.698258532019626,0.6659874932165428,-42.87371311090358,-0.9414,-65.34367166282416,0.5265511089949587,17.256344053014228,0.7078290230652451,-39.089236126747075,-0.9414,-59.01162062148204
45,0.9,-0.5445900169168094,-33.92500987794452,-0.5247202837132856,37.4075057556166,0.8570109408114113,71.11252456124147,0.48279369848413634,24.089362810093615,-0.4721406185670516,36.29653863241307,0.6388458055054662,67.59622560342555,-0.8837484364899701,-27.214494259026896,0.6963634128049182,-39.495630039108974,-0.9414,-64.7711809793646,0.6895205386523973,19.810199346126858,0.726256104433918,-39.19413976769672,-0.9414,-60.7988840506521
46,0.92,-0.5131584090300572,-33.704350338421264,-0.5235367183865796,37.36338901762151,0.9414,69.31388721833295,0.24311743658513918,24.089362810093615,-0.5222111553321765,36.58849275421275,0.5858965240509652,68.16005143929566,-0.8621631530482413,-28.35490433543921,0.7100511897971825,-39.46498967231996,-0.9414,-65.3606894427059,0.732008247037733,20.582610254962734,0.7593583602182787,-39.32029933703086,-0.9115655220479271,-63.73281199803672
47,0.94,-0.5122801592481911,-33.69716443042061,-0.5207610012602601,37.39001620289272,0.9414,67.94243765427673,0.23028763954131629,24.089362810093615,-0.5327504724226181,37.039611535593714,0.6127640302750342,68.35774116549068,-0.866005512064287,-29.03527702937886,0.7206178265163761,-39.46498967231996,-0.9414,-65.7711449992574,0.7935483128006671,21.31204227191599,0.7415403766136289,-39.744817654826996,-0.9228121585232375,-64.95108766985487
48,0.96,-0.4977910371792861,-33.744590279934734,-0.5431412466090115,37.46079800844172,0.9414,67.94243765427673,0.23901097983684655,24.820125212395624,-0.5297759557001411,37.194965720210725,0.6518231292427175,68.3254795173806,-0.9207126876292295,-29.337829377503912,0.7205203186152142,-39.55173934191906,-0.9414,-66.23955110621378,0.7796977461150818,21.307480558238787,0.7510854237665767,-39.76175650401669,-0.9180780655700146,-65.44222024117894
49,0.98,-0.47452290905991706,-33.744590279934734,-0.5535101647794172,37.62409540106168,0.9272132061798968,67.73530238907578,0.26593461930416595,24.820125212395624,-0.5248846848957262,37.28326832413169,0.6597482410527727,67.85723543698425,-0.9414,-29.028787232130686,0.7170340097946407,-39.56801341754268,-0.9414,-66.36828724227856,0.7447783325281898,21.44993730701735,0.7614553064209096,-39.82217601848455,-0.9101361560276804,-65.69629791534824
50,1.0,-0.46217354217632417,-34.09190129209631,-0.5531932065859435,37.70876812969499,0.9076662329517451,67.73530238907578,0.2840727688854343,24.50515478088042,-0.5193960484552977,37.27368667137087,0.6552969189641726,67.78962679370356,-0.9414,-28.642618321723745,0.7139936189002987,-39.56801341754268,-0.9414,-66.2702381316579,0.7264448617841432,21.647247179486456,0.7645373920579193,-39.93677864327765,-0.9166625189486621,-65.75669208333699
51,1.02,-0.029218981278504114,-33.62772398904712,0.3413818402433171,39.633291108211886,0.8564576321791435,67.97427975358629,-0.1897966564249457,24.503834502398885,-0.7602267325180952,37.39607739960099,0.7185971681916157,66.86681537685605,-0.6635329722347938,-28.210999697619645,0.4431689893628584,-38.19968318677838,-0.8007981062320608,-66.7728359400409,0.8981245437855394,22.513627982171364,0.7812041989564639,-39.84872386072908,-0.7784466018308601,-66.37683236480778
52,1.04,-0.03309100892515146,-29.50869372376829,0.21586647247168783,46.844012719630264,0.333834475312599,78.46227221202571,-0.16427701067302986,25.718705435243017,-0.8582214038408339,37.39607739960099,0.8477442467847182,66.86681537685605,-0.5438813202451174,-29.226055773817798,0.3681939558261533,-38.19968318677838,-0.6344114002375929,-68.04159182236374,0.8930155795902279,22.819360928070314,0.8037062348740285,-40.21987767557938,-0.5945230155159847,-68.42424715353027
53,1.06,0.08267309538606397,-29.116526048551254,0.0626212148381746,50.31615965809654,0.4429201514283102,82.19040761319393,-0.1474435952377078,25.718705435243017,-0.8372165316359916,40.44746556083314,0.9244202273009873,64.84432882272401,-0.5293248953658379,-29.67155301883777,0.3178084211537522,-35.761789684345686,-0.5636225457907681,-69.89270371525858,0.7105278940079827,23.246034239808147,0.815148668293443,-40.21987767557938,-0.5706058917309135,-68.42424715353027
54,1.08,0.10859005406550601,-29.116526048551254,0.06370970775308496,51.66399243740316,0.29289094704433993,84.38345645472863,-0.09033053256704512,26.330951012426752,-0.8082373245255833,40.54261313293977,0.8908129404502834,64.13907741498245,-0.49906105775931486,-30.018430241497796,0.34150373312773985,-35.37208793965238,-0.6163364673734977,-70.86022564512882,0.5640819870984,25.267635785872262,0.8273369404499245,-40.52203859576617,-0.6536471864799296,-69.93657996598607
55,1.1,0.1198002192161509,-29.716123180711794,0.08619840903839075,51.66399243740316,0.23218669602608027,85.37504226097387,-0.05542210263905922,26.091344705507726,-0.7803380039123239,40.4884481480794,0.8476262365707761,64.15508178053136,-0.5076095072319606,-30.551204541799766,0.34781583998430715,-35.30182333230388,-0.6891282282342506,-70.66931530307026,0.5279785163888974,26.3032289630585,0.844710988328198,-40.60015695109581,-0.70480946339073,-69.48942363141546
56,1.12,0.14530935183190075,-29.716123180711794,0.14264162365460492,51.178519746001825,0.15481408809933309,84.26792849321689,-0.2888882227587548,25.808077857204495,-0.7593792812230002,39.812260600749994,0.8205708271576824,63.79963550203791,-0.40188456114885673,-29.732239861040284,0.3947959248789062,-35.59856663553204,-0.6267727960120326,-70.32928975134148,0.6888798432972746,26.559601058235344,0.7714245636703959,-40.499478184460486,-0.8096650125813073,-68.75890461874876
57,1.14,0.20016126839824755,-23.314868703213794,0.10002436160092065,50.59518627239842,0.1847920380743179,83.03420366429117,-0.17745376670874796,25.299420013439914,-0.7692232679631198,39.802206723248126,0.8261235977614623,63.43240006425696,-0.42903898597430284,-28.98476973600461,0.3787295648154815,-35.66303701266426,-0.6859592615514698,-69.92994208579921,0.6676252154353267,26.559601058235344,0.8183412663472512,-40.35712408237756,-0.7234015405180436,-68.71154940060035
58,1.16,0.23122985690908793,-21.801963493867376,0.08622335769857353,50.59518627239842,0.17328827447740133,82.64112885903234,-0.15339543496399716,24.415683684385726,-0.7730278754585688,39.84020247507543,0.8449558372980481,63.353344490253775,-0.45904199297524284,-28.911120250801268,0.37713481874886196,-35.644248495896115,-0.6913003164624648,-69.58350216757557,0.6414051835026401,28.702290722950305,0.8234118505072718,-40.52779988943078,-0.7036549754335868,-69.35375689161937
59,1.18,0.2446505708044074,-21.553710702314063,0.0866835006740064,50.7082924727765,0.16636920956630144,82.64112885903234,-0.1758574058558778,24.22093453176564,-0.7718492139321746,39.87564951288218,0.8487063508912679,63.19829247783799,-0.4510387543228874,-28.329852365703402,0.37613348179877976,-35.61806285403761,-0.6767260621550422,-69.49901639133947,0.651700512731326,28.853036967944956,0.8186384423141524,-40.6190322913338,-0.7103758201726464,-69.52047980068932
60,1.2,0.21780360931768722,-21.444749300992605,0.08884702243245567,50.73281219294265,0.1810120746897167,82.20746315965316,-0.2074977145067834,24.097572140251447,-0.7750925213344216,39.87564951288218,0.8437402518907218,63.11062200955787,-0.4314487772975191,-28.30984712482128,0.37755714632084014,-35.61806285403761,-0.6569038702062313,-69.60662227901915,0.6732518637839099,28.853036967944956,0.8144504292670385,-40.596905191788586,-0.7206058794346943,-69.52776956747745
61,1.22,0.4406540619887226,-18.877762580191092,-0.8798422830982546,47.38367591949807,-0.6213125873705025,82.20746315965316,-0.39804637299103884,24.34252743196343,-0.5466748682431415,38.53157536007947,0.9399323980505887,61.61465521797296,-0.23837015516411772,-28.28954295339359,0.6270464226900926,-35.61806285403761,-0.44004604798632574,-69.60662227901915,0.8816277397407202,29.14493927426563,0.5292240025233601,-40.48003936358591,-0.8829664365079043,-69.50375753930184
62,1.24,0.4319984021601143,-17.012641180765733,-0.3311465408010028,39.892252745963276,-0.08747031533819127,70.51090129365983,-0.21123664161070949,23.888740797398313,-0.4012684049865869,37.49147347444223,0.7258384466869509,61.70525732014686,-0.19617915347187076,-27.936917020250046,0.6758469455047391,-37.2956858868509,-0.4407385322257733,-70.75264549821848,0.6893077739362822,29.633992661975906,0.44178458445333835,-37.86074455135729,-0.7787231108280467,-68.66985014125713
63,1.26,0.4167919683743125,-17.012641180765733,-0.19147721617847213,35.51688480801053,0.09729731188172286,65.75599964458618,-0.17615572119899903,23.888740797398313,-0.2971768126862325,36.034530292510645,0.5577251360102549,62.92205747721221,-0.1957609674366527,-28.088198469567082,0.5691761506245688,-38.22232069227039,-0.439755127320925,-71.23463923099214,0.5068754705124043,30.53850115943467,0.4017389175902076,-37.06560911192486,-0.6907161996492963,-69.49728308793493
64,1.28,0.4140728629582833,-15.385595681671495,-0.2324961319413129,34.54725047597991,0.1280123103081561,63.664368345604444,-0.25641105709015233,22.0004245365806,-0.27192346771379455,34.810981087086915,0.530064104555393,64.3978623348542,-0.2136189208114615,-28.135940248853423,0.5158446863052767,-38.12133518327424,-0.3445295414108172,-71.59159388123739,0.5167600734111146,33.03862016056461,0.4013756447496813,-37.06560911192486,-0.639877886830207,-70.15863345935153
65,1.3,0.4132110905609017,-15.101862874247404,-0.27071682018006665,32.64659142726756,0.13802267700535945,62.66367083140309,-0.2879645196804325,22.37152108182657,-0.3036086246017479,34.810981087086915,0.5635572850706192,64.75451758775677,-0.21517329598901175,-28.065681570133783,0.5289218782603868,-37.428731154530006,-0.2953609759903041,-72.12340720616734,0.545935580019107,33.22094597468423,0.41287369537617086,-36.04910924582857,-0.6060854035713874,-70.15863345935153
66,1.32,0.49453260348414296,-15.34221861051939,-0.2538922687027053,32.47917481466405,0.07994969696145218,62.59694438593223,-0.4173729264223536,22.399612441480063,-0.3029185271363321,34.14189517698493,0.5110879581830052,64.75451758775677,-0.0704353738703438,-27.446394597922655,0.5360810029042944,-37.28636360365653,-0.27150434685841274,-72.46594790772392,0.4495358774232431,33.370043264205655,0.3986749278568732,-35.901576711439404,-0.6017216825064022,-71.03401698282912
67,1.34,0.5001407061730558,-15.792666986429657,-0.25775074221046246,32.45140807360338,0.06091792571874352,62.76030301160482,-0.3552805356945524,21.807025335718308,-0.30271175362143743,34.06877398865553,0.5061651402678257,63.92814773755516,-0.09965842273867857,-26.881268960381068,0.5392241111061389,-37.333888227367595,-0.3186857598878531,-72.26500008270284,0.40939266514755374,33.78428630283911,0.41275586413552123,-35.87930844697406,-0.599273405619701,-71.03401698282912
68,1.36,0.4821453340711254,-15.832858628324367,-0.2597088113154278,32.4514347541304,0.05873689567256879,62.88112259379409,-0.3228004305957053,21.807025335718308,-0.2990494259065897,34.06061084119226,0.49424030907392175,63.83943200281502,-0.10356019027523256,-26.686793847782724,0.540061389319234,-37.36275025786537,-0.35137113942789355,-71.98657937294693,0.3966181795307986,34.62621713824911,0.4284568801343801,-35.981959016782184,-0.6005241977982035,-71.25960506413972
69,1.38,0.4748581022798599,-15.784871997784597,-0.2611036784673913,32.47267394637974,0.05708940296703574,62.94923448808157,-0.318445018461595,20.842169623728616,-0.297899748835773,34.05035582041201,0.4872074434945518,63.83943200281502,-0.09941271860519627,-26.48498697858435,0.5410439314844472,-37.37090160338612,-0.3593709180050126,-71.68807118108234,0.39805189285150855,34.846336365074,0.4350712276295301,-36.09775162194132,-0.6025080717489932,-71.2806025023403
70,1.4,0.47368312929107,-15.733016557661495,-0.26056357306126715,32.48050528519212,0.058287598056301765,62.94923448808157,-0.33196390300414985,20.74389136031228,-0.29897328714255755,34.02040569206468,0.48708361443976145,63.93862753872337,-0.09477528177062189,-26.479308060391443,0.5413956111172149,-37.385098528575035,-0.35003889167096314,-71.68807118108234,0.40474144850950067,34.88023020750475,0.43223048332286007,-36.162139174380314,-0.6052213740113614,-71.28060250232248
71,1.42,0.2803995908303804,-16.00735793131026,-0.315403581355695,32.80930577545387,0.11121713510991846,62.94923448808157,-0.3902180998047736,19.88428258975718,-0.03688965359607985,34.02040569206468,0.1242105902734082,64.11507842905651,0.31093036770930604,-27.01297159473659,0.6522449094454202,-37.385098528575035,-0.3495911486299321,-70.83898599660448,-0.05521686090822986,34.88023020750475,-0.4798276750255148,-41.14516044002638,-0.5581905109586713,-72.20423351055784
72,1.44,0.18782241892194007,-15.314283166552265,-0.37287592928814245,33.31252801241684,-0.02166375415401811,64.86003694405613,-0.23088439701422497,19.172267675745566,0.12522337655641846,30.84863657064018,-0.05293194092089577,65.5677162144136,0.1910552532376008,-27.623687040451806,0.6605943865097633,-37.385098528575035,-0.3181131547971443,-70.63058444757132,-0.03404826262425811,34.88023020750475,-0.09963727570020198,-42.64344507453186,-0.06897377363558566,-72.20423351055784
73,1.46,0.09311083033951092,-15.027247135617506,-0.37216839171736377,33.91309447705178,-0.03542170414843129,65.48149077403701,-0.06987488256515512,17.26008066450116,0.19677280682546947,29.463815084159176,-0.09444480775124507,67.49022358955715,0.020374831723056208,-26.44537421620086,0.6104786447048729,-37.385098528575035,-0.2345881992445874,-70.88645247054392,-0.02479725965388882,29.64138244086427,-0.12202931700997333,-49.8805949790524,-0.06162225442240438,-84.11329663034867
74,1.48,0.032052572405322485,-13.96033274835906,-0.3717766652750452,33.91309447705178,0.027475836462801384,65.95193292147864,-0.005344890195927293,15.752784451138066,0.20468684021384853,28.861322535521897,-0.09810098779815109,68.28053940448589,-0.09325714880246255,-25.022661273270582,0.5379211771992265,-37.95443293341824,-0.13600942741802663,-71.21690411370184,0.000813648824901439,29.64138244086427,-0.1207301357404923,-50.906460228623246,-0.06225270187145149,-86.42457410933498
75,1.5,0.019772885670407858,-13.044184902751889,-0.3769805093301789,34.222038480263144,0.11518227249603555,65.82207483257366,0.006327914668433007,15.19611408286199,0.20223918857992604,28.166595925942644,-0.09937427405075595,68.61002317391574,-0.12710217490603526,-25.022661273270582,0.47307329367780293,-37.41124144645595,-0.06511890736627957,-72.70543043656536,0.0035663784358124437,29.64138244086427,-0.11128833211289266,-51.23164833072504,-0.06415928020915393,-86.42457410933498
76,1.52,-0.007552179517274535,-13.047424303994331,-0.4162906083749381,34.62602318008089,0.3168695962675432,65.23948082932522,0.016941448991790342,15.19611408286199,0.18052880267525226,27.853132028979886,-0.11311081386224911,68.27279588179788,0.15357783664863262,-24.067869150498694,0.4387494284821568,-37.41124144645595,0.03870146992588844,-72.85205671516148,-0.08355265638017961,25.41669040286841,-0.12440049810087894,-51.23164833072504,-0.03112808060563793,-87.09152026957796
77,1.54,0.015728824278875377,-13.047424303994331,-0.44673877487872277,34.62602318008089,0.24067831830999836,64.99185603693294,-0.032829091187268934,12.922916281328643,0.16789332370089727,27.90198383655817,-0.05484190659498747,67.51176164959402,0.007084935027074857,-23.832314629490558,0.46069403595653485,-36.25834333092677,0.058187787069365116,-73.40429489290555,-0.008667347782835011,22.47643732711213,-0.10659961637451384,-50.370357328287064,-0.027206732442471154,-84.3402851134738
78,1.56,0.05507666182254123,-14.676149897946924,-0.4315319528025094,35.20303885821359,0.17486268103122657,65.3257218309576,-0.024552726377523294,12.922916281328643,0.21727332475622546,27.859302774973663,-0.11235887184959409,66.77913627956332,-0.07213183294749681,-22.59541209238784,0.468351030097474,-36.259500327536585,0.013351387379580859,-73.42353227208488,-0.030291393238563377,19.70300437524877,-0.10505472573708816,-50.36202999698471,-0.024585178055810036,-83.74201183143713
79,1.58,0.094381510520146,-15.230325812170488,-0.40907703184145044,35.297751006818075,0.13511180074052437,65.75809395666798,-0.035315772372830054,12.682365805559527,0.2167570900493907,27.51194166996739,-0.11242471525637522,66.79704543088558,-0.08478628395178754,-21.52988237279063,0.48146279789298324,-36.267278744966596,-0.04186896603046547,-73.27412726539906,-0.04353995045246602,19.66936840852036,-0.1042790354080739,-50.35671181239519,-0.024666077106958118,-83.56623345354264
80,1.6,0.10902288878764052,-15.56576403357143,-0.394483034757391,35.141393936864326,0.11339819057797215,66.34039012387117,-0.049988004701257735,12.70183018460594,0.21215464149298802,27.51194166996739,-0.11224126214372439,66.79743520030104,-0.06048818718512987,-21.47442393171346,0.4943349129067004,-36.37740413269052,-0.07980650030316014,-72.82941819448432,-0.052852275224744526,19.24493838110848,-0.10433463890250347,-50.3593609466676,-0.024304532591707284,-83.48107446503253
81,1.62,0.10303443212195848,-16.538205908246955,-0.32879510177102916,35.141393936864326,0.3442763107993204,66.34039012387117,-0.06882911111346043,12.376419762816777,0.08082744214009219,27.73685472909501,-0.11391044717649548,65.7285360162392,0.12652429892436695,-21.559597613008886,0.2553079324063179,-35.161546031906305,-0.13620628536395726,-72.52007340993428,-0.3751915040411161,16.954614007082455,0.8773556790834829,-45.9607514960605,0.8039176544573816,-82.87845054297684
82,1.64,0.025398269562749057,-16.538205908246955,-0.16402833952238655,34.2363889497118,0.34519671433580656,66.4409976080001,-0.11157328397023385,11.320003591789733,-0.1932335498954912,28.306235918421145,-0.3349230770478703,65.1545165755911,-0.00746440476065556,-20.985503772744817,0.19451616326204602,-34.46143189887038,-0.18841526134559386,-70.30512217174575,-0.25778775452802666,14.771342406597405,0.38091917320030455,-45.9607514960605,0.32616499772228824,-74.00773483610054
83,1.66,-0.035107177821706775,-17.074180223146428,-0.054708214862004445,32.49250750300483,0.34723512458538264,66.07581247778428,-0.11490577993969653,11.408398507663577,-0.10346661393605547,30.11898431360486,-0.2837093935460313,66.33932169967593,-0.05208851896597137,-20.51763286124993,0.13335862081675384,-34.0487882127644,-0.2578176436703743,-70.07595032497674,-0.2765439107203964,14.088266150457722,0.26103760451329344,-45.9607514960605,0.10107463966440633,-68.66206541095613
84,1.68,-0.03206354331358522,-16.845816895859134,-0.08492840114232345,31.88247292101699,0.3233830508980844,66.10682362495638,-0.10285392508386293,11.47239310439117,-0.1076888508285127,30.11898431360486,-0.30605677704942696,66.45111796907577,-0.02680828837891562,-19.379473525374067,0.1437269876645419,-32.73426234445182,-0.2651693551592189,-68.82140115530636,-0.2894296717259058,13.587915614261206,0.3064313667679977,-33.62574825914183,0.14119381987148574,-66.32804308328102
85,1.7,-0.024344447146522424,-16.771481605421148,-0.09975129389198562,31.820072462688774,0.3282654412592831,66.21846551097072,-0.10699952744605262,11.39563227631654,-0.11949155471238368,30.11898431360486,-0.3115396249614467,66.62382467278262,-0.012220492965809494,-19.285681401821833,0.1511952633478337,-32.73426234445182,-0.23629455809633312,-68.80601439586964,-0.2798267044068069,13.55103202932545,0.3208991833968512,-33.15525511143995,0.166698828481111,-66.32804308328102
86,1.72,-0.14259925160657339,-17.298220087451543,-0.12502190593159856,31.820072462688774,0.3924484504170558,66.82650492416795,-0.03827952760486948,11.260325023667264,-0.14699205743249238,30.896899524251427,-0.2582028767706397,66.63793290104816,0.10952164081389304,-18.990200778976646,0.1316224859615927,-32.14618473966571,-0.1368251888005326,-68.62345551901983,-0.27960591454072115,13.407537588023416,0.28203438309802586,-32.747164910719476,0.1655151123844071,-65.22107690378033
87,1.74,-0.10033644026552893,-17.70449926113443,-0.14189698950040117,31.820072462688774,0.3430924609614545,67.04824224233275,-0.0029104639531237486,10.64640707716373,-0.14600550507129997,30.999139134106173,-0.20648917155171073,66.45815798924552,0.03802582201642349,-18.171602383299682,0.14171023285389278,-32.098245865646106,-0.14317959882410894,-68.44155535843153,-0.2772193432403022,13.405305031062404,0.29288058807417894,-32.65828704655318,0.1566534436239179,-65.19602635018828
88,1.76,-0.07980208750292081,-18.290392869515394,-0.14839232181770312,32.50057076031048,0.32240689462495165,67.49555206638541,0.011156855209513868,10.473442544828627,-0.14710559384814642,31.047359236480904,-0.1788982849663211,65.81233102027379,0.00015249337438730248,-17.960677488328102,0.15037217004646364,-32.16765377271358,-0.14670417575906874,-68.44155535843153,-0.2706761069664,13.405305031062404,0.2969123602675802,-32.66886810645069,0.14809395919372736,-65.05357938860692
89,1.78,-0.07872436331612791,-18.432823766476396,-0.15023961838927014,32.560072528630876,0.3220080731778398,67.86358547010266,0.010293732715489314,10.143922736592293,-0.14755457033452235,31.06117266715078,-0.17626674134131587,65.41951790801963,-0.0026657386555351374,-17.960677488328102,0.15204626570579016,-32.23313403502878,-0.14426296714481676,-68.12238000815438,-0.2674013701520894,13.303344469875512,0.2986466519696632,-32.68665247912683,0.1478786599312317,-64.97684054526447
90,1.8,-0.08711620781988275,-18.54108797734402,-0.14770798739760158,32.60575006115726,0.3307275816109847,67.93387816163325,0.004684581177895351,10.104242241844133,-0.1471170251227456,31.078203134106023,-0.1882197057228599,65.30991651865159,0.013683798656065286,-17.123609157927447,0.14972909430286538,-32.23313403502878,-0.14219000121035105,-68.11854525111656,-0.2653351316016943,13.303344469875512,0.2974645394879593,-32.68665247912683,0.14795361477510482,-64.96280268850553
91,1.82,-0.19720999141060103,-18.50496276116785,-0.37464410490820976,33.29503699972324,0.29825552605065897,68.7239645223939,0.037502176748425264,12.961754335072397,0.7917923263859397,35.97468676940694,0.5799383940339058,71.00929873382462,0.06212819874589631,-16.80119889025153,0.3336009082075856,-32.42529375920546,0.15496201884472388,-68.74878974031029,-0.14716834815996638,13.88707577743835,0.02015285568228367,-31.57813457310277,-0.011545338297976326,-64.95892805669564
92,1.84,0.07534229650253484,-20.31185346176344,-0.4478952601981503,35.04012506451715,0.20230426842747717,69.83506949502669,-0.07677005243282134,15.567548352345725,0.27431247392086033,41.06885452685155,0.05722077641996759,74.90483878705207,0.1180549409857002,-15.865055780356519,0.47945534620704233,-33.64006761295571,0.07470633005482727,-69.0312434278075,-0.12400601524213928,13.909556950821862,-0.04494959359732225,-30.2094642544089,0.03909651963738628,-65.437017548475
93,1.86,0.18907586880140384,-20.31185346176344,-0.4293392696771228,35.70411605936376,0.11490340031967025,69.83506949502669,-0.10030234576344538,18.00680180586491,0.2351910637643571,44.16568612356756,-0.004068354011335318,81.16047686316465,0.14511987821513686,-16.072091030947227,0.5218316641138476,-35.14719512570765,-0.056753435902167665,-68.82079401939883,-0.17318887718196949,13.982706378979685,-0.015658465440899307,-29.79916127291264,0.04666438988022692,-65.80871572400807
94,1.88,0.2094745813004833,-23.7413262527325,-0.39940321295895687,35.7343515003171,0.06925120029718754,71.66894380253113,-0.09242633763282926,18.00680180586491,0.2466955933944417,47.73550279688465,-0.0043923606279508,82.35580948020434,0.15096279483654232,-16.072091030947227,0.5266918394040319,-35.69439301613243,-0.12332593725967883,-67.34670984401815,-0.20896884769091081,14.322255340433216,-0.0039053342967604043,-29.74275987256096,0.033855033632488124,-65.93578692172983
95,1.901,0.15802629682511093,-24.082877693347356,-0.3758613498862884,35.65953816770497,0.06117464434088138,72.25065441156862,-0.07523740936706926,19.463716005679686,0.248287951155108,47.73550279688465,-0.004589635311251727,83.14379848556474,0.1515286716169539,-16.072091030947227,0.5177720064971333,-36.01221471819564,-0.1269138680052357,-66.68352298326495,-0.20547679984066525,14.4577528563472,-0.005768193218440555,-29.74246985898611,0.03490482054751606,-65.93578692175672
96,1.92,-0.18009982222821863,-23.637031940716554,-0.36257646731646587,35.63631180274734,0.11051350287244771,72.25065441156862,0.02572305874513675,19.93395800266462,0.24149657636770372,49.38110827762336,0.02488472163175967,85.9036735627742,0.20160189886064067,-16.0955706764126,0.5009506098465188,-35.87465688441448,0.05071446647009112,-66.38289225938686,-0.1339921324667835,14.78478534181671,-0.09014004172195968,-29.705331907602684,0.06557164626093911,-66.76003983823132
97,1.94,-0.06298648804106197,-23.4162730452018,-0.32540762926137606,35.483982789594236,0.095953599828064,72.25065441156862,-0.04547961494997965,26.29513516145304,0.2417294393597189,50.01459866064206,0.026742378425281918,87.75650109813091,0.18095780686953328,-15.097363631298872,0.4859481090062826,-35.87465688441448,-0.051232365840841454,-66.28438657572893,-0.09713585767379135,15.716820644896764,-0.07216807869039274,-29.587583944080077,0.06074829208639118,-67.60900563330742
98,1.96,0.02155331601663521,-24.090839779992773,-0.31835768145758286,35.07968959768025,0.051869543185524,73.40698035407173,-0.029813166718079077,26.29513516145304,0.2488936649939854,50.14301204154078,0.026764165964133696,87.96290939010227,0.13212319049327892,-14.430472711305287,0.5048313079797551,-35.526923514832106,-0.11106651412987698,-65.18484880682564,-0.09718337091980411,15.717110502982722,-0.06884938300334609,-29.397109190360354,0.05670202900696006,-68.16423340960816
99,1.98,0.04395329303441674,-24.750226368379312,-0.32256720914355286,34.93602340904325,0.018224863545814263,73.40698035407173,-0.015202073876223396,28.425186752922603,0.2522566139717738,50.15924726690203,0.025730985984699764,88.53095598259819,0.09393537019570886,-13.915642615327984,0.52902452856483,-35.542842832841465,-0.12461757055331887,-65.18484880682564,-0.08933417405031865,15.717110502982722,-0.0688953136976139,-29.3971091903658,0.055859971415601256,-68.25123647705446
100,2.0,0.037827245883527226,-25.046876216363344,-0.3278263015207563,34.9278231520683,0.011296695581417715,74.28382518101486,-0.004334349360993781,28.510279615057467,0.23680538020805536,50.18427427329164,0.026066494219720182,88.53095598259819,0.0774739864694216,-13.642608770047616,0.5174512899826158,-35.71615727748198,-0.12661616845980422,-64.44052217006741,-0.11785620517811174,15.625812447286853,0.003635633263777284,-29.573917722602296,0.11612718467855684,-68.4450425237904
101,2.02,-0.2535769642830356,-24.557828405845093,-0.2833969815502237,34.723803943715616,0.10460679587149144,74.69305876805045,0.08641133412709545,28.691822296958456,-0.6627518252863613,46.11827415425344,-0.048864083526247215,87.78542698369188,0.11057233586729967,-12.368193664802883,0.4161255802539271,-35.047315580759985,0.011451425054102904,-64.09831147313508,-0.053273326676338106,16.267539653661352,-0.011592091770170544,-30.229791905682795,0.002567563149664165,-68.84274125731032
102,2.04,-0.11507675826968436,-25.53831462513325,-0.18445210048348631,34.557640331169274,0.13840145291997485,74.53341915731376,0.32928484104217365,36.094519205991276,-0.42858080670385745,46.11827415425344,-0.07340754713832348,80.7537014198356,0.151166793918364,-12.368193664802883,0.37705342413269194,-34.40483112760991,-0.13608191099233485,-63.56111898885723,-0.0698428167865522,17.321589203335368,0.1325391427624598,-30.290787016912592,-0.015688536849400775,-69.54517110300058
103,2.06,-0.2287061880265675,-25.38095047047423,-0.07425189676575483,33.281868414787226,0.17024550464953117,74.13518275736793,0.24057773473784988,36.42638729737551,-0.15474044050742602,38.61388558555917,0.1426838430822319,78.30782107508153,0.09729592128540224,-11.867863375923974,0.2343971947349313,-33.26859460911594,-0.2128323938892247,-62.33466029167001,-0.1284073034635173,17.748144071156453,0.21493157173882843,-30.894487893678093,0.12163097986152918,-70.65428010332576
104,2.08,-0.22554144120017885,-25.27356419675085,-0.07120588377867801,32.53872510086138,0.16372099117707234,73.94641984470465,0.22066051042816462,36.6202732087205,-0.17702290289213485,34.47948526820533,0.1208211441604759,78.30782107508153,0.1131310124942354,-11.506670559505475,0.2619824248092285,-32.662089331813085,-0.18816729104266658,-61.43358605744045,-0.11654719112128932,18.10508638230801,0.2077061458929153,-32.587473208709014,0.100102538063852,-70.65428010332576
105,2.1,-0.22168395205474983,-25.094602056381852,-0.06940486666830883,32.53872510086138,0.14581517221877538,73.94641984470465,0.19094386229925017,36.8199994517525,-0.1939799352411484,33.75676227797713,0.09977087212196407,77.12185542319737,0.13530703031093017,-11.506670559505475,0.2802110154759214,-32.484115664669154,-0.15943506146695777,-61.42827988005763,-0.0933685086314221,18.18018131846948,0.20314691510323823,-32.72052995634452,0.0775121043835939,-70.66819566871261
106,2.12,-0.22021982395366707,-26.514238892835806,-0.06210734257272402,32.09938926554914,0.08773013026981477,74.96184080884196,0.20884925724659056,37.015548396560035,-0.19027886257676338,33.5821763880175,0.1154494344953525,76.94922105278413,0.07638118515347381,-11.613563365573206,0.32201073406786895,-32.50697064286674,-0.1550069587483068,-61.529930154503376,0.03645383163850606,18.385021823778235,0.22730214961308706,-32.72052995634452,-0.023209250605172982,-70.9322683117631
107,2.14,-0.21599189267153307,-27.382342360942914,-0.0604684289641329,32.09938926554914,0.08098554478103451,75.3582676910117,0.20359146684511242,37.061688138196565,-0.18831943610046484,33.51927741784889,0.12509014542343183,76.8183898062397,0.060080744795465726,-11.420294188130756,0.32050518120449917,-32.89795974261716,-0.15515013459744448,-61.610775435407575,0.01915864539744025,18.87294851424503,0.2254994290183457,-33.179536375347176,-0.026481831714678772,-70.96874049109697
108,2.16,-0.23526331441780776,-27.698070535576136,-0.06198764182573671,32.09938926554914,0.09136269425951932,75.3582676910117,0.20829819413767106,37.094266747215734,-0.18856195528096556,33.49442688425269,0.12367490581448867,76.73169858381281,0.06443468970876057,-11.114552628612016,0.31869759478069787,-32.90531354390927,-0.15712917335052148,-61.61787996799154,0.024894158370031644,19.095608832704418,0.2269159948756741,-33.255302632252956,-0.021860138446805844,-70.98610349995026
109,2.18,-0.2365689240934833,-27.745089198303674,-0.06199751211528251,32.03750049556567,0.09464528450856904,75.65573942040747,0.21158717541808872,37.06348161055959,-0.18765209256657175,33.4819146231468,0.12331518402042174,76.72206469877088,0.06688692472255292,-11.006682760157954,0.31939450385483015,-32.9445798861248,-0.15760520668197997,-61.617677396167,0.02782275496213876,19.095608832704418,0.22975128659567015,-33.33789565049284,-0.01777591035270365,-71.04513239644037
110,2.2,-0.2371319877095831,-27.77120505854194,-0.06200644237544819,32.03750049557009,0.09461950749792594,75.6557269652999,0.21122841066819484,37.05148840427308,-0.18783149958526207,33.479208832264916,0.12295414963461443,76.70607310474136,0.06737632127548179,-11.006682760157954,0.3192435563991257,-32.95806869075423,-0.15765747278237047,-61.613365622108695,0.028217246649007377,19.131561677606758,0.22934346110136247,-33.35307818227354,-0.018464304934440595,-71.05179283818394
111,2.22,-0.04118912131343738,-29.007103670738726,0.21817210681950644,31.504392707925764,0.036195767291575476,76.55119494791279,0.15179012475924297,35.70483484940056,-0.2456710626408143,33.479208832264916,-0.10566451988305342,77.23215710962697,0.018356316966681108,-13.381561713504114,-0.6374936852929771,-35.24690261903531,-0.9414,-66.9953102867918,0.1585192043323637,19.231495150507925,0.3938514573569312,-33.60470103981348,-0.03915904773148357,-71.3703300197919
112,2.24,-0.013774864938293996,-31.863774404713467,0.20845605484397395,29.60241211343688,0.04840581234524674,76.62800899327364,0.05907076260682863,35.48512208501419,-0.31256824740306255,33.479208832264916,-0.06903654347772117,78.23329344376884,0.11858580580030384,-17.37741782855716,-0.12645251621580478,-35.24690261903531,-0.42772451427412816,-70.59119341621184,-0.10890513897023624,20.989737651598738,0.47046623871819865,-34.930964196112136,-0.06100755647988118,-72.1268155052032
113,2.26,0.015992228470355738,-31.863774404713467,0.18940792807142,29.60241211343688,0.053839741930148205,76.88669818516746,-0.0019075366168796112,35.87124053000781,-0.3424605716759381,34.59966306319522,-0.013066674479513221,78.28235373025583,0.14257995134979046,-17.37741782855716,-0.1034096680445728,-35.24690261903531,-0.030931477698881937,-78.30578146086621,-0.21669276626724182,22.776588498041665,0.47826885224090465,-35.97936120085775,-0.07016558372333312,-72.07719591913498
114,2.28,0.01255425064090036,-33.31992508038122,0.20013598646308806,29.60241211343688,0.05298806262946659,76.9154140140871,-0.012962813748233139,36.11787399677536,-0.35730377851542783,35.14184298653174,0.0040463611590157295,77.89043766780743,0.12503523533150665,-19.65625365972568,-0.12224884566635824,-49.06791340700102,-0.030192850358534085,-81.46817006794518,-0.21646199415852455,23.952459937217938,0.4806790576942927,-36.22882005764585,-0.051740000469149894,-72.09931018471862
115,2.3,-0.0006016495834850026,-33.31992508038122,0.20817541623220864,29.60241211343688,0.051024004553664015,76.929874759242,-0.002698230906913214,36.35222796269986,-0.3552707843757647,35.20220256706482,0.0033783106590555417,77.754738039301,0.10289844680991903,-19.89747534246428,-0.12157763500008953,-49.8405535588581,-0.03115845654745722,-82.38571837095776,-0.1524747131744907,24.08764868883038,0.47096738478875594,-36.310656318834496,-0.027281725781668847,-72.27591013951859
116,2.32,0.004512160446764182,-33.70603698524513,0.21418715469652783,28.846946978988615,0.04775934775995347,77.39267072555509,-0.08264160831783482,35.42364151835852,-0.3136017069213246,35.2364095646002,-0.08590588475785024,77.95256839418562,-0.06419741007761465,-19.89747534246428,0.01719046792006368,-50.80666148611989,-0.11452544136204934,-83.68864831782462,0.17316415010578695,23.40901301810578,0.4457877591906667,-36.310656318834496,-0.0645604123506053,-73.07925220930865
117,2.34,-0.0010482411440412495,-35.9310450567993,0.18510214530979463,29.037876545707025,0.05281007190322315,77.46488363397245,-0.05383800983450207,34.86564854546643,-0.2720592991607902,35.2364095646002,-0.0005965304512319802,77.76182020122333,-0.054387444021924025,-26.061338190537814,0.003316496472819057,-50.80666148611989,-0.07901456337253585,-87.01442900720744,0.1201929071530809,23.12377370111335,0.36710701134863244,-36.237624060422284,-0.07492097996306624,-73.20890503952216
118,2.36,-0.01640021760917335,-36.188736898728344,0.18316167475946116,29.149912114025145,0.05312456703195248,77.52013459218773,-0.02142708255853728,34.12650004059391,-0.26690976406861144,34.585234445646485,0.03384656544024921,77.34916331244114,-0.06286270326628204,-26.90989689420305,-0.013615499970060216,-52.464958483803784,-0.06923071192819544,-87.86839600887807,0.10448561849240964,23.23931543554705,0.34451646593821184,-35.3544961169068,-0.051238495433844566,-73.35603355807729
119,2.38,-0.025165942040659244,-36.2204553230761,0.18888089345292292,29.208162126381303,0.051926409497025455,77.53310356373677,0.001533720185859764,33.67702765202523,-0.28191486410556543,34.490670151341014,0.03903429427493421,77.00680747714117,-0.05627584118125542,-27.521336188083197,-0.027007394814590448,-52.464958483803784,-0.0663561238227025,-87.86839600887807,0.0971283137457051,23.23931543554705,0.3555957586631938,-35.185874427311894,-0.01900592590029837,-73.56638141802482
120,2.4,-0.03138292170551241,-36.21035795457436,0.1932707244873698,29.194470134719246,0.05176608744611838,77.54238377388214,0.005533786926632856,33.5265866179622,-0.30402507881632385,34.527135650442446,0.031893842941225894,76.73847444667231,-0.04434228077400984,-27.814961378722998,-0.04741052542152717,-52.594360716630334,-0.0678308384657883,-88.3644963733148,0.07919989054499696,23.634225173354075,0.3681954421636461,-35.168716998120445,-0.007375841594054078,-73.84527743464142
121,2.42,0.0036423884063862544,-38.02564162325077,0.1802166085814242,29.549395011725228,0.04982526859192951,77.77412665627651,-0.10205462606022808,32.65154995105032,-0.17061250526448496,34.05022421048378,-0.0677655736408378,76.773369497284,-0.1609925419170093,-30.36459829296579,0.8966849925814664,-48.093089284660394,0.05475762881665858,-88.3644963733148,0.3438104948393454,23.313835789649477,0.2207240766300475,-35.168716998120445,0.03604459306752003,-74.36647422657347
122,2.44,-0.02695205412057785,-38.7333058584774,0.16634078716511275,29.447908002477305,0.05638756401108111,77.8880822838461,-0.1390514166519043,32.20942193002237,-0.15856887652387236,33.50917577833362,-0.02334855914575794,76.80606234768726,-0.1347103516642989,-35.712398479220916,0.3741226905288918,-47.19411850372101,-0.17546881891487975,-82.04829017492949,0.17394853552823497,24.35034784090634,0.1733127287513754,-35.168716998120445,0.04817169674502722,-75.08725087842463
123,2.46,-0.01051664536942458,-39.04917650066114,-0.08568922315258183,29.991080881353547,-0.21263377703625952,77.9248699816436,-0.09737342494612666,32.0791328092967,-0.07041711408731141,33.50917577833362,0.018179998508604037,76.62626769981824,-0.1694593743489689,-36.75730291625573,0.19207659888656958,-36.5027096979909,-0.2741691081127017,-78.86271241789603,0.14444670060790596,25.00301616217275,0.2714162986246424,-33.458474296415396,0.04379710073453974,-75.69659563282426
124,2.48,0.07204393819004978,-39.65158328817371,0.029212166940759385,29.991080881353547,-0.1588274868755288,79.81052827674768,-0.021942500165600412,31.536905152939323,-0.04946801697002115,32.383612675161785,0.044278987460647984,76.38193422000712,-0.16494115726498956,-37.22153508489121,0.22374210420281343,-35.04767376078252,-0.2309510246741536,-77.02304649432389,0.03761776306120497,25.00301616217275,0.199929699720719,-33.458474296415396,-0.0026735204974898674,-75.64918205681327
125,2.5,0.06504649054661565,-40.12938463045006,0.025839873639898536,30.971058697533024,-0.13107739477290625,79.83708954503012,-0.03958955615750771,30.967383102508702,-0.07535483379464122,32.13269093209714,0.06142160028606221,75.87643086601824,-0.1772268071024269,-37.36407196205027,0.2383839871870761,-34.345485407646116,-0.18311577545612726,-76.23945059364948,0.04253976263884553,25.00301616217275,0.1853724595135731,-33.53707952569349,0.013443114947997103,-75.64918205681327
126,2.52,0.13603831865490315,-40.43631558782221,0.0467228107676652,30.87409030874747,-0.08756009222553013,79.95701152191228,-0.21540029531014585,30.384090640710415,-0.0851194701165357,32.046398658681326,0.016877002671492378,75.46824625732664,-0.24668556566675007,-37.10400368815766,0.2570236057289148,-34.160915799440644,-0.156157667714021,-76.35559679343788,0.2018348645631086,27.37923995266494,0.17089574122343767,-33.40038637706808,0.007748682192607298,-75.85092277132938
127,2.54,0.14892863679966795,-40.91675961766078,0.03794792616791624,30.881565052557967,-0.07347302345376644,79.75729018924582,-0.2071698175227995,30.196268689447923,-0.0843214408954805,32.046398658681326,0.02993789951169959,75.18803359612554,-0.24570686505535924,-36.902035875779006,0.25290171301061826,-34.13108758809892,-0.14013312261589567,-76.44724294212097,0.2229263821824029,27.814760731169265,0.17226929096119986,-33.227214383069416,0.024087877722851814,-76.27887332466057
128,2.56,0.14260816601862006,-41.13383848065366,0.034992769399501564,30.934771996220242,-0.07078362668758006,79.75729018924582,-0.21424847114866508,30.047170990391923,-0.08643005799205325,32.17328632613227,0.03216880626530341,75.05624152150658,-0.2416556319723648,-36.79801456543082,0.25354048244169425,-34.11633528164541,-0.13357801883405324,-76.66819868717691,0.22495714297134684,27.844148125822493,0.17019957218577844,-33.10922595390096,0.025829386612558458,-76.45202227236355
129,2.58,0.13916206281944835,-41.146838825766245,0.037443829657275086,30.952434660649228,-0.07109311891471501,79.41358232800094,-0.216578371248651,29.995806263567488,-0.08750849562365368,32.20248965367523,0.027086106194832177,74.96899266223895,-0.23679835870556248,-36.79801456543082,0.25362109965230595,-34.117769174785984,-0.13632301963690957,-76.66819868717691,0.2235853259926711,27.844148125822148,0.16619383673871987,-33.077836686903865,0.021281693926915812,-76.49615992610389
130,2.6,0.13823318547664923,-41.14455692294339,0.03787997584416966,30.95223672644668,-0.07320283488069101,79.39990106131238,-0.2164114860597836,29.99514638046068,-0.08655141491631932,32.20248965367523,0.022982362955388205,74.96989272442768,-0.2318897312908076,-36.82206351179995,0.251733901851395,-34.117769174785984,-0.13366632666621497,-76.84060645483765,0.21974581389784045,27.861511500637388,0.1657147198713034,-33.069420784814696,0.020150045582457365,-76.5369234459623
131,2.62,0.141110593936848,-39.76654974272728,0.9293420506000947,35.861344407719386,0.13129610733757324,83.57626893138317,-0.378629593203636,29.771032588794164,-0.27147133400422946,32.885360622106376,-0.05535547556230462,74.62005564352064,-0.1373108866857144,-36.14987268100329,0.13459944939479282,-33.348974307491986,-0.0861937415998327,-76.92033620057578,0.20088790209924978,27.861511500637388,0.250805925056109,-33.04472619768175,0.02188147748864032,-77.04741828517405
132,2.64,-0.07020381229310599,-32.364066252515634,0.406827760723229,42.15413987314063,0.12443010399233576,86.61956820749792,-0.22872566062063637,29.00356889760513,-0.2983508343638988,33.89215482876246,-0.11738004005448116,74.72345995493684,-0.13447118986946088,-35.29751090381248,0.06533492433502058,-32.82856038757335,-0.10244728320367014,-76.92033620057578,0.129377277843659,27.861511500637388,0.32226382627272837,-34.054033865723014,0.10735765670347933,-77.04741828517405
133,2.66,-0.061501897638458786,-29.148493892813086,0.19549682633366927,43.35276758062203,0.12142163327281133,87.29161602600095,0.006221636280139942,28.246230686791584,-0.24557997217288507,34.140715099452635,-0.09332966123881463,75.19794341844866,-0.05316943280541511,-35.14986347672118,-0.03890705600645432,-31.847278843621307,-0.02068546141307928,-76.92033620057578,0.0032725725015213813,31.29043432457643,0.3326557905082603,-34.59806711536678,0.14137971492887907,-78.25648573871376
134,2.68,-0.06603314432159352,-29.148493892813086,0.20399464936799394,49.548874048154055,0.1195761524359702,87.69741056180965,0.13744023852426993,24.92507914171072,-0.22327818478750394,33.945312250527614,-0.0718949294471955,75.13172201706941,0.015194219292612526,-35.71500285105242,-0.10080153902040376,-31.049409538341997,0.00480778147685218,-77.53166722713983,-0.12313052967302808,32.71379429822435,0.3349815653431455,-34.835168483945814,0.12789288464218634,-78.41239865541249
135,2.7,-0.059819459428866344,-28.256777190820735,0.2064098099415025,49.90281631105698,0.12061620093777639,87.69741056180965,0.1483024547716737,23.787775615402936,-0.2288770084785561,33.84723835250624,-0.06096811035508455,75.0439659850441,0.03769649490447512,-36.45392728375044,-0.10697348447480541,-30.318512939805014,0.004058898952214951,-77.83533424130768,-0.18659873698080995,34.59515594436157,0.34963055996582426,-34.95607283410867,0.11572905934773273,-78.49821932368474
136,2.72,0.004042078974294483,-28.256777190820735,0.2305806061859675,49.803807226499416,0.0842307207643527,85.17945774638474,-0.14891164243992938,23.820909666997544,-0.2381911991469047,33.610716521162445,-0.11621583564925078,75.0439659850441,0.011912940207420536,-35.74641731669119,-0.08426307877410985,-30.30541386840256,0.007254510947472592,-77.53991465975172,-0.1299398522772805,36.300438006024905,0.382643516157878,-35.22727358061776,0.013595245391608723,-78.49821932368474
137,2.74,-0.037196840408446286,-20.950802069294436,0.21814100232658967,49.28922292717861,0.07993918989019971,84.816871039529,0.005439525722319913,23.820909666997544,-0.2398264399416764,33.71621166867468,-0.13460065628674156,74.32175715844767,0.020086084958140397,-35.74641731669119,-0.10852009486032899,-30.150226235582824,0.014207416081553625,-77.47380122828356,-0.12904369761101978,36.87432685003954,0.396557913971679,-35.41166412093694,0.06995088154935393,-78.2631191985581
138,2.76,0.1488961931981923,-19.763020219754406,-0.026481470332213125,49.28922292717861,-0.11807482939890526,83.82047902635108,0.09581010367457245,23.820909666997544,-0.09632612192273807,33.34464977022226,-0.06228749088150601,74.04329462058716,0.03474638547139856,-33.85162214401271,-0.03312407339149745,-30.293682212584958,0.013397461313106651,-77.45900477734335,-0.15678798174706926,37.42785032368073,0.37840378399436486,-35.41166412093694,0.03418924913793171,-78.4621747639649
139,2.78,0.0774045525587721,-19.9491078853583,0.07439861280266899,50.75071507963799,-0.03606451978095479,83.82047902635108,0.10478266494546003,21.298464769709433,-0.07287138765942144,32.68470403313006,-0.06255846090325257,74.04329462058716,0.052662083522475645,-33.91242346045709,-0.04885745280656278,-30.545858679824924,0.013459769289846352,-77.45900477730531,-0.1528370311133307,38.03957896290901,0.3072862214624472,-35.389209856724996,-0.032223637829097276,-78.02874469065186
140,2.8,0.06006926280295988,-19.640896695933826,0.10509025314322869,50.85846386733402,-0.014291720157322496,84.53898963828323,0.07923310946385266,21.0792417900086,-0.0993965649168055,32.141416889809854,-0.09284412758770572,74.04329462058716,0.044766764288591984,-33.95255821370804,-0.05510455910395588,-30.566988050534167,0.013522077268087213,-77.45900477730531,-0.12216872492552389,38.06332966283299,0.327491321459295,-34.971455136239136,-0.018405575888344558,-77.5986610260968
141,2.82,0.19771696207778544,-19.640896695933826,-0.8812071092759406,45.57773418881676,-0.8770000291981712,81.4710286629017,-0.1648217499048236,21.143887552462235,-0.040931002835949,31.289708639908355,-0.126298225059209,72.94893352516416,0.01919282603446565,-33.12313715072115,-0.022709491609605774,-31.004299301609475,0.01090012717425451,-76.99082604829083,-0.03703025277516177,38.68056504114663,0.28273098353119364,-34.810640134242476,-0.15907354811043983,-77.15507859113042
142,2.84,0.0778495389658061,-14.229466457447113,-0.3586446862709075,39.58459564940241,-0.3545143439563647,81.4710286629017,-0.05460568619602761,20.95070847630073,-0.12448608356664545,31.57868455821025,-0.16563515008823815,72.94893352516416,0.010790238426344273,-31.760212196113308,-0.06901905090685359,-30.97075418668863,0.01737119746328719,-76.77286415509461,-0.03198214107490256,39.305300913468336,0.3465555229603189,-34.75438086406603,-0.041237989340822456,-77.15507859113042
143,2.86,0.18093541048042142,-12.321459369075066,-0.07245282454515944,34.87572370287879,-0.02911495964832367,81.4710286629017,-0.04908439256081627,20.28483545849595,-0.06871213787147992,32.04806250249824,-0.05532372631704918,72.81395035023743,0.05469681631312877,-30.9249467090419,0.1634034024415723,-31.38025092578721,0.24789746870868917,-76.77286415509461,0.024643532502912867,39.64605382901163,0.15887097156290625,-34.53153219600389,-0.05013616845166215,-77.55902978852366
144,2.88,0.21166399415113896,-12.368280431054611,-0.04540256541420229,31.761471723678635,-0.0024471024954823006,65.67543749189106,-0.09773024787411488,20.215669196238338,-0.013194995167369411,31.554815200771962,-0.0006925444956270566,72.54119442904504,0.07548023971850612,-31.109150485840296,0.09942824676703443,-32.29073891625217,0.22579495320370344,-78.6136861722678,0.051786307059840636,39.2088283338526,0.11516289896864748,-33.561619436124616,-0.06410100434418771,-77.50305934569357
145,2.9,0.19149741994158248,-12.560119518768317,-0.06874185355288154,30.733949860865895,-0.03968252493549401,64.96409285587882,-0.10033852099190582,20.487661532834284,-0.01446181470020378,31.15581971769727,-0.022347376689731982,71.56664472942487,0.07837450188138453,-31.256067207663527,0.11051950924321216,-32.31817839585939,0.2159077672757541,-78.83385073046263,0.047190191956528446,39.101246144180934,0.1377721355585106,-32.92933177194616,-0.06504316082245237,-77.50602640311519
146,2.92,0.20541425816420972,-12.571515610677993,-0.04224503525638992,30.302507885206246,-0.09426782403230236,64.43475246786024,-0.16835283048256117,19.634048011598544,0.010727538150096187,30.73740429053991,-0.08384680765557481,71.01267883309539,0.21660658138878264,-30.794105282772364,0.11468892026296074,-32.31849019958861,0.24247327269794772,-78.83385073046263,-0.07039073381494908,39.01888401840311,0.13048399657506685,-32.84538348505077,-0.0925179064234538,-77.42574904524261
147,2.94,0.198163761550338,-12.59777965997398,-0.06177147741567963,30.18384433373038,-0.10151290981955333,64.64475445382269,-0.09736345185504267,19.384431223161663,0.0144558735512587,30.5418758823833,-0.09197989053251975,70.70369524303801,0.18759357113408576,-30.439652765639504,0.11162050214704056,-32.37127544382003,0.1895510575214618,-78.18926360960728,-0.10599698303361053,39.7072426884764,0.1479457898255713,-32.84538348505077,-0.08129721036147705,-77.24042487841773
148,2.96,0.18798870152301028,-12.47180381757526,-0.07302494059449632,30.18384433373038,-0.09935919204184382,64.70273704662337,-0.04663273379154857,18.217747154368016,0.011201514468947467,30.495781418621632,-0.0946374986159758,70.6087030942131,0.16046274926551213,-30.139116559290184,0.07265247840459552,-32.3673315260633,-0.04225360359636293,-77.63774837460575,-0.12660082653672372,40.419113739754195,0.17236879869452496,-32.903082557105506,-0.0633439066854942,-77.26402082041949
149,2.98,0.185464167901832,-12.47180381757526,-0.07916503285053543,30.29930401653555,-0.09586215023961628,64.71175688671224,-0.05134931275072252,17.842704638812535,0.007841187468373853,30.495636126388227,-0.08918522995086645,70.55167860762897,0.16754005516391357,-29.62690122171727,0.11487887211445358,-32.43951085486581,0.1461026657596426,-77.63774837460575,-0.1283457912195088,40.419113739754195,0.16771828488491944,-33.00138803726761,-0.05734069978975717,-77.38030481467571
150,3.0,0.18293707096639944,-12.385103620254416,-0.07473453715461392,30.333060424316685,-0.09279291454622474,64.70792679185335,-0.0709324733823054,17.7044722563846,0.007457815216003139,30.49821929480014,-0.08982388904716307,70.52988539038678,0.17291794404323568,-29.543382986448833,0.11525058572597599,-32.44348241613205,0.15043463483475203,-77.63774837460575,-0.12032194155998793,40.419113739754195,0.16478269287730662,-33.05414946409766,-0.057090579605988595,-77.47339326707787
151,3.02,0.09346751163121941,-13.024831122093637,-0.1928760549134869,31.180720626543156,-0.027110547871350782,64.70792679185335,-0.0566849817838119,16.44690674434767,0.12164964356224744,29.39089873945768,-0.15088908126779232,69.62689877953326,0.36764816647404536,-29.543382986448833,0.28844587483093764,-33.15485436923115,0.2337438743340596,-76.84860755474482,-0.15606288466353613,40.343170196154986,-0.7474771927151531,-36.53046352626925,-0.08041253735175924,-80.77194665058047
152,3.04,0.08205367667360015,-13.260357790426939,-0.24197776952807004,31.832182236703762,-0.1779074400069759,65.78377553637678,-0.057934965396543414,15.704319701950261,0.17389416689500875,28.980901952112895,-0.07667577415298055,69.09138046278949,0.22827830525041637,-29.23490148822369,0.3434365467074759,-33.275138088063905,0.29435912912671325,-76.8907851829951,0.03817943019330705,31.95332877634527,-0.1987632403877173,-43.12291591868427,-0.06944354740055947,-85.940494773034
153,3.061,0.1256384123106476,-13.404962143396995,-0.203178035805921,32.27980520445638,-0.21001149799886826,67.51119815352045,-0.025569847093664895,15.25326196920319,0.18628382820361566,28.443460015179387,-0.09531834318901929,68.73920325723107,0.02544582964662173,-27.116926703957912,0.28557169282319284,-34.467271934893866,0.24937148852446955,-77.44027927223827,0.021655806732666677,29.93924914254859,-0.09210308845240334,-47.89767175800002,-0.0692119835784532,-85.940494773034
154,3.08,0.15168836912317357,-13.404962143396995,-0.16793240455724148,32.210225774362314,-0.21284113163236432,68.06273671553629,-0.03313635206087148,15.077075762488654,0.20684700975413148,28.206860677615218,-0.10144879804370908,68.72982072366109,-0.04093414182297375,-25.808656033051907,0.2678017450610502,-34.41970705667899,0.21648753190721684,-77.29091254433116,0.014112200761473254,28.679357765257283,-0.09651060762037472,-50.34804167037698,-0.06738466786596037,-87.93335109424571
155,3.1,0.15879698548615262,-14.02218144089652,-0.15930025407490386,32.046164391549084,-0.22129652868391123,68.22960166300992,-0.039202985622248165,15.01953751769906,0.2057738707010047,28.013306200814757,-0.10166086792006579,68.7298207236901,-0.027106207879871096,-25.138103673726636,0.27772070093234513,-34.41970705667899,0.1854798938491586,-76.71494679631903,0.0037947471798296765,28.521471009639054,-0.10460373200603662,-51.154000157517764,-0.0662164499101898,-88.14344382037618
156,3.12,0.1229131827234201,-15.18729421523821,-0.1882064719975423,32.164168857474415,-0.06887246206517186,68.22960166300992,-0.054256140146239584,13.648142117878884,0.1624644129950781,27.822397819167012,-0.16124002199769674,68.7298207236901,0.2693876396078582,-25.088757821026327,0.2889694107627057,-34.41970705667899,0.24412112900355587,-76.05808685651446,-0.07183814862317983,24.851978346221014,-0.11183145485882046,-50.75371993506347,-0.030657005293586947,-86.6104799579283
157,3.14,0.11495745488662115,-15.701742715341787,-0.2024748012998662,32.43937433852583,-0.16723818568791707,68.22960166300992,-0.04885510347363359,13.559022398594173,0.1982977909969105,27.801935911742007,-0.11629219263101101,67.32017666493418,0.11788637016763784,-24.68323952344797,0.3052402118155997,-34.41970705667899,0.24411724459969103,-75.89582877149452,-0.016066511556390772,24.851978346221014,-0.11453075488974698,-50.48434146830691,-0.02507709429782022,-84.3547890452889
158,3.16,0.12543116476100452,-15.73942228839726,-0.19336044721237944,32.54538381297016,-0.21390492312636775,69.65387756855019,-0.04069721115961553,12.963220567720686,0.2153409576673486,27.801935911742007,-0.12140358864188977,66.9933745550575,0.03278720360299525,-23.455248497559754,0.3116365361468435,-34.211806247329065,0.21785896665178617,-75.73225937746467,-0.023094173105233318,24.851978346221014,-0.108291378692011,-50.2901756379883,-0.023517424846457705,-83.9508918434727
159,3.18,0.14089491197468973,-16.0753018908186,-0.17487899691849026,32.50159073613181,-0.2265212035858084,70.18088546502285,-0.0474281829874145,12.872643775297497,0.2126357290318978,27.527927168427457,-0.12139146589718841,66.9933745550575,0.023272175975487364,-23.360846028490016,0.30992214505442334,-34.41735181242018,0.18848058340014812,-75.66059157142527,-0.03321963444032372,19.24056691220105,-0.10821969815498364,-50.267088920667625,-0.02372516548927711,-83.55181978876045
160,3.2,0.14827599286287219,-16.197575417005634,-0.16511085519941635,32.37305717541441,-0.21836116464029035,70.4522255548681,-0.04973140530533042,12.867244148141795,0.2096600572966543,27.487477482659404,-0.11994935896699027,66.9933745550575,0.05546039321051899,-22.608238398082978,0.31058193265227513,-34.436663503188996,0.17282479316962693,-75.20486638066637,-0.046461797991036134,19.151426546765933,-0.10828470071625299,-50.267088920667625,-0.023534718008385955,-83.47077553782538
161,3.22,0.12219291416869105,-17.384665234740094,-0.17489406648972572,32.37305717541441,-0.04345019945789977,70.47561997862887,-0.0433096872567235,11.805751602987593,0.18119377487521574,27.342064681502933,-0.11941010048491249,65.66067096990152,0.27836971159623153,-22.835841926076576,0.2700235443113584,-33.98231583620197,0.24098586152581714,-75.20486638066637,-0.12163433824098618,19.151426546765933,0.8514440966226857,-48.91312049233467,0.7711596188156113,-78.03648488192066
162,3.24,0.1243563244830847,-18.022824411383343,-0.19263983899935372,32.752599600864684,-0.12910607271318747,70.46868991460465,-0.06086076442924443,11.070504014256475,0.208091266896752,27.277095556121886,-0.12542365031572922,65.16341613812403,0.11494986868124332,-22.194354467023192,0.3139926284624283,-33.87784482554504,0.25938868788977365,-74.35780027411938,-0.06321908775013063,14.917272491858904,0.3288621205896797,-48.91312049233467,0.2486168055357647,-73.24197404667854
163,3.26,0.14566672724061108,-18.553251891244845,-0.013326963680575066,32.41584496713676,0.006607107742645529,70.71767315852709,-0.07120175904951319,10.95107072999413,-0.03234641927787703,28.41953660036502,-0.19608802033836584,65.19877983202691,0.015967989549135767,-20.686055782095394,0.0881795468446839,-33.117667620861916,0.1188815543209773,-73.99014696922244,-0.17947945363642037,12.893499222317212,0.1552268933305283,-35.1107720827019,0.1471446698523266,-68.69296350861724
164,3.28,0.10379699825711092,-18.553251891244845,0.0032602195730044164,32.128410697939174,-0.007203174489273684,70.25538332491362,-0.07589902332004622,10.992523376788705,0.007234478862080833,29.0902756943895,-0.21353313943552416,65.32027270836582,0.049730867975042864,-20.686055782095394,0.07060115722361932,-32.16727688486278,0.08087927245418075,-73.0003342213362,-0.2114173346229124,12.560999162865729,0.16553105124720513,-32.48679342463768,0.11733226740573374,-65.94055814621154
165,3.3,0.0833282981280171,-18.553251891244845,-0.0065074891394071785,30.973716681771997,-0.012025755331854987,70.0968595713532,-0.08201455229635882,11.000984063652995,0.0007800001225065772,29.265626957699013,-0.24795782558587812,65.44691355360553,0.08655203777549499,-20.265202622370573,0.08508971203448087,-31.77368760418754,0.08681308175987179,-72.59673051849154,-0.20794628222363903,12.606982066213604,0.18729580667582904,-32.48679342463768,0.12234297441397196,-65.16919975168715
166,3.32,-0.03895704009214551,-18.553251891244845,-0.0315866293749828,31.157984139470223,0.07249837969063655,70.59367325409663,-0.014620650514528391,10.735907159138518,-0.03534534951273136,29.488810564495584,-0.22911509133231572,65.73965770116165,0.15663859930443175,-19.748545267427467,0.07202792148778811,-31.378833167400376,0.13039051372397817,-72.06387210537946,-0.21666737442994838,12.606982066213604,0.16623340865520614,-31.509042000177395,0.15335609778820997,-65.09121142695074
167,3.34,-0.014916714840274709,-18.976875700132,-0.04328920174799984,31.231801719461856,0.044454245553954025,70.7855550695238,0.0022127717725861328,10.735907159138518,-0.03618325927361054,29.687549014248244,-0.19882225627761108,65.73829580525117,0.1430010748303675,-19.142451993273706,0.07698797121320433,-31.368044376470575,0.13893799414571353,-71.51151985435715,-0.2211152143221582,12.606982066213604,0.17319480675703508,-31.252759574922447,0.15300341402549433,-64.94517247112049
168,3.36,0.00048292459374511126,-19.238173232622916,-0.04894015487621682,31.384358119168304,0.030820152066142525,71.0469809797603,0.010329880616368376,10.255506755607959,-0.03553061194299531,29.768408021332338,-0.1761228307904235,65.39383567419164,0.11277816772932303,-18.701032834278845,0.07714562924045366,-31.36807060004402,0.135306596832785,-71.43072831688359,-0.2181981003855271,12.676797383163228,0.17421830713571332,-31.252500585238483,0.14824180005546483,-64.94517247112049
169,3.38,0.004127932031622143,-19.442358177806423,-0.04952317786556009,31.39233527056624,0.028454647596034693,71.0469809797603,0.011082663450539184,10.105656828031167,-0.035833054541385544,29.795985722815992,-0.16928281317825877,65.24193317254515,0.10339293031931678,-18.37077846081473,0.07820805832991924,-31.373067231317922,0.13637430360397257,-71.29933345680473,-0.21829126583627068,12.676973387770127,0.1743428930087117,-31.252500585238483,0.1477385372562558,-64.91724666991793
170,3.4,-5.551201939420561e-05,-19.442358177806423,-0.04799519840240162,31.457703245642694,0.03233593696814718,71.26785376498955,0.008165476460127104,10.06106094717981,-0.035672093696340064,29.804465249661792,-0.17416161572357208,65.13903728060005,0.11033278583815327,-18.274478948585983,0.07782213858946177,-31.377271661304682,0.13797534344422738,-71.2912693562343,-0.2183406874107627,12.676973387764397,0.17434379492741725,-31.25285293637459,0.14874144740317274,-64.89357862705384
171,3.42,-0.13006432760185418,-19.489572112943737,-0.22317348591536354,32.606480690243146,0.021716072739980885,72.16661196117808,0.01715005053557639,13.905078540666164,0.9048625818743496,29.804465249661792,0.5904551292821503,69.932865308159,0.14905539176966703,-18.274478948585983,0.24427758731972926,-31.531781424518837,0.36060768759022155,-71.05748662055626,-0.10529832320818658,12.76172555504781,-0.06847095475312212,-30.202903374407303,0.07857905601061736,-65.43428305377124
172,3.44,0.09294715533769014,-20.296787245882975,-0.26378059248767893,32.812184459335256,-0.058900633366217536,72.8940295397125,-0.07900844963989329,16.29093147068039,0.40847200698956354,38.574659780045785,0.0938842459046223,69.932865308159,0.17063840570534927,-16.698940705259083,0.34836017847483297,-32.73518164850035,0.28710581732412876,-71.05748662055626,-0.09368049476469698,13.468554164675442,-0.07909068304443856,-29.357931320500867,0.07097799492661565,-66.03975243166957
173,3.46,0.2083343029102239,-23.09247037144606,-0.23226331145933032,32.812184459335256,-0.12825205302779943,73.47213275116052,-0.09904610398457481,18.32319466883596,0.22957728524736476,38.574659780045785,-0.002150722986241499,79.22264812689207,0.1804059158440816,-16.681303374964692,0.3913846495051631,-33.88421878595186,0.16050226827002956,-70.61869418553157,-0.11675636345612074,13.421303730039167,-0.05387250913761599,-29.244856490057852,0.06593827135308869,-66.19834509039946
174,3.48,0.21043546901063145,-23.802763250021954,-0.19821948400957867,33.66732840465387,-0.19364526487250464,74.51487008775032,-0.08452628128530035,18.32319466883596,0.24959699613982533,46.934854583614836,-0.004434029853932514,79.22264812689207,0.17249245975123192,-16.659702119918716,0.39733882458421904,-34.17610369089709,0.07903467814164489,-69.62044086116703,-0.11106208556527125,13.572168868631383,-0.058655249249485036,-29.128874691406065,0.06674586108094924,-66.19834509039946
175,3.5,0.1867857211373924,-24.22913522107072,-0.18493140933039254,33.66732840465387,-0.18822424604586874,74.9282805307061,-0.06692110945759831,19.356823425441842,0.234212849018745,48.47621927774173,-0.004005567007293792,83.03818256746109,0.1619406874354946,-16.575993275815684,0.36350697285269057,-34.37448722331527,0.05394723472132501,-69.0099580632046,-0.1777267525327753,14.020944351713677,0.002157386475727663,-29.507245687329608,0.0582699498607024,-66.25894434289562
176,3.52,-0.0907874209733296,-24.22913522107072,-0.18388160373134171,33.55134827223452,-0.11439466088440087,75.64880973680533,0.005890590644532512,20.519850337625826,0.23665276063734952,49.677724204874394,0.02540678495672649,86.43598333633084,0.2128406826609886,-16.0433861311388,0.33920128101956554,-34.1171826904163,0.22313192470679918,-68.50973660279247,-0.11417250001435493,14.930833356887396,-0.08424149344112891,-29.587586336351432,0.0647738539654467,-66.25894434289562
177,3.54,0.06539673027547864,-24.250442152910985,-0.17287417269921984,33.35628659480086,-0.12453793984350722,75.64880973680533,-0.05200789181916704,25.5081041538044,0.24381322807454087,50.068099661730486,0.026644995099015134,87.0020065855915,0.20329297028228924,-15.265016036792092,0.34320233405966505,-33.76558269031327,0.1378629698894795,-67.99495847006584,-0.09195680851359968,15.402872540042864,-0.06652058744612291,-29.387270766321368,0.05791127732720462,-67.92732003671867
178,3.56,0.14602855797060113,-25.434078042693173,-0.1808268641314958,33.281512350673,-0.15819980638997658,76.02544389523642,-0.03963741634641289,28.06348465454581,0.25429836299678293,50.12922171970561,0.025952150731068185,88.09139843126037,0.16851271585519784,-14.677194489385338,0.36790733979887913,-33.78416231685367,0.10007948437690259,-67.3629139200251,-0.09489691109957388,15.402872540042864,-0.06656947052479845,-29.381783136977287,0.054952445615987805,-68.04461681163022
179,3.58,0.1661266166811679,-25.862437695546312,-0.17553048425823548,33.281512350673,-0.16259027266288084,76.25175712254227,-0.030218405423213836,28.376331730746237,0.24274823416966146,50.20619197341054,0.02616404099880494,88.49137734118713,0.13157500091235189,-14.495735009993139,0.3567841603199522,-33.86100204976933,0.08525020160699004,-66.94026485048289,-0.11356505860820763,15.767346650336934,-0.024694469830677072,-29.638820704490996,0.09650908297042363,-68.36251631464158
180,3.6,0.14132045044722744,-26.422889403296494,-0.17486193117413687,33.24605862847749,-0.1577116592194381,76.3262610287204,-0.016525322174765003,28.654244827702772,0.24378449207670197,50.233461818680006,0.025448336280435385,88.49137734118713,0.11595339543060673,-14.495735009993139,0.3485134829311576,-33.86040038521069,0.10060922030557837,-66.80251779082988,-0.10768539201366362,15.816424980291691,-0.024122621108639795,-29.76607639362965,0.08547262879028797,-68.56927756438873
181,3.62,-0.16899940888482182,-25.729954563111235,-0.1492868446460107,32.98327354935909,-0.07190702669995772,76.57188223691938,0.0663681473794473,30.277675184174388,-0.6400547265968737,46.75790686917677,-0.04872804705667422,88.49137734118713,0.15969699220194358,-13.402924854817115,0.27915019065972396,-33.46832387491404,0.19827192275667027,-66.22854241490577,-0.05593160430193445,16.93073562955695,-0.014457003789513728,-30.23921839023894,0.004868010806893461,-68.56927756438873
182,3.64,0.04380236628012543,-25.729954563111235,-0.15492070661928273,33.000498467219174,-0.06573207373115494,76.54332161512012,-0.013833997437640744,36.7402939386706,-0.11739351784282237,40.46511140289661,-0.04569442470686047,81.28023568914556,0.14133616687989672,-12.249170259898936,0.2923572171877902,-32.81744684323702,0.13921079818830379,-66.22854241490577,-0.06931016850782731,16.93073562955695,-0.017608374394598482,-30.25791914245114,0.09491274523464495,-69.45653400870587
183,3.66,0.0017846775097340797,-27.584559878533707,-0.030825353529038507,33.000498467219174,-0.0565422917568415,76.45210870030618,0.175487937284621,37.78441387814228,-0.08374376318303334,40.46511140289661,0.031194591331112756,79.69764498207742,0.15216904645235158,-12.085068867932572,0.2274154319974518,-32.596354179105354,0.03579549254547765,-64.77387972652384,-0.12086074048255728,17.381611169936022,0.17188158000886378,-30.826049802076316,0.15709320730929838,-70.159086352812
184,3.68,-0.04214909886564046,-27.440935410912346,-0.014017513586253152,32.245657281924004,-0.05685331127645979,76.34408926042396,0.13806074163133666,37.78441387814228,-0.0525898722553666,33.218437796813696,0.053538350316988614,78.13945794630331,0.14919536596501085,-11.941126373206611,0.18973593249692222,-32.08764193184098,0.013825251247950254,-64.19365919248729,-0.13351967494945707,17.99921905831779,0.14613136921992564,-31.225232283682665,0.10299216950672135,-70.74597592199035
185,3.7,-0.06074667917658697,-27.126636883898026,-0.013378462377800583,31.685834783848797,-0.050200687196988725,76.2708631421614,0.12010669446510958,37.82234494603757,-0.07060031667882263,33.218437796813696,0.027424615296019417,77.84560190540194,0.16525763430557952,-11.937874795771208,0.21015484663327888,-32.08764193184098,0.035344191400679764,-63.80277907480148,-0.11939740644769158,18.32646414488384,0.1413760000433329,-31.773899424799335,0.08607823216764664,-70.66004918532127
186,3.72,-0.2134030716562397,-27.580859367270385,-0.011991655011758064,31.685834783848797,-0.01942811060840055,76.53954818722828,0.19739630241850542,37.7355498536787,-0.090896486723016,32.33938620211036,0.018659161597481128,77.82259656374336,0.1077639909655839,-11.768551222039383,0.24417483854228234,-32.08764193184098,0.014244624347360513,-63.73103031310175,0.015914774876604393,18.743959912902653,0.15399326033536553,-32.18868699562146,0.018717759304512874,-71.05466097579485
187,3.74,-0.18195467950739763,-28.016157854808643,-0.019460632975583765,31.48091978696578,-0.027677036338724786,76.81057191642789,0.2272811342476539,37.45050255003507,-0.0884004080785712,32.32987961976766,0.03342553228349998,77.80357627165958,0.07764250430263671,-11.505410087294418,0.23720379288129756,-31.979123721986983,-0.00490700130836727,-63.73103031310175,-0.014565337673907323,19.17623526991771,0.1678334317684435,-32.18868699562146,0.04851113615297489,-71.46703881179981
188,3.76,-0.17539185183530703,-28.27929981433596,-0.01835073346539673,31.50733000862246,-0.02287105199137371,76.84233295267245,0.23084820296639771,37.1011227996867,-0.08375824065991123,32.30519106229311,0.038976933327362406,77.76449272840976,0.07165372960462481,-11.234667150476698,0.23749640089380972,-31.979123721986983,-0.0030783525728612926,-63.39394661911001,-0.01731286518822011,19.493655712659656,0.1693469560119547,-32.529352755458106,0.056479406970789736,-71.66307628446928
189,3.78,-0.18275708685079736,-28.361563490714154,-0.018573528010436963,31.511795684439118,-0.016609886743337854,76.89533117159365,0.2216329174563114,36.91077131868874,-0.08402017040891996,32.28789022488519,0.03462655789735279,77.65418540198748,0.07631366896477831,-11.101527854272296,0.23554719147859354,-31.974513144614622,0.0015135893852801785,-63.359648185797,-0.010632540501005334,19.536900898931602,0.16532365435716773,-32.574595672302664,0.05080996168732449,-71.76324071385218
190,3.8,-0.1835474795687637,-28.363682108916564,-0.016905071919901996,31.526815242873052,-0.01661676800886272,76.84986244685165,0.22152931000237538,36.91181263481554,-0.08406279759187157,32.288078390218196,0.03257260528692213,77.68045313009893,0.07797889264126756,-11.08547968395053,0.23634226160399763,-31.97362809783882,0.0009860994039318227,-63.36253857522077,-0.010184685336649521,19.551690197747053,0.16424538309003556,-32.57870962617465,0.048340100973760056,-71.78077738584784
191,3.82,-0.04355141896757764,-29.460078097165578,0.2096504162761985,30.284993733400544,0.03839438835324316,77.01304295837204,0.11456229185508535,36.73630455419266,-0.1844395150479831,32.288078390218196,-0.1973486738207914,78.73671627530969,0.02823472409753708,-12.961036877038737,-0.6943867199645741,-37.55457921507565,-0.7645577221070892,-68.15704941607416,0.10800687140219584,19.59206861410924,0.3441201492868017,-33.57957902516801,0.03256852298990005,-71.78077738584784
192,3.84,-0.016362429266147727,-31.134824675010044,0.20986303494522543,29.5035006446682,0.03890598365113154,77.01455509546112,0.011095073157999485,35.71609644397312,-0.26059457556004917,33.139510908056785,-0.15614803892596063,78.73671627530969,0.12051677545742379,-17.939282241495754,-0.17178564290140086,-43.547717753029175,-0.24190828658130759,-74.44984488869437,-0.14540373729065964,21.246247752560745,0.4247717632421507,-34.03113988556061,0.01878470002639923,-72.90012822960122
193,3.86,0.016014801481188723,-32.88021500829229,0.18970312820618607,29.248134329154333,0.04314247933019208,77.01455509546112,-0.04816486169254978,36.37584546120598,-0.2935957222859614,34.17134779779095,-0.1023931743318599,79.14188239035497,0.14200756103994144,-18.72398985465318,-0.10066648633410008,-47.10375557610504,-0.03243498510132592,-76.54744337755697,-0.2409458374713001,22.19009104756769,0.42558824187800065,-35.18563471166346,0.012670623257687877,-72.90255050344554
194,3.88,0.016143975394583517,-33.066785148067474,0.1962479736016003,29.171358747162916,0.043854698090730476,76.97285852472481,-0.05849509460421375,36.37584546120598,-0.3145774612008967,34.34999107391289,-0.07884404193586142,78.73074511682017,0.12604578252485021,-19.632760079228763,-0.11753680701614241,-47.10375557610504,-0.025635780237331235,-81.76019971898374,-0.23201172864260428,24.234914017066497,0.41147357943608787,-35.43547795253183,0.03202771678079,-72.91215196541386
195,3.9,0.0008562648683199531,-33.41773426615838,0.2081208175080105,29.065779487529287,0.041980282739868174,76.97135672069264,-0.04581914090734365,36.90828312669737,-0.30075865512322053,34.61312118350502,-0.07161866162034926,78.5934358431118,0.10078722296091337,-19.872043363843467,-0.11965411771420734,-47.10375557610504,-0.031135507748259045,-82.87663417179817,-0.16656797993642505,24.33139554776637,0.40862529217253885,-35.584646402339786,0.06252525776336416,-73.03258850168666
196,3.92,0.007347864012470229,-33.697659963549675,0.23222128235740744,28.99027878559252,0.04466390937611581,77.34380967004984,-0.10707977398405263,35.96148051993394,-0.26406375335436155,34.597161489156875,-0.17668846660558055,78.81450727544029,0.02294884971365202,-22.66195488206755,-0.09767571750127671,-50.54936790370717,-0.061779889450817804,-82.87663417179817,0.1383372538747769,23.463700006386333,0.38466158373242,-35.584646402339786,0.021437429786779885,-74.02338249460342
197,3.94,-0.014426200708923642,-35.90536953232644,0.21260238440136395,28.81912405619791,0.05171710505891983,77.34380967004984,-0.05154442104630841,35.24346814050034,-0.24802349598966889,34.597161489156875,-0.10340609956928276,78.75929939890293,0.0693709260365105,-26.642096218732593,-0.10696170234464727,-51.24824911369903,-0.06204648309754979,-86.92862217957273,-0.043615448132565925,23.72877231899941,0.37113550667093254,-35.584646402339786,0.021875637575052606,-74.2037938352004
198,3.96,-0.011515446338708699,-35.96821862167669,0.1585656934803687,29.147033461888572,0.052714203779842594,77.45865443125344,-0.01936957732801531,34.546949843106106,-0.22290027739175977,34.209576993036315,-0.04756272850014094,78.3992680082229,-0.059861887510577805,-26.642096218732593,-0.01558023783101345,-51.52261847136556,-0.023602071019324267,-88.4164195357903,-0.03113976898241118,24.928467275848572,0.3115111744920153,-35.132740726781286,0.03657563488872023,-74.34507255466448
199,3.98,-0.02864814724682842,-36.17114425141473,0.18199885834037324,29.293569598659023,0.05187074437188671,77.45865443124423,-0.003392288622087805,34.02384116732981,-0.22138830599649012,34.07115612661294,-0.04642808174484353,77.752061197306,-0.03412193455234834,-27.83512586537516,-0.049286125326878184,-52.36610581452262,-0.03865690888940612,-88.63327880310915,0.02832988471000811,24.73288974794318,0.2959629107711467,-34.87448943894182,0.06011008424237019,-74.47454010663782
200,4.0,-0.0345481471486582,-36.11641938623916,0.19017572523156245,29.293569598659023,0.05101487436718799,77.46129604177375,-0.013652703743473688,33.54109053912998,-0.233745357857238,33.92490208434944,-0.05154963717260319,77.6286063332246,-0.024388368410989902,-28.04091714872747,-0.05523979952209784,-52.34379388919059,-0.03340771322214822,-88.66210925349046,0.04232651332451026,24.71586762953939,0.3091659101832177,-34.55383109366053,0.07331803813301879,-74.75488999805133
201,4.02,0.005740558119182226,-37.80556452873656,0.17633147546438627,29.252406307727625,0.04963099754412417,77.7138605153186,-0.13318286160504283,32.630326985138176,-0.09819890073957052,33.3026180053569,-0.14621064880175066,77.6152409772605,-0.16891204332616316,-28.773283839366123,0.8815517223790539,-47.88419234809456,0.0657990288668393,-88.73416912874914,0.3243804082990168,24.71586762953939,0.1483517965217815,-33.665378077452154,0.11070295944550851,-75.4797338870337
202,4.04,-0.02213272709835211,-37.80556452873656,0.16324418902787816,29.5150458624104,0.055611507444673386,77.84270550827256,-0.1768598386577944,32.335380369723175,-0.0977179688112855,32.68850370168136,-0.10847437173742394,77.64165593727097,-0.13864852177526044,-35.791323107620244,0.3589821284581858,-42.79002459004409,-0.15230752895754546,-83.03637697892962,0.18038698470489706,23.88016055995251,0.10104182250570654,-33.292590223911155,0.12565341660391124,-76.17148635561601
203,4.06,-0.03476049802211488,-39.02608439438337,0.20987905675038085,29.494263846620303,0.05302815624294244,77.85395609206101,-0.18452248595997678,32.347158050227826,-0.16366640285998352,32.70185390296315,-0.11697580426658906,77.44055052312194,-0.1492642655417907,-36.75287369751116,0.050031106022031535,-38.11578051375501,-0.06427722348945597,-78.26624263650943,0.18467452664326303,25.049658127812226,0.1779923415923484,-32.626578447908216,0.14450600120494547,-76.38108353812021
204,4.08,0.07711733454438666,-39.29095322172634,0.04626973793580086,30.52869759165557,-0.1763712757210793,79.62489957913446,-0.052378523231347895,32.41062309718108,-0.014750259503464272,32.0709750210541,-0.051336126699068355,77.44055052312194,-0.12735512826877413,-37.44883593883483,0.18672426060009084,-34.491903963146505,-0.17870259226650045,-77.64998901639613,-0.004775159722873956,26.286313011965806,0.17576674303548218,-32.626578447908216,0.0795018537225749,-76.48957179584534
205,4.1,0.08334096796709833,-39.83713504973256,0.05385605156651216,30.706782431143527,-0.15943277531350647,80.12234662539844,-0.05523140067587405,31.297396780599982,-0.027543132168538972,31.677361548131824,-0.02676998598859119,77.44055052312194,-0.12125219635600659,-37.83660295151321,0.19133118309042335,-33.88437786978119,-0.14251348439862177,-76.71272162185564,-0.03313116941580132,27.04888341035151,0.15529041984019,-32.626578447908216,0.0816374939273897,-76.48957179584534
206,4.12,0.14975013415055888,-40.5875008877729,0.07196687390897535,30.706782431143527,-0.13010568017053897,80.08424747196892,-0.21324461513115983,30.645968833583137,-0.039448701355807296,31.578271663842717,-0.05109523224955391,76.65856861335436,-0.20342153855869757,-37.62404606303081,0.2109513057042021,-33.60971814837369,-0.10227330103570376,-76.76869294784865,0.13582626425626687,27.94723844852244,0.1432106928978593,-32.88482557268318,0.056495417879169396,-76.5941444932738
207,4.14,0.16567404159002602,-41.12113669697293,0.060727559850550894,30.60934836481782,-0.10959039337570367,80.08424747196892,-0.21400566293888532,30.15115117717994,-0.03983889193505935,31.578271663842717,-0.03458451563228922,76.1742278316315,-0.20548407910605948,-37.52521856111499,0.2031812978200994,-33.59819417365883,-0.09108759881638895,-76.76869294784865,0.1454939430376555,28.519033180637688,0.1421832510659956,-32.82378330226083,0.08444493318322793,-76.89218491515595
208,4.16,0.15918086266095427,-41.12113669697293,0.0562950642268501,30.68665561307015,-0.09712949048018002,79.79116747612332,-0.22164849826983307,30.05521042077099,-0.04461746661786904,31.668083185665903,-0.032824015533270315,76.1742278316315,-0.1995410618147579,-37.263384626154036,0.20563850846549675,-33.54423004782948,-0.07866568142535096,-77.19944336760146,0.16225355310418013,28.607635680088517,0.13831644640013202,-32.73795028726278,0.08859145185660108,-77.09787553320868
209,4.18,0.15555449872564725,-41.3085404710867,0.05623369778298194,30.68665561307015,-0.09226637637568455,79.62933178158752,-0.22549628762561108,30.065492408564154,-0.0479587967823896,31.709932164046837,-0.035252648914332704,75.64703155631818,-0.19180412531890245,-37.21523135906411,0.20801404448805277,-33.54801845163377,-0.07456411868879242,-77.33814457152313,0.16969386526966743,28.589052158696145,0.1332521164176337,-32.66996038448761,0.07945992069315748,-77.11497339431517
210,4.2,0.1554768963039165,-41.307510133733025,0.05953199846940209,30.722707086730235,-0.0938648136576731,79.5836494833668,-0.22401989763359298,30.072575733149773,-0.04123925904883339,31.7363154446343,-0.03712447989093777,75.64471489939055,-0.18660689337902023,-37.307417291802096,0.2088128928229069,-33.52136695799035,-0.07033330594555007,-77.33814457152313,0.17075553424410228,28.589052158696145,0.14075864972251256,-32.618994161703334,0.0736873913373954,-77.11497339431517
211,4.22,0.1572643218438029,-37.22651008851162,0.9414,35.03261755886465,0.13091726850265917,81.68006983605927,-0.345914161371063,29.669940775489355,-0.2217825531160575,31.96155851393617,-0.09702130350710188,75.31878987156611,-0.11320742820668735,-36.29630784863165,0.10178843734260434,-32.76479665766739,-0.023933394608206898,-77.55464701919315,0.1716344313332271,28.86143844263737,0.2312846238372753,-32.618994161703334,0.05539317776274491,-77.34545432164569
212,4.24,-0.07352485173332954,-31.436224651677673,0.42749187293422863,40.42644224383336,0.12522610604166257,86.59495461538926,-0.22007682658231964,28.674038234603717,-0.2563818238636136,31.96155851393617,-0.17336977126821262,75.26174776487078,-0.11163542017769612,-36.29630784863165,0.03232689834680931,-32.31733412205171,-0.04153908204677795,-77.31226294619395,0.082448014740025,31.23273581838872,0.3036552601371231,-33.524367378036956,0.13694946426464946,-77.47702890910155
213,4.26,-0.06490506682914855,-29.06264486767719,0.19577974206643856,46.152852491734166,0.12143122919169941,86.59495461538926,0.00932677062165671,28.674038234603717,-0.20775943397152813,31.96155851393617,-0.1532824464595951,75.77241381729655,-0.035401393294304265,-35.53110266727556,-0.06831359251886793,-31.384349887868865,-0.005629511740287252,-77.31226294619395,-0.041371599059436354,32.194197940951305,0.32215827307353506,-34.20538773440706,0.1735477797142515,-78.48548885227724
214,4.28,-0.06746562612091114,-28.46155937231838,0.20182818943429598,49.38351522834903,0.12005640179730054,87.7502059129611,0.12763285113617667,28.674038234603717,-0.18985059950559968,33.59427507493669,-0.12951016624234224,75.77241381729655,0.0181137937157631,-35.53110266727556,-0.10331054138783666,-31.062773616159838,0.004859487566299586,-77.72855797447853,-0.15698662450675194,33.3345639715505,0.31769374318891663,-34.64190669464096,0.16088946600612247,-78.78592143052958
215,4.3,-0.05739742400810478,-28.46155937231838,0.20643921830128262,50.23138642872666,0.1205535187737228,87.7502059129611,0.12654835197149844,23.785332944699014,-0.19519359164222008,33.4139040993374,-0.11303274976912636,75.52632152369684,0.036158132766840885,-36.456405973519104,-0.10616862839161617,-30.250329661383894,0.004007637650023849,-77.73686674855736,-0.20323577884661245,34.45944595941172,0.32195467115380577,-34.71772566721943,0.15337673529464516,-78.810227145104
216,4.32,-0.0029939193438065503,-24.516076205497246,0.23308557692373288,49.79040017110635,0.0831821867177378,85.01048070584292,-0.16111788463708585,23.977925300853087,-0.20843956900897642,33.23028859829415,-0.16567986395191076,75.01005985854944,0.009112936851292941,-36.04673916315037,-0.08371942990837863,-30.235442540568403,0.007430561934047286,-77.48082096439094,-0.13588911764073103,36.55777744989961,0.3513431606197052,-34.881365194246605,0.06156274821817251,-78.810227145104
217,4.34,-0.036119958953575754,-20.68326509229758,0.21894035949738958,49.262755383254884,0.07911348811423385,84.15428256439611,-0.007223211974577204,23.977925300853087,-0.20910972614930728,33.37202539341971,-0.17991879594941357,74.78613656833181,0.014692083969994524,-34.28653414619006,-0.10598600888044729,-30.115251330405158,0.014466225298008645,-77.4134006513702,-0.1361564874463913,36.55777744989961,0.3609013220013474,-35.14645626834845,0.11824225374834309,-78.60024910905172
218,4.36,0.14446888247664946,-20.68326509229758,-0.016855824481311815,49.254465106541325,-0.10174082290061351,84.23474482185328,0.08135509369714125,22.698364310055116,-0.06357903707204723,33.37550365514966,-0.10422985171166682,74.67490305428835,0.030027314012590907,-33.773436232903556,-0.03533066140134067,-30.267033309523356,0.01446803366286084,-77.40742558986948,-0.16699505495883754,37.53842214017763,0.3490826264626036,-35.16998951605085,0.08192465224214074,-78.85816009863795
219,4.38,0.07918725394456227,-19.801562149793813,0.07389323767636874,50.87420212779809,-0.035002815021029254,84.45745548676297,0.09107950090201339,21.39512475361115,-0.04331168123309943,32.46192066355229,-0.10264294945056593,74.25002643327412,0.051497696455016576,-33.85818718788699,-0.048166885213556616,-30.464058439778494,0.014528233764767196,-77.3986186572469,-0.17154091340709215,38.11995743324396,0.27834622174106627,-35.03060319113899,0.014732821970056889,-78.85816009863795
220,4.4,0.060651162120061775,-19.565995465851103,0.10591543380594497,50.85070154498264,-0.014154625686038924,84.38656858554351,0.06533356642566074,21.228935283767726,-0.07021158319262408,31.81528585924654,-0.13285171858701417,74.03485941035878,0.04475156154068289,-33.90641490454371,-0.05480818397855611,-30.464058439778494,0.014588433868350709,-77.3986186571849,-0.14524536026739224,38.20668829526605,0.29979357821123714,-34.584066222059526,0.026517856683863555,-78.85816009863795
221,4.42,0.21237336936280182,-18.37149276229245,-0.9070386200262475,45.881551057594855,-0.9021081236001223,81.0788804537338,-0.18108858348424658,21.349774133998284,-0.011189433668430955,30.964393740110005,-0.1643103822774592,73.35168760324177,0.021845150534245933,-33.19203175422007,-0.02230309298707394,-31.011948769881144,0.010927169146762616,-77.1137335534501,-0.06432576918072049,38.402880051155165,0.2542945174717456,-34.52126054109796,-0.12403986086790268,-78.85816009863795
222,4.44,0.0728578880101195,-13.794018829065873,-0.35835371983766284,45.881551057594855,-0.35350025580168576,73.58745727370184,-0.06485882278551364,21.12832767261317,-0.09547522300782497,31.26369543987315,-0.20966453502273352,73.2836180492741,0.014839373822540802,-31.274656920162027,-0.07126039214174007,-30.747357290599485,0.016883451841422592,-76.6985516872389,-0.05891247629084752,39.716382539610436,0.32504192739964394,-34.4760963666353,0.000536744543823825,-77.32102782724057
223,4.46,0.15732351326709854,-12.394565871593144,-0.06136664782325685,36.59218632208201,-0.014949996941469146,68.19468483865673,-0.05222627657212427,20.438065768127544,-0.08971375056145384,31.869120998662652,-0.12737636911955064,73.31842759270509,0.04661482454721693,-30.983345958548423,0.1769053366440014,-30.63489858256404,0.2564987947891598,-76.6985516872389,-0.013274545817176582,39.94938530177332,0.17040474362822056,-34.395983599098486,0.006365298761976779,-78.00494732587474
224,4.48,0.19930726980305577,-12.253871484618324,-0.03268944553788483,31.568384977095015,0.008295651053922631,65.70350517199802,-0.10162837074187366,20.318509745897494,-0.0017854337356948968,31.523043403932412,-0.051706209817376156,72.84514679107292,0.07512079929381471,-30.97684845427379,0.07830254508085063,-30.63489858256404,0.21977567458404784,-78.42378184209305,0.0212459645933753,39.94938530177332,0.11225089297015262,-33.631140471128056,-0.019481119254886728,-77.96531813663351
225,4.5,0.18259371613734102,-12.379482460860855,-0.05935550927804917,30.77451855136815,-0.031174126795121243,64.2816742830561,-0.1008898907489574,20.486236795152244,-0.0013671482022105802,31.109277586969796,-0.07205104297593097,72.84514679107292,0.07862833835778539,-31.237149740924774,0.08881522035383824,-32.03823151936986,0.20834644312435308,-78.42378184209305,0.016913572353665154,39.349256570558644,0.13337404479185302,-32.8605598754215,-0.02166167832118228,-77.91970921824985
226,4.52,0.1997223580725456,-12.469108597187185,-0.03728194918369367,30.32512850883767,-0.08802076173438839,64.28087495855243,-0.15194025747661552,19.722245486718215,0.022693725511721746,30.60041640947813,-0.12057977024325703,72.84514679107292,0.21184160130943192,-30.647494254497463,0.0921581965184885,-32.01996007259384,0.23874082866071777,-78.42378184209305,-0.09946747499796003,39.86620923490391,0.13018393250866023,-32.67344527779269,-0.055741612720097186,-77.79967387102141
227,4.54,0.1937900358682955,-12.474795476147358,-0.05235484532170147,30.077982324901367,-0.09778371165993638,64.50494060654735,-0.09874829200940291,18.8478180155949,0.028866626168431116,30.433681277937136,-0.13348452264804603,71.08290279549789,0.18565995109071745,-30.16202709069482,0.0907642684439521,-32.067561342678125,0.19064470302436412,-78.06957491970378,-0.13307020636361833,40.23541206160526,0.1452763194895813,-32.651865565671216,-0.04606644995463009,-77.60141001855852
228,4.56,0.18093399935563495,-12.389569906069179,-0.06400358047297375,30.113633367402205,-0.09663308998373088,64.57982722873015,-0.0573608165918353,18.287659285312714,0.029945230882678198,30.309410103595308,-0.13358292567032948,71.01593346160362,0.17308458779012037,-29.80703347793623,0.09035399664263104,-32.067561342678125,0.16586707272511886,-77.98386811613423,-0.14896087434224958,40.23541206160526,0.15321902667164686,-32.651865565671216,-0.03673933482128157,-77.6093491493928
229,4.58,0.1836870351229036,-12.389569906069179,-0.0644238779848032,30.19197822214379,-0.09742982860082589,64.61549167270388,-0.05287036847333973,18.287659285312714,0.027881068883169553,30.280710604972473,-0.13419273908217638,70.97062224320109,0.16850969123055792,-29.604603457616843,0.10446465545473127,-32.12505347313241,0.16588557130038833,-77.34482484884192,-0.15379328563239733,41.04299716557907,0.16367132034791038,-32.82386791991404,-0.02969793557176137,-77.61672973118391
230,4.6,0.17871253797305298,-12.302001614906969,-0.06253800089871561,30.21881702386916,-0.092681254083157,64.61567371199449,-0.0696968073662776,17.68958472456764,0.027259051907112593,30.279294854898552,-0.13447604063985424,70.96140037134975,0.17635722041081386,-29.58050958784784,0.09319880178596632,-32.127633646357026,0.16824267012038008,-77.33404614539565,-0.1324176429176258,41.10651244164842,0.11864183409705858,-32.911493583270904,-0.023619713432762826,-77.69107493521032
231,4.62,0.09610686530014184,-12.991274475799091,-0.18804195960604755,30.992593131985142,-0.038968209041016416,65.3287282533874,-0.05156442607845205,16.38246192721973,0.12469881550451142,29.451630181443235,-0.17711848004680114,70.96140037134975,0.36838457039430444,-29.467283396791746,0.2786187473083467,-32.58586569220058,0.2564841986196045,-76.92064404432921,-0.17016958343273902,36.40514210578437,-0.757260888956178,-34.28832247596617,-0.08079475938797864,-82.47843137823534
232,4.64,0.08207035306925119,-13.23927625864406,-0.23537787654980635,31.92890932600459,-0.175983780403544,65.3287282533874,-0.05604266583077125,16.38246192721973,0.1772421020389628,28.901194248359893,-0.09488777314902463,69.27917390366069,0.2285426300150633,-28.688352708244842,0.3306657609556924,-33.8412499858822,0.31422931924668385,-77.03102413116036,0.038530489771159526,35.80605340422359,-0.26082013848265406,-42.37905950354331,-0.0707153043278611,-85.97879482326648
233,4.66,0.12523563275830685,-13.400739809368194,-0.11234243556366394,31.92890932600459,0.1118457442856495,67.53023216211864,-0.029691809164005663,15.253147549975482,0.19192815954612671,28.62658881113195,-0.1076979749992771,68.88128288177512,0.03867024630200744,-27.07926249798638,0.2736419416370113,-33.8412499858822,0.27454209910919547,-77.55346911094648,0.0330145118342256,35.80605340422359,-0.09144626032790187,-46.941710870607984,-0.06013278229600194,-87.15656182311348
234,4.68,0.15925184868237,-13.72840439751056,-0.1698577047784517,32.184631475252196,-0.2139076700707999,67.95399007091955,-0.03299684559279145,15.050717803613153,0.20875734210362182,28.15106423751666,-0.11090868739507322,68.78763002290003,-0.048096719828382706,-25.876268862753967,0.2625470604890635,-34.2132550294064,0.22949201626892674,-77.29909907948976,0.017263055762415852,28.94729024289797,-0.09555826765529257,-49.79076282938892,-0.06732820529358846,-87.70761205560214
235,4.7,0.16383314586932124,-14.063285235103228,-0.15874644034516844,32.09511454568512,-0.21940345411376455,68.1219202253215,-0.03823696596666039,14.991842204892203,0.20723092055535677,28.15106423751666,-0.1101337709794888,68.77646330043032,-0.029154008480732147,-25.13698214128794,0.26969092380984316,-34.08694714890119,0.1945934351440548,-77.20798320429188,0.005288762280904257,28.456294017760353,-0.10332577282610622,-51.291371255806425,-0.06609087558642723,-88.07453680076132
236,4.72,0.13370138283592353,-14.880891163472059,-0.20087323981990468,32.28586113885709,-0.07984905001301906,68.34698265261859,-0.03682443781374492,14.34423663717005,0.1873675825139371,27.76326031902504,-0.11190525929093009,67.70305537583174,0.26585734893471313,-25.13698214128794,0.2885933299963969,-33.86256442736731,0.2506887350128596,-76.46186775585073,-0.06837287138144488,25.610010188199706,-0.12598719679809228,-50.71556914504722,-0.02973134647949424,-85.2750850814726
237,4.74,0.11231030054786807,-15.639484985906147,-0.20137599569147824,32.576821378192555,-0.1797084657108402,68.5511496310626,-0.041379700753039886,13.153851727907941,0.19579082016807164,27.797238884074762,-0.11348562608590099,67.24555526024243,0.11623745709002348,-24.471097924859503,0.3074896688277644,-34.157635729798436,0.2490399413789709,-76.02508309723078,-0.01578162347198145,22.424892907111836,-0.11351062982583464,-50.39487500017757,-0.024698278001754212,-85.2750850814726
238,4.76,0.11762269924657034,-15.749090366360644,-0.1956918567059323,32.58993247175479,-0.22088003765416817,69.60959661014937,-0.040033186966553114,12.922060766077879,0.21440049397925137,27.727992028398173,-0.12133907604018176,66.94706077554669,0.033759056120433006,-23.770689010813406,0.30966428169594024,-34.26710665032922,0.21644492175616914,-75.67910944461637,-0.023870408407646482,19.778134550282005,-0.10863378356477152,-50.23421206785345,-0.022813550770723265,-83.60956921812054
239,4.78,0.1351080931690672,-15.749090366360644,-0.17277845138476988,32.509638599864516,-0.23265993026373852,70.06823787505559,-0.04664706179680697,12.834026276902868,0.21152724871558184,27.727992028398173,-0.12167323041205602,66.81598908561232,0.026634135991720417,-22.743740154058745,0.31184494607550617,-34.26710665032922,0.18444445808050355,-75.52427344196889,-0.032228211058337564,19.20657302432497,-0.1087001040025467,-50.23421206785345,-0.02291730018256434,-83.51287623978175
240,4.8,0.14598287754892317,-16.15878508290494,-0.16171604699628567,32.43697984295507,-0.22425598798967303,70.41863391848493,-0.04993780912961418,12.825219758031867,0.20875606217578974,27.50483648906778,-0.12017720072828356,66.80233850066935,0.058065714473413896,-22.606641603249276,0.31306668956681943,-34.429603849531766,0.16800106589126615,-75.13853436232307,-0.04617728583846065,19.13738877025055,-0.10876642443988901,-50.229334552577754,-0.022942622501421775,-83.38015796967284
241,4.82,0.12211346673935586,-16.15878508290494,-0.17251676997580434,32.534991610822836,-0.04897941302678732,70.45724851950527,-0.04462718737708299,11.785785890267563,0.18026790137460896,27.362994121446025,-0.11985294637015628,65.4858797084004,0.28064293030227827,-22.62987401754132,0.2724702629830859,-33.83895395982421,0.23620074439941302,-74.27400851172504,-0.12078039994864881,17.406219493851186,0.8509582344683742,-45.57910761764016,0.7717647853022225,-77.974870490293
242,4.84,0.12103669889949148,-17.91504944617727,-0.10845381558283224,32.551845372130636,0.10188943081867904,70.82509232324445,-0.05696646504411021,11.785785890267563,0.11987495752193453,27.224166565229332,-0.14332844654696586,65.04122776890334,0.12464833198727687,-22.24438738304122,0.2921521241516337,-33.9354719693171,0.24972458450335477,-74.27400851172504,-0.055242321458494476,13.654710870043582,0.30224028319392293,-45.57910761764016,0.22308708159072288,-72.28138887399173
243,4.86,0.1479777645530484,-18.2458424445948,-0.018627533314732936,32.67812065928344,-0.012912516744186114,70.66364300097224,-0.063630818382012,10.927212998629045,-0.027818904932023644,28.15496285233491,-0.18018870463449638,64.9859318638534,0.022285263441747985,-20.86122136842992,0.08817020171471307,-33.89173846428381,0.11562396362010602,-73.97047338192533,-0.18544162000401815,12.73008226490325,0.15994892408310596,-45.57910761764016,0.1538519865667788,-68.48244365856421
244,4.88,0.1093100602806691,-18.50851003722764,0.004686013573565302,32.67812065928344,-0.017945871714876466,70.26600064755235,-0.0717121582766859,10.928147830669442,0.005727199508326196,28.99641011622916,-0.19731008361307115,65.07996818572903,0.04972058358141662,-20.86122136842992,0.07513057368613957,-32.07302390050596,0.08457711781550564,-72.92777150097339,-0.20825904148399943,12.50689858807631,0.15840997379221133,-32.921882627567456,0.11444268110859993,-66.2945872540591
245,4.9,0.08650728525518409,-18.26145828759443,-0.006064810878580122,30.92680405677612,-0.02138812747813243,70.17607982203462,-0.08015061917658822,10.950035591665465,-0.000900021147904384,29.299882716759665,-0.23568374557294836,65.07996818572903,0.08852480359410655,-20.258823666935758,0.0890653096360882,-31.83758000260046,0.09222258205201744,-72.59557213238398,-0.20395789771461956,12.544631398124691,0.18152223831227424,-31.971379303995462,0.12074315990810397,-65.18727403263384
246,4.92,-0.038526734200822046,-18.498256620007915,-0.031641105955559766,31.171302369888767,0.06540529480772653,70.61023912346066,-0.016537666288009845,10.931214801293615,-0.03726498755271294,29.58188035881937,-0.21946039338032491,65.54352503193803,0.15573842770960983,-19.56675297986864,0.0775626644875522,-31.569292815219153,0.12979624350384983,-71.94112499813863,-0.21187069070306497,12.5225914740133,0.16494744781942652,-31.31663182738689,0.15329614812813486,-64.88140940279652
247,4.94,-0.01500280035163317,-18.93127623537243,-0.04270993363811539,31.281893988914668,0.039333223137191425,70.81317030142151,0.0003890144547048571,10.412597018972816,-0.03937916715217153,29.716982637286485,-0.19275403502795307,65.55144214368173,0.14879152684434385,-19.490835142207203,0.08230024909127917,-31.397312399325497,0.13896130461370632,-71.39164242365909,-0.21630370387205414,12.555048903303852,0.17065277864181796,-31.210393465226332,0.15326148610691567,-64.88136545044601
248,4.96,-0.0007537822977219076,-19.186240283301256,-0.04775251971450844,31.372651722803997,0.025956633434447512,71.03544405533874,0.008128702315907236,10.30626052496531,-0.03777324115346003,29.815970503460733,-0.17074057886582183,65.26528217008423,0.12014845067367996,-19.490835142207203,0.08231077943550488,-31.397312399334023,0.13499210835404776,-71.2941043997494,-0.2146347251247967,12.605730452753233,0.17239320515122758,-31.199429315815873,0.14893049919077214,-64.87042305500253
249,4.98,0.0027594268465304835,-19.368263349984094,-0.04880021127992824,31.432459363281392,0.023814291397059123,71.03544405533874,0.008496012362019063,10.102361878351317,-0.03787992337215498,29.82200124285844,-0.16366764380893645,65.10118265787283,0.11110851930848728,-18.50244757023079,0.082443541553696,-31.397312399334023,0.13589512462401068,-71.24774443765224,-0.21445490127224817,12.605897863604797,0.17243871468593358,-31.199429315820854,0.14865090531962555,-64.83884040804952
250,5.0,-0.0010099244960308333,-19.45361323315101,-0.047185242627896376,31.452401221964823,0.027416404426081564,71.23277345621169,0.005822366244770418,10.102361878351317,-0.03792741376633744,29.840722819765592,-0.16805797888722873,65.00802620177494,0.11705990569116666,-18.344068922125086,0.08238016022635533,-31.397312399334023,0.13758259890051458,-71.2088727557411,-0.21454558571966545,12.605897863602069,0.17248422421974507,-31.199429315834614,0.149583540255507,-64.83447257620851
251,5.02,-0.13803723969416518,-19.43278649033517,-0.22076446025171617,32.0630895675194,0.01640587499539381,71.75258755087869,0.01382297277401423,12.05116856851011,0.9003725578540611,33.543871088648835,0.5964579301070976,67.69668337717059,0.14331281485257788,-17.134756938486632,0.25741905280688326,-31.503498826765753,0.3499323143719683,-71.14329606971542,-0.10145997521565359,13.368091090781594,-0.08280542722458092,-30.258332141254044,0.08124386562517213,-64.83447257620851
252,5.04,0.10026442624507817,-20.648253171760377,-0.273359013910368,33.47229656113665,-0.06837097417535179,72.92365002459142,-0.07197542700111896,16.30132311543468,0.3778487208976369,41.334951188590296,0.07375134456070154,73.39016499643195,0.1738145964306657,-16.68796525308123,0.34642323265014696,-32.939163363355505,0.27523099294206804,-71.22695119496909,-0.09068603810769985,13.329638433112247,-0.08049380691677474,-29.469511034655525,0.07112049691775599,-64.83447257620851
253,5.06,0.20777698394324964,-20.648253171760377,-0.23411376449754107,33.76773576563678,-0.12635265790654554,73.73854472363169,-0.09593641696857885,18.303349585006305,0.2328996943117695,46.02279258066888,-0.00278974984043151,80.06241645198405,0.18236243616847708,-16.65430228876152,0.3885359659974592,-33.6447644119824,0.15115388613601005,-70.54936513637486,-0.11859648684609919,13.451242937979357,-0.05349282347889641,-29.109179125073798,0.06631571337412555,-66.11540958535794
254,5.08,0.20654413135746816,-23.914078131901668,-0.2051442536418152,33.75982383190616,-0.1858674040428212,74.05099769098925,-0.08360765423922661,19.197817191334256,0.24994358049072535,47.31602724694736,-0.005106645112588654,82.03623220748088,0.17210292309431754,-16.642904035574567,0.3979426324873853,-34.305365173929445,0.0777581747797893,-70.54936513637486,-0.11410344230049525,13.567008424957766,-0.05707179954019559,-29.09566789647092,0.06701156658178066,-66.11540958535794
255,5.1,0.17534189730671423,-24.08546152705871,-0.18485599568513322,33.52520924228806,-0.20310835679223155,75.0921611502116,-0.06436873815743017,19.335257464497744,0.23185518226420787,48.34669249726729,-0.004155367064169704,83.12401982180194,0.1587100712054419,-16.642904035574567,0.3728244133906063,-34.49338665017618,0.04856888299714071,-68.79035353430602,-0.1683345832457786,13.834652917831873,0.002480405924810164,-29.157305889358586,0.06624883195701012,-66.20874755362428
256,5.12,-0.0981271902324734,-23.65252112600096,-0.17349376017110413,33.448236549029566,-0.12276863104228589,75.75262969665367,0.006956108818649054,19.335257464497744,0.23431675389457163,48.34669249726729,0.025530150647939787,86.25281340987365,0.2145646226506585,-15.743889465295148,0.33794308146822094,-34.1778608383641,0.2154788333771148,-68.44224856218732,-0.11408380758771082,13.834652917831873,-0.08447561003014586,-29.56633539371643,0.06499772411710168,-67.30613806099299
257,5.14,0.05887658184825424,-24.179425900270058,-0.17838367966485483,33.34884169275454,-0.12401727351063097,75.69615898155209,-0.05232401459178415,26.507578827443908,0.24104655535696445,48.34669249726729,0.026436419297277025,87.75234041080137,0.20076746775819876,-15.743889465295148,0.3367972408309794,-33.87247229121995,0.13077256433457524,-67.89081538573924,-0.09722133678291349,15.487893088230818,-0.06617300280408192,-29.33728591548928,0.05946883882420553,-67.85460286516712
258,5.16,0.14589702632387952,-24.858638981310634,-0.18063479582190917,33.26014827265339,-0.15330259762703896,75.8730541896273,-0.03931050705323222,27.95426475108195,0.25332302484428104,50.138840732547216,0.025480161319996877,88.2085573113753,0.16711579291249978,-14.757554184232408,0.37219805722816934,-33.76818233311488,0.09779803356418296,-67.40203909326314,-0.09535092169134682,15.545216081561186,-0.06752682875571299,-29.338952214798955,0.05530231834409591,-68.01069293245881
259,5.18,0.16795709586253887,-26.17569953437822,-0.17781894055765382,33.285827773368894,-0.1566803613629564,76.05934545243096,-0.032004298032352,28.447430555284168,0.24378204593163438,50.1931776088736,0.02562982609517475,88.46263782854237,0.1278386112966755,-14.250225256646248,0.3571952132050785,-33.826281366678224,0.08254015160553085,-66.83428916937878,-0.1099627193019881,15.734176464543179,-0.026239296632732854,-29.338952214798955,0.09736217096696356,-68.31531334648464
260,5.2,0.14363310472475527,-26.38936731456092,-0.17902862327319022,33.262679892061875,-0.15554935280046,76.14435242229652,-0.01661690176820855,28.591879650366536,0.24440341999500836,50.1931776088736,0.02459230164688285,88.52671619279644,0.11211472461604571,-13.915388077103657,0.35147520474689176,-33.82614425774509,0.09854233153467393,-66.73540162021226,-0.10751451764531546,15.781654688734799,-0.02025626233481699,-29.753932661952156,0.08920636346860887,-68.51646642977539
261,5.22,-0.1659150961797942,-26.14917179391185,-0.1503817323090959,33.06925281600198,-0.06922557047148326,76.14435242229652,0.0689594381971308,28.64608923355312,-0.6398836846260083,48.86539108381765,-0.04871650005784045,83.10781591932255,0.15786728542054249,-12.77706870839735,0.28732092986664837,-33.807315778846025,0.19796208302944962,-66.24802024962672,-0.0561335837457063,16.519881959489055,-0.010111406740542603,-30.21302829006511,0.003390107672227985,-68.99043990791
262,5.24,0.04429366859124949,-25.73763497345409,-0.15857840307332904,33.06483809175964,-0.06226379027620102,76.36895174581466,-0.014155994582676218,36.43710187346754,-0.11722282094729142,40.774654055316645,-0.04606297893701805,80.85253200403758,0.14047831434253555,-12.465952563507054,0.2962573292937272,-32.778948506988,0.1365994234518695,-66.24802024962672,-0.06781642059532139,17.279537782659226,-0.015115936602124243,-30.21302829006511,0.09532525085544075,-69.33792417733402
263,5.26,0.0021053861835378766,-27.539082026180548,-0.03790833244764777,32.78820998310635,-0.05471190586332955,76.3384207832006,0.17482513297072305,37.65109717258078,-0.08532527742960588,35.35870116297236,0.029804627978852735,79.5518442638413,0.1505616197415892,-12.017952050294054,0.2301576255651424,-32.56858133034901,0.03203350686968848,-65.32008918543717,-0.11865199441991768,17.56550248632654,0.173605532764975,-30.254635766056406,0.15333604530881753,-70.32177768585342
264,5.28,-0.04329707918489088,-27.48227486691156,-0.01662660232037664,32.01673452188364,-0.05238323953599666,76.21801858433889,0.13590757387630437,37.6506425258352,-0.0530079120661541,33.057840501987215,0.05373865146178301,78.15193784894008,0.1463897679524199,-12.017952050294054,0.19214082180476716,-32.04756209388006,0.01052781529163066,-63.95731383069847,-0.13283540109736142,17.56550248632654,0.14550666690887173,-31.57203767057557,0.10087716362471166,-70.68131064534901
265,5.3,-0.053236770595934776,-27.120929089829815,0.028947208781308256,31.66275748759675,0.08362192398766988,76.1171433245536,0.11857336258157689,37.860424177296835,-0.06880423948547071,32.43626774070123,0.02622753408227327,77.79018955491719,0.16480039380714376,-11.885160827829338,0.21053930412487173,-31.70721248888952,0.03357540603403297,-63.770850013669225,-0.11297152280435747,18.269504377989705,0.14059609007007876,-31.901776674718437,0.08814853560532523,-70.67235616331959
266,5.32,-0.19616756073407204,-27.509363440520218,0.025768547066009694,31.66275748759675,0.0767561257551217,76.57573618167706,0.19736692281117782,37.8243046728898,-0.08632912342788476,32.319937723430364,0.02029946462254631,77.76981060605591,0.11087616667192102,-11.741438952873814,0.2456279507790094,-31.86231099707667,0.012155500250416285,-63.60915412509155,0.024820842452826113,18.499668380311935,0.16101659226032536,-31.901776674718437,0.02197352029748298,-70.67235616331959
267,5.34,-0.181997138130826,-27.858421922650653,-0.018814977099740303,31.52520807672268,-0.0230804809899309,76.57573618167706,0.2294863701472262,37.8243046728898,-0.08713556510520272,32.33140448160041,0.03292779669204386,77.71328418068309,0.07605632814281398,-11.394146720911607,0.2416311466424148,-31.96148779708114,-0.00775415092992407,-63.41076459562771,-0.012284864557151026,18.499668380311935,0.16653977347889873,-32.415199507679034,0.04499133361275383,-71.30571097401797
268,5.36,-0.17876667833540288,-28.209654501181173,-0.02122301287258687,31.54357548249454,-0.01965237778312079,76.74746632691452,0.22982782958683243,36.963122913126895,-0.08568066479586506,32.33460447800873,0.03742169503908194,77.64769080059114,0.06709370998248654,-11.168361990506323,0.23964066433057693,-31.98325978383664,-0.006652611342937126,-63.302472344785066,-0.018244661721826753,19.305941826426736,0.16943030236335138,-32.50493345282958,0.052675088203750164,-71.54606180766525
269,5.38,-0.1841853142859214,-28.31532797727199,-0.02018802157603209,31.559897087254875,-0.015666526052103807,76.76283032191257,0.22409957075138104,36.88189254430473,-0.08557557232249854,32.31894922195997,0.0349084381130088,77.60570681264811,0.0751655984715983,-11.03627752132352,0.23763434506137224,-31.96014074386277,0.0007475082412762291,-63.28426767770176,-0.009316556687306824,19.49490464951416,0.16567434989524973,-32.558142898084824,0.04706921781256361,-71.67848614955851
270,5.4,-0.18515120876201893,-28.317099234016176,-0.019809542919911535,31.562938319500635,-0.015665321629110718,76.7616798213334,0.2227742081178207,36.881266121851986,-0.08364542665015942,32.31894922195997,0.031193193482672882,77.60570681264811,0.07615051924372757,-11.03627752132352,0.23798198695241535,-31.959469208260465,0.0008677967085607141,-63.28598114562105,-0.00880586448392117,19.512063010841473,0.16521941957106445,-32.558911798950085,0.04598066770946714,-71.6809115888946
271,5.42,-0.05188990942618052,-29.460234272815132,0.2079695761426069,30.201225799618776,0.03625795488373523,76.95952947283679,0.13376576268125379,35.63690197037749,-0.17955603894543629,32.31894922195997,-0.19983631765616378,78.69855889680638,0.015819920412809052,-12.927110353571372,-0.7193039695668297,-33.94078492876133,-0.7932450260822461,-67.15726879973805,0.1244853350354477,19.651536351359,0.34357668192472623,-33.40928744603198,0.03318389933558315,-72.11825062230726
272,5.44,-0.021892955407007836,-31.992293794563523,0.21021331439881893,29.527109464567772,0.037763222407415836,76.95952947286328,0.02560138354474037,35.63690197037749,-0.258673256297834,33.45106746251664,-0.157126981046782,79.17123955375126,0.11784167870925202,-12.927110353571372,-0.19671397771436383,-42.03152195598132,-0.27060956944590575,-72.25143656510001,-0.13344507111257434,20.68395672596567,0.4244696105435283,-34.52593505750802,0.018728488859413,-72.11825062230726
273,5.46,0.015245408832644115,-32.632686151237195,0.18949005950327774,29.259889574441647,0.04255347861326683,76.9451470801797,-0.042574084560813075,36.133698095153335,-0.2946261725530155,33.78330909807373,-0.09714649606333303,79.1432742176263,0.14297660068899798,-19.02092466059976,-0.10069055597055898,-44.68846100087413,-0.032019424401605934,-79.84640559890414,-0.23918111571150175,23.04369044204858,0.42728191761729756,-34.986397656906895,0.011331282966959857,-72.822717726102
274,5.48,0.01567849362999348,-33.350504824928954,0.20001046669952288,29.251372627212437,0.04162284078130621,76.90475462350342,-0.059224910229026276,36.133698095153335,-0.3078724349290418,34.22547561114775,-0.06861862317929544,78.72837038256012,0.12517579150176017,-19.78332274330812,-0.11826407439077474,-44.68846100087413,-0.030779488128645505,-81.59798652083101,-0.23319669088223416,23.86779371662631,0.42239255597826214,-35.49918420595057,0.0310071400115009,-72.82414817621581
275,5.5,0.0022155412054139477,-33.38762042366298,0.2077315655508437,29.087568445014636,0.0411684017740403,76.90125407323933,-0.04905009509633273,36.86030256786353,-0.30518747612065333,34.715046132474036,-0.065438790900521,78.72837038256012,0.1025705131977683,-19.833885871240284,-0.11939011810027372,-49.572832620197104,-0.03130519404175364,-82.11703674469523,-0.1727959826009516,24.303984969431056,0.4124713988035379,-35.57502962147671,0.05640312832084067,-73.09265581904158
276,5.52,0.013916813443095782,-34.953706116596784,0.23264003669225158,28.827791114573376,0.04446725258706272,77.26238826843283,-0.11321757398328125,36.86030256786353,-0.27032102432667104,34.69305045014889,-0.17431601787125361,78.49362989840517,0.01733997637472723,-21.537820511755957,-0.09823590569341065,-51.02354544363396,-0.061480058064133924,-82.91121144650043,0.13925112922799,24.20741766097722,0.3897441398000485,-35.658844220756635,0.015960692566523216,-73.87948791386104
277,5.54,-0.01312337104027013,-35.51472036280746,0.21265350254335796,28.812905919313028,0.05138560122659669,77.37320453106635,-0.052972975975464465,35.01397119910606,-0.25262109468293087,34.39498123086936,-0.09753216492239317,78.65630419798288,0.07220541705581204,-26.220344469975608,-0.1071286085665836,-51.43741285435964,-0.06168173879630873,-86.31726427125437,-0.04777009320545361,23.769624222935363,0.37433563266749614,-35.40452827634653,0.01874407163093951,-74.05121463443973
278,5.56,-0.011530783135197446,-36.05421200755658,0.15710721011290282,28.869035107867212,0.05254338182474705,77.38128407124941,-0.01767670433576736,34.374773979032014,-0.22515298137761147,34.33516648610388,-0.040312211341354334,78.05431717373106,-0.058182361396416526,-27.87062968849719,-0.008708208254847596,-52.174787904724916,-0.021284535005194505,-88.35714031892414,-0.03936677547034856,24.847674518361515,0.3263438845565939,-35.37164188284944,0.041213829901541696,-74.23889572623949
279,5.58,-0.029536572231292347,-36.05421200755658,0.18213968822843707,29.30078115384974,0.05133094275891853,77.38128407128247,-0.000350536924143649,33.83228685181291,-0.22775094488889985,34.040378912380156,-0.041088172569110015,77.59472641863582,-0.02816579917015937,-27.876312214307134,-0.050506240878781875,-52.32079310883541,-0.03885214214561347,-88.35714031892414,0.023722949201693426,24.997313164837962,0.30003400557750265,-34.71001476653069,0.06047060651456505,-74.333049375046
280,5.6,-0.03572062957006093,-36.07067436782048,0.19028146566855209,29.26428353089595,0.050518373599902744,77.38737585360218,-0.01110806109800731,33.5589776759489,-0.23958558438169894,33.995175049184745,-0.04475075687493482,77.4957794750547,-0.01871501606486867,-28.076727781103827,-0.05509249285181492,-52.32079310883541,-0.0327580910912085,-88.35714031892414,0.037505006603516244,24.60750207671536,0.31156524594129376,-34.56394002827358,0.0731278434066899,-74.64323566125425
281,5.62,0.0081209017140427,-38.01972738846546,0.17463252359887627,29.565103478817953,0.04875734443107321,77.67215885063297,-0.13336556763397517,32.62659395295855,-0.10172965196324762,34.010105455610024,-0.13734140353609725,77.48079959405132,-0.1709541606225249,-29.01544395924914,0.8814782501816003,-52.001088682466175,0.07249939715380577,-87.54667000142875,0.3246510508466261,24.0339711237676,0.14815577136131403,-33.92919230440852,0.10779841960140657,-74.64323566125425
282,5.64,-0.020636121133328814,-38.89416153963593,0.16340949563475787,29.51976159856394,0.055310345293360735,77.75989525024728,-0.17555507247314583,32.425184497295035,-0.09955007678241021,32.736857799886906,-0.1018198390726026,77.4493117536574,-0.13711573075671502,-35.54250433217359,0.35890752252399993,-43.356859370884735,-0.1557811496444108,-81.19195161899393,0.1756322769514328,24.4380379803274,0.10628311685669597,-33.92919230440852,0.1283786632872313,-76.05877105885365
283,5.66,-0.03566076437442425,-39.03876211874197,0.19792902416532013,29.519932952969867,0.051034179403263574,77.78118659251275,-0.18481752507185428,32.425184497295035,-0.17969608268601892,32.736857799886906,-0.12114935813219231,77.34113902408477,-0.1617385299209704,-36.43250000929392,0.05575675419430265,-43.356859370884735,-0.09855079916392945,-77.85109019743993,0.17031630235266706,25.020373896255723,0.1735836336461592,-32.623769173571844,0.12264140427038302,-76.3285520222999
284,5.68,0.0773542564574532,-39.52658657351495,0.03937608629277197,30.574034164398856,-0.1652975371124674,79.47703614148621,-0.04726393689539658,32.02364595746941,-0.00885475844606623,32.347068245393984,-0.04746924034957191,76.99505614244087,-0.13866118944918646,-37.372553904558956,0.18650616132795372,-43.356859370884735,-0.13832309758634828,-77.49873308610441,0.005700132487136758,25.8934433720174,0.1741280409606698,-33.091157037023024,0.07374538277297046,-76.49981327066432
285,5.7,0.07897637304447669,-40.09920421717183,0.048947652694005764,30.574034164398856,-0.15164101365662794,79.47703614148621,-0.05321659641155707,31.302813047754817,-0.025781758928604875,31.698360139079917,-0.028851752711306175,76.99505614244087,-0.13063209399069253,-37.66360955790355,0.19766728341145923,-33.68734719660607,-0.15031925496035778,-76.72885486226993,-0.022181609271358704,27.001486013068554,0.1581931513603939,-32.96581700577136,0.07405000960647766,-76.15335836270792
286,5.72,0.14355620585609594,-40.59220233677831,0.06684074615268049,30.67964810115213,-0.12268074985364905,79.9067373042227,-0.2136164278214921,30.499257638037914,-0.03947752986857261,31.596627278295667,-0.05399961738686335,76.99505614244087,-0.21046654765047437,-37.60528460968199,0.21779487367308964,-33.64369223977067,-0.10892620183892565,-76.74244568882287,0.14542830221321304,27.49497414296585,0.1443491846433321,-32.900563118752515,0.04832688764549492,-76.47877562329897
287,5.74,0.16189478995249496,-40.89451204122212,0.05303439048869568,30.659744247168234,-0.10364557425160767,79.77050234208751,-0.21048860765138858,30.180301881598385,-0.039409494555465635,31.631903032047443,-0.035636472329178714,75.88363513179,-0.21280717971351268,-37.21334217793128,0.21045411184977314,-33.62472794004308,-0.09705394914591292,-76.93014211493521,0.15274573196167518,28.271634923054396,0.1465850157560496,-32.791998404271325,0.07717282637488573,-76.58250940043709
288,5.76,0.1574527801558605,-41.218476064507634,0.05324780316242177,30.768209006353807,-0.08943175466661762,79.77050234208751,-0.21672835170264182,30.180301881598385,-0.038161836330658554,31.687167909837044,-0.02932622366543211,75.88363513179,-0.2072627479633916,-37.09249682898082,0.21592912837784997,-33.62472794004308,-0.08483368813699496,-76.97812454232063,0.16810022003522554,28.497285736178537,0.15046913596865852,-32.75670798944828,0.08621713806243936,-76.96955159621031
289,5.78,0.1524416368576646,-41.24615685204648,0.049237758500022044,30.79349116886718,-0.08552817908456298,79.51352648489289,-0.2227821914498736,30.014175220603196,-0.04849062215756231,31.724371280539703,-0.03360908415430236,75.57169450104043,-0.20087617451921427,-37.09175775593591,0.21312018378636047,-33.577952524724445,-0.08090794322329911,-77.12762744033719,0.17495425886585608,28.47139497329518,0.13720752145487233,-32.68192379546292,0.0736336360340493,-76.94742189137325
290,5.8,0.1494723515597681,-41.22988288482098,0.04922019408758157,30.809596622350423,-0.08172953508594696,79.33777131016454,-0.2230425511556575,30.022376495327414,-0.04864436421697511,31.76542708309082,-0.038220355757577734,75.56893704858706,-0.20037488113410476,-37.12092873379702,0.21359674149335722,-33.59070621169533,-0.08307463367587428,-77.24633656662674,0.1734966149527455,28.410617573054658,0.1372636791840837,-32.6607922273715,0.06688985009760957,-76.92612506443781
291,5.82,0.15224734360248882,-37.142329377867924,0.9414,33.61950136737068,0.13037336223972973,80.53629886102762,-0.35163809362714715,29.704787767408476,-0.22625972525294982,32.08860346437766,-0.09765740189300579,75.28180235748812,-0.12418546039155391,-36.262131388009664,0.10587135215620297,-32.81249965291797,-0.03427908106743821,-77.36559583578233,0.17539474224660967,28.410617573054658,0.23169215154868755,-32.797316969871986,0.05394668212206166,-77.32976778950723
292,5.84,-0.07399031320420607,-34.17472273117215,0.4206911629468473,41.110924540937624,0.1242032771877967,85.28500912178124,-0.21844279868865474,28.78912916272494,-0.26213855987754087,33.09065144772528,-0.17392113969870507,75.1697906893278,-0.11634790677698709,-35.32741919137466,0.03906445891726057,-32.61671855731802,-0.06587600938594299,-77.17390998052277,0.08700073995675908,30.759837028952603,0.3064272799498715,-33.381917677161425,0.13660672614337055,-77.69508163808247
293,5.86,-0.06331605927415163,-29.543119989700482,0.1940196036295797,45.24028249198577,0.12035415729132012,85.28500912178124,0.01124969473863982,26.7289238091902,-0.22015257275927524,33.09065144772528,-0.1532907016997949,75.4959366629565,-0.03720324824045919,-35.440767634033435,-0.05997818663492231,-31.496248589531515,-0.019822135389832546,-77.17390998052277,-0.034518932830791965,30.759837028952603,0.3179880960816806,-34.28610255250194,0.16914834005854862,-78.34978563702455
294,5.88,-0.0669856833287051,-28.25598206575728,0.20274148142757542,45.24028249198577,0.11937056255330122,87.65915753507007,0.1260699085968856,26.51322140677966,-0.1947987215330874,33.66204695717583,-0.12707329448840635,75.62579260157584,0.017366916080836174,-36.04877589261955,-0.10329018374992477,-31.135148298573014,0.005382468238797872,-77.59992954460647,-0.14695238239558794,33.57868585143306,0.3206518151161609,-34.628934570753685,0.15867090608967005,-78.67223117218667
295,5.9,-0.05764672300496268,-28.009331305904652,0.2071744889483367,50.28590186115958,0.11995931062253554,87.76453925550558,0.12522035780149918,23.782404391241396,-0.19911700741121083,33.455196512871225,-0.11108628090794445,75.45349818684834,0.03603475137898594,-36.31328382726703,-0.10598307959232767,-30.426978259158616,0.00443796572366445,-77.71756757510421,-0.20005405723920242,34.83732874381225,0.3264595794310021,-34.628934570753685,0.14889557243037269,-78.67223117218667
296,5.92,2.4201731849027297e-05,-25.02180328399615,0.23287087952487368,50.28590186115958,0.08265679864673153,87.76453925550558,-0.16874452676940999,24.02852053452179,-0.20910228251889795,33.32435056926459,-0.16297885644053617,74.78407691123567,0.009817030373923535,-36.31328382726703,-0.08292022108204855,-30.20178155565371,0.007690196487954631,-77.47756059467615,-0.13584156699382288,36.442093284027,0.35574589102385423,-34.89422909137907,0.052030395312949854,-78.75906291382312
297,5.94,-0.03315450600473557,-20.6757008134166,0.21883624824853626,49.26393899325523,0.07847928992323427,83.81289623930519,-0.011662021449786092,23.906974388216923,-0.21088195904823237,33.40419725224562,-0.1787122243489187,74.69856434453196,0.016015170925433732,-34.19385444601609,-0.10564497333222687,-30.11414474147449,0.014881819348064235,-77.34617904868949,-0.13627013816379852,37.142571166526054,0.3654170819959131,-34.993290649912666,0.10900702958057704,-78.48467073868798
298,5.96,0.15743392446538457,-19.668277614035237,-0.024624359937163123,50.04683283584934,-0.1255099162217666,83.57081105602711,0.08061552916123986,22.343183532208272,-0.06306264892407698,33.01332685951073,-0.1022614847258865,74.4348021283174,0.02946523835896899,-34.029056719669846,-0.032877022660675326,-30.11414474147449,0.015008296786376552,-77.34256652166717,-0.16383699500428195,37.66802944454445,0.36413691995371356,-35.27470811384772,0.08393007770794444,-78.6928518255126
299,5.98,0.08541728375988353,-19.880199155486594,0.07664636810766234,50.73548123439356,-0.04371578736575332,84.43481274159194,0.08778853570120419,21.461278287871725,-0.04322071056772983,32.265380808792685,-0.09737653130649297,74.12797964824273,0.052457799229505046,-33.832983723656795,-0.04642178942219195,-30.493578752993088,0.015066257148541956,-77.33445482151616,-0.1690587120885252,37.66802944454445,0.2799671748571305,-34.8911905787374,0.009367481733734778,-78.3781931625301
300,6.0,0.06461221591855174,-19.624537521950764,0.10762588633050191,50.79380256013995,-0.019521809479534663,84.448642690404,0.06180424182592244,21.246006276616264,-0.07174168784802985,32.265380808792685,-0.1274721097873434,73.96590418226666,0.045328275349955996,-33.885918225448194,-0.05415287216757356,-30.493578752993088,0.015124217511157723,-77.33445482146887,-0.14174941637787972,37.66802944454445,0.30022521331641977,-34.60397145877958,0.022703062810666114,-77.91250555410103
301,6.02,0.20263739419084936,-16.737228315336093,-0.8791916691463901,48.56593380180629,-0.8839757027989872,80.79236237354407,-0.18130001797373355,21.37068838328995,-0.01792609531890762,30.985188076112888,-0.16223950588295588,73.96590418226666,0.022044587712262115,-32.672211933435456,-0.020560295003897756,-31.00867053667517,0.011218766113492068,-76.88074857940053,-0.06145112647357519,39.021160233283446,0.25893039378575944,-34.60397145877958,-0.12490809245653149,-78.0004574003607
302,6.04,0.07511140225669882,-16.737228315336093,-0.35662895398133654,39.87588291917749,-0.3614872476857005,74.49956690194179,-0.07004050467925232,21.377764797534585,-0.09808346423894143,31.098194615007028,-0.20543644619793527,73.22050767374571,0.014893522922954996,-31.479628309722116,-0.06974504094466336,-30.890266996810617,0.018181672113443292,-76.63457682688566,-0.054406921332038616,39.71939653970426,0.32647389419657086,-34.44404862012527,-0.006472158939416092,-77.24470422354673
303,6.06,0.16290248861605142,-12.088955447358877,-0.06368351751240175,34.14789221050489,-0.023494017548221224,68.4582609195484,-0.059061006175189,20.91342714923908,-0.07346149604505267,31.859749301494222,-0.11364369134632665,73.28677909155644,0.04943967506687025,-30.958084528533753,0.16791051994768608,-30.52451645417368,0.25336200225409133,-77.6686524561688,-0.005372189305267713,39.883895683519754,0.15995380993895886,-34.44404862012527,0.00011841864826754589,-77.89158918584117
304,6.08,0.20650710572384454,-12.109641556483147,-0.034117843002134995,32.3025035790606,0.00011911906616085544,65.82374975838597,-0.10305374065924255,20.29641153814779,0.006441248546456703,31.335751479115242,-0.0451778278334813,72.5003415738759,0.07540274101008075,-31.02912735149839,0.08400877355347783,-32.038531929524545,0.22651870081795197,-78.44469506888737,0.02501098897212086,39.67266204584183,0.10789240728698968,-33.13905773547975,-0.016691824797163954,-77.87539529448323
305,6.1,0.18829984770230285,-12.412604797526164,-0.05971608692623727,30.640853481209742,-0.036883655607672816,64.26562920266787,-0.10500852387830104,20.512453381413522,0.0036912047342882934,31.335751479115242,-0.06740232298180823,71.9561455105571,0.07692970296767027,-31.196774076655686,0.09331548802335454,-32.05928881850819,0.21626845227839395,-78.74963099409767,0.020766506409486164,39.355444704350084,0.12853066093724275,-32.696188722169985,-0.024129820802185828,-77.80671140110711
306,6.12,0.20271043759193716,-12.412604797526164,-0.03802533771042414,30.179951283257914,-0.08448797772971373,64.19404923682782,-0.16609919172860216,20.427403046707376,0.012431592852236363,30.62275024055145,-0.11438973393694868,71.39813486259635,0.2043215788086909,-30.865054018151543,0.10572708660173802,-32.14170519464462,0.23615351360924708,-78.23334445451614,-0.09498550970135214,39.333407583309224,0.13066151177175278,-32.696188722169985,-0.0465075397340774,-77.76315723637221
307,6.14,0.19917327331240237,-12.481128472346008,-0.052094086508802886,30.08450431790589,-0.09414814334557059,64.30252259184998,-0.11753480195446445,19.25556278875308,0.02302871198664473,30.553285857699947,-0.1284850981329579,70.98702009362692,0.18197446019820093,-30.514898460340877,0.09907688936158932,-32.154389158778194,0.18375442477752688,-78.23334445451614,-0.12516847441748177,40.232329239477174,0.14303602937902377,-32.64818238788424,-0.038506852281750076,-77.58454744594516
308,6.16,0.1872284398601302,-12.45804932053589,-0.06263241782297316,30.108786943829397,-0.09216683024043343,64.47105798617078,-0.07525398235092232,18.72482833524209,0.021113589538730305,30.410554892576688,-0.13009645603989056,70.8861173499676,0.16819930684196105,-29.892128446473173,0.1003496458711305,-32.20312635981702,0.15185018464443756,-77.495875044327,-0.14249436690224354,40.5624921848598,0.15338534001941284,-32.66631215725002,-0.02924156987343232,-77.60855609667945
309,6.18,0.18352956942234244,-12.367111466773746,-0.06600804987364463,30.18403697154959,-0.09142559028580621,64.48829639409475,-0.06924577998470051,18.29804552254659,0.019815495803470355,30.40256667762101,-0.13053402466202463,70.86445568420396,0.1655839053782529,-29.514982127636525,0.10258308334658542,-32.22113897777497,0.1433749981977172,-77.13414517701278,-0.14473926098273485,40.955890887824665,0.15835125538209238,-32.773627106312496,-0.023728320491083615,-77.6639107884365
310,6.2,0.1845075686150236,-12.340010043346247,-0.06216614494533657,30.204070816688425,-0.0894850032757114,64.49267856358622,-0.08459268883761034,17.85314041197561,0.01988501143467141,30.38093143890482,-0.13050163618243013,70.85241262233778,0.17011174901228154,-29.464268819482324,0.1018850299915185,-32.202431636171966,0.14497243896295428,-77.01290155254763,-0.13811762599448119,41.01604512311337,0.15663152251502724,-32.888810915687955,-0.024733008705241755,-77.71443377137277
311,6.22,0.09778276235419738,-12.776219868658407,-0.19174505801501893,31.046495279312893,-0.03172893089795217,65.2793627242003,-0.05304908914754444,16.695651836350805,0.12041309874458582,30.046864357920985,-0.16859103666134978,70.85241262233778,0.36112826751810573,-29.43445402682414,0.2932321246586725,-32.81142432620454,0.23250922182237002,-76.6066355918897,-0.1719790340203362,38.49781577453262,-0.7554835849429915,-37.87302591847153,-0.08073551310367422,-80.7113043610627
312,6.24,0.08011912339222382,-13.217419962435404,-0.2427421586270472,31.970059834519613,-0.17838630354670176,65.80635467749397,-0.059643084624884365,15.726160770078698,0.17683272109852538,30.046864357920985,-0.08945776789709053,69.09525729518205,0.2271092715722291,-29.193223382954866,0.34598405975150137,-33.781668466402984,0.3003183994914651,-76.94334694801164,0.03902290975605727,32.210501897654446,-0.2067753401315502,-44.46547831041746,-0.06896966273939206,-86.13826615330365
313,6.26,0.12276682598177456,-13.217419962435404,-0.21178597252371786,32.407045656444325,-0.20380145356977128,67.02344675943442,-0.026781911160819835,15.522538582986133,0.18956501883281826,28.578922736473487,-0.09863027058456092,68.7130982606892,0.038415499562840155,-26.957351097367386,0.29038712696130914,-34.39674707557807,0.26079026527924243,-77.32089573869115,0.025265438280643898,29.463326720824504,-0.0916566768197642,-46.6857358450726,-0.0691836766200804,-86.13826615330365
314,6.28,0.15439306871185798,-13.217419962435404,-0.17242226775071556,32.24504972022388,-0.2078416953596474,67.86239058454495,-0.03301050893042892,14.996614366439061,0.2079339972316303,28.578922736473487,-0.1096365520607488,68.6856533430214,-0.04105993247083343,-25.678004000902984,0.26759446805948645,-34.39674707557807,0.22130566651813124,-77.20570215839729,0.014088271690501614,28.89830018636108,-0.09658462509995375,-50.396323512344715,-0.06672390160154104,-87.75577270758491
315,6.3,0.16394582406594838,-14.01185545786303,-0.16027390508158185,32.05448615439747,-0.21329148369853232,67.86239058454495,-0.03858794944723658,14.98066958845448,0.2065168916398546,28.1286261044565,-0.10972313097637464,68.68565334293208,-0.024950207108194115,-24.78972112808961,0.27567980153071636,-34.17374635006094,0.19342393237041797,-77.20570215839729,0.002744343009950122,28.49520117033969,-0.10339356749754258,-51.30822619405501,-0.06573540527469429,-88.01490836544535
316,6.32,0.13291126769598624,-14.01185545786303,-0.20204892507067823,32.28475472525019,-0.06861809738654498,68.31602205055964,-0.033756535458356746,14.98066958845448,0.18623269863198194,27.769959378172082,-0.11219515205875946,67.85730016705709,0.2770921419905972,-25.126213253675665,0.2902374608439826,-33.82432656657279,0.2507797140606996,-75.99454770105432,-0.0809960860918223,27.730789627883624,-0.12668215221563986,-51.3821759316083,-0.029520280297744506,-88.01490836544535
317,6.34,0.10941557183462984,-15.604990400273334,-0.20424270342999146,32.5470190217973,-0.16612139393802922,68.86208939348371,-0.046772467403067675,13.114758564113078,0.19569727134825501,27.860059114573495,-0.11244845123182051,67.3255979289792,0.12515372708984818,-24.791821374273855,0.3050218291741751,-34.138186593959844,0.24965151718499,-75.84054571083111,-0.01579926276041313,22.441026198941007,-0.11485170512918397,-51.3821759316083,-0.02421071463620697,-84.8689435067168
318,6.36,0.11676939545898153,-15.809662971559295,-0.20471719026377047,32.61292640340075,-0.2173711988009841,69.53414042488076,-0.0416571111712383,12.94907854159396,0.2098621340335548,27.706311882236985,-0.12252460896314588,66.87966064335049,0.036072254213771554,-23.8392634116724,0.3000236173562499,-34.26252684450269,0.21977318856632852,-75.84054571083111,-0.02602632224310869,19.746981691177158,-0.10896309894028404,-50.21725073903696,-0.025349022462047843,-83.59309105976834
319,6.38,0.13691388891019143,-15.939194596876174,-0.1734590175432416,32.61292640340075,-0.2279581759865864,69.98973079990735,-0.046322805647611244,12.819619999722466,0.21197296052901107,27.53174950036677,-0.12215550923432264,66.76326627160205,0.024514894931628325,-22.701723489308034,0.30821913534091855,-34.297411983568125,0.18918490620048814,-75.84054571083111,-0.0330141917404943,19.325845322259788,-0.10903740503546902,-50.194081670520006,-0.02280600073504767,-83.42820475706765
320,6.4,0.14646238012688717,-16.056736504753474,-0.16635647200546003,32.61292640340075,-0.2211341908041216,70.2894234782963,-0.04922181698680546,12.819619999722466,0.2085464764231382,27.518339733774862,-0.12092590291726092,66.75470104537193,0.05244036616833058,-22.554622831938172,0.31488224663255565,-34.33658292992697,0.1716588166270454,-75.06264979389276,-0.04578842815053936,19.084824306989645,-0.10856281376854249,-50.20025374015659,-0.022560739801133475,-83.3199072529491
321,6.42,0.12276793875409595,-17.312632388495878,-0.176939822361334,32.34683844266647,-0.04610678556897005,70.33152648085965,-0.043202904106047824,11.900141133828251,0.18150448899030902,27.372918551668285,-0.1205394452244519,65.99219874455461,0.27675820423220654,-22.77506837633571,0.27308319418398735,-33.87572984243736,0.2400087252618619,-74.29988659242744,-0.12165624648257795,16.47001463888551,0.851156177111621,-47.64757199495638,0.7722350828901701,-81.51012020927905
322,6.44,0.12953832239849145,-17.724625021195052,-0.2044316236728799,32.70537711144876,-0.13521998094977572,70.67995855228438,-0.0543310929794911,11.107078130353628,0.2125819127023394,27.32813059710732,-0.13169872375574382,65.164539118757,0.12018849310053986,-22.183969713858893,0.2972076964485719,-33.87976656175591,0.2553430132333307,-74.19510826986678,-0.06122355638201635,12.73959160876255,0.32857186510315906,-39.55683496664511,0.2496880023554836,-75.51698166174374
323,6.46,0.14520193726669425,-18.411163138973148,-0.013381332281639735,32.86592678293334,-0.003129895798490101,70.50916630806296,-0.06609351461946465,10.892279590015528,-0.026680017631596754,28.458933974015956,-0.1848853929293439,64.78884614133484,0.017106073698910026,-21.064087923998127,0.08235497968478422,-32.902983286885586,0.11567260414491451,-74.08497587993438,-0.18373052306194862,12.73959160876255,0.1565746817217913,-39.55683496664511,0.14740789158123124,-69.3612460787488
324,6.48,0.10770105660598271,-18.40111351530064,0.004451275810693871,31.686814043455364,-0.013097036840490017,70.08250880439462,-0.07146169573524065,10.917594452294914,0.006282942188975384,29.093186657882416,-0.20522346538818992,65.05092895927338,0.047945473881035094,-20.269356139468908,0.0712472086357874,-32.004248252450694,0.08357826962228854,-73.34331372247824,-0.21025228674343668,12.73959160876255,0.16228096806976738,-32.8791203233668,0.11654959332306189,-65.9876141843879
325,6.5,0.08488080820212893,-18.188387958833452,-0.006065718128213021,30.993811258732073,-0.017301194279274512,70.0119160189586,-0.07930783797029492,10.935479048988771,-0.00044660485101887665,29.29367610989816,-0.24397204499295944,65.45157610881621,0.08661261892406365,-20.109423036012664,0.08605391954125047,-32.004248252450694,0.0910905363518632,-72.51856136427827,-0.2060423147269239,12.530711028104662,0.18506250570104946,-31.670509170541244,0.12198931353712178,-65.04816793851143
326,6.52,-0.03864211873602827,-18.500407980900412,-0.033445955397471326,31.116790092967623,0.06890177738686123,70.36520024280864,-0.013561421403900015,10.933065776747709,-0.0362975045176143,29.509355282738014,-0.22603188170119104,65.45157610881621,0.15525444368114316,-19.4435091915087,0.07393222147174831,-32.004248252450694,0.132973194413077,-71.83984770010638,-0.21553093048722788,12.544533972102625,0.16820775236389418,-31.342232257099738,0.15345371525543733,-64.81726962340547
327,6.54,-0.014488745058950453,-18.810637109178014,-0.04478624736174327,31.307191957367994,0.04226134237129295,70.68891296578495,0.0035858931901604774,10.933065776747709,-0.03703945898899937,29.634611211294178,-0.19699693762761344,65.46726230685091,0.14509061666253292,-19.165942745313693,0.07785671965484253,-31.314562842886108,0.14044202681936213,-71.57617008193323,-0.22017918783765533,12.585979017886451,0.17359411478618827,-31.234635654160424,0.15274489889754736,-64.81726962340547
328,6.56,-0.0008241606866420809,-19.220590137228882,-0.04996479735300191,31.38915502679918,0.029163257672467274,70.96851426342955,0.01066789325929303,10.173731789361655,-0.03528701867049613,29.775878089448607,-0.17494592643345155,65.25068443852362,0.11553797959256384,-18.925342987720118,0.07852607460050637,-31.31510340327879,0.13745969765782629,-71.31587218926991,-0.21726635903642297,12.599207825472856,0.1751854054112742,-31.200096220894455,0.14690084396787867,-64.81726962340547
329,6.58,0.0036949537548499733,-19.366732840866984,-0.050849018125658244,31.38915502679918,0.026378793544662327,71.06775765294138,0.011820295126090001,10.063662888388036,-0.03587131815390675,29.82101909925405,-0.1673120861669415,65.13193683210459,0.10610979945879209,-18.35110960006066,0.0800958987373438,-31.3225854144579,0.13886872003076164,-71.17770935997493,-0.21736185962425922,12.599207825472856,0.17523321486613655,-31.20009622089929,0.14643300590996716,-64.75997511060142
330,6.6,2.57867785440416e-05,-19.40321135887632,-0.04965426983500457,31.48584840587477,0.02984025939606605,71.13867054117654,0.009136654578348443,10.02069553929512,-0.03535853601369748,29.825497026091995,-0.17107518225322044,65.13193683210459,0.11252006286018688,-18.35110960006066,0.07950852936274694,-31.331345174411783,0.14026164085238885,-71.17106979847912,-0.21744595241180337,12.613563146858452,0.1752764710377344,-31.20009622091209,0.14762187164375384,-64.7457176113056
331,6.62,-0.1311287221766926,-19.544980584594068,-0.22692112869061343,31.48584840587477,0.02329930798153318,72.01156730168503,0.01558794040616368,11.058710424011291,0.9049522313921978,35.3004302882942,0.5927471981950139,69.17039259392187,0.14857047846385535,-17.11478078888152,0.2550224081991833,-31.333218272647624,0.3527105593097965,-70.80406843510437,-0.10859544848984166,13.406698011468015,-0.06468626339751025,-31.21267559485649,0.0779990246420331,-65.2063697934514
332,6.64,0.10535023280153452,-20.229755811256958,-0.27767170612487213,33.492095331852035,-0.06130325559271696,72.64198786601207,-0.07494092875673111,14.320315489914094,0.3824298389534576,35.3004302882942,0.07004147049628673,74.56421728411158,0.1755214084381343,-16.87092182794688,0.345055655614726,-32.66125160913673,0.2800793647978981,-71.31834099327273,-0.09542132115221891,13.382083659126494,-0.08037778924052903,-29.729496649229006,0.07134036895006708,-65.96711617252178
333,6.66,0.211439428635545,-22.90019794172769,-0.23611792325980055,33.71975289961895,-0.12604057323031517,73.55546898062876,-0.0987172504671845,18.69099811400728,0.23093238274312933,43.853340051715506,-0.0028870455004751383,80.1871042748079,0.18280079427118606,-16.650174146587034,0.3885172170998268,-33.347759122528004,0.15618433364677645,-70.43104260499915,-0.11964823200263737,13.406740866265627,-0.0534133161492757,-29.729496649229006,0.06672969054645118,-66.07536691942893
334,6.68,0.2109346194285655,-23.715916636986154,-0.2009382593857989,33.68610458006813,-0.1875759726827201,74.220539375941,-0.08501102461662763,19.25478088485062,0.24939425082859634,43.853340051715506,-0.005120819315083486,81.82768164458287,0.1737835134533515,-16.64958932315972,0.396226666135961,-34.240522694248554,0.08082639398103111,-70.43104260499915,-0.11279222628194112,13.53644774130265,-0.05801600005681392,-29.086020224827365,0.06737929039791273,-66.10437545532587
335,6.7,0.18859166704391964,-24.16754659866848,-0.18048574674153875,33.57046135253645,-0.189351194467678,74.93604135156883,-0.06723682582595247,19.29598293076518,0.23328870107179783,48.40052488966448,-0.004629512777084663,83.14108212872746,0.16401298077894544,-16.601797248041628,0.3631427943874253,-34.35760229951636,0.05520322729455504,-69.25420693334122,-0.1762506130582308,13.930265453291916,6.862209972875732e-06,-29.454838502717088,0.061066542023709494,-66.1294852354333
336,6.72,-0.08207320497229477,-23.863578608849977,-0.17471789104006877,33.57046135253645,-0.1153041508656159,74.93604135156883,-0.004781788696535116,23.67279264504319,0.23523362850682594,49.74356144793692,0.02512338936736208,83.14108212872746,0.21879581999216619,-16.601797248041628,0.3313499433125579,-33.99209095286734,0.21965237519303954,-68.39206457572132,-0.11245053416932367,14.942153528977897,-0.08307322941758195,-29.463319067245973,0.0649822016915569,-67.2724157363293
337,6.74,0.07153207489103469,-24.148224652205073,-0.16782383948888635,33.29618250056904,-0.12585727032757532,75.66341890305426,-0.0517790395859998,25.820456658813228,0.24263082645333445,50.08677077231079,0.02598830527381088,83.14108212872746,0.2049014292172203,-16.601797248041628,0.3370769612957829,-33.66019034762926,0.13990930960694314,-67.82570030617285,-0.09405352905387965,15.451615189037199,-0.06669280959993526,-29.331975846899667,0.05835844779716995,-67.87561258231526
338,6.76,0.14923939500713274,-24.148224652205073,-0.17638881347490987,33.23341549740868,-0.1587859272550072,75.82680815188108,-0.03795079301174836,28.148408990586937,0.2536010221317879,50.13582190055161,0.025063854212124967,88.082827106393,0.16825488252832335,-14.77740431388025,0.36526187355902573,-33.63935338391378,0.10781581839985938,-67.75980017872881,-0.09560542597073687,15.550903564484146,-0.06674396999737502,-29.331975846899667,0.05561419722300212,-67.92935758081913
339,6.78,0.16353168857620654,-26.00406103817586,-0.1841582825953718,33.29753783942307,-0.15522552344568943,75.91959056277256,-0.028469912364337293,28.563064136516637,0.244521678496823,50.254567363234116,0.024752311176839806,88.36178478070714,0.12616114572259615,-14.77740431388025,0.35101623166080564,-33.70139170036142,0.09057443885178795,-67.05279765575928,-0.11760937727577025,15.768321222450082,-0.018394398979139116,-29.331975846899667,0.09547697590053009,-68.10858848457256
340,6.8,0.14282675081488655,-26.3079218339592,-0.1817703522371722,33.30100043124768,-0.1507242030434188,76.044095469596,-0.015747625158665852,28.611736848435687,0.24469778447758503,50.261660472737525,0.024259967857773623,88.4726449627143,0.11512184638858866,-14.003334390744614,0.34810978478326454,-33.7067680893518,0.10468942931721896,-66.72529008063255,-0.11340574932892361,15.815467261594279,-0.01695796171174699,-29.79167595672344,0.0861211455672791,-68.44676075820513
341,6.82,-0.16280182959897765,-25.637797030703663,-0.15057633372717555,33.075036704675455,-0.06674078690691607,76.3873743639562,0.06802321382045895,31.122470268241507,-0.6401647117770002,47.980727821305635,-0.04882170137122166,84.03083522047248,0.16351486980572733,-13.551539231661764,0.28546874383688686,-33.162612228177146,0.20031105730273904,-66.05016168184058,-0.05740119955354415,16.541940756038564,-0.01054089539997944,-30.214705545695427,0.0005224121745144306,-68.44676075820513
342,6.84,0.04717333368991636,-26.44962621107828,-0.15932886673759786,33.075036704675455,-0.06305365292111342,76.35684199953438,-0.01517408225295555,35.211329076945724,-0.11750434752483685,44.08518777032668,-0.046387308431580315,84.03083522047248,0.14455399610400782,-12.37679294787864,0.2954912193134254,-33.162612228177146,0.14039953523768467,-65.81032294755059,-0.06888901792263208,17.23354610309154,-0.014312104593831532,-30.236165014742237,0.09668259320908958,-69.69397364323507
343,6.86,0.0029987232119123904,-27.575176039053492,-0.036096107379463144,33.10043304774588,-0.05544109935951613,76.29702856187971,0.17322939313855626,37.69048614216242,-0.08571107324080374,35.25370751938499,0.029604668110402632,79.58146373497149,0.15324640413028132,-12.03643786864035,0.22775317478582002,-32.66110212138128,0.034163635123268574,-65.81032294755059,-0.12296327265185646,17.600105086658044,0.17197859497976004,-30.878214487776162,0.154201782590767,-70.50574678898928
344,6.88,-0.04182055239829792,-27.37829491566364,-0.014013293825107312,31.9688408530531,-0.05309516555867605,76.16266374492902,0.13541363433045125,37.595056289908015,-0.05311289177263395,33.70120229924869,0.052116200983826494,78.17919590811007,0.15021543620943598,-12.00613353235546,0.1906875162616831,-32.016481811016995,0.012104123098055947,-63.913403308214185,-0.1367587717140763,17.811533926396766,0.14454902623820837,-31.61800837353488,0.10165650015384128,-70.6405091814889
345,6.9,-0.060702694948188474,-27.081144829840643,-0.014169780124149087,31.688431671964228,-0.04822117331006595,76.09237808052572,0.11817728599860974,37.706907657930536,-0.07264990568206217,32.97302349309335,0.027530994288462743,77.85108183479393,0.16873477979206888,-11.955292575263119,0.2120537692125209,-31.6357597110974,0.03287694945926134,-63.913403308214185,-0.12147375156408269,18.302178757070596,0.14194940161413272,-31.858455773696903,0.08459931109912051,-70.51797540658286
346,6.92,-0.21603092767455484,-27.48362954501094,-0.011756336812686903,31.51452458312305,-0.01641408146652562,76.52741525471112,0.19334041403793725,37.73496091321691,-0.0914047574735666,32.371597998199206,0.02169650595509967,77.65252007924212,0.11300579807154337,-11.778166801273013,0.24731802051302867,-31.833332665246044,0.014101200343245232,-63.614282084567755,0.01583411440131271,18.427976229473423,0.15758354580105197,-32.11856075985392,0.01552266943981144,-70.9161973316274
347,6.94,-0.17937794467759985,-27.5813643420593,-0.018258353997589676,31.52488124720553,-0.023598698385985217,76.57190181557696,0.22679614142740345,37.19139681861789,-0.08912109077574734,32.369589205823594,0.03489377812263404,77.67639971924449,0.08117627978598521,-11.405795013924102,0.24010269484670832,-31.932053073339016,-0.006783074065231903,-63.614282084567755,-0.01730536506308611,19.11875453695308,0.16778049100591677,-32.11856075985392,0.0465920590169563,-71.11029469176273
348,6.96,-0.17312601997360552,-28.168204418492383,-0.019959939787082617,31.544270775482623,-0.020485363477440843,76.71210288809766,0.23015783558838562,36.99669461535868,-0.08791065746980176,32.369589205812126,0.03928791616321896,77.5846189059691,0.07348145746645302,-11.163474082933382,0.23490866349672537,-31.932053073339016,-0.0029041534493201016,-63.2608421386048,-0.020975610631024898,19.23246287573158,0.16501152519176376,-32.49798965137662,0.052855675954584055,-71.34754987489346
349,6.98,-0.180506155018778,-28.324960247520554,-0.020486942049194552,31.544270775482623,-0.01476202038680624,76.67755098680075,0.2210783559260053,36.88416472838321,-0.0858435454754288,32.35296578983632,0.03585571381579135,77.5406491061031,0.07888215724717788,-11.065387610663752,0.23469279512365032,-31.90970709626287,0.002608279751211917,-63.24358442397641,-0.013848487049260439,19.534996547199324,0.1655507904934711,-32.52610968498953,0.05017039568618849,-71.60953754319745
350,7.0,-0.1815480322225493,-28.331850224286104,-0.018928119436544044,31.563133763845613,-0.014953544562062243,76.67472496845205,0.2208060216695596,36.88416472838321,-0.0857620703235008,32.33123627748917,0.033506037220033855,77.53392577189284,0.08101366452589596,-11.063872755994286,0.23593022370018746,-31.904908282696294,0.0023243662044921815,-63.23724466383329,-0.013088848644206019,19.534996547199324,0.16512881387307934,-32.5265761324384,0.047839599553640325,-71.64200385119527
351,7.02,-0.04395211286928122,-30.572583671841826,0.20843078264500606,30.148864145806645,0.03734886012435257,76.80614885694534,0.1220915338286317,35.78541311606952,-0.18381765010947798,32.50681285181066,-0.19622356907411959,77.59589582132914,0.01895095840413119,-14.091827013454935,-0.720944570901429,-32.39253989216115,-0.7911524653584094,-65.61425561837109,0.11721754514647198,19.548126178635076,0.3452413657191573,-33.38639508562275,0.03221944846473926,-72.3109200208592
352,7.04,-0.019657924372580668,-32.09296551696869,0.21082666544104828,29.501064731974488,0.040777195754056084,76.8307913861762,0.017666556039761645,35.59991992410241,-0.26255714303170347,32.50681285181066,-0.15605415991348612,77.59589582132914,0.11894171248897031,-16.206186185701064,-0.19835632299555794,-42.580875408059796,-0.26851857004505975,-74.00464958432616,-0.1370125312279148,20.92465762227877,0.4257875487355683,-34.661250633294515,0.019211201140016218,-72.74628796195019
353,7.06,0.014936433092859677,-32.92577597878577,0.1904998682949358,29.501064731974488,0.04206017758975769,76.82652003169905,-0.04573759446768126,36.13513026457842,-0.2977545510201606,32.50681285181066,-0.09748208279030657,79.10408722598709,0.14262111600992744,-18.60974237071258,-0.10034736381606257,-44.64051844994087,-0.03160577741010362,-77.30087578089497,-0.24041414004421363,23.135978989597813,0.42681131117097193,-34.661250633294515,0.01218108941150746,-72.76407954586742
354,7.08,0.01573934624171373,-33.15862073888652,0.20054622634901242,29.20797150406113,0.04167956727299396,76.82062447394235,-0.05745403058834511,36.5681800120155,-0.3122815642739073,34.46306100152066,-0.07195230291719393,78.58209955129013,0.12570759428816272,-19.709062132007016,-0.11627165508660658,-48.18990170372543,-0.030662350866420163,-81.53971859114776,-0.23270578386001575,24.145591480084434,0.41892949342546076,-35.52123373660281,0.033287333320213275,-72.76407954586742
355,7.1,0.0019454492428361246,-33.39852691969362,0.20834650028447965,29.105241173815642,0.041641580482292134,76.81952997377508,-0.0448783792327693,36.85413509080614,-0.3050352248123782,34.70925597533464,-0.06720656066630719,78.48426843284074,0.10211298262281712,-19.818466732203085,-0.11930196856051475,-49.61663581121846,-0.030792843219185503,-82.77215053644343,-0.16888674373961585,24.26274596012366,0.4105786847535609,-35.54418955481153,0.059982692274173396,-73.0198242859006
356,7.12,0.012561316226782165,-34.91213029931635,0.23373176749169502,29.105241173815642,0.04380463287092867,77.15359785946201,-0.1107405519276922,35.78517849001041,-0.2690572473773823,34.693245857215665,-0.1799108597815523,78.23513144149429,0.01594149409116724,-23.372718479639225,-0.09824296291589674,-50.54679354798154,-0.06105379698274516,-85.27058023294452,0.1501142045043533,24.26274596012366,0.39031146380554516,-35.613684544567526,0.020535126215417518,-73.0198242859006
357,7.14,-0.01318919004701579,-35.804897273646574,0.21338940325578398,28.843083885117462,0.05053571253898573,77.29040759994989,-0.05554042095626002,35.40271677635486,-0.2507591627042868,34.544532151961356,-0.10242076498926778,78.57235163276452,0.07161461431459791,-26.59640515290077,-0.10629490831558652,-51.38694684212122,-0.06125558697208541,-86.86415309798595,-0.03935745894426492,23.984011449950103,0.3742624649355254,-35.41686653342021,0.017998395493805025,-73.96419807385857
358,7.16,-0.013365337652597755,-35.996089333519286,0.15111271421986314,29.090534084991287,0.05212826328746464,77.3098270352615,-0.02115547702242762,34.76245839871566,-0.23605796653127048,34.304897736533434,-0.04617847606418342,78.04581626631703,-0.0628676766442906,-26.59640515290077,-0.0023573603718860525,-51.933818828964924,-0.014204641323011469,-86.86415309798595,-0.056105396593264356,24.981476546411027,0.3239633051670194,-35.31981713686856,0.03511543812554739,-74.09034350148971
359,7.18,-0.027919076975190516,-36.11451314252692,0.18212716937714174,29.306205166826896,0.051140210034270495,77.309827035271,-0.0018284706226563627,33.75750522961531,-0.2255848413556734,34.03096463775588,-0.042256308837643614,77.58647220375387,-0.026457893077447905,-27.85939900142534,-0.05080860883708812,-52.28062543283345,-0.038021385120644804,-86.86415309798595,0.01642919138791381,24.953093034736977,0.3002276498224124,-34.69917275938846,0.057208476484813434,-74.28322729785275
360,7.2,-0.03459238058487284,-36.06911171937407,0.18985879641334003,29.296517065086697,0.05007026523208444,77.32110119079154,-0.011049147528385268,33.49678128659306,-0.2373693518565863,34.004230147812095,-0.045952694631962124,77.45411303774907,-0.014012140886348994,-27.85939900142534,-0.05579396580017676,-52.27325359392556,-0.030721593857711935,-88.58649674934631,0.03434391547437246,24.515462948963012,0.3106164566000626,-34.55365503575164,0.07151349069766162,-74.46825339729146
361,7.22,0.009262338654684496,-36.827998547759734,0.17264740847628446,29.640901670275852,0.04843899899423035,77.54704325740981,-0.13110270252566986,32.781026599716455,-0.09925277432864021,33.50762416202517,-0.13837004786076948,77.45218658293618,-0.16776878322412803,-32.00833948395953,0.8806520061809968,-48.11091917466187,0.08007799191586806,-85.1175593463714,0.3245497650388831,23.824801555393503,0.1523013296574776,-34.55365503575164,0.11483881660034273,-75.47541402681168
362,7.24,-0.0229137453194838,-38.70272715694286,0.16315603087253372,29.52892498615138,0.054669270912460016,77.70023536123568,-0.17426315670729153,32.3317728391658,-0.10083575297327552,32.76518766614155,-0.10369948653495185,77.41411872744006,-0.1396931723310333,-32.00833948395953,0.35807986651549084,-42.717094489632096,-0.15028125037894297,-85.1175593463714,0.18428838856770097,24.467413652175022,0.10038406712233316,-32.81603282025073,0.1263707448382983,-76.00210874276064
363,7.26,-0.03495532064950731,-38.986906767800264,0.19834862749036947,29.39949898274053,0.052578704032664986,77.70845307191195,-0.18356214027622125,32.36094127894898,-0.17208137232038165,32.76518766614155,-0.11763564398683307,77.41411872744006,-0.15397721404761514,-36.83847563202541,0.05018431176891197,-37.534388873857004,-0.0470707702049572,-78.03293825393901,0.19691531422462036,24.91963014657459,0.1601513031218778,-32.570439427478625,0.13565381371581947,-76.3007220811992
364,7.28,0.07408771262060107,-39.220201307665626,0.05443960068490519,30.632325259390022,-0.1808844855681861,79.349838387481,-0.051516131552816716,32.36094127894898,-0.015742590656279323,32.62055921767253,-0.05045247978906811,76.97826230956602,-0.12947915694158912,-37.41251583814015,0.18905395935469832,-37.534388873857004,-0.1423748013161219,-76.9730135340067,-0.005573085210112225,25.062349109487684,0.17119901936227658,-33.02072583945428,0.07901014591951504,-76.44925362781659
365,7.3,0.07794164561605856,-39.716505873653595,0.0585066114783797,30.65392768725935,-0.16555498342206926,79.90674807070224,-0.0566692908785274,32.36094127894898,-0.03195283165460969,31.736356612523114,-0.028617586226350328,76.74811060748405,-0.12641759981066128,-37.63278031387651,0.19586592479653087,-33.85249799317591,-0.15074436503974722,-76.9730135340067,-0.03104912234676728,27.083900810715743,0.15391699920460986,-32.93541598960065,0.08366392151606639,-76.1687801027552
366,7.32,0.14666095177959643,-40.425157266114006,0.07699367400378956,30.65392768725935,-0.13449810701279896,79.90674807070224,-0.2176727425638138,32.36094127894898,-0.042880263811452254,31.65052889123276,-0.05317762218156517,76.10874775910095,-0.20746824602494607,-37.44073687749463,0.21577517077401925,-33.59952344296178,-0.11090547941161835,-76.58634467414575,0.13924497621729867,27.903693609765444,0.14199259416428775,-32.90104293076017,0.06025357423373075,-76.55509116458077
367,7.34,0.16328218602406136,-41.04671351604543,0.06489864243082637,30.65392768725935,-0.11428955621511838,79.89603248733572,-0.2155866053147995,30.20972768265471,-0.04334195281489314,31.65052889123276,-0.03393630293030081,75.78495767837565,-0.2083880991759723,-37.33779254367207,0.20707895687430175,-33.56169495848632,-0.09832215227511744,-76.81140163442596,0.14868341225210874,28.31821383249642,0.14074591577937295,-32.72519349789657,0.08999271550954119,-76.67147520903302
368,7.36,0.1530294684609635,-41.04671351604543,0.054217817607820296,30.632441664579062,-0.10821021236529821,79.89603248733572,-0.20601314015607908,30.20972768265471,-0.003786586520065263,31.716270759465825,-0.04169087174443338,75.57846000660508,-0.20092944684293876,-37.1528456597414,0.20382442316568666,-33.49493003344834,-0.0858149695284089,-76.99640078733594,0.14622162753102813,28.517291216330584,0.09748317154234687,-32.62514338159674,-0.03874611585054959,-76.67147520903302
369,7.38,0.1553342642609824,-41.240084736906695,0.05746216723056255,30.70062673226277,-0.09614177001094998,79.55726694711694,-0.22496716179588896,30.037711371200633,-0.04919852317019535,31.716270759465825,-0.03322839311080719,75.49395424778001,-0.19285792291558376,-37.13424450758876,0.20973737201084358,-33.49526282511169,-0.07349372117419177,-77.19745063640406,0.17348962962568848,28.469090352936515,0.13454268469056302,-32.589222606268194,0.08326837313304536,-76.94642350019636
370,7.4,0.15368297609166046,-41.24010665738588,0.05963467354342946,30.720306999159465,-0.09739719971777516,79.46942524142479,-0.2259308597136545,30.048308429490206,-0.04800742184340147,31.78670066733027,-0.03522767270994473,75.48611268837072,-0.1915918151192211,-37.20755647262915,0.20918827597134404,-33.50674000892,-0.07629443630215872,-77.2460664901317,0.17295917398620228,28.397121917181735,0.13127947864983114,-32.56965421043092,0.0740882975131355,-76.95329594534368
371,7.42,0.15601945958038343,-37.75840989505448,0.9414,34.4265984479429,0.13086178916493485,83.5568380071225,-0.3497436350736043,30.07035911206684,-0.22567133618525403,32.356119798202705,-0.09208728962031479,75.05252241653008,-0.11774503888904242,-36.95808800242623,0.1093561874453341,-33.50674000892,-0.024463627965863474,-77.37271072677997,0.17174077348568773,29.510378720808493,0.23121225158241138,-32.82366409570207,0.059772818710973466,-77.26031683642105
372,7.44,-0.07069220119306102,-31.558481314037188,0.4293453277545223,36.52419693669508,0.12199034236770556,86.38806288651591,-0.2211848529955346,29.21077400686951,-0.2575009665018999,33.55538625098439,-0.17234640935943346,75.30075692172551,-0.1172458871468588,-35.34733417233849,0.03600191593486525,-32.30256772395914,-0.15088933242252628,-77.07151447894708,0.08399710714528336,29.510378720808493,0.3044638447254192,-33.453105018267074,0.1400315012038832,-77.78918370528967
373,7.46,-0.06467410077703326,-31.558481314037188,0.1958718370792809,47.179141761866454,0.12038973880126091,86.38806288651591,0.007296640016737549,29.21077400686951,-0.2131728591949771,33.74971311286497,-0.15180633699099536,75.57516969052416,-0.03804379063130671,-35.37763561858797,-0.06334326007607932,-31.474637351713596,-0.006661972483850587,-77.15004831660056,-0.036232891132685574,32.434679733495464,0.3217240535109019,-33.82725988726099,0.1742601060746028,-78.40460225540807
374,7.48,-0.06893083173184164,-28.207707598046735,0.2032906640568814,49.46019436386113,0.11960921101394698,86.38806288651591,0.11095439135862377,25.224547945115262,-0.12032124126197918,33.66809053554828,0.0047541448360518546,75.58692406027713,0.012713130272484188,-35.720457307415614,-0.09974207833170337,-30.659423818757478,0.01583861928595598,-77.55679081574579,-0.1564858374619197,33.571259105339166,0.31610071397244544,-34.540716204016945,0.15897458737091702,-78.63112566525156
375,7.5,-0.057534941757680376,-27.93720279291792,0.20762266591329243,49.80888644497392,0.1194849892507491,87.7582362920204,0.12646464662357648,23.855491591491766,-0.19920961112773533,33.482715413138536,-0.11464943462573571,75.42179571191252,0.03525928833074965,-36.454726366557054,-0.10623113298626422,-30.170021438909544,0.0049559199042469165,-77.67802835992973,-0.20011389303622293,34.813697421077656,0.32687837064831643,-34.67884690781894,0.15044357976959347,-78.67691502018728
376,7.52,0.017422807876845525,-27.19204298426158,0.23387823017970266,49.49619160618652,0.08262703150316525,86.57464264803201,-0.17349982458861643,23.993378897129194,-0.20553780913864755,33.45522664322298,-0.1649501281909679,75.42179571191252,0.007537719800205234,-34.888087730006376,-0.08219591808941476,-30.121221219413826,0.008304514035415933,-77.35512993996844,-0.13701810165259407,36.33855525404798,0.3521147006710384,-34.816360708667744,0.04563404662996029,-78.7259069129623
377,7.54,-0.03437572939664815,-27.19204298426158,0.2198395035578511,49.49619160618652,0.07869047029080273,83.82000615745328,-0.016016420871232687,23.6754034842911,-0.20828608599918202,33.39130642794501,-0.18393264838846862,74.68557366809544,0.01694689858169806,-34.15654289696859,-0.10540269276685052,-30.056492604722898,0.015130794767538744,-77.30411046646267,-0.13723860496682042,37.32593033234626,0.3674984615723424,-35.0690154822798,0.10499416081916767,-78.37867475346884
378,7.56,0.1560007560936752,-19.766911545077498,-0.028161033259323787,49.81034034113873,-0.11036158447022532,83.82000615745328,0.0772242770284019,23.6754034842911,-0.06754391021529577,33.37528141832926,-0.10880625195888399,74.48960586423456,0.027381087263857067,-33.83489038759358,-0.03467560590773401,-30.009294925409105,0.015126293545100741,-77.26512167524001,-0.1669343427485295,37.68093937866305,0.36036381453736455,-35.27385834480349,0.08190639649313027,-78.64497327127347
379,7.58,0.08350872877636678,-19.81197129174879,0.07170401859848563,50.868418530370626,-0.033849427464915594,84.33362969807013,0.088301685502959,21.49179771097698,-0.04180729971627731,32.3520865523383,-0.10184063243528091,74.0406855965624,0.05195097904457378,-33.80034766207874,-0.046351352103707597,-30.458403518939,0.015181923368123046,-77.26512167524001,-0.17363823362244207,38.086216284453904,0.28159867101309244,-35.243293145810554,0.009117002325008783,-78.40761455425258
380,7.6,0.0631821997812515,-19.64151202894791,0.10172900323596247,50.799104281351994,-0.014323403202057106,84.2157378090465,0.06481349948233153,21.21806463895822,-0.06957980258604961,31.87876123035888,-0.13168222122508583,73.93658986186365,0.04519074994300197,-33.856798282485684,-0.054379184370043285,-30.458403518939,0.015237553192954667,-77.26768981086948,-0.14775507488854653,38.16752281852287,0.3004082475107629,-34.56699757523526,0.02102503315482547,-77.85535963513288
381,7.62,0.1924759258214046,-17.976032129519417,-0.8621550635868152,46.87934222815528,-0.8506964413566573,79.43584764761106,-0.17601248417780416,21.27123582460959,-0.017131959770190677,30.957700083490977,-0.16523666021600467,73.12467627129395,0.02297556254743205,-32.47878197516069,-0.022149026937280776,-30.458403518939,0.011847234321176056,-76.83726265047763,-0.06299227650144817,38.5069019918308,0.262681570211328,-34.414364150168076,-0.1236907834194108,-77.99815141790052
382,7.64,0.0791359273459124,-13.827715058243447,-0.3657192081878833,41.18586061536449,-0.3543222047848623,73.74236603140137,-0.0670783005409723,20.982794702047723,-0.10406716873291964,31.192170824966578,-0.20541668961772366,73.13982508251887,0.013912892535726501,-31.340916647369717,-0.0713469834994542,-30.78687372398399,0.018869603396841086,-76.57433785900811,-0.0548004177962632,39.54153783822992,0.32731330013843224,-34.368935786460746,-0.011738237225308173,-77.28608822541455
383,7.66,0.1592565860795377,-12.328759405252633,-0.06619789253927644,35.26833991730748,-0.012523772775860031,67.62307617307745,-0.0618906732728587,20.31335304454714,-0.0796644603446246,31.801099485321824,-0.12323837631711884,73.13982508251887,0.05050631157300021,-30.862817397218585,0.1631044796785584,-31.44648012389113,0.2545806951497255,-76.55607624680705,-0.009157107898132386,39.86990055145846,0.17403114609452464,-34.64372129148423,0.004194284188218392,-77.28608822541455
384,7.68,0.2035674217963971,-12.356307720319421,-0.03682391843617425,31.555397361265314,0.009870812264596601,64.95524293986986,-0.10667750307876346,20.277204822804638,-0.0009990466032579956,31.801099485321824,-0.0474767752157903,72.31437228418433,0.07406702798939967,-30.986807743413024,0.07916918236068342,-31.983959226879417,0.22382507687601522,-76.55607624680705,0.018995545949357304,39.86990055145846,0.08504849590878816,-33.71075037605558,-0.012510906559185991,-77.81144324965483
385,7.7,0.1886791400880894,-12.389166117825019,-0.0619252002773478,30.711548222807796,-0.031636456057504925,64.12207341638545,-0.10213305370233258,20.524144727832613,-0.0018743809419550228,31.2392709054291,-0.07024034254882024,72.07443777124827,0.07641544589659284,-31.053632109844315,0.08990216095867462,-32.00837468927163,0.2092762100203106,-78.46710629742218,0.0177096885531971,39.30857092656822,0.13763153123273592,-32.76139562958064,-0.0287539253239196,-77.72227665029733
386,7.72,0.1993482954116592,-12.453351144378395,-0.040275842468189355,30.531311526527727,-0.08931041218218783,64.06307810703613,-0.15064566579705696,19.705454497872847,0.022560790741323347,30.648912530516967,-0.11432614870357863,71.13950073869725,0.21263037380518435,-30.786485023722783,0.09392490088786164,-31.97955924783269,0.2382792256844718,-78.40990678113742,-0.09637154956801228,39.50449132112534,0.1322604124106638,-32.68501008121929,-0.06221737058156439,-77.59162978545028
387,7.74,0.19389568505042448,-12.448490977262098,-0.054306310592635305,30.199250310584254,-0.09984120682400113,64.34942949455726,-0.1004799048866907,18.952959405869734,0.02714238410225099,30.44200606744304,-0.13191152729014677,70.93464036797029,0.18627525024163843,-30.580444530821186,0.09414860285697432,-31.97955924783269,0.19021009172175812,-77.98230544278535,-0.13023781069256563,39.50449132112534,0.1468143491808464,-32.63181082845562,-0.05224623811272039,-77.3866485055903
388,7.76,0.1817430542355734,-12.377426433446947,-0.06562756385715218,30.129826301562403,-0.09637311178468883,64.44192545462727,-0.05730088223725438,18.238158676553258,0.02847337694253599,30.379521680847933,-0.13051075190975597,70.8411541910869,0.17397823844961968,-29.72865976907284,0.09344330262867584,-32.087313234082075,0.16549458707418374,-77.64064328845342,-0.1462893691982956,40.76407782503281,0.15611412008268735,-32.718867134575916,-0.04143675387141599,-77.3866485055903
389,7.78,0.18040560803336,-12.28935889138064,-0.06819906283998173,30.129826301562403,-0.09455126602272074,64.4625238116132,-0.05077896509430098,17.74566196278967,0.02564771364849977,30.325325561314624,-0.13105032993515464,70.8061115355263,0.17192528289976272,-29.72865976907284,0.09592101132669212,-32.092864732702026,0.16504100323976922,-77.32151892432051,-0.13675027688538446,40.76407782503281,0.12177441049150606,-32.82742836450984,-0.02192547794713924,-77.45214091306394
390,7.8,0.18189885525578725,-12.28935889138064,-0.06796879646451842,30.268508219410734,-0.09316899993865146,64.46236699453678,-0.06843492927757013,17.665902595142203,0.025201481437330087,30.31958351605704,-0.12988481790204387,70.78364391680063,0.1769582153935537,-29.517260661961977,0.09395368158537976,-32.09882261064591,0.1671256345683152,-77.16471410546644,-0.14071887057766902,40.98050072471801,0.1568217974141748,-32.86367300444053,-0.03455014300034537,-77.45214091306394
391,7.82,0.0952156393407232,-13.018572734738337,-0.19533992262369793,30.587092501125998,-0.035337684899029526,64.46091401156065,-0.05150559984623293,16.22733542149916,0.1143035736497553,29.28985757945483,-0.17716142245159217,69.71849886225279,0.37211208645563304,-29.40399192666719,0.287579766542514,-32.93683496849311,0.2665008520089785,-77.03163207508405,-0.14878246663875672,37.90640115963815,-0.7294114650680728,-33.64647363659196,-0.07912952630560399,-77.45214091306394
392,7.84,0.08165549261001455,-13.159450663838546,-0.238810542577909,32.043956836668784,-0.1827081074096541,66.14530046813938,-0.05477760673049539,16.22733542149916,0.17971609904933727,28.853643452780318,-0.08340214902901538,69.43368044069676,0.23112877713666352,-28.862915053889733,0.33270003512706176,-33.964153183744706,0.3147624007087103,-77.14536140537868,0.038162618961245176,31.82814545752877,-0.2068280488067341,-42.93583837187908,-0.06860027349780234,-85.4879854038837
393,7.86,0.12546799070110629,-13.346558490269038,-0.21291414263712852,32.38197119409603,-0.2055151534811575,67.06776591434821,-0.024915450727710606,15.272357888131028,0.18778194187233488,28.49039136493946,-0.09085175630394217,68.6688294601244,0.037642269180574006,-27.146600734378353,0.28096896390892334,-34.211715184195796,0.27234143709573366,-77.4375914779265,0.02241891452740344,30.710392173346232,-0.08619919782587626,-47.12149315432299,-0.06852027107647063,-86.97272330382793
394,7.88,0.15702636324319438,-13.66296122253057,-0.17193151532775033,32.38197119409603,-0.20806085201021698,67.70514478817611,-0.033296383269772675,14.996725433462945,0.20847556135701853,28.49039136493946,-0.10872352142707367,68.60964175094279,-0.04268767960029103,-25.94467164311681,0.2648754449702507,-34.211715184195796,0.22524364468932273,-77.22090538085101,0.014725594721072356,28.6299930332385,-0.09622763893989844,-50.669174072644445,-0.06643625000708257,-87.60288366045889
395,7.9,0.1670711717280747,-13.66296122253057,-0.1627823058901551,32.03411724596066,-0.21456675215013551,67.9154449888402,-0.037964953193057004,14.955420602251126,0.20744650307785356,28.049435874919965,-0.10880744703945887,68.60964175087821,-0.02617837386132269,-25.237095002864507,0.27355229976683804,-34.05597146349673,0.18958680643508116,-76.88514489514351,0.0030845489976378607,28.52117542666511,-0.10371748981161519,-51.28145170911888,-0.06538228838133522,-87.88847424330383
396,7.92,0.12874140868705702,-14.932485328825095,-0.20366642887202188,32.09278597522298,-0.08647818364269413,68.2394728963259,-0.03630118212098528,13.98033533163848,0.18691946766752116,27.777264504505418,-0.11292179796213497,68.22204635034423,0.2662132906322104,-24.81540391242759,0.2933293364084484,-34.05597146349673,0.2465750471122461,-76.0117382293503,-0.0673987383140624,24.275254083355037,-0.12654586822315797,-50.43067691341857,-0.028570326375459726,-85.71563298629698
397,7.941,0.10275121533045206,-15.534533382282948,-0.11494537307117175,32.45164323979435,0.10784039579423252,68.95930985142192,-0.04378334627552202,13.309342091708787,0.1920863866289821,27.84312903141321,-0.1209805216587636,66.96945925618327,0.11211724761581565,-24.353535098933556,0.3083708833798493,-33.90101263478607,0.23596554305145523,-75.63043061285624,-0.0064621264774019915,21.897319732976225,-0.11514326123659895,-50.284432180557225,-0.015118939796301675,-85.71563298629698
398,7.96,0.11216541469562247,-15.69584003826353,-0.22134431062703333,32.61756812205205,-0.2295716953034148,69.53059549730334,-0.041833011000744255,12.933406429839575,0.20240693695823997,27.673378715775158,-0.12305663297710728,66.76676245151778,0.02943104797423239,-23.53920301726962,0.297784168547362,-34.320995652785356,0.20057466971309484,-75.63043061285624,-0.029518377010777072,20.577226706361493,-0.11564097493338747,-50.1701326534625,-0.04105112921753454,-83.73953955732075
399,7.98,0.1343193155477332,-15.811052625331335,-0.17900232117700765,32.559228086865446,-0.2275647051373294,69.82832919996187,-0.04641977340881477,12.795883969381832,0.21239707553998546,27.673378715775158,-0.12254999729166022,66.75035907918992,0.02356775513792965,-22.661368370510157,0.3180655722260918,-34.401135230423385,0.18032632180114652,-75.19655034228191,-0.03147246127437168,19.14608563536596,-0.10890470841345946,-50.1701326534625,-0.0222181817353755,-83.33565662655289
