[0.000000] (-) TimerEvent: {}
[0.001883] (cheetah_ros2) JobQueued: {'identifier': 'cheetah_ros2', 'dependencies': OrderedDict()}
[0.002296] (cpg_ros2) JobQueued: {'identifier': 'cpg_ros2', 'dependencies': OrderedDict()}
[0.002385] (elevation_mapping) JobQueued: {'identifier': 'elevation_mapping', 'dependencies': OrderedDict()}
[0.002437] (gz_ros2_control) JobQueued: {'identifier': 'gz_ros2_control', 'dependencies': OrderedDict()}
[0.002485] (kin_ros2) JobQueued: {'identifier': 'kin_ros2', 'dependencies': OrderedDict()}
[0.002537] (perception) JobQueued: {'identifier': 'perception', 'dependencies': OrderedDict()}
[0.002940] (quad_interface) JobQueued: {'identifier': 'quad_interface', 'dependencies': OrderedDict()}
[0.003233] (rl_ros2) JobQueued: {'identifier': 'rl_ros2', 'dependencies': OrderedDict()}
[0.003432] (rlpa_ros2) JobQueued: {'identifier': 'rlpa_ros2', 'dependencies': OrderedDict()}
[0.003495] (sim_robot) JobQueued: {'identifier': 'sim_robot', 'dependencies': OrderedDict()}
[0.003530] (gz_ros2_control_demos) JobQueued: {'identifier': 'gz_ros2_control_demos', 'dependencies': OrderedDict([('gz_ros2_control', '/home/mubashir/Documents/FYP-Legged-Robot-main/Code/install/gz_ros2_control')])}
[0.003569] (ign_ros2_control) JobQueued: {'identifier': 'ign_ros2_control', 'dependencies': OrderedDict([('gz_ros2_control', '/home/mubashir/Documents/FYP-Legged-Robot-main/Code/install/gz_ros2_control')])}
[0.003622] (robot_caves) JobQueued: {'identifier': 'robot_caves', 'dependencies': OrderedDict([('rlpa_ros2', '/home/mubashir/Documents/FYP-Legged-Robot-main/Code/install/rlpa_ros2')])}
[0.003665] (ign_ros2_control_demos) JobQueued: {'identifier': 'ign_ros2_control_demos', 'dependencies': OrderedDict([('gz_ros2_control', '/home/mubashir/Documents/FYP-Legged-Robot-main/Code/install/gz_ros2_control'), ('gz_ros2_control_demos', '/home/mubashir/Documents/FYP-Legged-Robot-main/Code/install/gz_ros2_control_demos')])}
[0.003752] (gz_ros2_control_tests) JobQueued: {'identifier': 'gz_ros2_control_tests', 'dependencies': OrderedDict([('gz_ros2_control', '/home/mubashir/Documents/FYP-Legged-Robot-main/Code/install/gz_ros2_control'), ('gz_ros2_control_demos', '/home/mubashir/Documents/FYP-Legged-Robot-main/Code/install/gz_ros2_control_demos'), ('ign_ros2_control_demos', '/home/mubashir/Documents/FYP-Legged-Robot-main/Code/install/ign_ros2_control_demos')])}
[0.003803] (gz_ros2_control) JobStarted: {'identifier': 'gz_ros2_control'}
[0.017909] (rlpa_ros2) JobStarted: {'identifier': 'rlpa_ros2'}
[0.039593] (cheetah_ros2) JobStarted: {'identifier': 'cheetah_ros2'}
[0.055425] (cpg_ros2) JobStarted: {'identifier': 'cpg_ros2'}
[0.065742] (elevation_mapping) JobStarted: {'identifier': 'elevation_mapping'}
[0.077493] (kin_ros2) JobStarted: {'identifier': 'kin_ros2'}
[0.091826] (perception) JobStarted: {'identifier': 'perception'}
[0.099377] (-) TimerEvent: {}
[0.104446] (quad_interface) JobStarted: {'identifier': 'quad_interface'}
[0.120679] (gz_ros2_control) JobProgress: {'identifier': 'gz_ros2_control', 'progress': 'cmake'}
[0.120820] (gz_ros2_control) Command: {'cmd': ['/usr/bin/cmake', '/home/mubashir/Documents/FYP-Legged-Robot-main/Code/gz_ros2_control/gz_ros2_control', '-DCMAKE_INSTALL_PREFIX=/home/mubashir/Documents/FYP-Legged-Robot-main/Code/install/gz_ros2_control'], 'cwd': '/home/mubashir/Documents/FYP-Legged-Robot-main/Code/build/gz_ros2_control', 'env': OrderedDict([('GJS_DEBUG_TOPICS', 'JS ERROR;JS LOG'), ('PYTHON_BASIC_REPL', '1'), ('LESSOPEN', '| /usr/bin/lesspipe %s'), ('USER', 'mubashir'), ('LC_TIME', 'ur_PK'), ('XDG_SESSION_TYPE', 'wayland'), ('GIT_ASKPASS', '/opt/antigravity-ide/resources/app/extensions/git/dist/askpass.sh'), ('SHLVL', '1'), ('LD_LIBRARY_PATH', '/opt/ros/humble/opt/rviz_ogre_vendor/lib:/opt/ros/humble/lib/x86_64-linux-gnu:/opt/ros/humble/lib'), ('ANTIGRAVITY_CLI_ALIAS', 'agy-ide'), ('HOME', '/home/mubashir'), ('CHROME_DESKTOP', 'antigravity-ide.desktop'), ('TERM_PROGRAM_VERSION', '1.107.0'), ('DESKTOP_SESSION', 'ubuntu'), ('NVM_BIN', '/home/mubashir/.nvm/versions/node/v24.11.1/bin'), ('NVM_INC', '/home/mubashir/.nvm/versions/node/v24.11.1/include/node'), ('GIO_LAUNCHED_DESKTOP_FILE', '/usr/share/applications/antigravity-ide.desktop'), ('ROS_PYTHON_VERSION', '3'), ('GNOME_SHELL_SESSION_MODE', 'ubuntu'), ('GTK_MODULES', 'gail:atk-bridge'), ('VSCODE_GIT_ASKPASS_MAIN', '/opt/antigravity-ide/resources/app/extensions/git/dist/askpass-main.js'), ('LC_MONETARY', 'ur_PK'), ('VSCODE_GIT_ASKPASS_NODE', '/opt/antigravity-ide/antigravity-ide'), ('MANAGERPID', '1636'), ('PYDEVD_DISABLE_FILE_VALIDATION', '1'), ('SYSTEMD_EXEC_PID', '1873'), ('BUNDLED_DEBUGPY_PATH', '/home/mubashir/.antigravity-ide/extensions/ms-python.debugpy-2026.6.0-linux-x64/bundled/libs/debugpy'), ('IM_CONFIG_CHECK_ENV', '1'), ('VSCODE_PYTHON_AUTOACTIVATE_GUARD', '1'), ('DBUS_SESSION_BUS_ADDRESS', 'unix:path=/run/user/1000/bus'), ('COLORTERM', 'truecolor'), ('GIO_LAUNCHED_DESKTOP_FILE_PID', '118115'), ('NVM_DIR', '/home/mubashir/.nvm'), ('IM_CONFIG_PHASE', '1'), ('WAYLAND_DISPLAY', 'wayland-0'), ('ROS_DISTRO', 'humble'), ('LOGNAME', 'mubashir'), ('JOURNAL_STREAM', '8:16579'), ('_', '/usr/bin/colcon'), ('ROS_VERSION', '2'), ('XDG_SESSION_CLASS', 'user'), ('USERNAME', 'mubashir'), ('TERM', 'xterm-256color'), ('GNOME_DESKTOP_SESSION_ID', 'this-is-deprecated'), ('FC_FONTATIONS', '1'), ('ROS_LOCALHOST_ONLY', '0'), ('PATH', '/home/mubashir/.local/bin:/opt/ros/humble/bin:/home/mubashir/.nvm/versions/node/v24.11.1/bin:/home/mubashir/.local/bin:/usr/local/sbin:/usr/local/bin:/usr/sbin:/usr/bin:/sbin:/bin:/usr/games:/usr/local/games:/snap/bin:/snap/bin:/home/mubashir/.antigravity-ide/extensions/ms-python.debugpy-2026.6.0-linux-x64/bundled/scripts/noConfigScripts'), ('SESSION_MANAGER', 'local/mubashir:@/tmp/.ICE-unix/1844,unix/mubashir:/tmp/.ICE-unix/1844'), ('INVOCATION_ID', '63602d618e334a338f6b66b9cf40e842'), ('XDG_MENU_PREFIX', 'gnome-'), ('LC_ADDRESS', 'ur_PK'), ('GNOME_SETUP_DISPLAY', ':1'), ('XDG_RUNTIME_DIR', '/run/user/1000'), ('GDK_BACKEND', 'wayland'), ('DISPLAY', ':0'), ('VSCODE_DEBUGPY_ADAPTER_ENDPOINTS', '/home/mubashir/.antigravity-ide/extensions/ms-python.debugpy-2026.6.0-linux-x64/.noConfigDebugAdapterEndpoints/endpoint-3680cb378e1342d9.txt'), ('LANG', 'en_US.UTF-8'), ('XDG_CURRENT_DESKTOP', 'ubuntu:GNOME'), ('PYTHONSTARTUP', '/home/mubashir/.config/Antigravity IDE/User/workspaceStorage/8f6e395ef8a2e691b5e7935d58298c51/ms-python.python/pythonrc.py'), ('LC_TELEPHONE', 'ur_PK'), ('XMODIFIERS', '@im=ibus'), ('XDG_SESSION_DESKTOP', 'ubuntu'), ('XAUTHORITY', '/run/user/1000/.mutter-Xwaylandauth.4GXER3'), ('LS_COLORS', 'rs=0:di=01;34:ln=01;36:mh=00:pi=40;33:so=01;35:do=01;35:bd=40;33;01:cd=40;33;01:or=40;31;01:mi=00:su=37;41:sg=30;43:ca=30;41:tw=30;42:ow=34;42:st=37;44:ex=01;32:*.tar=01;31:*.tgz=01;31:*.arc=01;31:*.arj=01;31:*.taz=01;31:*.lha=01;31:*.lz4=01;31:*.lzh=01;31:*.lzma=01;31:*.tlz=01;31:*.txz=01;31:*.tzo=01;31:*.t7z=01;31:*.zip=01;31:*.z=01;31:*.dz=01;31:*.gz=01;31:*.lrz=01;31:*.lz=01;31:*.lzo=01;31:*.xz=01;31:*.zst=01;31:*.tzst=01;31:*.bz2=01;31:*.bz=01;31:*.tbz=01;31:*.tbz2=01;31:*.tz=01;31:*.deb=01;31:*.rpm=01;31:*.jar=01;31:*.war=01;31:*.ear=01;31:*.sar=01;31:*.rar=01;31:*.alz=01;31:*.ace=01;31:*.zoo=01;31:*.cpio=01;31:*.7z=01;31:*.rz=01;31:*.cab=01;31:*.wim=01;31:*.swm=01;31:*.dwm=01;31:*.esd=01;31:*.jpg=01;35:*.jpeg=01;35:*.mjpg=01;35:*.mjpeg=01;35:*.gif=01;35:*.bmp=01;35:*.pbm=01;35:*.pgm=01;35:*.ppm=01;35:*.tga=01;35:*.xbm=01;35:*.xpm=01;35:*.tif=01;35:*.tiff=01;35:*.png=01;35:*.svg=01;35:*.svgz=01;35:*.mng=01;35:*.pcx=01;35:*.mov=01;35:*.mpg=01;35:*.mpeg=01;35:*.m2v=01;35:*.mkv=01;35:*.webm=01;35:*.webp=01;35:*.ogm=01;35:*.mp4=01;35:*.m4v=01;35:*.mp4v=01;35:*.vob=01;35:*.qt=01;35:*.nuv=01;35:*.wmv=01;35:*.asf=01;35:*.rm=01;35:*.rmvb=01;35:*.flc=01;35:*.avi=01;35:*.fli=01;35:*.flv=01;35:*.gl=01;35:*.dl=01;35:*.xcf=01;35:*.xwd=01;35:*.yuv=01;35:*.cgm=01;35:*.emf=01;35:*.ogv=01;35:*.ogx=01;35:*.aac=00;36:*.au=00;36:*.flac=00;36:*.m4a=00;36:*.mid=00;36:*.midi=00;36:*.mka=00;36:*.mp3=00;36:*.mpc=00;36:*.ogg=00;36:*.ra=00;36:*.wav=00;36:*.oga=00;36:*.opus=00;36:*.spx=00;36:*.xspf=00;36:'), ('VSCODE_GIT_IPC_HANDLE', '/run/user/1000/vscode-git-156ffa2263.sock'), ('TERM_PROGRAM', 'vscode'), ('SSH_AGENT_LAUNCHER', 'gnome-keyring'), ('SSH_AUTH_SOCK', '/run/user/1000/keyring/ssh'), ('AMENT_PREFIX_PATH', '/opt/ros/humble'), ('SHELL', '/bin/bash'), ('LC_NAME', 'ur_PK'), ('QT_ACCESSIBILITY', '1'), ('GDMSESSION', 'ubuntu'), ('LESSCLOSE', '/usr/bin/lesspipe %s %s'), ('LC_MEASUREMENT', 'ur_PK'), ('GJS_DEBUG_OUTPUT', 'stderr'), ('LC_IDENTIFICATION', 'ur_PK'), ('VSCODE_GIT_ASKPASS_EXTRA_ARGS', ''), ('QT_IM_MODULE', 'ibus'), ('PWD', '/home/mubashir/Documents/FYP-Legged-Robot-main/Code/build/gz_ros2_control'), ('LC_ALL', 'en_US.UTF-8'), ('XDG_CONFIG_DIRS', '/etc/xdg/xdg-ubuntu:/etc/xdg'), ('NVM_CD_FLAGS', ''), ('XDG_DATA_DIRS', '/usr/share/ubuntu:/usr/local/share/:/usr/share/:/var/lib/snapd/desktop'), ('PYTHONPATH', '/opt/ros/humble/lib/python3.10/site-packages:/opt/ros/humble/local/lib/python3.10/dist-packages'), ('LC_NUMERIC', 'ur_PK'), ('LC_PAPER', 'ur_PK'), ('COLCON', '1'), ('CMAKE_PREFIX_PATH', '/opt/ros/humble')]), 'shell': False}
[0.201255] (-) TimerEvent: {}
[0.301950] (-) TimerEvent: {}
[0.402770] (-) TimerEvent: {}
[0.503485] (-) TimerEvent: {}
[0.604160] (-) TimerEvent: {}
[0.704771] (-) TimerEvent: {}
[0.805566] (-) TimerEvent: {}
[0.906225] (-) TimerEvent: {}
[1.006769] (-) TimerEvent: {}
[1.107224] (-) TimerEvent: {}
[1.207849] (-) TimerEvent: {}
[1.308505] (-) TimerEvent: {}
[1.409122] (-) TimerEvent: {}
[1.509754] (-) TimerEvent: {}
[1.610890] (-) TimerEvent: {}
[1.712231] (-) TimerEvent: {}
[1.812902] (-) TimerEvent: {}
[1.913507] (-) TimerEvent: {}
[2.013965] (-) TimerEvent: {}
[2.114498] (-) TimerEvent: {}
[2.214979] (-) TimerEvent: {}
[2.315446] (-) TimerEvent: {}
[2.337873] (elevation_mapping) JobProgress: {'identifier': 'elevation_mapping', 'progress': 'cmake'}
[2.338652] (elevation_mapping) Command: {'cmd': ['/usr/bin/cmake', '/home/mubashir/Documents/FYP-Legged-Robot-main/Code/ROS/src/elevation_mapping', '-DCMAKE_INSTALL_PREFIX=/home/mubashir/Documents/FYP-Legged-Robot-main/Code/install/elevation_mapping'], 'cwd': '/home/mubashir/Documents/FYP-Legged-Robot-main/Code/build/elevation_mapping', 'env': OrderedDict([('GJS_DEBUG_TOPICS', 'JS ERROR;JS LOG'), ('PYTHON_BASIC_REPL', '1'), ('LESSOPEN', '| /usr/bin/lesspipe %s'), ('USER', 'mubashir'), ('LC_TIME', 'ur_PK'), ('XDG_SESSION_TYPE', 'wayland'), ('GIT_ASKPASS', '/opt/antigravity-ide/resources/app/extensions/git/dist/askpass.sh'), ('SHLVL', '1'), ('LD_LIBRARY_PATH', '/opt/ros/humble/opt/rviz_ogre_vendor/lib:/opt/ros/humble/lib/x86_64-linux-gnu:/opt/ros/humble/lib'), ('ANTIGRAVITY_CLI_ALIAS', 'agy-ide'), ('HOME', '/home/mubashir'), ('CHROME_DESKTOP', 'antigravity-ide.desktop'), ('TERM_PROGRAM_VERSION', '1.107.0'), ('DESKTOP_SESSION', 'ubuntu'), ('NVM_BIN', '/home/mubashir/.nvm/versions/node/v24.11.1/bin'), ('NVM_INC', '/home/mubashir/.nvm/versions/node/v24.11.1/include/node'), ('GIO_LAUNCHED_DESKTOP_FILE', '/usr/share/applications/antigravity-ide.desktop'), ('ROS_PYTHON_VERSION', '3'), ('GNOME_SHELL_SESSION_MODE', 'ubuntu'), ('GTK_MODULES', 'gail:atk-bridge'), ('VSCODE_GIT_ASKPASS_MAIN', '/opt/antigravity-ide/resources/app/extensions/git/dist/askpass-main.js'), ('LC_MONETARY', 'ur_PK'), ('VSCODE_GIT_ASKPASS_NODE', '/opt/antigravity-ide/antigravity-ide'), ('MANAGERPID', '1636'), ('PYDEVD_DISABLE_FILE_VALIDATION', '1'), ('SYSTEMD_EXEC_PID', '1873'), ('BUNDLED_DEBUGPY_PATH', '/home/mubashir/.antigravity-ide/extensions/ms-python.debugpy-2026.6.0-linux-x64/bundled/libs/debugpy'), ('IM_CONFIG_CHECK_ENV', '1'), ('VSCODE_PYTHON_AUTOACTIVATE_GUARD', '1'), ('DBUS_SESSION_BUS_ADDRESS', 'unix:path=/run/user/1000/bus'), ('COLORTERM', 'truecolor'), ('GIO_LAUNCHED_DESKTOP_FILE_PID', '118115'), ('NVM_DIR', '/home/mubashir/.nvm'), ('IM_CONFIG_PHASE', '1'), ('WAYLAND_DISPLAY', 'wayland-0'), ('ROS_DISTRO', 'humble'), ('LOGNAME', 'mubashir'), ('JOURNAL_STREAM', '8:16579'), ('_', '/usr/bin/colcon'), ('ROS_VERSION', '2'), ('XDG_SESSION_CLASS', 'user'), ('USERNAME', 'mubashir'), ('TERM', 'xterm-256color'), ('GNOME_DESKTOP_SESSION_ID', 'this-is-deprecated'), ('FC_FONTATIONS', '1'), ('ROS_LOCALHOST_ONLY', '0'), ('PATH', '/home/mubashir/.local/bin:/opt/ros/humble/bin:/home/mubashir/.nvm/versions/node/v24.11.1/bin:/home/mubashir/.local/bin:/usr/local/sbin:/usr/local/bin:/usr/sbin:/usr/bin:/sbin:/bin:/usr/games:/usr/local/games:/snap/bin:/snap/bin:/home/mubashir/.antigravity-ide/extensions/ms-python.debugpy-2026.6.0-linux-x64/bundled/scripts/noConfigScripts'), ('SESSION_MANAGER', 'local/mubashir:@/tmp/.ICE-unix/1844,unix/mubashir:/tmp/.ICE-unix/1844'), ('INVOCATION_ID', '63602d618e334a338f6b66b9cf40e842'), ('XDG_MENU_PREFIX', 'gnome-'), ('LC_ADDRESS', 'ur_PK'), ('GNOME_SETUP_DISPLAY', ':1'), ('XDG_RUNTIME_DIR', '/run/user/1000'), ('GDK_BACKEND', 'wayland'), ('DISPLAY', ':0'), ('VSCODE_DEBUGPY_ADAPTER_ENDPOINTS', '/home/mubashir/.antigravity-ide/extensions/ms-python.debugpy-2026.6.0-linux-x64/.noConfigDebugAdapterEndpoints/endpoint-3680cb378e1342d9.txt'), ('LANG', 'en_US.UTF-8'), ('XDG_CURRENT_DESKTOP', 'ubuntu:GNOME'), ('PYTHONSTARTUP', '/home/mubashir/.config/Antigravity IDE/User/workspaceStorage/8f6e395ef8a2e691b5e7935d58298c51/ms-python.python/pythonrc.py'), ('LC_TELEPHONE', 'ur_PK'), ('XMODIFIERS', '@im=ibus'), ('XDG_SESSION_DESKTOP', 'ubuntu'), ('XAUTHORITY', '/run/user/1000/.mutter-Xwaylandauth.4GXER3'), ('LS_COLORS', 'rs=0:di=01;34:ln=01;36:mh=00:pi=40;33:so=01;35:do=01;35:bd=40;33;01:cd=40;33;01:or=40;31;01:mi=00:su=37;41:sg=30;43:ca=30;41:tw=30;42:ow=34;42:st=37;44:ex=01;32:*.tar=01;31:*.tgz=01;31:*.arc=01;31:*.arj=01;31:*.taz=01;31:*.lha=01;31:*.lz4=01;31:*.lzh=01;31:*.lzma=01;31:*.tlz=01;31:*.txz=01;31:*.tzo=01;31:*.t7z=01;31:*.zip=01;31:*.z=01;31:*.dz=01;31:*.gz=01;31:*.lrz=01;31:*.lz=01;31:*.lzo=01;31:*.xz=01;31:*.zst=01;31:*.tzst=01;31:*.bz2=01;31:*.bz=01;31:*.tbz=01;31:*.tbz2=01;31:*.tz=01;31:*.deb=01;31:*.rpm=01;31:*.jar=01;31:*.war=01;31:*.ear=01;31:*.sar=01;31:*.rar=01;31:*.alz=01;31:*.ace=01;31:*.zoo=01;31:*.cpio=01;31:*.7z=01;31:*.rz=01;31:*.cab=01;31:*.wim=01;31:*.swm=01;31:*.dwm=01;31:*.esd=01;31:*.jpg=01;35:*.jpeg=01;35:*.mjpg=01;35:*.mjpeg=01;35:*.gif=01;35:*.bmp=01;35:*.pbm=01;35:*.pgm=01;35:*.ppm=01;35:*.tga=01;35:*.xbm=01;35:*.xpm=01;35:*.tif=01;35:*.tiff=01;35:*.png=01;35:*.svg=01;35:*.svgz=01;35:*.mng=01;35:*.pcx=01;35:*.mov=01;35:*.mpg=01;35:*.mpeg=01;35:*.m2v=01;35:*.mkv=01;35:*.webm=01;35:*.webp=01;35:*.ogm=01;35:*.mp4=01;35:*.m4v=01;35:*.mp4v=01;35:*.vob=01;35:*.qt=01;35:*.nuv=01;35:*.wmv=01;35:*.asf=01;35:*.rm=01;35:*.rmvb=01;35:*.flc=01;35:*.avi=01;35:*.fli=01;35:*.flv=01;35:*.gl=01;35:*.dl=01;35:*.xcf=01;35:*.xwd=01;35:*.yuv=01;35:*.cgm=01;35:*.emf=01;35:*.ogv=01;35:*.ogx=01;35:*.aac=00;36:*.au=00;36:*.flac=00;36:*.m4a=00;36:*.mid=00;36:*.midi=00;36:*.mka=00;36:*.mp3=00;36:*.mpc=00;36:*.ogg=00;36:*.ra=00;36:*.wav=00;36:*.oga=00;36:*.opus=00;36:*.spx=00;36:*.xspf=00;36:'), ('VSCODE_GIT_IPC_HANDLE', '/run/user/1000/vscode-git-156ffa2263.sock'), ('TERM_PROGRAM', 'vscode'), ('SSH_AGENT_LAUNCHER', 'gnome-keyring'), ('SSH_AUTH_SOCK', '/run/user/1000/keyring/ssh'), ('AMENT_PREFIX_PATH', '/opt/ros/humble'), ('SHELL', '/bin/bash'), ('LC_NAME', 'ur_PK'), ('QT_ACCESSIBILITY', '1'), ('GDMSESSION', 'ubuntu'), ('LESSCLOSE', '/usr/bin/lesspipe %s %s'), ('LC_MEASUREMENT', 'ur_PK'), ('GJS_DEBUG_OUTPUT', 'stderr'), ('LC_IDENTIFICATION', 'ur_PK'), ('VSCODE_GIT_ASKPASS_EXTRA_ARGS', ''), ('QT_IM_MODULE', 'ibus'), ('PWD', '/home/mubashir/Documents/FYP-Legged-Robot-main/Code/build/elevation_mapping'), ('LC_ALL', 'en_US.UTF-8'), ('XDG_CONFIG_DIRS', '/etc/xdg/xdg-ubuntu:/etc/xdg'), ('NVM_CD_FLAGS', ''), ('XDG_DATA_DIRS', '/usr/share/ubuntu:/usr/local/share/:/usr/share/:/var/lib/snapd/desktop'), ('PYTHONPATH', '/opt/ros/humble/lib/python3.10/site-packages:/opt/ros/humble/local/lib/python3.10/dist-packages'), ('LC_NUMERIC', 'ur_PK'), ('LC_PAPER', 'ur_PK'), ('COLCON', '1'), ('CMAKE_PREFIX_PATH', '/opt/ros/humble')]), 'shell': False}
[2.415625] (-) TimerEvent: {}
[2.516289] (-) TimerEvent: {}
[2.616887] (-) TimerEvent: {}
[2.717523] (-) TimerEvent: {}
[2.818228] (-) TimerEvent: {}
[2.921226] (-) TimerEvent: {}
[3.021909] (-) TimerEvent: {}
[3.123244] (-) TimerEvent: {}
[3.223924] (-) TimerEvent: {}
[3.324597] (-) TimerEvent: {}
[3.425157] (-) TimerEvent: {}
[3.525794] (-) TimerEvent: {}
[3.626728] (-) TimerEvent: {}
[3.727286] (-) TimerEvent: {}
[3.827824] (-) TimerEvent: {}
[3.925859] (gz_ros2_control) StdoutLine: {'line': b'-- The C compiler identification is GNU 11.4.0\n'}
[3.927279] (gz_ros2_control) StdoutLine: {'line': b'-- The CXX compiler identification is GNU 11.4.0\n'}
[3.927655] (gz_ros2_control) StdoutLine: {'line': b'-- Detecting C compiler ABI info\n'}
[3.927782] (gz_ros2_control) StdoutLine: {'line': b'-- Detecting C compiler ABI info - done\n'}
[3.928134] (-) TimerEvent: {}
[3.928868] (gz_ros2_control) StdoutLine: {'line': b'-- Check for working C compiler: /usr/bin/cc - skipped\n'}
[3.929273] (gz_ros2_control) StdoutLine: {'line': b'-- Detecting C compile features\n'}
[3.929725] (gz_ros2_control) StdoutLine: {'line': b'-- Detecting C compile features - done\n'}
[3.930072] (gz_ros2_control) StdoutLine: {'line': b'-- Detecting CXX compiler ABI info\n'}
[3.930330] (gz_ros2_control) StdoutLine: {'line': b'-- Detecting CXX compiler ABI info - done\n'}
[3.930525] (gz_ros2_control) StdoutLine: {'line': b'-- Check for working CXX compiler: /usr/bin/c++ - skipped\n'}
[3.930659] (gz_ros2_control) StdoutLine: {'line': b'-- Detecting CXX compile features\n'}
[3.930792] (gz_ros2_control) StdoutLine: {'line': b'-- Detecting CXX compile features - done\n'}
[3.930906] (gz_ros2_control) StdoutLine: {'line': b'-- Found ament_cmake: 1.3.12 (/opt/ros/humble/share/ament_cmake/cmake)\n'}
[3.931021] (gz_ros2_control) StdoutLine: {'line': b'-- Found Python3: /usr/bin/python3 (found version "3.10.12") found components: Interpreter \n'}
[3.931277] (gz_ros2_control) StdoutLine: {'line': b'-- Found ament_index_cpp: 1.4.0 (/opt/ros/humble/share/ament_index_cpp/cmake)\n'}
[3.931441] (gz_ros2_control) StdoutLine: {'line': b'-- Found controller_manager: 2.52.2 (/opt/ros/humble/share/controller_manager/cmake)\n'}
[3.931556] (gz_ros2_control) StdoutLine: {'line': b'-- Found rosidl_generator_c: 3.1.7 (/opt/ros/humble/share/rosidl_generator_c/cmake)\n'}
[3.931668] (gz_ros2_control) StdoutLine: {'line': b'-- Found rosidl_adapter: 3.1.7 (/opt/ros/humble/share/rosidl_adapter/cmake)\n'}
[3.931780] (gz_ros2_control) StdoutLine: {'line': b'-- Found rosidl_generator_cpp: 3.1.7 (/opt/ros/humble/share/rosidl_generator_cpp/cmake)\n'}
[3.931894] (gz_ros2_control) StdoutLine: {'line': b'-- Using all available rosidl_typesupport_c: rosidl_typesupport_fastrtps_c;rosidl_typesupport_introspection_c\n'}
[3.932008] (gz_ros2_control) StdoutLine: {'line': b'-- Using all available rosidl_typesupport_cpp: rosidl_typesupport_fastrtps_cpp;rosidl_typesupport_introspection_cpp\n'}
[3.932188] (gz_ros2_control) StdoutLine: {'line': b'-- Found rmw_implementation_cmake: 6.1.2 (/opt/ros/humble/share/rmw_implementation_cmake/cmake)\n'}
[3.934328] (gz_ros2_control) StdoutLine: {'line': b'-- Found rmw_fastrtps_cpp: 6.2.9 (/opt/ros/humble/share/rmw_fastrtps_cpp/cmake)\n'}
[3.934539] (gz_ros2_control) StdoutLine: {'line': b'-- Found TinyXML2 via Config file: TinyXML2_DIR-NOTFOUND\n'}
[3.934747] (gz_ros2_control) StdoutLine: {'line': b'-- Found OpenSSL: /usr/lib/x86_64-linux-gnu/libcrypto.so (found version "3.0.2")  \n'}
[3.934943] (gz_ros2_control) StdoutLine: {'line': b'-- Found TinyXML2 via Config file: TinyXML2_DIR-NOTFOUND\n'}
[3.935150] (gz_ros2_control) StdoutLine: {'line': b'-- Found FastRTPS: /opt/ros/humble/include  \n'}
[3.935343] (gz_ros2_control) StdoutLine: {'line': b'-- Found TinyXML2 via Config file: TinyXML2_DIR-NOTFOUND\n'}
[3.935540] (gz_ros2_control) StdoutLine: {'line': b'-- Found TinyXML2 via Config file: TinyXML2_DIR-NOTFOUND\n'}
[3.935938] (gz_ros2_control) StdoutLine: {'line': b"-- Using RMW implementation 'rmw_fastrtps_cpp' as default\n"}
[3.936343] (gz_ros2_control) StdoutLine: {'line': b'-- Looking for pthread.h\n'}
[3.936554] (gz_ros2_control) StdoutLine: {'line': b'-- Looking for pthread.h - found\n'}
[3.936733] (gz_ros2_control) StdoutLine: {'line': b'-- Performing Test CMAKE_HAVE_LIBC_PTHREAD\n'}
[3.936910] (gz_ros2_control) StdoutLine: {'line': b'-- Performing Test CMAKE_HAVE_LIBC_PTHREAD - Success\n'}
[3.937144] (gz_ros2_control) StdoutLine: {'line': b'-- Found Threads: TRUE  \n'}
[3.937331] (gz_ros2_control) StdoutLine: {'line': b'-- Found yaml_cpp_vendor: 8.0.2 (/opt/ros/humble/share/yaml_cpp_vendor/cmake)\n'}
[3.937523] (gz_ros2_control) StdoutLine: {'line': b'-- Looking for ignition-gazebo6 -- found version 6.16.0\n'}
[3.937704] (gz_ros2_control) StdoutLine: {'line': b'-- Searching for dependencies of ignition-gazebo6\n'}
[3.937890] (gz_ros2_control) StdoutLine: {'line': b'-- Looking for sdformat12 -- found version 12.7.2\n'}
[3.938067] (gz_ros2_control) StdoutLine: {'line': b'-- Searching for dependencies of sdformat12\n'}
[3.938264] (gz_ros2_control) StdoutLine: {'line': b"-- Checking for module 'tinyxml2'\n"}
[3.938443] (gz_ros2_control) StdoutLine: {'line': b'--   Found tinyxml2, version 9.0.0\n'}
[3.938622] (gz_ros2_control) StdoutLine: {'line': b'-- Looking for ignition-math6 -- found version 6.15.1\n'}
[3.938798] (gz_ros2_control) StdoutLine: {'line': b'-- Searching for dependencies of ignition-math6\n'}
[3.938993] (gz_ros2_control) StdoutLine: {'line': b'-- Looking for ignition-utils1 -- found version 1.5.1\n'}
[3.939551] (gz_ros2_control) StdoutLine: {'line': b'-- Searching for dependencies of ignition-utils1\n'}
[3.939795] (gz_ros2_control) StdoutLine: {'line': b'-- Looking for ignition-plugin1 -- found version 1.4.0\n'}
[3.945702] (gz_ros2_control) StdoutLine: {'line': b'-- Searching for dependencies of ignition-plugin1\n'}
[3.946591] (gz_ros2_control) StdoutLine: {'line': b'-- Searching for <ignition-plugin1> component [loader]\n'}
[3.946753] (elevation_mapping) StdoutLine: {'line': b'-- The C compiler identification is GNU 11.4.0\n'}
[3.946942] (elevation_mapping) StdoutLine: {'line': b'-- The CXX compiler identification is GNU 11.4.0\n'}
[3.947112] (elevation_mapping) StdoutLine: {'line': b'-- Detecting C compiler ABI info\n'}
[3.947367] (elevation_mapping) StdoutLine: {'line': b'-- Detecting C compiler ABI info - done\n'}
[3.947551] (elevation_mapping) StdoutLine: {'line': b'-- Check for working C compiler: /usr/bin/cc - skipped\n'}
[3.952441] (elevation_mapping) StdoutLine: {'line': b'-- Detecting C compile features\n'}
[3.952756] (elevation_mapping) StdoutLine: {'line': b'-- Detecting C compile features - done\n'}
[3.952956] (elevation_mapping) StdoutLine: {'line': b'-- Detecting CXX compiler ABI info\n'}
[3.953146] (elevation_mapping) StdoutLine: {'line': b'-- Detecting CXX compiler ABI info - done\n'}
[3.953334] (elevation_mapping) StdoutLine: {'line': b'-- Check for working CXX compiler: /usr/bin/c++ - skipped\n'}
[3.961691] (elevation_mapping) StdoutLine: {'line': b'-- Detecting CXX compile features\n'}
[3.962047] (elevation_mapping) StdoutLine: {'line': b'-- Detecting CXX compile features - done\n'}
[3.965447] (elevation_mapping) StdoutLine: {'line': b'-- Found ament_cmake: 1.3.12 (/opt/ros/humble/share/ament_cmake/cmake)\n'}
[3.965698] (elevation_mapping) StdoutLine: {'line': b'-- Found Python3: /usr/bin/python3 (found version "3.10.12") found components: Interpreter \n'}
[3.966263] (elevation_mapping) StdoutLine: {'line': b'-- Found grid_map_core: 2.0.1 (/opt/ros/humble/share/grid_map_core/cmake)\n'}
[3.968514] (elevation_mapping) StdoutLine: {'line': b'-- Found grid_map_ros: 2.0.1 (/opt/ros/humble/share/grid_map_ros/cmake)\n'}
[3.969412] (quad_interface) JobProgress: {'identifier': 'quad_interface', 'progress': 'cmake'}
[3.969524] (gz_ros2_control) StdoutLine: {'line': b'-- Looking for ignition-plugin1-loader -- found version 1.4.0\n'}
[3.972344] (gz_ros2_control) StdoutLine: {'line': b'-- Searching for dependencies of ignition-plugin1-loader\n'}
[3.972705] (quad_interface) Command: {'cmd': ['/usr/bin/cmake', '/home/mubashir/Documents/FYP-Legged-Robot-main/Code/ROS/src/quad_interface', '-DCMAKE_INSTALL_PREFIX=/home/mubashir/Documents/FYP-Legged-Robot-main/Code/install/quad_interface'], 'cwd': '/home/mubashir/Documents/FYP-Legged-Robot-main/Code/build/quad_interface', 'env': OrderedDict([('GJS_DEBUG_TOPICS', 'JS ERROR;JS LOG'), ('PYTHON_BASIC_REPL', '1'), ('LESSOPEN', '| /usr/bin/lesspipe %s'), ('USER', 'mubashir'), ('LC_TIME', 'ur_PK'), ('XDG_SESSION_TYPE', 'wayland'), ('GIT_ASKPASS', '/opt/antigravity-ide/resources/app/extensions/git/dist/askpass.sh'), ('SHLVL', '1'), ('LD_LIBRARY_PATH', '/opt/ros/humble/opt/rviz_ogre_vendor/lib:/opt/ros/humble/lib/x86_64-linux-gnu:/opt/ros/humble/lib'), ('ANTIGRAVITY_CLI_ALIAS', 'agy-ide'), ('HOME', '/home/mubashir'), ('CHROME_DESKTOP', 'antigravity-ide.desktop'), ('TERM_PROGRAM_VERSION', '1.107.0'), ('DESKTOP_SESSION', 'ubuntu'), ('NVM_BIN', '/home/mubashir/.nvm/versions/node/v24.11.1/bin'), ('NVM_INC', '/home/mubashir/.nvm/versions/node/v24.11.1/include/node'), ('GIO_LAUNCHED_DESKTOP_FILE', '/usr/share/applications/antigravity-ide.desktop'), ('ROS_PYTHON_VERSION', '3'), ('GNOME_SHELL_SESSION_MODE', 'ubuntu'), ('GTK_MODULES', 'gail:atk-bridge'), ('VSCODE_GIT_ASKPASS_MAIN', '/opt/antigravity-ide/resources/app/extensions/git/dist/askpass-main.js'), ('LC_MONETARY', 'ur_PK'), ('VSCODE_GIT_ASKPASS_NODE', '/opt/antigravity-ide/antigravity-ide'), ('MANAGERPID', '1636'), ('PYDEVD_DISABLE_FILE_VALIDATION', '1'), ('SYSTEMD_EXEC_PID', '1873'), ('BUNDLED_DEBUGPY_PATH', '/home/mubashir/.antigravity-ide/extensions/ms-python.debugpy-2026.6.0-linux-x64/bundled/libs/debugpy'), ('IM_CONFIG_CHECK_ENV', '1'), ('VSCODE_PYTHON_AUTOACTIVATE_GUARD', '1'), ('DBUS_SESSION_BUS_ADDRESS', 'unix:path=/run/user/1000/bus'), ('COLORTERM', 'truecolor'), ('GIO_LAUNCHED_DESKTOP_FILE_PID', '118115'), ('NVM_DIR', '/home/mubashir/.nvm'), ('IM_CONFIG_PHASE', '1'), ('WAYLAND_DISPLAY', 'wayland-0'), ('ROS_DISTRO', 'humble'), ('LOGNAME', 'mubashir'), ('JOURNAL_STREAM', '8:16579'), ('_', '/usr/bin/colcon'), ('ROS_VERSION', '2'), ('XDG_SESSION_CLASS', 'user'), ('USERNAME', 'mubashir'), ('TERM', 'xterm-256color'), ('GNOME_DESKTOP_SESSION_ID', 'this-is-deprecated'), ('FC_FONTATIONS', '1'), ('ROS_LOCALHOST_ONLY', '0'), ('PATH', '/home/mubashir/.local/bin:/opt/ros/humble/bin:/home/mubashir/.nvm/versions/node/v24.11.1/bin:/home/mubashir/.local/bin:/usr/local/sbin:/usr/local/bin:/usr/sbin:/usr/bin:/sbin:/bin:/usr/games:/usr/local/games:/snap/bin:/snap/bin:/home/mubashir/.antigravity-ide/extensions/ms-python.debugpy-2026.6.0-linux-x64/bundled/scripts/noConfigScripts'), ('SESSION_MANAGER', 'local/mubashir:@/tmp/.ICE-unix/1844,unix/mubashir:/tmp/.ICE-unix/1844'), ('INVOCATION_ID', '63602d618e334a338f6b66b9cf40e842'), ('XDG_MENU_PREFIX', 'gnome-'), ('LC_ADDRESS', 'ur_PK'), ('GNOME_SETUP_DISPLAY', ':1'), ('XDG_RUNTIME_DIR', '/run/user/1000'), ('GDK_BACKEND', 'wayland'), ('DISPLAY', ':0'), ('VSCODE_DEBUGPY_ADAPTER_ENDPOINTS', '/home/mubashir/.antigravity-ide/extensions/ms-python.debugpy-2026.6.0-linux-x64/.noConfigDebugAdapterEndpoints/endpoint-3680cb378e1342d9.txt'), ('LANG', 'en_US.UTF-8'), ('XDG_CURRENT_DESKTOP', 'ubuntu:GNOME'), ('PYTHONSTARTUP', '/home/mubashir/.config/Antigravity IDE/User/workspaceStorage/8f6e395ef8a2e691b5e7935d58298c51/ms-python.python/pythonrc.py'), ('LC_TELEPHONE', 'ur_PK'), ('XMODIFIERS', '@im=ibus'), ('XDG_SESSION_DESKTOP', 'ubuntu'), ('XAUTHORITY', '/run/user/1000/.mutter-Xwaylandauth.4GXER3'), ('LS_COLORS', 'rs=0:di=01;34:ln=01;36:mh=00:pi=40;33:so=01;35:do=01;35:bd=40;33;01:cd=40;33;01:or=40;31;01:mi=00:su=37;41:sg=30;43:ca=30;41:tw=30;42:ow=34;42:st=37;44:ex=01;32:*.tar=01;31:*.tgz=01;31:*.arc=01;31:*.arj=01;31:*.taz=01;31:*.lha=01;31:*.lz4=01;31:*.lzh=01;31:*.lzma=01;31:*.tlz=01;31:*.txz=01;31:*.tzo=01;31:*.t7z=01;31:*.zip=01;31:*.z=01;31:*.dz=01;31:*.gz=01;31:*.lrz=01;31:*.lz=01;31:*.lzo=01;31:*.xz=01;31:*.zst=01;31:*.tzst=01;31:*.bz2=01;31:*.bz=01;31:*.tbz=01;31:*.tbz2=01;31:*.tz=01;31:*.deb=01;31:*.rpm=01;31:*.jar=01;31:*.war=01;31:*.ear=01;31:*.sar=01;31:*.rar=01;31:*.alz=01;31:*.ace=01;31:*.zoo=01;31:*.cpio=01;31:*.7z=01;31:*.rz=01;31:*.cab=01;31:*.wim=01;31:*.swm=01;31:*.dwm=01;31:*.esd=01;31:*.jpg=01;35:*.jpeg=01;35:*.mjpg=01;35:*.mjpeg=01;35:*.gif=01;35:*.bmp=01;35:*.pbm=01;35:*.pgm=01;35:*.ppm=01;35:*.tga=01;35:*.xbm=01;35:*.xpm=01;35:*.tif=01;35:*.tiff=01;35:*.png=01;35:*.svg=01;35:*.svgz=01;35:*.mng=01;35:*.pcx=01;35:*.mov=01;35:*.mpg=01;35:*.mpeg=01;35:*.m2v=01;35:*.mkv=01;35:*.webm=01;35:*.webp=01;35:*.ogm=01;35:*.mp4=01;35:*.m4v=01;35:*.mp4v=01;35:*.vob=01;35:*.qt=01;35:*.nuv=01;35:*.wmv=01;35:*.asf=01;35:*.rm=01;35:*.rmvb=01;35:*.flc=01;35:*.avi=01;35:*.fli=01;35:*.flv=01;35:*.gl=01;35:*.dl=01;35:*.xcf=01;35:*.xwd=01;35:*.yuv=01;35:*.cgm=01;35:*.emf=01;35:*.ogv=01;35:*.ogx=01;35:*.aac=00;36:*.au=00;36:*.flac=00;36:*.m4a=00;36:*.mid=00;36:*.midi=00;36:*.mka=00;36:*.mp3=00;36:*.mpc=00;36:*.ogg=00;36:*.ra=00;36:*.wav=00;36:*.oga=00;36:*.opus=00;36:*.spx=00;36:*.xspf=00;36:'), ('VSCODE_GIT_IPC_HANDLE', '/run/user/1000/vscode-git-156ffa2263.sock'), ('TERM_PROGRAM', 'vscode'), ('SSH_AGENT_LAUNCHER', 'gnome-keyring'), ('SSH_AUTH_SOCK', '/run/user/1000/keyring/ssh'), ('AMENT_PREFIX_PATH', '/opt/ros/humble'), ('SHELL', '/bin/bash'), ('LC_NAME', 'ur_PK'), ('QT_ACCESSIBILITY', '1'), ('GDMSESSION', 'ubuntu'), ('LESSCLOSE', '/usr/bin/lesspipe %s %s'), ('LC_MEASUREMENT', 'ur_PK'), ('GJS_DEBUG_OUTPUT', 'stderr'), ('LC_IDENTIFICATION', 'ur_PK'), ('VSCODE_GIT_ASKPASS_EXTRA_ARGS', ''), ('QT_IM_MODULE', 'ibus'), ('PWD', '/home/mubashir/Documents/FYP-Legged-Robot-main/Code/build/quad_interface'), ('LC_ALL', 'en_US.UTF-8'), ('XDG_CONFIG_DIRS', '/etc/xdg/xdg-ubuntu:/etc/xdg'), ('NVM_CD_FLAGS', ''), ('XDG_DATA_DIRS', '/usr/share/ubuntu:/usr/local/share/:/usr/share/:/var/lib/snapd/desktop'), ('PYTHONPATH', '/opt/ros/humble/lib/python3.10/site-packages:/opt/ros/humble/local/lib/python3.10/dist-packages'), ('LC_NUMERIC', 'ur_PK'), ('LC_PAPER', 'ur_PK'), ('COLCON', '1'), ('CMAKE_PREFIX_PATH', '/opt/ros/humble')]), 'shell': False}
[3.976257] (gz_ros2_control) StdoutLine: {'line': b'-- Searching for <ignition-plugin1> component [register]\n'}
[3.976546] (gz_ros2_control) StdoutLine: {'line': b'-- Looking for ignition-plugin1-register -- found version 1.4.0\n'}
[3.976756] (gz_ros2_control) StdoutLine: {'line': b'-- Searching for dependencies of ignition-plugin1-register\n'}
[3.976982] (elevation_mapping) StdoutLine: {'line': b'-- Found rosidl_generator_c: 3.1.7 (/opt/ros/humble/share/rosidl_generator_c/cmake)\n'}
[3.977229] (gz_ros2_control) StdoutLine: {'line': b'-- Looking for ignition-transport11 -- found version 11.4.1\n'}
[3.977449] (gz_ros2_control) StdoutLine: {'line': b'-- Searching for dependencies of ignition-transport11\n'}
[3.979977] (elevation_mapping) StdoutLine: {'line': b'-- Found rosidl_adapter: 3.1.7 (/opt/ros/humble/share/rosidl_adapter/cmake)\n'}
[4.007448] (elevation_mapping) StdoutLine: {'line': b'-- Found rosidl_generator_cpp: 3.1.7 (/opt/ros/humble/share/rosidl_generator_cpp/cmake)\n'}
[4.030225] (-) TimerEvent: {}
[4.039788] (elevation_mapping) StdoutLine: {'line': b'-- Using all available rosidl_typesupport_c: rosidl_typesupport_fastrtps_c;rosidl_typesupport_introspection_c\n'}
[4.109120] (quad_interface) StdoutLine: {'line': b'-- The C compiler identification is GNU 11.4.0\n'}
[4.123859] (elevation_mapping) StdoutLine: {'line': b'-- Using all available rosidl_typesupport_cpp: rosidl_typesupport_fastrtps_cpp;rosidl_typesupport_introspection_cpp\n'}
[4.132228] (-) TimerEvent: {}
[4.139230] (gz_ros2_control) StdoutLine: {'line': b'-- Found Protobuf: /usr/lib/x86_64-linux-gnu/libprotobuf.so (found version "3.12.4") \n'}
[4.232363] (-) TimerEvent: {}
[4.233646] (gz_ros2_control) StdoutLine: {'line': b'-- Config-file not installed for ZeroMQ -- checking for pkg-config\n'}
[4.273788] (quad_interface) StdoutLine: {'line': b'-- The CXX compiler identification is GNU 11.4.0\n'}
[4.295657] (quad_interface) StdoutLine: {'line': b'-- Detecting C compiler ABI info\n'}
[4.358473] (-) TimerEvent: {}
[4.369887] (gz_ros2_control) StdoutLine: {'line': b"-- Checking for module 'libzmq >= 4'\n"}
[4.458998] (-) TimerEvent: {}
[4.461051] (gz_ros2_control) StdoutLine: {'line': b'--   Found libzmq , version 4.3.4\n'}
[4.559173] (-) TimerEvent: {}
[4.589998] (gz_ros2_control) StdoutLine: {'line': b'-- Found ZeroMQ: TRUE (Required is at least version "4") \n'}
[4.614142] (gz_ros2_control) StdoutLine: {'line': b"-- Checking for module 'uuid'\n"}
[4.648201] (quad_interface) StdoutLine: {'line': b'-- Detecting C compiler ABI info - done\n'}
[4.662827] (-) TimerEvent: {}
[4.706951] (quad_interface) StdoutLine: {'line': b'-- Check for working C compiler: /usr/bin/cc - skipped\n'}
[4.710186] (quad_interface) StdoutLine: {'line': b'-- Detecting C compile features\n'}
[4.711204] (quad_interface) StdoutLine: {'line': b'-- Detecting C compile features - done\n'}
[4.743582] (quad_interface) StdoutLine: {'line': b'-- Detecting CXX compiler ABI info\n'}
[4.744439] (gz_ros2_control) StdoutLine: {'line': b'--   Found uuid, version 2.37.2\n'}
[4.763028] (-) TimerEvent: {}
[4.867937] (-) TimerEvent: {}
[4.998150] (-) TimerEvent: {}
[5.028158] (gz_ros2_control) StdoutLine: {'line': b'-- Found UUID: TRUE  \n'}
[5.028742] (gz_ros2_control) StdoutLine: {'line': b'-- Looking for ignition-utils1 -- found version 1.5.1\n'}
[5.038882] (gz_ros2_control) StdoutLine: {'line': b'-- Searching for dependencies of ignition-utils1\n'}
[5.039917] (gz_ros2_control) StdoutLine: {'line': b'-- Searching for <ignition-utils1> component [cli]\n'}
[5.061304] (gz_ros2_control) StdoutLine: {'line': b'-- Looking for ignition-utils1-cli -- found version 1.5.1\n'}
[5.063306] (gz_ros2_control) StdoutLine: {'line': b'-- Searching for dependencies of ignition-utils1-cli\n'}
[5.080903] (gz_ros2_control) StdoutLine: {'line': b'-- Looking for ignition-msgs8 -- found version 8.7.0\n'}
[5.082239] (gz_ros2_control) StdoutLine: {'line': b'-- Searching for dependencies of ignition-msgs8\n'}
[5.098260] (-) TimerEvent: {}
[5.200245] (-) TimerEvent: {}
[5.213286] (quad_interface) StdoutLine: {'line': b'-- Detecting CXX compiler ABI info - done\n'}
[5.226328] (gz_ros2_control) StdoutLine: {'line': b'-- Found Protobuf: /usr/lib/x86_64-linux-gnu/libprotobuf.so (found suitable version "3.12.4", minimum required is "3") \n'}
[5.229291] (gz_ros2_control) StdoutLine: {'line': b'-- Looking for ignition-math6 -- found version 6.15.1\n'}
[5.297442] (gz_ros2_control) StdoutLine: {'line': b'-- Searching for <ignition-transport11> component [log]\n'}
[5.302205] (-) TimerEvent: {}
[5.304382] (quad_interface) StdoutLine: {'line': b'-- Check for working CXX compiler: /usr/bin/c++ - skipped\n'}
[5.315220] (quad_interface) StdoutLine: {'line': b'-- Detecting CXX compile features\n'}
[5.315767] (quad_interface) StdoutLine: {'line': b'-- Detecting CXX compile features - done\n'}
[5.326650] (gz_ros2_control) StdoutLine: {'line': b'-- Looking for ignition-transport11-log -- found version 11.4.1\n'}
[5.327693] (gz_ros2_control) StdoutLine: {'line': b'-- Searching for dependencies of ignition-transport11-log\n'}
[5.339337] (quad_interface) StdoutLine: {'line': b'-- Found ament_cmake: 1.3.12 (/opt/ros/humble/share/ament_cmake/cmake)\n'}
[5.339762] (gz_ros2_control) StdoutLine: {'line': b'-- Searching for <ignition-transport11> component [parameters]\n'}
[5.371230] (gz_ros2_control) StdoutLine: {'line': b'-- Looking for ignition-transport11-parameters -- found version 11.4.1\n'}
[5.371672] (gz_ros2_control) StdoutLine: {'line': b'-- Searching for dependencies of ignition-transport11-parameters\n'}
[5.384570] (gz_ros2_control) StdoutLine: {'line': b'-- Looking for ignition-msgs8 -- found version 8.7.0\n'}
[5.407202] (gz_ros2_control) StdoutLine: {'line': b'-- Looking for ignition-common4 -- found version 4.7.0\n'}
[5.407659] (-) TimerEvent: {}
[5.408894] (gz_ros2_control) StdoutLine: {'line': b'-- Searching for dependencies of ignition-common4\n'}
[5.414063] (gz_ros2_control) StdoutLine: {'line': b'-- Looking for dlfcn.h - found\n'}
[5.418301] (gz_ros2_control) StdoutLine: {'line': b'-- Looking for libdl - found\n'}
[5.418955] (elevation_mapping) StdoutLine: {'line': b'-- Found rmw_implementation_cmake: 6.1.2 (/opt/ros/humble/share/rmw_implementation_cmake/cmake)\n'}
[5.424403] (gz_ros2_control) StdoutLine: {'line': b'-- Found DL: TRUE  \n'}
[5.430358] (elevation_mapping) StdoutLine: {'line': b'-- Found rmw_fastrtps_cpp: 6.2.9 (/opt/ros/humble/share/rmw_fastrtps_cpp/cmake)\n'}
[5.480296] (gz_ros2_control) StdoutLine: {'line': b'-- Searching for <ignition-common4> component [profiler]\n'}
[5.492023] (gz_ros2_control) StdoutLine: {'line': b'-- Looking for ignition-common4-profiler -- found version 4.7.0\n'}
[5.499209] (gz_ros2_control) StdoutLine: {'line': b'-- Searching for dependencies of ignition-common4-profiler\n'}
[5.500879] (gz_ros2_control) StdoutLine: {'line': b'-- Searching for <ignition-common4> component [events]\n'}
[5.507810] (-) TimerEvent: {}
[5.519134] (gz_ros2_control) StdoutLine: {'line': b'-- Looking for ignition-common4-events -- found version 4.7.0\n'}
[5.519567] (gz_ros2_control) StdoutLine: {'line': b'-- Searching for dependencies of ignition-common4-events\n'}
[5.522296] (gz_ros2_control) StdoutLine: {'line': b'-- Looking for ignition-math6 -- found version 6.15.1\n'}
[5.532298] (gz_ros2_control) StdoutLine: {'line': b'-- Searching for <ignition-common4> component [av]\n'}
[5.550494] (elevation_mapping) StdoutLine: {'line': b'-- Found TinyXML2 via Config file: TinyXML2_DIR-NOTFOUND\n'}
[5.554734] (gz_ros2_control) StdoutLine: {'line': b'-- Looking for ignition-common4-av -- found version 4.7.0\n'}
[5.561176] (gz_ros2_control) StdoutLine: {'line': b'-- Searching for dependencies of ignition-common4-av\n'}
[5.586214] (gz_ros2_control) StdoutLine: {'line': b"-- Checking for module 'libswscale'\n"}
[5.609255] (-) TimerEvent: {}
[5.664574] (gz_ros2_control) StdoutLine: {'line': b'--   Found libswscale, version 5.9.100\n'}
[5.710018] (-) TimerEvent: {}
[5.752365] (elevation_mapping) StdoutLine: {'line': b'-- Found OpenSSL: /usr/lib/x86_64-linux-gnu/libcrypto.so (found version "3.0.2")  \n'}
[5.761074] (elevation_mapping) StdoutLine: {'line': b'-- Found TinyXML2 via Config file: TinyXML2_DIR-NOTFOUND\n'}
[5.805203] (cheetah_ros2) Command: {'cmd': ['/usr/bin/python3', '-W', 'ignore:setup.py install is deprecated', '-W', 'ignore:easy_install command is deprecated', 'setup.py', 'egg_info', '--egg-base', '../../../build/cheetah_ros2', 'build', '--build-base', '/home/mubashir/Documents/FYP-Legged-Robot-main/Code/build/cheetah_ros2/build', 'install', '--record', '/home/mubashir/Documents/FYP-Legged-Robot-main/Code/build/cheetah_ros2/install.log', '--single-version-externally-managed', 'install_data'], 'cwd': '/home/mubashir/Documents/FYP-Legged-Robot-main/Code/ROS/src/cheetah_ros2', 'env': {'GJS_DEBUG_TOPICS': 'JS ERROR;JS LOG', 'PYTHON_BASIC_REPL': '1', 'LESSOPEN': '| /usr/bin/lesspipe %s', 'USER': 'mubashir', 'LC_TIME': 'ur_PK', 'XDG_SESSION_TYPE': 'wayland', 'GIT_ASKPASS': '/opt/antigravity-ide/resources/app/extensions/git/dist/askpass.sh', 'SHLVL': '1', 'LD_LIBRARY_PATH': '/opt/ros/humble/opt/rviz_ogre_vendor/lib:/opt/ros/humble/lib/x86_64-linux-gnu:/opt/ros/humble/lib', 'ANTIGRAVITY_CLI_ALIAS': 'agy-ide', 'HOME': '/home/mubashir', 'CHROME_DESKTOP': 'antigravity-ide.desktop', 'TERM_PROGRAM_VERSION': '1.107.0', 'DESKTOP_SESSION': 'ubuntu', 'NVM_BIN': '/home/mubashir/.nvm/versions/node/v24.11.1/bin', 'NVM_INC': '/home/mubashir/.nvm/versions/node/v24.11.1/include/node', 'GIO_LAUNCHED_DESKTOP_FILE': '/usr/share/applications/antigravity-ide.desktop', 'ROS_PYTHON_VERSION': '3', 'GNOME_SHELL_SESSION_MODE': 'ubuntu', 'GTK_MODULES': 'gail:atk-bridge', 'VSCODE_GIT_ASKPASS_MAIN': '/opt/antigravity-ide/resources/app/extensions/git/dist/askpass-main.js', 'LC_MONETARY': 'ur_PK', 'VSCODE_GIT_ASKPASS_NODE': '/opt/antigravity-ide/antigravity-ide', 'MANAGERPID': '1636', 'PYDEVD_DISABLE_FILE_VALIDATION': '1', 'SYSTEMD_EXEC_PID': '1873', 'BUNDLED_DEBUGPY_PATH': '/home/mubashir/.antigravity-ide/extensions/ms-python.debugpy-2026.6.0-linux-x64/bundled/libs/debugpy', 'IM_CONFIG_CHECK_ENV': '1', 'VSCODE_PYTHON_AUTOACTIVATE_GUARD': '1', 'DBUS_SESSION_BUS_ADDRESS': 'unix:path=/run/user/1000/bus', 'COLORTERM': 'truecolor', 'GIO_LAUNCHED_DESKTOP_FILE_PID': '118115', 'NVM_DIR': '/home/mubashir/.nvm', 'IM_CONFIG_PHASE': '1', 'WAYLAND_DISPLAY': 'wayland-0', 'ROS_DISTRO': 'humble', 'LOGNAME': 'mubashir', 'JOURNAL_STREAM': '8:16579', '_': '/usr/bin/colcon', 'ROS_VERSION': '2', 'XDG_SESSION_CLASS': 'user', 'USERNAME': 'mubashir', 'TERM': 'xterm-256color', 'GNOME_DESKTOP_SESSION_ID': 'this-is-deprecated', 'FC_FONTATIONS': '1', 'ROS_LOCALHOST_ONLY': '0', 'PATH': '/home/mubashir/.local/bin:/opt/ros/humble/bin:/home/mubashir/.nvm/versions/node/v24.11.1/bin:/home/mubashir/.local/bin:/usr/local/sbin:/usr/local/bin:/usr/sbin:/usr/bin:/sbin:/bin:/usr/games:/usr/local/games:/snap/bin:/snap/bin:/home/mubashir/.antigravity-ide/extensions/ms-python.debugpy-2026.6.0-linux-x64/bundled/scripts/noConfigScripts', 'SESSION_MANAGER': 'local/mubashir:@/tmp/.ICE-unix/1844,unix/mubashir:/tmp/.ICE-unix/1844', 'INVOCATION_ID': '63602d618e334a338f6b66b9cf40e842', 'XDG_MENU_PREFIX': 'gnome-', 'LC_ADDRESS': 'ur_PK', 'GNOME_SETUP_DISPLAY': ':1', 'XDG_RUNTIME_DIR': '/run/user/1000', 'GDK_BACKEND': 'wayland', 'DISPLAY': ':0', 'VSCODE_DEBUGPY_ADAPTER_ENDPOINTS': '/home/mubashir/.antigravity-ide/extensions/ms-python.debugpy-2026.6.0-linux-x64/.noConfigDebugAdapterEndpoints/endpoint-3680cb378e1342d9.txt', 'LANG': 'en_US.UTF-8', 'XDG_CURRENT_DESKTOP': 'ubuntu:GNOME', 'PYTHONSTARTUP': '/home/mubashir/.config/Antigravity IDE/User/workspaceStorage/8f6e395ef8a2e691b5e7935d58298c51/ms-python.python/pythonrc.py', 'LC_TELEPHONE': 'ur_PK', 'XMODIFIERS': '@im=ibus', 'XDG_SESSION_DESKTOP': 'ubuntu', 'XAUTHORITY': '/run/user/1000/.mutter-Xwaylandauth.4GXER3', 'LS_COLORS': 'rs=0:di=01;34:ln=01;36:mh=00:pi=40;33:so=01;35:do=01;35:bd=40;33;01:cd=40;33;01:or=40;31;01:mi=00:su=37;41:sg=30;43:ca=30;41:tw=30;42:ow=34;42:st=37;44:ex=01;32:*.tar=01;31:*.tgz=01;31:*.arc=01;31:*.arj=01;31:*.taz=01;31:*.lha=01;31:*.lz4=01;31:*.lzh=01;31:*.lzma=01;31:*.tlz=01;31:*.txz=01;31:*.tzo=01;31:*.t7z=01;31:*.zip=01;31:*.z=01;31:*.dz=01;31:*.gz=01;31:*.lrz=01;31:*.lz=01;31:*.lzo=01;31:*.xz=01;31:*.zst=01;31:*.tzst=01;31:*.bz2=01;31:*.bz=01;31:*.tbz=01;31:*.tbz2=01;31:*.tz=01;31:*.deb=01;31:*.rpm=01;31:*.jar=01;31:*.war=01;31:*.ear=01;31:*.sar=01;31:*.rar=01;31:*.alz=01;31:*.ace=01;31:*.zoo=01;31:*.cpio=01;31:*.7z=01;31:*.rz=01;31:*.cab=01;31:*.wim=01;31:*.swm=01;31:*.dwm=01;31:*.esd=01;31:*.jpg=01;35:*.jpeg=01;35:*.mjpg=01;35:*.mjpeg=01;35:*.gif=01;35:*.bmp=01;35:*.pbm=01;35:*.pgm=01;35:*.ppm=01;35:*.tga=01;35:*.xbm=01;35:*.xpm=01;35:*.tif=01;35:*.tiff=01;35:*.png=01;35:*.svg=01;35:*.svgz=01;35:*.mng=01;35:*.pcx=01;35:*.mov=01;35:*.mpg=01;35:*.mpeg=01;35:*.m2v=01;35:*.mkv=01;35:*.webm=01;35:*.webp=01;35:*.ogm=01;35:*.mp4=01;35:*.m4v=01;35:*.mp4v=01;35:*.vob=01;35:*.qt=01;35:*.nuv=01;35:*.wmv=01;35:*.asf=01;35:*.rm=01;35:*.rmvb=01;35:*.flc=01;35:*.avi=01;35:*.fli=01;35:*.flv=01;35:*.gl=01;35:*.dl=01;35:*.xcf=01;35:*.xwd=01;35:*.yuv=01;35:*.cgm=01;35:*.emf=01;35:*.ogv=01;35:*.ogx=01;35:*.aac=00;36:*.au=00;36:*.flac=00;36:*.m4a=00;36:*.mid=00;36:*.midi=00;36:*.mka=00;36:*.mp3=00;36:*.mpc=00;36:*.ogg=00;36:*.ra=00;36:*.wav=00;36:*.oga=00;36:*.opus=00;36:*.spx=00;36:*.xspf=00;36:', 'VSCODE_GIT_IPC_HANDLE': '/run/user/1000/vscode-git-156ffa2263.sock', 'TERM_PROGRAM': 'vscode', 'SSH_AGENT_LAUNCHER': 'gnome-keyring', 'SSH_AUTH_SOCK': '/run/user/1000/keyring/ssh', 'AMENT_PREFIX_PATH': '/opt/ros/humble', 'SHELL': '/bin/bash', 'LC_NAME': 'ur_PK', 'QT_ACCESSIBILITY': '1', 'GDMSESSION': 'ubuntu', 'LESSCLOSE': '/usr/bin/lesspipe %s %s', 'LC_MEASUREMENT': 'ur_PK', 'GJS_DEBUG_OUTPUT': 'stderr', 'LC_IDENTIFICATION': 'ur_PK', 'VSCODE_GIT_ASKPASS_EXTRA_ARGS': '', 'QT_IM_MODULE': 'ibus', 'PWD': '/home/mubashir/Documents/FYP-Legged-Robot-main/Code/build/cheetah_ros2', 'LC_ALL': 'en_US.UTF-8', 'XDG_CONFIG_DIRS': '/etc/xdg/xdg-ubuntu:/etc/xdg', 'NVM_CD_FLAGS': '', 'XDG_DATA_DIRS': '/usr/share/ubuntu:/usr/local/share/:/usr/share/:/var/lib/snapd/desktop', 'PYTHONPATH': '/home/mubashir/Documents/FYP-Legged-Robot-main/Code/build/cheetah_ros2/prefix_override:/usr/lib/python3/dist-packages/colcon_core/task/python/colcon_distutils_commands:/home/mubashir/Documents/FYP-Legged-Robot-main/Code/install/cheetah_ros2/lib/python3.10/site-packages:/opt/ros/humble/lib/python3.10/site-packages:/opt/ros/humble/local/lib/python3.10/dist-packages', 'LC_NUMERIC': 'ur_PK', 'LC_PAPER': 'ur_PK', 'COLCON': '1'}, 'shell': False}
[5.838064] (-) TimerEvent: {}
[5.842097] (elevation_mapping) StdoutLine: {'line': b'-- Found FastRTPS: /opt/ros/humble/include  \n'}
[5.842818] (elevation_mapping) StdoutLine: {'line': b'-- Found TinyXML2 via Config file: TinyXML2_DIR-NOTFOUND\n'}
[5.861335] (gz_ros2_control) StdoutLine: {'line': b'-- Found SWSCALE: TRUE  \n'}
[5.888871] (elevation_mapping) StdoutLine: {'line': b'-- Found TinyXML2 via Config file: TinyXML2_DIR-NOTFOUND\n'}
[5.894911] (gz_ros2_control) StdoutLine: {'line': b"-- Checking for module 'libavdevice >= 56.4.100'\n"}
[5.938222] (-) TimerEvent: {}
[5.942522] (elevation_mapping) StdoutLine: {'line': b"-- Using RMW implementation 'rmw_fastrtps_cpp' as default\n"}
[5.988868] (elevation_mapping) StdoutLine: {'line': b'-- Looking for pthread.h\n'}
[6.004369] (gz_ros2_control) StdoutLine: {'line': b'--   Found libavdevice , version 58.13.100\n'}
[6.042605] (-) TimerEvent: {}
[6.143221] (-) TimerEvent: {}
[6.244113] (-) TimerEvent: {}
[6.252633] (cpg_ros2) Command: {'cmd': ['/usr/bin/python3', '-W', 'ignore:setup.py install is deprecated', '-W', 'ignore:easy_install command is deprecated', 'setup.py', 'egg_info', '--egg-base', '../../../build/cpg_ros2', 'build', '--build-base', '/home/mubashir/Documents/FYP-Legged-Robot-main/Code/build/cpg_ros2/build', 'install', '--record', '/home/mubashir/Documents/FYP-Legged-Robot-main/Code/build/cpg_ros2/install.log', '--single-version-externally-managed', 'install_data'], 'cwd': '/home/mubashir/Documents/FYP-Legged-Robot-main/Code/ROS/src/cpg_ros2', 'env': {'GJS_DEBUG_TOPICS': 'JS ERROR;JS LOG', 'PYTHON_BASIC_REPL': '1', 'LESSOPEN': '| /usr/bin/lesspipe %s', 'USER': 'mubashir', 'LC_TIME': 'ur_PK', 'XDG_SESSION_TYPE': 'wayland', 'GIT_ASKPASS': '/opt/antigravity-ide/resources/app/extensions/git/dist/askpass.sh', 'SHLVL': '1', 'LD_LIBRARY_PATH': '/opt/ros/humble/opt/rviz_ogre_vendor/lib:/opt/ros/humble/lib/x86_64-linux-gnu:/opt/ros/humble/lib', 'ANTIGRAVITY_CLI_ALIAS': 'agy-ide', 'HOME': '/home/mubashir', 'CHROME_DESKTOP': 'antigravity-ide.desktop', 'TERM_PROGRAM_VERSION': '1.107.0', 'DESKTOP_SESSION': 'ubuntu', 'NVM_BIN': '/home/mubashir/.nvm/versions/node/v24.11.1/bin', 'NVM_INC': '/home/mubashir/.nvm/versions/node/v24.11.1/include/node', 'GIO_LAUNCHED_DESKTOP_FILE': '/usr/share/applications/antigravity-ide.desktop', 'ROS_PYTHON_VERSION': '3', 'GNOME_SHELL_SESSION_MODE': 'ubuntu', 'GTK_MODULES': 'gail:atk-bridge', 'VSCODE_GIT_ASKPASS_MAIN': '/opt/antigravity-ide/resources/app/extensions/git/dist/askpass-main.js', 'LC_MONETARY': 'ur_PK', 'VSCODE_GIT_ASKPASS_NODE': '/opt/antigravity-ide/antigravity-ide', 'MANAGERPID': '1636', 'PYDEVD_DISABLE_FILE_VALIDATION': '1', 'SYSTEMD_EXEC_PID': '1873', 'BUNDLED_DEBUGPY_PATH': '/home/mubashir/.antigravity-ide/extensions/ms-python.debugpy-2026.6.0-linux-x64/bundled/libs/debugpy', 'IM_CONFIG_CHECK_ENV': '1', 'VSCODE_PYTHON_AUTOACTIVATE_GUARD': '1', 'DBUS_SESSION_BUS_ADDRESS': 'unix:path=/run/user/1000/bus', 'COLORTERM': 'truecolor', 'GIO_LAUNCHED_DESKTOP_FILE_PID': '118115', 'NVM_DIR': '/home/mubashir/.nvm', 'IM_CONFIG_PHASE': '1', 'WAYLAND_DISPLAY': 'wayland-0', 'ROS_DISTRO': 'humble', 'LOGNAME': 'mubashir', 'JOURNAL_STREAM': '8:16579', '_': '/usr/bin/colcon', 'ROS_VERSION': '2', 'XDG_SESSION_CLASS': 'user', 'USERNAME': 'mubashir', 'TERM': 'xterm-256color', 'GNOME_DESKTOP_SESSION_ID': 'this-is-deprecated', 'FC_FONTATIONS': '1', 'ROS_LOCALHOST_ONLY': '0', 'PATH': '/home/mubashir/.local/bin:/opt/ros/humble/bin:/home/mubashir/.nvm/versions/node/v24.11.1/bin:/home/mubashir/.local/bin:/usr/local/sbin:/usr/local/bin:/usr/sbin:/usr/bin:/sbin:/bin:/usr/games:/usr/local/games:/snap/bin:/snap/bin:/home/mubashir/.antigravity-ide/extensions/ms-python.debugpy-2026.6.0-linux-x64/bundled/scripts/noConfigScripts', 'SESSION_MANAGER': 'local/mubashir:@/tmp/.ICE-unix/1844,unix/mubashir:/tmp/.ICE-unix/1844', 'INVOCATION_ID': '63602d618e334a338f6b66b9cf40e842', 'XDG_MENU_PREFIX': 'gnome-', 'LC_ADDRESS': 'ur_PK', 'GNOME_SETUP_DISPLAY': ':1', 'XDG_RUNTIME_DIR': '/run/user/1000', 'GDK_BACKEND': 'wayland', 'DISPLAY': ':0', 'VSCODE_DEBUGPY_ADAPTER_ENDPOINTS': '/home/mubashir/.antigravity-ide/extensions/ms-python.debugpy-2026.6.0-linux-x64/.noConfigDebugAdapterEndpoints/endpoint-3680cb378e1342d9.txt', 'LANG': 'en_US.UTF-8', 'XDG_CURRENT_DESKTOP': 'ubuntu:GNOME', 'PYTHONSTARTUP': '/home/mubashir/.config/Antigravity IDE/User/workspaceStorage/8f6e395ef8a2e691b5e7935d58298c51/ms-python.python/pythonrc.py', 'LC_TELEPHONE': 'ur_PK', 'XMODIFIERS': '@im=ibus', 'XDG_SESSION_DESKTOP': 'ubuntu', 'XAUTHORITY': '/run/user/1000/.mutter-Xwaylandauth.4GXER3', 'LS_COLORS': 'rs=0:di=01;34:ln=01;36:mh=00:pi=40;33:so=01;35:do=01;35:bd=40;33;01:cd=40;33;01:or=40;31;01:mi=00:su=37;41:sg=30;43:ca=30;41:tw=30;42:ow=34;42:st=37;44:ex=01;32:*.tar=01;31:*.tgz=01;31:*.arc=01;31:*.arj=01;31:*.taz=01;31:*.lha=01;31:*.lz4=01;31:*.lzh=01;31:*.lzma=01;31:*.tlz=01;31:*.txz=01;31:*.tzo=01;31:*.t7z=01;31:*.zip=01;31:*.z=01;31:*.dz=01;31:*.gz=01;31:*.lrz=01;31:*.lz=01;31:*.lzo=01;31:*.xz=01;31:*.zst=01;31:*.tzst=01;31:*.bz2=01;31:*.bz=01;31:*.tbz=01;31:*.tbz2=01;31:*.tz=01;31:*.deb=01;31:*.rpm=01;31:*.jar=01;31:*.war=01;31:*.ear=01;31:*.sar=01;31:*.rar=01;31:*.alz=01;31:*.ace=01;31:*.zoo=01;31:*.cpio=01;31:*.7z=01;31:*.rz=01;31:*.cab=01;31:*.wim=01;31:*.swm=01;31:*.dwm=01;31:*.esd=01;31:*.jpg=01;35:*.jpeg=01;35:*.mjpg=01;35:*.mjpeg=01;35:*.gif=01;35:*.bmp=01;35:*.pbm=01;35:*.pgm=01;35:*.ppm=01;35:*.tga=01;35:*.xbm=01;35:*.xpm=01;35:*.tif=01;35:*.tiff=01;35:*.png=01;35:*.svg=01;35:*.svgz=01;35:*.mng=01;35:*.pcx=01;35:*.mov=01;35:*.mpg=01;35:*.mpeg=01;35:*.m2v=01;35:*.mkv=01;35:*.webm=01;35:*.webp=01;35:*.ogm=01;35:*.mp4=01;35:*.m4v=01;35:*.mp4v=01;35:*.vob=01;35:*.qt=01;35:*.nuv=01;35:*.wmv=01;35:*.asf=01;35:*.rm=01;35:*.rmvb=01;35:*.flc=01;35:*.avi=01;35:*.fli=01;35:*.flv=01;35:*.gl=01;35:*.dl=01;35:*.xcf=01;35:*.xwd=01;35:*.yuv=01;35:*.cgm=01;35:*.emf=01;35:*.ogv=01;35:*.ogx=01;35:*.aac=00;36:*.au=00;36:*.flac=00;36:*.m4a=00;36:*.mid=00;36:*.midi=00;36:*.mka=00;36:*.mp3=00;36:*.mpc=00;36:*.ogg=00;36:*.ra=00;36:*.wav=00;36:*.oga=00;36:*.opus=00;36:*.spx=00;36:*.xspf=00;36:', 'VSCODE_GIT_IPC_HANDLE': '/run/user/1000/vscode-git-156ffa2263.sock', 'TERM_PROGRAM': 'vscode', 'SSH_AGENT_LAUNCHER': 'gnome-keyring', 'SSH_AUTH_SOCK': '/run/user/1000/keyring/ssh', 'AMENT_PREFIX_PATH': '/opt/ros/humble', 'SHELL': '/bin/bash', 'LC_NAME': 'ur_PK', 'QT_ACCESSIBILITY': '1', 'GDMSESSION': 'ubuntu', 'LESSCLOSE': '/usr/bin/lesspipe %s %s', 'LC_MEASUREMENT': 'ur_PK', 'GJS_DEBUG_OUTPUT': 'stderr', 'LC_IDENTIFICATION': 'ur_PK', 'VSCODE_GIT_ASKPASS_EXTRA_ARGS': '', 'QT_IM_MODULE': 'ibus', 'PWD': '/home/mubashir/Documents/FYP-Legged-Robot-main/Code/build/cpg_ros2', 'LC_ALL': 'en_US.UTF-8', 'XDG_CONFIG_DIRS': '/etc/xdg/xdg-ubuntu:/etc/xdg', 'NVM_CD_FLAGS': '', 'XDG_DATA_DIRS': '/usr/share/ubuntu:/usr/local/share/:/usr/share/:/var/lib/snapd/desktop', 'PYTHONPATH': '/home/mubashir/Documents/FYP-Legged-Robot-main/Code/build/cpg_ros2/prefix_override:/usr/lib/python3/dist-packages/colcon_core/task/python/colcon_distutils_commands:/home/mubashir/Documents/FYP-Legged-Robot-main/Code/install/cpg_ros2/lib/python3.10/site-packages:/opt/ros/humble/lib/python3.10/site-packages:/opt/ros/humble/local/lib/python3.10/dist-packages', 'LC_NUMERIC': 'ur_PK', 'LC_PAPER': 'ur_PK', 'COLCON': '1'}, 'shell': False}
[6.345213] (-) TimerEvent: {}
[6.362418] (gz_ros2_control) StdoutLine: {'line': b'-- Found AVDEVICE: TRUE (Required is at least version "56.4.100") \n'}
[6.392322] (perception) Command: {'cmd': ['/usr/bin/python3', '-W', 'ignore:setup.py install is deprecated', '-W', 'ignore:easy_install command is deprecated', 'setup.py', 'egg_info', '--egg-base', '../../../build/perception', 'build', '--build-base', '/home/mubashir/Documents/FYP-Legged-Robot-main/Code/build/perception/build', 'install', '--record', '/home/mubashir/Documents/FYP-Legged-Robot-main/Code/build/perception/install.log', '--single-version-externally-managed', 'install_data'], 'cwd': '/home/mubashir/Documents/FYP-Legged-Robot-main/Code/ROS/src/perception', 'env': {'GJS_DEBUG_TOPICS': 'JS ERROR;JS LOG', 'PYTHON_BASIC_REPL': '1', 'LESSOPEN': '| /usr/bin/lesspipe %s', 'USER': 'mubashir', 'LC_TIME': 'ur_PK', 'XDG_SESSION_TYPE': 'wayland', 'GIT_ASKPASS': '/opt/antigravity-ide/resources/app/extensions/git/dist/askpass.sh', 'SHLVL': '1', 'LD_LIBRARY_PATH': '/opt/ros/humble/opt/rviz_ogre_vendor/lib:/opt/ros/humble/lib/x86_64-linux-gnu:/opt/ros/humble/lib', 'ANTIGRAVITY_CLI_ALIAS': 'agy-ide', 'HOME': '/home/mubashir', 'CHROME_DESKTOP': 'antigravity-ide.desktop', 'TERM_PROGRAM_VERSION': '1.107.0', 'DESKTOP_SESSION': 'ubuntu', 'NVM_BIN': '/home/mubashir/.nvm/versions/node/v24.11.1/bin', 'NVM_INC': '/home/mubashir/.nvm/versions/node/v24.11.1/include/node', 'GIO_LAUNCHED_DESKTOP_FILE': '/usr/share/applications/antigravity-ide.desktop', 'ROS_PYTHON_VERSION': '3', 'GNOME_SHELL_SESSION_MODE': 'ubuntu', 'GTK_MODULES': 'gail:atk-bridge', 'VSCODE_GIT_ASKPASS_MAIN': '/opt/antigravity-ide/resources/app/extensions/git/dist/askpass-main.js', 'LC_MONETARY': 'ur_PK', 'VSCODE_GIT_ASKPASS_NODE': '/opt/antigravity-ide/antigravity-ide', 'MANAGERPID': '1636', 'PYDEVD_DISABLE_FILE_VALIDATION': '1', 'SYSTEMD_EXEC_PID': '1873', 'BUNDLED_DEBUGPY_PATH': '/home/mubashir/.antigravity-ide/extensions/ms-python.debugpy-2026.6.0-linux-x64/bundled/libs/debugpy', 'IM_CONFIG_CHECK_ENV': '1', 'VSCODE_PYTHON_AUTOACTIVATE_GUARD': '1', 'DBUS_SESSION_BUS_ADDRESS': 'unix:path=/run/user/1000/bus', 'COLORTERM': 'truecolor', 'GIO_LAUNCHED_DESKTOP_FILE_PID': '118115', 'NVM_DIR': '/home/mubashir/.nvm', 'IM_CONFIG_PHASE': '1', 'WAYLAND_DISPLAY': 'wayland-0', 'ROS_DISTRO': 'humble', 'LOGNAME': 'mubashir', 'JOURNAL_STREAM': '8:16579', '_': '/usr/bin/colcon', 'ROS_VERSION': '2', 'XDG_SESSION_CLASS': 'user', 'USERNAME': 'mubashir', 'TERM': 'xterm-256color', 'GNOME_DESKTOP_SESSION_ID': 'this-is-deprecated', 'FC_FONTATIONS': '1', 'ROS_LOCALHOST_ONLY': '0', 'PATH': '/home/mubashir/.local/bin:/opt/ros/humble/bin:/home/mubashir/.nvm/versions/node/v24.11.1/bin:/home/mubashir/.local/bin:/usr/local/sbin:/usr/local/bin:/usr/sbin:/usr/bin:/sbin:/bin:/usr/games:/usr/local/games:/snap/bin:/snap/bin:/home/mubashir/.antigravity-ide/extensions/ms-python.debugpy-2026.6.0-linux-x64/bundled/scripts/noConfigScripts', 'SESSION_MANAGER': 'local/mubashir:@/tmp/.ICE-unix/1844,unix/mubashir:/tmp/.ICE-unix/1844', 'INVOCATION_ID': '63602d618e334a338f6b66b9cf40e842', 'XDG_MENU_PREFIX': 'gnome-', 'LC_ADDRESS': 'ur_PK', 'GNOME_SETUP_DISPLAY': ':1', 'XDG_RUNTIME_DIR': '/run/user/1000', 'GDK_BACKEND': 'wayland', 'DISPLAY': ':0', 'VSCODE_DEBUGPY_ADAPTER_ENDPOINTS': '/home/mubashir/.antigravity-ide/extensions/ms-python.debugpy-2026.6.0-linux-x64/.noConfigDebugAdapterEndpoints/endpoint-3680cb378e1342d9.txt', 'LANG': 'en_US.UTF-8', 'XDG_CURRENT_DESKTOP': 'ubuntu:GNOME', 'PYTHONSTARTUP': '/home/mubashir/.config/Antigravity IDE/User/workspaceStorage/8f6e395ef8a2e691b5e7935d58298c51/ms-python.python/pythonrc.py', 'LC_TELEPHONE': 'ur_PK', 'XMODIFIERS': '@im=ibus', 'XDG_SESSION_DESKTOP': 'ubuntu', 'XAUTHORITY': '/run/user/1000/.mutter-Xwaylandauth.4GXER3', 'LS_COLORS': 'rs=0:di=01;34:ln=01;36:mh=00:pi=40;33:so=01;35:do=01;35:bd=40;33;01:cd=40;33;01:or=40;31;01:mi=00:su=37;41:sg=30;43:ca=30;41:tw=30;42:ow=34;42:st=37;44:ex=01;32:*.tar=01;31:*.tgz=01;31:*.arc=01;31:*.arj=01;31:*.taz=01;31:*.lha=01;31:*.lz4=01;31:*.lzh=01;31:*.lzma=01;31:*.tlz=01;31:*.txz=01;31:*.tzo=01;31:*.t7z=01;31:*.zip=01;31:*.z=01;31:*.dz=01;31:*.gz=01;31:*.lrz=01;31:*.lz=01;31:*.lzo=01;31:*.xz=01;31:*.zst=01;31:*.tzst=01;31:*.bz2=01;31:*.bz=01;31:*.tbz=01;31:*.tbz2=01;31:*.tz=01;31:*.deb=01;31:*.rpm=01;31:*.jar=01;31:*.war=01;31:*.ear=01;31:*.sar=01;31:*.rar=01;31:*.alz=01;31:*.ace=01;31:*.zoo=01;31:*.cpio=01;31:*.7z=01;31:*.rz=01;31:*.cab=01;31:*.wim=01;31:*.swm=01;31:*.dwm=01;31:*.esd=01;31:*.jpg=01;35:*.jpeg=01;35:*.mjpg=01;35:*.mjpeg=01;35:*.gif=01;35:*.bmp=01;35:*.pbm=01;35:*.pgm=01;35:*.ppm=01;35:*.tga=01;35:*.xbm=01;35:*.xpm=01;35:*.tif=01;35:*.tiff=01;35:*.png=01;35:*.svg=01;35:*.svgz=01;35:*.mng=01;35:*.pcx=01;35:*.mov=01;35:*.mpg=01;35:*.mpeg=01;35:*.m2v=01;35:*.mkv=01;35:*.webm=01;35:*.webp=01;35:*.ogm=01;35:*.mp4=01;35:*.m4v=01;35:*.mp4v=01;35:*.vob=01;35:*.qt=01;35:*.nuv=01;35:*.wmv=01;35:*.asf=01;35:*.rm=01;35:*.rmvb=01;35:*.flc=01;35:*.avi=01;35:*.fli=01;35:*.flv=01;35:*.gl=01;35:*.dl=01;35:*.xcf=01;35:*.xwd=01;35:*.yuv=01;35:*.cgm=01;35:*.emf=01;35:*.ogv=01;35:*.ogx=01;35:*.aac=00;36:*.au=00;36:*.flac=00;36:*.m4a=00;36:*.mid=00;36:*.midi=00;36:*.mka=00;36:*.mp3=00;36:*.mpc=00;36:*.ogg=00;36:*.ra=00;36:*.wav=00;36:*.oga=00;36:*.opus=00;36:*.spx=00;36:*.xspf=00;36:', 'VSCODE_GIT_IPC_HANDLE': '/run/user/1000/vscode-git-156ffa2263.sock', 'TERM_PROGRAM': 'vscode', 'SSH_AGENT_LAUNCHER': 'gnome-keyring', 'SSH_AUTH_SOCK': '/run/user/1000/keyring/ssh', 'AMENT_PREFIX_PATH': '/opt/ros/humble', 'SHELL': '/bin/bash', 'LC_NAME': 'ur_PK', 'QT_ACCESSIBILITY': '1', 'GDMSESSION': 'ubuntu', 'LESSCLOSE': '/usr/bin/lesspipe %s %s', 'LC_MEASUREMENT': 'ur_PK', 'GJS_DEBUG_OUTPUT': 'stderr', 'LC_IDENTIFICATION': 'ur_PK', 'VSCODE_GIT_ASKPASS_EXTRA_ARGS': '', 'QT_IM_MODULE': 'ibus', 'PWD': '/home/mubashir/Documents/FYP-Legged-Robot-main/Code/build/perception', 'LC_ALL': 'en_US.UTF-8', 'XDG_CONFIG_DIRS': '/etc/xdg/xdg-ubuntu:/etc/xdg', 'NVM_CD_FLAGS': '', 'XDG_DATA_DIRS': '/usr/share/ubuntu:/usr/local/share/:/usr/share/:/var/lib/snapd/desktop', 'PYTHONPATH': '/home/mubashir/Documents/FYP-Legged-Robot-main/Code/build/perception/prefix_override:/usr/lib/python3/dist-packages/colcon_core/task/python/colcon_distutils_commands:/home/mubashir/Documents/FYP-Legged-Robot-main/Code/install/perception/lib/python3.10/site-packages:/opt/ros/humble/lib/python3.10/site-packages:/opt/ros/humble/local/lib/python3.10/dist-packages', 'LC_NUMERIC': 'ur_PK', 'LC_PAPER': 'ur_PK', 'COLCON': '1'}, 'shell': False}
[6.409979] (gz_ros2_control) StdoutLine: {'line': b"-- Checking for module 'libavformat'\n"}
[6.445373] (-) TimerEvent: {}
[6.502657] (gz_ros2_control) StdoutLine: {'line': b'--   Found libavformat, version 58.76.100\n'}
[6.545519] (-) TimerEvent: {}
[6.599345] (kin_ros2) Command: {'cmd': ['/usr/bin/python3', '-W', 'ignore:setup.py install is deprecated', '-W', 'ignore:easy_install command is deprecated', 'setup.py', 'egg_info', '--egg-base', '../../../build/kin_ros2', 'build', '--build-base', '/home/mubashir/Documents/FYP-Legged-Robot-main/Code/build/kin_ros2/build', 'install', '--record', '/home/mubashir/Documents/FYP-Legged-Robot-main/Code/build/kin_ros2/install.log', '--single-version-externally-managed', 'install_data'], 'cwd': '/home/mubashir/Documents/FYP-Legged-Robot-main/Code/ROS/src/kin_ros2', 'env': {'GJS_DEBUG_TOPICS': 'JS ERROR;JS LOG', 'PYTHON_BASIC_REPL': '1', 'LESSOPEN': '| /usr/bin/lesspipe %s', 'USER': 'mubashir', 'LC_TIME': 'ur_PK', 'XDG_SESSION_TYPE': 'wayland', 'GIT_ASKPASS': '/opt/antigravity-ide/resources/app/extensions/git/dist/askpass.sh', 'SHLVL': '1', 'LD_LIBRARY_PATH': '/opt/ros/humble/opt/rviz_ogre_vendor/lib:/opt/ros/humble/lib/x86_64-linux-gnu:/opt/ros/humble/lib', 'ANTIGRAVITY_CLI_ALIAS': 'agy-ide', 'HOME': '/home/mubashir', 'CHROME_DESKTOP': 'antigravity-ide.desktop', 'TERM_PROGRAM_VERSION': '1.107.0', 'DESKTOP_SESSION': 'ubuntu', 'NVM_BIN': '/home/mubashir/.nvm/versions/node/v24.11.1/bin', 'NVM_INC': '/home/mubashir/.nvm/versions/node/v24.11.1/include/node', 'GIO_LAUNCHED_DESKTOP_FILE': '/usr/share/applications/antigravity-ide.desktop', 'ROS_PYTHON_VERSION': '3', 'GNOME_SHELL_SESSION_MODE': 'ubuntu', 'GTK_MODULES': 'gail:atk-bridge', 'VSCODE_GIT_ASKPASS_MAIN': '/opt/antigravity-ide/resources/app/extensions/git/dist/askpass-main.js', 'LC_MONETARY': 'ur_PK', 'VSCODE_GIT_ASKPASS_NODE': '/opt/antigravity-ide/antigravity-ide', 'MANAGERPID': '1636', 'PYDEVD_DISABLE_FILE_VALIDATION': '1', 'SYSTEMD_EXEC_PID': '1873', 'BUNDLED_DEBUGPY_PATH': '/home/mubashir/.antigravity-ide/extensions/ms-python.debugpy-2026.6.0-linux-x64/bundled/libs/debugpy', 'IM_CONFIG_CHECK_ENV': '1', 'VSCODE_PYTHON_AUTOACTIVATE_GUARD': '1', 'DBUS_SESSION_BUS_ADDRESS': 'unix:path=/run/user/1000/bus', 'COLORTERM': 'truecolor', 'GIO_LAUNCHED_DESKTOP_FILE_PID': '118115', 'NVM_DIR': '/home/mubashir/.nvm', 'IM_CONFIG_PHASE': '1', 'WAYLAND_DISPLAY': 'wayland-0', 'ROS_DISTRO': 'humble', 'LOGNAME': 'mubashir', 'JOURNAL_STREAM': '8:16579', '_': '/usr/bin/colcon', 'ROS_VERSION': '2', 'XDG_SESSION_CLASS': 'user', 'USERNAME': 'mubashir', 'TERM': 'xterm-256color', 'GNOME_DESKTOP_SESSION_ID': 'this-is-deprecated', 'FC_FONTATIONS': '1', 'ROS_LOCALHOST_ONLY': '0', 'PATH': '/home/mubashir/.local/bin:/opt/ros/humble/bin:/home/mubashir/.nvm/versions/node/v24.11.1/bin:/home/mubashir/.local/bin:/usr/local/sbin:/usr/local/bin:/usr/sbin:/usr/bin:/sbin:/bin:/usr/games:/usr/local/games:/snap/bin:/snap/bin:/home/mubashir/.antigravity-ide/extensions/ms-python.debugpy-2026.6.0-linux-x64/bundled/scripts/noConfigScripts', 'SESSION_MANAGER': 'local/mubashir:@/tmp/.ICE-unix/1844,unix/mubashir:/tmp/.ICE-unix/1844', 'INVOCATION_ID': '63602d618e334a338f6b66b9cf40e842', 'XDG_MENU_PREFIX': 'gnome-', 'LC_ADDRESS': 'ur_PK', 'GNOME_SETUP_DISPLAY': ':1', 'XDG_RUNTIME_DIR': '/run/user/1000', 'GDK_BACKEND': 'wayland', 'DISPLAY': ':0', 'VSCODE_DEBUGPY_ADAPTER_ENDPOINTS': '/home/mubashir/.antigravity-ide/extensions/ms-python.debugpy-2026.6.0-linux-x64/.noConfigDebugAdapterEndpoints/endpoint-3680cb378e1342d9.txt', 'LANG': 'en_US.UTF-8', 'XDG_CURRENT_DESKTOP': 'ubuntu:GNOME', 'PYTHONSTARTUP': '/home/mubashir/.config/Antigravity IDE/User/workspaceStorage/8f6e395ef8a2e691b5e7935d58298c51/ms-python.python/pythonrc.py', 'LC_TELEPHONE': 'ur_PK', 'XMODIFIERS': '@im=ibus', 'XDG_SESSION_DESKTOP': 'ubuntu', 'XAUTHORITY': '/run/user/1000/.mutter-Xwaylandauth.4GXER3', 'LS_COLORS': 'rs=0:di=01;34:ln=01;36:mh=00:pi=40;33:so=01;35:do=01;35:bd=40;33;01:cd=40;33;01:or=40;31;01:mi=00:su=37;41:sg=30;43:ca=30;41:tw=30;42:ow=34;42:st=37;44:ex=01;32:*.tar=01;31:*.tgz=01;31:*.arc=01;31:*.arj=01;31:*.taz=01;31:*.lha=01;31:*.lz4=01;31:*.lzh=01;31:*.lzma=01;31:*.tlz=01;31:*.txz=01;31:*.tzo=01;31:*.t7z=01;31:*.zip=01;31:*.z=01;31:*.dz=01;31:*.gz=01;31:*.lrz=01;31:*.lz=01;31:*.lzo=01;31:*.xz=01;31:*.zst=01;31:*.tzst=01;31:*.bz2=01;31:*.bz=01;31:*.tbz=01;31:*.tbz2=01;31:*.tz=01;31:*.deb=01;31:*.rpm=01;31:*.jar=01;31:*.war=01;31:*.ear=01;31:*.sar=01;31:*.rar=01;31:*.alz=01;31:*.ace=01;31:*.zoo=01;31:*.cpio=01;31:*.7z=01;31:*.rz=01;31:*.cab=01;31:*.wim=01;31:*.swm=01;31:*.dwm=01;31:*.esd=01;31:*.jpg=01;35:*.jpeg=01;35:*.mjpg=01;35:*.mjpeg=01;35:*.gif=01;35:*.bmp=01;35:*.pbm=01;35:*.pgm=01;35:*.ppm=01;35:*.tga=01;35:*.xbm=01;35:*.xpm=01;35:*.tif=01;35:*.tiff=01;35:*.png=01;35:*.svg=01;35:*.svgz=01;35:*.mng=01;35:*.pcx=01;35:*.mov=01;35:*.mpg=01;35:*.mpeg=01;35:*.m2v=01;35:*.mkv=01;35:*.webm=01;35:*.webp=01;35:*.ogm=01;35:*.mp4=01;35:*.m4v=01;35:*.mp4v=01;35:*.vob=01;35:*.qt=01;35:*.nuv=01;35:*.wmv=01;35:*.asf=01;35:*.rm=01;35:*.rmvb=01;35:*.flc=01;35:*.avi=01;35:*.fli=01;35:*.flv=01;35:*.gl=01;35:*.dl=01;35:*.xcf=01;35:*.xwd=01;35:*.yuv=01;35:*.cgm=01;35:*.emf=01;35:*.ogv=01;35:*.ogx=01;35:*.aac=00;36:*.au=00;36:*.flac=00;36:*.m4a=00;36:*.mid=00;36:*.midi=00;36:*.mka=00;36:*.mp3=00;36:*.mpc=00;36:*.ogg=00;36:*.ra=00;36:*.wav=00;36:*.oga=00;36:*.opus=00;36:*.spx=00;36:*.xspf=00;36:', 'VSCODE_GIT_IPC_HANDLE': '/run/user/1000/vscode-git-156ffa2263.sock', 'TERM_PROGRAM': 'vscode', 'SSH_AGENT_LAUNCHER': 'gnome-keyring', 'SSH_AUTH_SOCK': '/run/user/1000/keyring/ssh', 'AMENT_PREFIX_PATH': '/opt/ros/humble', 'SHELL': '/bin/bash', 'LC_NAME': 'ur_PK', 'QT_ACCESSIBILITY': '1', 'GDMSESSION': 'ubuntu', 'LESSCLOSE': '/usr/bin/lesspipe %s %s', 'LC_MEASUREMENT': 'ur_PK', 'GJS_DEBUG_OUTPUT': 'stderr', 'LC_IDENTIFICATION': 'ur_PK', 'VSCODE_GIT_ASKPASS_EXTRA_ARGS': '', 'QT_IM_MODULE': 'ibus', 'PWD': '/home/mubashir/Documents/FYP-Legged-Robot-main/Code/build/kin_ros2', 'LC_ALL': 'en_US.UTF-8', 'XDG_CONFIG_DIRS': '/etc/xdg/xdg-ubuntu:/etc/xdg', 'NVM_CD_FLAGS': '', 'XDG_DATA_DIRS': '/usr/share/ubuntu:/usr/local/share/:/usr/share/:/var/lib/snapd/desktop', 'PYTHONPATH': '/home/mubashir/Documents/FYP-Legged-Robot-main/Code/build/kin_ros2/prefix_override:/usr/lib/python3/dist-packages/colcon_core/task/python/colcon_distutils_commands:/home/mubashir/Documents/FYP-Legged-Robot-main/Code/install/kin_ros2/lib/python3.10/site-packages:/opt/ros/humble/lib/python3.10/site-packages:/opt/ros/humble/local/lib/python3.10/dist-packages', 'LC_NUMERIC': 'ur_PK', 'LC_PAPER': 'ur_PK', 'COLCON': '1'}, 'shell': False}
[6.618017] (quad_interface) StdoutLine: {'line': b'-- Found Python3: /usr/bin/python3 (found version "3.10.12") found components: Interpreter \n'}
[6.626514] (elevation_mapping) StdoutLine: {'line': b'-- Looking for pthread.h - found\n'}
[6.636600] (elevation_mapping) StdoutLine: {'line': b'-- Performing Test CMAKE_HAVE_LIBC_PTHREAD\n'}
[6.654011] (-) TimerEvent: {}
[6.696896] (gz_ros2_control) StdoutLine: {'line': b'-- Found AVFORMAT: TRUE  \n'}
[6.746227] (gz_ros2_control) StdoutLine: {'line': b"-- Checking for module 'libavcodec'\n"}
[6.758189] (-) TimerEvent: {}
[6.863309] (gz_ros2_control) StdoutLine: {'line': b'--   Found libavcodec, version 58.134.100\n'}
[6.863750] (-) TimerEvent: {}
[6.905613] (rlpa_ros2) Command: {'cmd': ['/usr/bin/python3', '-W', 'ignore:setup.py install is deprecated', '-W', 'ignore:easy_install command is deprecated', 'setup.py', 'egg_info', '--egg-base', '../../../build/rlpa_ros2', 'build', '--build-base', '/home/mubashir/Documents/FYP-Legged-Robot-main/Code/build/rlpa_ros2/build', 'install', '--record', '/home/mubashir/Documents/FYP-Legged-Robot-main/Code/build/rlpa_ros2/install.log', '--single-version-externally-managed', 'install_data'], 'cwd': '/home/mubashir/Documents/FYP-Legged-Robot-main/Code/ROS/src/rlpa_ros2', 'env': {'GJS_DEBUG_TOPICS': 'JS ERROR;JS LOG', 'PYTHON_BASIC_REPL': '1', 'LESSOPEN': '| /usr/bin/lesspipe %s', 'USER': 'mubashir', 'LC_TIME': 'ur_PK', 'XDG_SESSION_TYPE': 'wayland', 'GIT_ASKPASS': '/opt/antigravity-ide/resources/app/extensions/git/dist/askpass.sh', 'SHLVL': '1', 'LD_LIBRARY_PATH': '/opt/ros/humble/opt/rviz_ogre_vendor/lib:/opt/ros/humble/lib/x86_64-linux-gnu:/opt/ros/humble/lib', 'ANTIGRAVITY_CLI_ALIAS': 'agy-ide', 'HOME': '/home/mubashir', 'CHROME_DESKTOP': 'antigravity-ide.desktop', 'TERM_PROGRAM_VERSION': '1.107.0', 'DESKTOP_SESSION': 'ubuntu', 'NVM_BIN': '/home/mubashir/.nvm/versions/node/v24.11.1/bin', 'NVM_INC': '/home/mubashir/.nvm/versions/node/v24.11.1/include/node', 'GIO_LAUNCHED_DESKTOP_FILE': '/usr/share/applications/antigravity-ide.desktop', 'ROS_PYTHON_VERSION': '3', 'GNOME_SHELL_SESSION_MODE': 'ubuntu', 'GTK_MODULES': 'gail:atk-bridge', 'VSCODE_GIT_ASKPASS_MAIN': '/opt/antigravity-ide/resources/app/extensions/git/dist/askpass-main.js', 'LC_MONETARY': 'ur_PK', 'VSCODE_GIT_ASKPASS_NODE': '/opt/antigravity-ide/antigravity-ide', 'MANAGERPID': '1636', 'PYDEVD_DISABLE_FILE_VALIDATION': '1', 'SYSTEMD_EXEC_PID': '1873', 'BUNDLED_DEBUGPY_PATH': '/home/mubashir/.antigravity-ide/extensions/ms-python.debugpy-2026.6.0-linux-x64/bundled/libs/debugpy', 'IM_CONFIG_CHECK_ENV': '1', 'VSCODE_PYTHON_AUTOACTIVATE_GUARD': '1', 'DBUS_SESSION_BUS_ADDRESS': 'unix:path=/run/user/1000/bus', 'COLORTERM': 'truecolor', 'GIO_LAUNCHED_DESKTOP_FILE_PID': '118115', 'NVM_DIR': '/home/mubashir/.nvm', 'IM_CONFIG_PHASE': '1', 'WAYLAND_DISPLAY': 'wayland-0', 'ROS_DISTRO': 'humble', 'LOGNAME': 'mubashir', 'JOURNAL_STREAM': '8:16579', '_': '/usr/bin/colcon', 'ROS_VERSION': '2', 'XDG_SESSION_CLASS': 'user', 'USERNAME': 'mubashir', 'TERM': 'xterm-256color', 'GNOME_DESKTOP_SESSION_ID': 'this-is-deprecated', 'FC_FONTATIONS': '1', 'ROS_LOCALHOST_ONLY': '0', 'PATH': '/home/mubashir/.local/bin:/opt/ros/humble/bin:/home/mubashir/.nvm/versions/node/v24.11.1/bin:/home/mubashir/.local/bin:/usr/local/sbin:/usr/local/bin:/usr/sbin:/usr/bin:/sbin:/bin:/usr/games:/usr/local/games:/snap/bin:/snap/bin:/home/mubashir/.antigravity-ide/extensions/ms-python.debugpy-2026.6.0-linux-x64/bundled/scripts/noConfigScripts', 'SESSION_MANAGER': 'local/mubashir:@/tmp/.ICE-unix/1844,unix/mubashir:/tmp/.ICE-unix/1844', 'INVOCATION_ID': '63602d618e334a338f6b66b9cf40e842', 'XDG_MENU_PREFIX': 'gnome-', 'LC_ADDRESS': 'ur_PK', 'GNOME_SETUP_DISPLAY': ':1', 'XDG_RUNTIME_DIR': '/run/user/1000', 'GDK_BACKEND': 'wayland', 'DISPLAY': ':0', 'VSCODE_DEBUGPY_ADAPTER_ENDPOINTS': '/home/mubashir/.antigravity-ide/extensions/ms-python.debugpy-2026.6.0-linux-x64/.noConfigDebugAdapterEndpoints/endpoint-3680cb378e1342d9.txt', 'LANG': 'en_US.UTF-8', 'XDG_CURRENT_DESKTOP': 'ubuntu:GNOME', 'PYTHONSTARTUP': '/home/mubashir/.config/Antigravity IDE/User/workspaceStorage/8f6e395ef8a2e691b5e7935d58298c51/ms-python.python/pythonrc.py', 'LC_TELEPHONE': 'ur_PK', 'XMODIFIERS': '@im=ibus', 'XDG_SESSION_DESKTOP': 'ubuntu', 'XAUTHORITY': '/run/user/1000/.mutter-Xwaylandauth.4GXER3', 'LS_COLORS': 'rs=0:di=01;34:ln=01;36:mh=00:pi=40;33:so=01;35:do=01;35:bd=40;33;01:cd=40;33;01:or=40;31;01:mi=00:su=37;41:sg=30;43:ca=30;41:tw=30;42:ow=34;42:st=37;44:ex=01;32:*.tar=01;31:*.tgz=01;31:*.arc=01;31:*.arj=01;31:*.taz=01;31:*.lha=01;31:*.lz4=01;31:*.lzh=01;31:*.lzma=01;31:*.tlz=01;31:*.txz=01;31:*.tzo=01;31:*.t7z=01;31:*.zip=01;31:*.z=01;31:*.dz=01;31:*.gz=01;31:*.lrz=01;31:*.lz=01;31:*.lzo=01;31:*.xz=01;31:*.zst=01;31:*.tzst=01;31:*.bz2=01;31:*.bz=01;31:*.tbz=01;31:*.tbz2=01;31:*.tz=01;31:*.deb=01;31:*.rpm=01;31:*.jar=01;31:*.war=01;31:*.ear=01;31:*.sar=01;31:*.rar=01;31:*.alz=01;31:*.ace=01;31:*.zoo=01;31:*.cpio=01;31:*.7z=01;31:*.rz=01;31:*.cab=01;31:*.wim=01;31:*.swm=01;31:*.dwm=01;31:*.esd=01;31:*.jpg=01;35:*.jpeg=01;35:*.mjpg=01;35:*.mjpeg=01;35:*.gif=01;35:*.bmp=01;35:*.pbm=01;35:*.pgm=01;35:*.ppm=01;35:*.tga=01;35:*.xbm=01;35:*.xpm=01;35:*.tif=01;35:*.tiff=01;35:*.png=01;35:*.svg=01;35:*.svgz=01;35:*.mng=01;35:*.pcx=01;35:*.mov=01;35:*.mpg=01;35:*.mpeg=01;35:*.m2v=01;35:*.mkv=01;35:*.webm=01;35:*.webp=01;35:*.ogm=01;35:*.mp4=01;35:*.m4v=01;35:*.mp4v=01;35:*.vob=01;35:*.qt=01;35:*.nuv=01;35:*.wmv=01;35:*.asf=01;35:*.rm=01;35:*.rmvb=01;35:*.flc=01;35:*.avi=01;35:*.fli=01;35:*.flv=01;35:*.gl=01;35:*.dl=01;35:*.xcf=01;35:*.xwd=01;35:*.yuv=01;35:*.cgm=01;35:*.emf=01;35:*.ogv=01;35:*.ogx=01;35:*.aac=00;36:*.au=00;36:*.flac=00;36:*.m4a=00;36:*.mid=00;36:*.midi=00;36:*.mka=00;36:*.mp3=00;36:*.mpc=00;36:*.ogg=00;36:*.ra=00;36:*.wav=00;36:*.oga=00;36:*.opus=00;36:*.spx=00;36:*.xspf=00;36:', 'VSCODE_GIT_IPC_HANDLE': '/run/user/1000/vscode-git-156ffa2263.sock', 'TERM_PROGRAM': 'vscode', 'SSH_AGENT_LAUNCHER': 'gnome-keyring', 'SSH_AUTH_SOCK': '/run/user/1000/keyring/ssh', 'AMENT_PREFIX_PATH': '/opt/ros/humble', 'SHELL': '/bin/bash', 'LC_NAME': 'ur_PK', 'QT_ACCESSIBILITY': '1', 'GDMSESSION': 'ubuntu', 'LESSCLOSE': '/usr/bin/lesspipe %s %s', 'LC_MEASUREMENT': 'ur_PK', 'GJS_DEBUG_OUTPUT': 'stderr', 'LC_IDENTIFICATION': 'ur_PK', 'VSCODE_GIT_ASKPASS_EXTRA_ARGS': '', 'QT_IM_MODULE': 'ibus', 'PWD': '/home/mubashir/Documents/FYP-Legged-Robot-main/Code/build/rlpa_ros2', 'LC_ALL': 'en_US.UTF-8', 'XDG_CONFIG_DIRS': '/etc/xdg/xdg-ubuntu:/etc/xdg', 'NVM_CD_FLAGS': '', 'XDG_DATA_DIRS': '/usr/share/ubuntu:/usr/local/share/:/usr/share/:/var/lib/snapd/desktop', 'PYTHONPATH': '/home/mubashir/Documents/FYP-Legged-Robot-main/Code/build/rlpa_ros2/prefix_override:/usr/lib/python3/dist-packages/colcon_core/task/python/colcon_distutils_commands:/home/mubashir/Documents/FYP-Legged-Robot-main/Code/install/rlpa_ros2/lib/python3.10/site-packages:/opt/ros/humble/lib/python3.10/site-packages:/opt/ros/humble/local/lib/python3.10/dist-packages', 'LC_NUMERIC': 'ur_PK', 'LC_PAPER': 'ur_PK', 'COLCON': '1'}, 'shell': False}
[6.973211] (-) TimerEvent: {}
[7.079839] (-) TimerEvent: {}
[7.096289] (elevation_mapping) StdoutLine: {'line': b'-- Performing Test CMAKE_HAVE_LIBC_PTHREAD - Success\n'}
[7.112709] (elevation_mapping) StdoutLine: {'line': b'-- Found Threads: TRUE  \n'}
[7.155639] (gz_ros2_control) StdoutLine: {'line': b'-- Found AVCODEC: TRUE  \n'}
[7.182312] (-) TimerEvent: {}
[7.207084] (gz_ros2_control) StdoutLine: {'line': b"-- Checking for module 'libavutil'\n"}
[7.282456] (-) TimerEvent: {}
[7.290495] (quad_interface) StdoutLine: {'line': b'-- Found rclcpp: 16.0.15 (/opt/ros/humble/share/rclcpp/cmake)\n'}
[7.326431] (gz_ros2_control) StdoutLine: {'line': b'--   Found libavutil, version 56.70.100\n'}
[7.387465] (-) TimerEvent: {}
[7.490217] (-) TimerEvent: {}
[7.568234] (quad_interface) StdoutLine: {'line': b'-- Found rosidl_generator_c: 3.1.7 (/opt/ros/humble/share/rosidl_generator_c/cmake)\n'}
[7.592216] (-) TimerEvent: {}
[7.596422] (quad_interface) StdoutLine: {'line': b'-- Found rosidl_adapter: 3.1.7 (/opt/ros/humble/share/rosidl_adapter/cmake)\n'}
[7.631219] (quad_interface) StdoutLine: {'line': b'-- Found rosidl_generator_cpp: 3.1.7 (/opt/ros/humble/share/rosidl_generator_cpp/cmake)\n'}
[7.687209] (quad_interface) StdoutLine: {'line': b'-- Using all available rosidl_typesupport_c: rosidl_typesupport_fastrtps_c;rosidl_typesupport_introspection_c\n'}
[7.687648] (gz_ros2_control) StdoutLine: {'line': b'-- Found AVUTIL: TRUE  \n'}
[7.701985] (-) TimerEvent: {}
[7.713937] (cheetah_ros2) StdoutLine: {'line': b'running egg_info\n'}
[7.714697] (cheetah_ros2) StdoutLine: {'line': b'creating ../../../build/cheetah_ros2/cheetah_ros2.egg-info\n'}
[7.714955] (cheetah_ros2) StdoutLine: {'line': b'writing ../../../build/cheetah_ros2/cheetah_ros2.egg-info/PKG-INFO\n'}
[7.715134] (cheetah_ros2) StdoutLine: {'line': b'writing dependency_links to ../../../build/cheetah_ros2/cheetah_ros2.egg-info/dependency_links.txt\n'}
[7.715310] (cheetah_ros2) StdoutLine: {'line': b'writing entry points to ../../../build/cheetah_ros2/cheetah_ros2.egg-info/entry_points.txt\n'}
[7.715474] (cheetah_ros2) StdoutLine: {'line': b'writing requirements to ../../../build/cheetah_ros2/cheetah_ros2.egg-info/requires.txt\n'}
[7.715633] (cheetah_ros2) StdoutLine: {'line': b'writing top-level names to ../../../build/cheetah_ros2/cheetah_ros2.egg-info/top_level.txt\n'}
[7.735216] (cheetah_ros2) StdoutLine: {'line': b"writing manifest file '../../../build/cheetah_ros2/cheetah_ros2.egg-info/SOURCES.txt'\n"}
[7.735930] (cheetah_ros2) StdoutLine: {'line': b"reading manifest file '../../../build/cheetah_ros2/cheetah_ros2.egg-info/SOURCES.txt'\n"}
[7.736180] (cheetah_ros2) StdoutLine: {'line': b"writing manifest file '../../../build/cheetah_ros2/cheetah_ros2.egg-info/SOURCES.txt'\n"}
[7.736371] (cheetah_ros2) StdoutLine: {'line': b'running build\n'}
[7.736575] (cheetah_ros2) StdoutLine: {'line': b'running build_py\n'}
[7.736769] (cheetah_ros2) StdoutLine: {'line': b'creating /home/mubashir/Documents/FYP-Legged-Robot-main/Code/build/cheetah_ros2/build\n'}
[7.736933] (gz_ros2_control) StdoutLine: {'line': b'-- Looking for ignition-fuel_tools7 -- found version 7.3.0\n'}
[7.737134] (cheetah_ros2) StdoutLine: {'line': b'creating /home/mubashir/Documents/FYP-Legged-Robot-main/Code/build/cheetah_ros2/build/lib\n'}
[7.737313] (cheetah_ros2) StdoutLine: {'line': b'creating /home/mubashir/Documents/FYP-Legged-Robot-main/Code/build/cheetah_ros2/build/lib/cheetah_ros2\n'}
[7.737483] (cheetah_ros2) StdoutLine: {'line': b'copying cheetah_ros2/gait_node.py -> /home/mubashir/Documents/FYP-Legged-Robot-main/Code/build/cheetah_ros2/build/lib/cheetah_ros2\n'}
[7.737767] (cheetah_ros2) StdoutLine: {'line': b'copying cheetah_ros2/swing_controller_node.py -> /home/mubashir/Documents/FYP-Legged-Robot-main/Code/build/cheetah_ros2/build/lib/cheetah_ros2\n'}
[7.737942] (cheetah_ros2) StdoutLine: {'line': b'copying cheetah_ros2/teleop_node.py -> /home/mubashir/Documents/FYP-Legged-Robot-main/Code/build/cheetah_ros2/build/lib/cheetah_ros2\n'}
[7.738114] (cheetah_ros2) StdoutLine: {'line': b'copying cheetah_ros2/effort_controller.py -> /home/mubashir/Documents/FYP-Legged-Robot-main/Code/build/cheetah_ros2/build/lib/cheetah_ros2\n'}
[7.741535] (cheetah_ros2) StdoutLine: {'line': b'copying cheetah_ros2/robot_configs.py -> /home/mubashir/Documents/FYP-Legged-Robot-main/Code/build/cheetah_ros2/build/lib/cheetah_ros2\n'}
[7.741769] (cheetah_ros2) StdoutLine: {'line': b'copying cheetah_ros2/stance_controller_node.py -> /home/mubashir/Documents/FYP-Legged-Robot-main/Code/build/cheetah_ros2/build/lib/cheetah_ros2\n'}
[7.741948] (cheetah_ros2) StdoutLine: {'line': b'copying cheetah_ros2/kinematics.py -> /home/mubashir/Documents/FYP-Legged-Robot-main/Code/build/cheetah_ros2/build/lib/cheetah_ros2\n'}
[7.742129] (cheetah_ros2) StdoutLine: {'line': b'copying cheetah_ros2/estimator_node.py -> /home/mubashir/Documents/FYP-Legged-Robot-main/Code/build/cheetah_ros2/build/lib/cheetah_ros2\n'}
[7.742485] (gz_ros2_control) StdoutLine: {'line': b'-- Searching for dependencies of ignition-fuel_tools7\n'}
[7.742689] (cheetah_ros2) StdoutLine: {'line': b'copying cheetah_ros2/__init__.py -> /home/mubashir/Documents/FYP-Legged-Robot-main/Code/build/cheetah_ros2/build/lib/cheetah_ros2\n'}
[7.742872] (cheetah_ros2) StdoutLine: {'line': b'copying cheetah_ros2/fsm_node.py -> /home/mubashir/Documents/FYP-Legged-Robot-main/Code/build/cheetah_ros2/build/lib/cheetah_ros2\n'}
[7.743063] (cheetah_ros2) StdoutLine: {'line': b'copying cheetah_ros2/linear_mpc_configs.py -> /home/mubashir/Documents/FYP-Legged-Robot-main/Code/build/cheetah_ros2/build/lib/cheetah_ros2\n'}
[7.746475] (cheetah_ros2) StdoutLine: {'line': b'running install\n'}
[7.746793] (cheetah_ros2) StdoutLine: {'line': b'running install_lib\n'}
[7.750302] (cheetah_ros2) StdoutLine: {'line': b'creating /home/mubashir/Documents/FYP-Legged-Robot-main/Code/install/cheetah_ros2/lib/python3.10/site-packages/cheetah_ros2\n'}
[7.751507] (cheetah_ros2) StdoutLine: {'line': b'copying /home/mubashir/Documents/FYP-Legged-Robot-main/Code/build/cheetah_ros2/build/lib/cheetah_ros2/gait_node.py -> /home/mubashir/Documents/FYP-Legged-Robot-main/Code/install/cheetah_ros2/lib/python3.10/site-packages/cheetah_ros2\n'}
[7.751891] (cheetah_ros2) StdoutLine: {'line': b'copying /home/mubashir/Documents/FYP-Legged-Robot-main/Code/build/cheetah_ros2/build/lib/cheetah_ros2/swing_controller_node.py -> /home/mubashir/Documents/FYP-Legged-Robot-main/Code/install/cheetah_ros2/lib/python3.10/site-packages/cheetah_ros2\n'}
[7.752210] (cheetah_ros2) StdoutLine: {'line': b'copying /home/mubashir/Documents/FYP-Legged-Robot-main/Code/build/cheetah_ros2/build/lib/cheetah_ros2/teleop_node.py -> /home/mubashir/Documents/FYP-Legged-Robot-main/Code/install/cheetah_ros2/lib/python3.10/site-packages/cheetah_ros2\n'}
[7.752545] (cheetah_ros2) StdoutLine: {'line': b'copying /home/mubashir/Documents/FYP-Legged-Robot-main/Code/build/cheetah_ros2/build/lib/cheetah_ros2/effort_controller.py -> /home/mubashir/Documents/FYP-Legged-Robot-main/Code/install/cheetah_ros2/lib/python3.10/site-packages/cheetah_ros2\n'}
[7.752920] (cheetah_ros2) StdoutLine: {'line': b'copying /home/mubashir/Documents/FYP-Legged-Robot-main/Code/build/cheetah_ros2/build/lib/cheetah_ros2/robot_configs.py -> /home/mubashir/Documents/FYP-Legged-Robot-main/Code/install/cheetah_ros2/lib/python3.10/site-packages/cheetah_ros2\n'}
[7.753270] (cheetah_ros2) StdoutLine: {'line': b'copying /home/mubashir/Documents/FYP-Legged-Robot-main/Code/build/cheetah_ros2/build/lib/cheetah_ros2/stance_controller_node.py -> /home/mubashir/Documents/FYP-Legged-Robot-main/Code/install/cheetah_ros2/lib/python3.10/site-packages/cheetah_ros2\n'}
[7.765187] (cheetah_ros2) StdoutLine: {'line': b'copying /home/mubashir/Documents/FYP-Legged-Robot-main/Code/build/cheetah_ros2/build/lib/cheetah_ros2/kinematics.py -> /home/mubashir/Documents/FYP-Legged-Robot-main/Code/install/cheetah_ros2/lib/python3.10/site-packages/cheetah_ros2\n'}
[7.765575] (cheetah_ros2) StdoutLine: {'line': b'copying /home/mubashir/Documents/FYP-Legged-Robot-main/Code/build/cheetah_ros2/build/lib/cheetah_ros2/estimator_node.py -> /home/mubashir/Documents/FYP-Legged-Robot-main/Code/install/cheetah_ros2/lib/python3.10/site-packages/cheetah_ros2\n'}
[7.766311] (cheetah_ros2) StdoutLine: {'line': b'copying /home/mubashir/Documents/FYP-Legged-Robot-main/Code/build/cheetah_ros2/build/lib/cheetah_ros2/__init__.py -> /home/mubashir/Documents/FYP-Legged-Robot-main/Code/install/cheetah_ros2/lib/python3.10/site-packages/cheetah_ros2\n'}
[7.766558] (cheetah_ros2) StdoutLine: {'line': b'copying /home/mubashir/Documents/FYP-Legged-Robot-main/Code/build/cheetah_ros2/build/lib/cheetah_ros2/fsm_node.py -> /home/mubashir/Documents/FYP-Legged-Robot-main/Code/install/cheetah_ros2/lib/python3.10/site-packages/cheetah_ros2\n'}
[7.766733] (cheetah_ros2) StdoutLine: {'line': b'copying /home/mubashir/Documents/FYP-Legged-Robot-main/Code/build/cheetah_ros2/build/lib/cheetah_ros2/linear_mpc_configs.py -> /home/mubashir/Documents/FYP-Legged-Robot-main/Code/install/cheetah_ros2/lib/python3.10/site-packages/cheetah_ros2\n'}
[7.774343] (cheetah_ros2) StdoutLine: {'line': b'byte-compiling /home/mubashir/Documents/FYP-Legged-Robot-main/Code/install/cheetah_ros2/lib/python3.10/site-packages/cheetah_ros2/gait_node.py to gait_node.cpython-310.pyc\n'}
[7.774748] (perception) StdoutLine: {'line': b'running egg_info\n'}
[7.775025] (perception) StdoutLine: {'line': b'creating ../../../build/perception/perception.egg-info\n'}
[7.775859] (perception) StdoutLine: {'line': b'writing ../../../build/perception/perception.egg-info/PKG-INFO\n'}
[7.783727] (perception) StdoutLine: {'line': b'writing dependency_links to ../../../build/perception/perception.egg-info/dependency_links.txt\n'}
[7.785153] (perception) StdoutLine: {'line': b'writing entry points to ../../../build/perception/perception.egg-info/entry_points.txt\n'}
[7.785497] (perception) StdoutLine: {'line': b'writing requirements to ../../../build/perception/perception.egg-info/requires.txt\n'}
[7.785672] (perception) StdoutLine: {'line': b'writing top-level names to ../../../build/perception/perception.egg-info/top_level.txt\n'}
[7.785849] (perception) StdoutLine: {'line': b"writing manifest file '../../../build/perception/perception.egg-info/SOURCES.txt'\n"}
[7.786014] (cheetah_ros2) StdoutLine: {'line': b'byte-compiling /home/mubashir/Documents/FYP-Legged-Robot-main/Code/install/cheetah_ros2/lib/python3.10/site-packages/cheetah_ros2/swing_controller_node.py to swing_controller_node.cpython-310.pyc\n'}
[7.802152] (-) TimerEvent: {}
[7.824974] (perception) StdoutLine: {'line': b"reading manifest file '../../../build/perception/perception.egg-info/SOURCES.txt'\n"}
[7.842219] (quad_interface) StdoutLine: {'line': b'-- Using all available rosidl_typesupport_cpp: rosidl_typesupport_fastrtps_cpp;rosidl_typesupport_introspection_cpp\n'}
[7.846482] (cheetah_ros2) StdoutLine: {'line': b'byte-compiling /home/mubashir/Documents/FYP-Legged-Robot-main/Code/install/cheetah_ros2/lib/python3.10/site-packages/cheetah_ros2/teleop_node.py to teleop_node.cpython-310.pyc\n'}
[7.846717] (perception) StdoutLine: {'line': b"writing manifest file '../../../build/perception/perception.egg-info/SOURCES.txt'\n"}
[7.847381] (perception) StdoutLine: {'line': b'running build\n'}
[7.847624] (perception) StdoutLine: {'line': b'running build_py\n'}
[7.847792] (perception) StdoutLine: {'line': b'creating /home/mubashir/Documents/FYP-Legged-Robot-main/Code/build/perception/build\n'}
[7.847960] (perception) StdoutLine: {'line': b'creating /home/mubashir/Documents/FYP-Legged-Robot-main/Code/build/perception/build/lib\n'}
[7.852436] (perception) StdoutLine: {'line': b'creating /home/mubashir/Documents/FYP-Legged-Robot-main/Code/build/perception/build/lib/perception\n'}
[7.857062] (perception) StdoutLine: {'line': b'copying perception/ceiling_filter_node.py -> /home/mubashir/Documents/FYP-Legged-Robot-main/Code/build/perception/build/lib/perception\n'}
[7.857345] (perception) StdoutLine: {'line': b'copying perception/ceiling_flipper_node.py -> /home/mubashir/Documents/FYP-Legged-Robot-main/Code/build/perception/build/lib/perception\n'}
[7.857533] (cheetah_ros2) StdoutLine: {'line': b'byte-compiling /home/mubashir/Documents/FYP-Legged-Robot-main/Code/install/cheetah_ros2/lib/python3.10/site-packages/cheetah_ros2/effort_controller.py to effort_controller.cpython-310.pyc\n'}
[7.859013] (cheetah_ros2) StdoutLine: {'line': b'byte-compiling /home/mubashir/Documents/FYP-Legged-Robot-main/Code/install/cheetah_ros2/lib/python3.10/site-packages/cheetah_ros2/robot_configs.py to robot_configs.cpython-310.pyc\n'}
[7.859279] (perception) StdoutLine: {'line': b'copying perception/__init__.py -> /home/mubashir/Documents/FYP-Legged-Robot-main/Code/build/perception/build/lib/perception\n'}
[7.859492] (perception) StdoutLine: {'line': b'copying perception/map2apf_node.py -> /home/mubashir/Documents/FYP-Legged-Robot-main/Code/build/perception/build/lib/perception\n'}
[7.859677] (perception) StdoutLine: {'line': b'copying perception/map_flipper_node.py -> /home/mubashir/Documents/FYP-Legged-Robot-main/Code/build/perception/build/lib/perception\n'}
[7.859864] (perception) StdoutLine: {'line': b'running install\n'}
[7.860048] (perception) StdoutLine: {'line': b'running install_lib\n'}
[7.860244] (cheetah_ros2) StdoutLine: {'line': b'byte-compiling /home/mubashir/Documents/FYP-Legged-Robot-main/Code/install/cheetah_ros2/lib/python3.10/site-packages/cheetah_ros2/stance_controller_node.py to stance_controller_node.cpython-310.pyc\n'}
[7.888693] (perception) StdoutLine: {'line': b'creating /home/mubashir/Documents/FYP-Legged-Robot-main/Code/install/perception/lib/python3.10/site-packages/perception\n'}
[7.889145] (perception) StdoutLine: {'line': b'copying /home/mubashir/Documents/FYP-Legged-Robot-main/Code/build/perception/build/lib/perception/ceiling_filter_node.py -> /home/mubashir/Documents/FYP-Legged-Robot-main/Code/install/perception/lib/python3.10/site-packages/perception\n'}
[7.889393] (perception) StdoutLine: {'line': b'copying /home/mubashir/Documents/FYP-Legged-Robot-main/Code/build/perception/build/lib/perception/ceiling_flipper_node.py -> /home/mubashir/Documents/FYP-Legged-Robot-main/Code/install/perception/lib/python3.10/site-packages/perception\n'}
[7.889581] (perception) StdoutLine: {'line': b'copying /home/mubashir/Documents/FYP-Legged-Robot-main/Code/build/perception/build/lib/perception/__init__.py -> /home/mubashir/Documents/FYP-Legged-Robot-main/Code/install/perception/lib/python3.10/site-packages/perception\n'}
[7.889768] (perception) StdoutLine: {'line': b'copying /home/mubashir/Documents/FYP-Legged-Robot-main/Code/build/perception/build/lib/perception/map2apf_node.py -> /home/mubashir/Documents/FYP-Legged-Robot-main/Code/install/perception/lib/python3.10/site-packages/perception\n'}
[7.889950] (perception) StdoutLine: {'line': b'copying /home/mubashir/Documents/FYP-Legged-Robot-main/Code/build/perception/build/lib/perception/map_flipper_node.py -> /home/mubashir/Documents/FYP-Legged-Robot-main/Code/install/perception/lib/python3.10/site-packages/perception\n'}
[7.890308] (perception) StdoutLine: {'line': b'byte-compiling /home/mubashir/Documents/FYP-Legged-Robot-main/Code/install/perception/lib/python3.10/site-packages/perception/ceiling_filter_node.py to ceiling_filter_node.cpython-310.pyc\n'}
[7.890610] (cpg_ros2) StdoutLine: {'line': b'running egg_info\n'}
[7.890859] (perception) StdoutLine: {'line': b'byte-compiling /home/mubashir/Documents/FYP-Legged-Robot-main/Code/install/perception/lib/python3.10/site-packages/perception/ceiling_flipper_node.py to ceiling_flipper_node.cpython-310.pyc\n'}
[7.891044] (cpg_ros2) StdoutLine: {'line': b'creating ../../../build/cpg_ros2/cpg_ros2.egg-info\n'}
[7.891244] (perception) StdoutLine: {'line': b'byte-compiling /home/mubashir/Documents/FYP-Legged-Robot-main/Code/install/perception/lib/python3.10/site-packages/perception/__init__.py to __init__.cpython-310.pyc\n'}
[7.891431] (cpg_ros2) StdoutLine: {'line': b'writing ../../../build/cpg_ros2/cpg_ros2.egg-info/PKG-INFO\n'}
[7.891617] (perception) StdoutLine: {'line': b'byte-compiling /home/mubashir/Documents/FYP-Legged-Robot-main/Code/install/perception/lib/python3.10/site-packages/perception/map2apf_node.py to map2apf_node.cpython-310.pyc\n'}
[7.891808] (cpg_ros2) StdoutLine: {'line': b'writing dependency_links to ../../../build/cpg_ros2/cpg_ros2.egg-info/dependency_links.txt\n'}
[7.891998] (cpg_ros2) StdoutLine: {'line': b'writing entry points to ../../../build/cpg_ros2/cpg_ros2.egg-info/entry_points.txt\n'}
[7.913083] (-) TimerEvent: {}
[7.913715] (cpg_ros2) StdoutLine: {'line': b'writing requirements to ../../../build/cpg_ros2/cpg_ros2.egg-info/requires.txt\n'}
[7.914021] (cpg_ros2) StdoutLine: {'line': b'writing top-level names to ../../../build/cpg_ros2/cpg_ros2.egg-info/top_level.txt\n'}
[7.914233] (cpg_ros2) StdoutLine: {'line': b"writing manifest file '../../../build/cpg_ros2/cpg_ros2.egg-info/SOURCES.txt'\n"}
[7.914754] (perception) StdoutLine: {'line': b'byte-compiling /home/mubashir/Documents/FYP-Legged-Robot-main/Code/install/perception/lib/python3.10/site-packages/perception/map_flipper_node.py to map_flipper_node.cpython-310.pyc\n'}
[7.915186] (cpg_ros2) StdoutLine: {'line': b"reading manifest file '../../../build/cpg_ros2/cpg_ros2.egg-info/SOURCES.txt'\n"}
[7.916166] (cheetah_ros2) StdoutLine: {'line': b'byte-compiling /home/mubashir/Documents/FYP-Legged-Robot-main/Code/install/cheetah_ros2/lib/python3.10/site-packages/cheetah_ros2/kinematics.py to kinematics.cpython-310.pyc\n'}
[7.916422] (cheetah_ros2) StdoutLine: {'line': b'byte-compiling /home/mubashir/Documents/FYP-Legged-Robot-main/Code/install/cheetah_ros2/lib/python3.10/site-packages/cheetah_ros2/estimator_node.py to estimator_node.cpython-310.pyc\n'}
[7.916603] (perception) StdoutLine: {'line': b'running install_data\n'}
[7.916805] (perception) StdoutLine: {'line': b'creating /home/mubashir/Documents/FYP-Legged-Robot-main/Code/install/perception/share/ament_index\n'}
[7.916994] (perception) StdoutLine: {'line': b'creating /home/mubashir/Documents/FYP-Legged-Robot-main/Code/install/perception/share/ament_index/resource_index\n'}
[7.917237] (perception) StdoutLine: {'line': b'creating /home/mubashir/Documents/FYP-Legged-Robot-main/Code/install/perception/share/ament_index/resource_index/packages\n'}
[7.917425] (perception) StdoutLine: {'line': b'copying resource/perception -> /home/mubashir/Documents/FYP-Legged-Robot-main/Code/install/perception/share/ament_index/resource_index/packages\n'}
[7.924195] (cheetah_ros2) StdoutLine: {'line': b'byte-compiling /home/mubashir/Documents/FYP-Legged-Robot-main/Code/install/cheetah_ros2/lib/python3.10/site-packages/cheetah_ros2/__init__.py to __init__.cpython-310.pyc\n'}
[7.924611] (cheetah_ros2) StdoutLine: {'line': b'byte-compiling /home/mubashir/Documents/FYP-Legged-Robot-main/Code/install/cheetah_ros2/lib/python3.10/site-packages/cheetah_ros2/fsm_node.py to fsm_node.cpython-310.pyc\n'}
[7.935343] (perception) StdoutLine: {'line': b'copying package.xml -> /home/mubashir/Documents/FYP-Legged-Robot-main/Code/install/perception/share/perception\n'}
[7.935749] (perception) StdoutLine: {'line': b'creating /home/mubashir/Documents/FYP-Legged-Robot-main/Code/install/perception/share/perception/launch\n'}
[7.935953] (perception) StdoutLine: {'line': b'copying launch/perception.launch.py -> /home/mubashir/Documents/FYP-Legged-Robot-main/Code/install/perception/share/perception/launch\n'}
[7.936161] (perception) StdoutLine: {'line': b'creating /home/mubashir/Documents/FYP-Legged-Robot-main/Code/install/perception/share/perception/config\n'}
[7.936354] (perception) StdoutLine: {'line': b'copying config/ceiling_elev_map.yaml -> /home/mubashir/Documents/FYP-Legged-Robot-main/Code/install/perception/share/perception/config\n'}
[7.936538] (perception) StdoutLine: {'line': b'copying config/floor_elev_map.yaml -> /home/mubashir/Documents/FYP-Legged-Robot-main/Code/install/perception/share/perception/config\n'}
[7.936739] (perception) StdoutLine: {'line': b'creating /home/mubashir/Documents/FYP-Legged-Robot-main/Code/install/perception/share/perception/worlds\n'}
[7.936928] (perception) StdoutLine: {'line': b'copying worlds/ControlTube.sdf -> /home/mubashir/Documents/FYP-Legged-Robot-main/Code/install/perception/share/perception/worlds\n'}
[7.937131] (perception) StdoutLine: {'line': b'creating /home/mubashir/Documents/FYP-Legged-Robot-main/Code/install/perception/share/perception/worlds/my_cave_model\n'}
[7.943577] (perception) StdoutLine: {'line': b'copying worlds/my_cave_model/model.config -> /home/mubashir/Documents/FYP-Legged-Robot-main/Code/install/perception/share/perception/worlds/my_cave_model\n'}
[7.943979] (perception) StdoutLine: {'line': b'copying worlds/my_cave_model/model.sdf -> /home/mubashir/Documents/FYP-Legged-Robot-main/Code/install/perception/share/perception/worlds/my_cave_model\n'}
[7.944316] (perception) StdoutLine: {'line': b'creating /home/mubashir/Documents/FYP-Legged-Robot-main/Code/install/perception/share/perception/worlds/my_cave_model/meshes\n'}
[7.944513] (perception) StdoutLine: {'line': b'copying worlds/my_cave_model/meshes/color_texture_Underground.png -> /home/mubashir/Documents/FYP-Legged-Robot-main/Code/install/perception/share/perception/worlds/my_cave_model/meshes\n'}
[7.944683] (cpg_ros2) StdoutLine: {'line': b"writing manifest file '../../../build/cpg_ros2/cpg_ros2.egg-info/SOURCES.txt'\n"}
[7.944866] (cpg_ros2) StdoutLine: {'line': b'running build\n'}
[7.949885] (cpg_ros2) StdoutLine: {'line': b'running build_py\n'}
[7.950229] (cpg_ros2) StdoutLine: {'line': b'creating /home/mubashir/Documents/FYP-Legged-Robot-main/Code/build/cpg_ros2/build\n'}
[7.950457] (cpg_ros2) StdoutLine: {'line': b'creating /home/mubashir/Documents/FYP-Legged-Robot-main/Code/build/cpg_ros2/build/lib\n'}
[7.950638] (cpg_ros2) StdoutLine: {'line': b'creating /home/mubashir/Documents/FYP-Legged-Robot-main/Code/build/cpg_ros2/build/lib/cpg_ros2\n'}
[7.950792] (cpg_ros2) StdoutLine: {'line': b'copying cpg_ros2/cpg.py -> /home/mubashir/Documents/FYP-Legged-Robot-main/Code/build/cpg_ros2/build/lib/cpg_ros2\n'}
[7.950942] (cpg_ros2) StdoutLine: {'line': b'copying cpg_ros2/cpg_node.py -> /home/mubashir/Documents/FYP-Legged-Robot-main/Code/build/cpg_ros2/build/lib/cpg_ros2\n'}
[7.951089] (cpg_ros2) StdoutLine: {'line': b'copying cpg_ros2/__init__.py -> /home/mubashir/Documents/FYP-Legged-Robot-main/Code/build/cpg_ros2/build/lib/cpg_ros2\n'}
[7.951269] (cpg_ros2) StdoutLine: {'line': b'running install\n'}
[7.951435] (cpg_ros2) StdoutLine: {'line': b'running install_lib\n'}
[7.951601] (perception) StdoutLine: {'line': b'copying worlds/my_cave_model/meshes/mesh.obj -> /home/mubashir/Documents/FYP-Legged-Robot-main/Code/install/perception/share/perception/worlds/my_cave_model/meshes\n'}
[7.951784] (cheetah_ros2) StdoutLine: {'line': b'byte-compiling /home/mubashir/Documents/FYP-Legged-Robot-main/Code/install/cheetah_ros2/lib/python3.10/site-packages/cheetah_ros2/linear_mpc_configs.py to linear_mpc_configs.cpython-310.pyc\n'}
[7.951981] (cheetah_ros2) StdoutLine: {'line': b'running install_data\n'}
[7.952171] (cpg_ros2) StdoutLine: {'line': b'creating /home/mubashir/Documents/FYP-Legged-Robot-main/Code/install/cpg_ros2/lib/python3.10/site-packages/cpg_ros2\n'}
[7.954060] (cheetah_ros2) StdoutLine: {'line': b'creating /home/mubashir/Documents/FYP-Legged-Robot-main/Code/install/cheetah_ros2/share/ament_index\n'}
[7.954406] (cheetah_ros2) StdoutLine: {'line': b'creating /home/mubashir/Documents/FYP-Legged-Robot-main/Code/install/cheetah_ros2/share/ament_index/resource_index\n'}
[7.954591] (cheetah_ros2) StdoutLine: {'line': b'creating /home/mubashir/Documents/FYP-Legged-Robot-main/Code/install/cheetah_ros2/share/ament_index/resource_index/packages\n'}
[7.954787] (cheetah_ros2) StdoutLine: {'line': b'copying resource/cheetah_ros2 -> /home/mubashir/Documents/FYP-Legged-Robot-main/Code/install/cheetah_ros2/share/ament_index/resource_index/packages\n'}
[7.954969] (cheetah_ros2) StdoutLine: {'line': b'copying package.xml -> /home/mubashir/Documents/FYP-Legged-Robot-main/Code/install/cheetah_ros2/share/cheetah_ros2\n'}
[7.956319] (cpg_ros2) StdoutLine: {'line': b'copying /home/mubashir/Documents/FYP-Legged-Robot-main/Code/build/cpg_ros2/build/lib/cpg_ros2/cpg.py -> /home/mubashir/Documents/FYP-Legged-Robot-main/Code/install/cpg_ros2/lib/python3.10/site-packages/cpg_ros2\n'}
[7.961054] (cheetah_ros2) StdoutLine: {'line': b'creating /home/mubashir/Documents/FYP-Legged-Robot-main/Code/install/cheetah_ros2/share/cheetah_ros2/launch\n'}
[7.961531] (cheetah_ros2) StdoutLine: {'line': b'copying launch/cheetah_sim.launch.py -> /home/mubashir/Documents/FYP-Legged-Robot-main/Code/install/cheetah_ros2/share/cheetah_ros2/launch\n'}
[7.961830] (cpg_ros2) StdoutLine: {'line': b'copying /home/mubashir/Documents/FYP-Legged-Robot-main/Code/build/cpg_ros2/build/lib/cpg_ros2/cpg_node.py -> /home/mubashir/Documents/FYP-Legged-Robot-main/Code/install/cpg_ros2/lib/python3.10/site-packages/cpg_ros2\n'}
[7.962147] (cpg_ros2) StdoutLine: {'line': b'copying /home/mubashir/Documents/FYP-Legged-Robot-main/Code/build/cpg_ros2/build/lib/cpg_ros2/__init__.py -> /home/mubashir/Documents/FYP-Legged-Robot-main/Code/install/cpg_ros2/lib/python3.10/site-packages/cpg_ros2\n'}
[7.962580] (cheetah_ros2) StdoutLine: {'line': b'copying launch/cheetah_cave.launch.py -> /home/mubashir/Documents/FYP-Legged-Robot-main/Code/install/cheetah_ros2/share/cheetah_ros2/launch\n'}
[7.962796] (cpg_ros2) StdoutLine: {'line': b'byte-compiling /home/mubashir/Documents/FYP-Legged-Robot-main/Code/install/cpg_ros2/lib/python3.10/site-packages/cpg_ros2/cpg.py to cpg.cpython-310.pyc\n'}
[7.963023] (cheetah_ros2) StdoutLine: {'line': b'copying launch/launch_rough_floor_medium.launch.py -> /home/mubashir/Documents/FYP-Legged-Robot-main/Code/install/cheetah_ros2/share/cheetah_ros2/launch\n'}
[7.964066] (cheetah_ros2) StdoutLine: {'line': b'copying launch/launch_rough_floor_hard.launch.py -> /home/mubashir/Documents/FYP-Legged-Robot-main/Code/install/cheetah_ros2/share/cheetah_ros2/launch\n'}
[7.965713] (cpg_ros2) StdoutLine: {'line': b'byte-compiling /home/mubashir/Documents/FYP-Legged-Robot-main/Code/install/cpg_ros2/lib/python3.10/site-packages/cpg_ros2/cpg_node.py to cpg_node.cpython-310.pyc\n'}
[7.965981] (cheetah_ros2) StdoutLine: {'line': b'copying launch/cheetah_cube.launch.py -> /home/mubashir/Documents/FYP-Legged-Robot-main/Code/install/cheetah_ros2/share/cheetah_ros2/launch\n'}
[7.966196] (cheetah_ros2) StdoutLine: {'line': b'copying launch/launch_rough_floor_easy.launch.py -> /home/mubashir/Documents/FYP-Legged-Robot-main/Code/install/cheetah_ros2/share/cheetah_ros2/launch\n'}
[7.966442] (cheetah_ros2) StdoutLine: {'line': b'creating /home/mubashir/Documents/FYP-Legged-Robot-main/Code/install/cheetah_ros2/share/cheetah_ros2/config\n'}
[7.966702] (cheetah_ros2) StdoutLine: {'line': b'copying config/cheetah_controllers.yaml -> /home/mubashir/Documents/FYP-Legged-Robot-main/Code/install/cheetah_ros2/share/cheetah_ros2/config\n'}
[7.969185] (cheetah_ros2) StdoutLine: {'line': b'creating /home/mubashir/Documents/FYP-Legged-Robot-main/Code/install/cheetah_ros2/share/cheetah_ros2/rviz\n'}
[7.969933] (cheetah_ros2) StdoutLine: {'line': b'copying rviz/rviz_config.rviz -> /home/mubashir/Documents/FYP-Legged-Robot-main/Code/install/cheetah_ros2/share/cheetah_ros2/rviz\n'}
[7.971268] (cheetah_ros2) StdoutLine: {'line': b'creating /home/mubashir/Documents/FYP-Legged-Robot-main/Code/install/cheetah_ros2/share/cheetah_ros2/worlds\n'}
[7.971508] (cheetah_ros2) StdoutLine: {'line': b'copying worlds/rough_floor_easy.sdf -> /home/mubashir/Documents/FYP-Legged-Robot-main/Code/install/cheetah_ros2/share/cheetah_ros2/worlds\n'}
[7.971707] (cheetah_ros2) StdoutLine: {'line': b'copying worlds/rough_floor_medium.sdf -> /home/mubashir/Documents/FYP-Legged-Robot-main/Code/install/cheetah_ros2/share/cheetah_ros2/worlds\n'}
[7.972460] (cheetah_ros2) StdoutLine: {'line': b'copying worlds/friction_world.sdf -> /home/mubashir/Documents/FYP-Legged-Robot-main/Code/install/cheetah_ros2/share/cheetah_ros2/worlds\n'}
[7.972686] (cheetah_ros2) StdoutLine: {'line': b'copying worlds/rough_floor_hard.sdf -> /home/mubashir/Documents/FYP-Legged-Robot-main/Code/install/cheetah_ros2/share/cheetah_ros2/worlds\n'}
[7.975006] (cheetah_ros2) StdoutLine: {'line': b'creating /home/mubashir/Documents/FYP-Legged-Robot-main/Code/install/cheetah_ros2/share/cheetah_ros2/worlds/my_cave_model\n'}
[7.975257] (cheetah_ros2) StdoutLine: {'line': b'copying worlds/my_cave_model/model.config -> /home/mubashir/Documents/FYP-Legged-Robot-main/Code/install/cheetah_ros2/share/cheetah_ros2/worlds/my_cave_model\n'}
[7.975466] (cheetah_ros2) StdoutLine: {'line': b'copying worlds/my_cave_model/model.sdf -> /home/mubashir/Documents/FYP-Legged-Robot-main/Code/install/cheetah_ros2/share/cheetah_ros2/worlds/my_cave_model\n'}
[7.975576] (cheetah_ros2) StdoutLine: {'line': b'creating /home/mubashir/Documents/FYP-Legged-Robot-main/Code/install/cheetah_ros2/share/cheetah_ros2/worlds/my_cave_model/meshes\n'}
[7.975680] (cheetah_ros2) StdoutLine: {'line': b'copying worlds/my_cave_model/meshes/color_texture_Underground.png -> /home/mubashir/Documents/FYP-Legged-Robot-main/Code/install/cheetah_ros2/share/cheetah_ros2/worlds/my_cave_model/meshes\n'}
[7.975798] (cpg_ros2) StdoutLine: {'line': b'byte-compiling /home/mubashir/Documents/FYP-Legged-Robot-main/Code/install/cpg_ros2/lib/python3.10/site-packages/cpg_ros2/__init__.py to __init__.cpython-310.pyc\n'}
[7.975918] (cpg_ros2) StdoutLine: {'line': b'running install_data\n'}
[7.976024] (cpg_ros2) StdoutLine: {'line': b'creating /home/mubashir/Documents/FYP-Legged-Robot-main/Code/install/cpg_ros2/share/ament_index\n'}
[7.980561] (cpg_ros2) StdoutLine: {'line': b'creating /home/mubashir/Documents/FYP-Legged-Robot-main/Code/install/cpg_ros2/share/ament_index/resource_index\n'}
[7.980853] (cpg_ros2) StdoutLine: {'line': b'creating /home/mubashir/Documents/FYP-Legged-Robot-main/Code/install/cpg_ros2/share/ament_index/resource_index/packages\n'}
[7.981040] (cpg_ros2) StdoutLine: {'line': b'copying resource/cpg_ros2 -> /home/mubashir/Documents/FYP-Legged-Robot-main/Code/install/cpg_ros2/share/ament_index/resource_index/packages\n'}
[7.981265] (cpg_ros2) StdoutLine: {'line': b'copying package.xml -> /home/mubashir/Documents/FYP-Legged-Robot-main/Code/install/cpg_ros2/share/cpg_ros2\n'}
[7.981438] (cpg_ros2) StdoutLine: {'line': b'creating /home/mubashir/Documents/FYP-Legged-Robot-main/Code/install/cpg_ros2/share/cpg_ros2/launch\n'}
[7.981607] (cpg_ros2) StdoutLine: {'line': b'copying launch/cpg_cave.launch.py -> /home/mubashir/Documents/FYP-Legged-Robot-main/Code/install/cpg_ros2/share/cpg_ros2/launch\n'}
[7.991279] (cpg_ros2) StdoutLine: {'line': b'copying launch/cpg_sim.launch.py -> /home/mubashir/Documents/FYP-Legged-Robot-main/Code/install/cpg_ros2/share/cpg_ros2/launch\n'}
[7.991700] (cheetah_ros2) StdoutLine: {'line': b'copying worlds/my_cave_model/meshes/mesh.obj -> /home/mubashir/Documents/FYP-Legged-Robot-main/Code/install/cheetah_ros2/share/cheetah_ros2/worlds/my_cave_model/meshes\n'}
[7.991944] (cpg_ros2) StdoutLine: {'line': b'copying launch/launch_rough_floor_medium.launch.py -> /home/mubashir/Documents/FYP-Legged-Robot-main/Code/install/cpg_ros2/share/cpg_ros2/launch\n'}
[7.992138] (cpg_ros2) StdoutLine: {'line': b'copying launch/launch_rough_floor_hard.launch.py -> /home/mubashir/Documents/FYP-Legged-Robot-main/Code/install/cpg_ros2/share/cpg_ros2/launch\n'}
[8.006258] (cpg_ros2) StdoutLine: {'line': b'copying launch/cpg_hw.launch.py -> /home/mubashir/Documents/FYP-Legged-Robot-main/Code/install/cpg_ros2/share/cpg_ros2/launch\n'}
[8.006665] (cpg_ros2) StdoutLine: {'line': b'copying launch/launch_rough_floor_easy.launch.py -> /home/mubashir/Documents/FYP-Legged-Robot-main/Code/install/cpg_ros2/share/cpg_ros2/launch\n'}
[8.006918] (cpg_ros2) StdoutLine: {'line': b'creating /home/mubashir/Documents/FYP-Legged-Robot-main/Code/install/cpg_ros2/share/cpg_ros2/config\n'}
[8.007089] (cpg_ros2) StdoutLine: {'line': b'copying config/controllers.yaml -> /home/mubashir/Documents/FYP-Legged-Robot-main/Code/install/cpg_ros2/share/cpg_ros2/config\n'}
[8.007275] (cpg_ros2) StdoutLine: {'line': b'copying config/ros_gz_bridge.yaml -> /home/mubashir/Documents/FYP-Legged-Robot-main/Code/install/cpg_ros2/share/cpg_ros2/config\n'}
[8.007442] (cpg_ros2) StdoutLine: {'line': b'creating /home/mubashir/Documents/FYP-Legged-Robot-main/Code/install/cpg_ros2/share/cpg_ros2/worlds\n'}
[8.007613] (cpg_ros2) StdoutLine: {'line': b'copying worlds/rough_floor_easy.sdf -> /home/mubashir/Documents/FYP-Legged-Robot-main/Code/install/cpg_ros2/share/cpg_ros2/worlds\n'}
[8.011509] (cpg_ros2) StdoutLine: {'line': b'copying worlds/rough_floor_medium.sdf -> /home/mubashir/Documents/FYP-Legged-Robot-main/Code/install/cpg_ros2/share/cpg_ros2/worlds\n'}
[8.011931] (cpg_ros2) StdoutLine: {'line': b'copying worlds/friction_world.sdf -> /home/mubashir/Documents/FYP-Legged-Robot-main/Code/install/cpg_ros2/share/cpg_ros2/worlds\n'}
[8.012140] (cpg_ros2) StdoutLine: {'line': b'copying worlds/rough_floor_hard.sdf -> /home/mubashir/Documents/FYP-Legged-Robot-main/Code/install/cpg_ros2/share/cpg_ros2/worlds\n'}
[8.021240] (cpg_ros2) StdoutLine: {'line': b'creating /home/mubashir/Documents/FYP-Legged-Robot-main/Code/install/cpg_ros2/share/cpg_ros2/worlds/my_cave_model\n'}
[8.021606] (-) TimerEvent: {}
[8.021991] (cpg_ros2) StdoutLine: {'line': b'copying worlds/my_cave_model/model.config -> /home/mubashir/Documents/FYP-Legged-Robot-main/Code/install/cpg_ros2/share/cpg_ros2/worlds/my_cave_model\n'}
[8.022252] (cpg_ros2) StdoutLine: {'line': b'copying worlds/my_cave_model/model.sdf -> /home/mubashir/Documents/FYP-Legged-Robot-main/Code/install/cpg_ros2/share/cpg_ros2/worlds/my_cave_model\n'}
[8.025553] (cpg_ros2) StdoutLine: {'line': b'creating /home/mubashir/Documents/FYP-Legged-Robot-main/Code/install/cpg_ros2/share/cpg_ros2/worlds/my_cave_model/meshes\n'}
[8.025913] (cpg_ros2) StdoutLine: {'line': b'copying worlds/my_cave_model/meshes/color_texture_Underground.png -> /home/mubashir/Documents/FYP-Legged-Robot-main/Code/install/cpg_ros2/share/cpg_ros2/worlds/my_cave_model/meshes\n'}
[8.026132] (cheetah_ros2) StdoutLine: {'line': b'copying worlds/my_cave_model/meshes/roughness_texture_Underground.png -> /home/mubashir/Documents/FYP-Legged-Robot-main/Code/install/cheetah_ros2/share/cheetah_ros2/worlds/my_cave_model/meshes\n'}
[8.040117] (cheetah_ros2) StdoutLine: {'line': b'copying worlds/my_cave_model/meshes/mesh.mtl -> /home/mubashir/Documents/FYP-Legged-Robot-main/Code/install/cheetah_ros2/share/cheetah_ros2/worlds/my_cave_model/meshes\n'}
[8.040550] (cheetah_ros2) StdoutLine: {'line': b'copying worlds/my_cave_model/meshes/normal_texture_Underground.png -> /home/mubashir/Documents/FYP-Legged-Robot-main/Code/install/cheetah_ros2/share/cheetah_ros2/worlds/my_cave_model/meshes\n'}
[8.041333] (cpg_ros2) StdoutLine: {'line': b'copying worlds/my_cave_model/meshes/mesh.obj -> /home/mubashir/Documents/FYP-Legged-Robot-main/Code/install/cpg_ros2/share/cpg_ros2/worlds/my_cave_model/meshes\n'}
[8.070775] (cheetah_ros2) StdoutLine: {'line': b'creating /home/mubashir/Documents/FYP-Legged-Robot-main/Code/install/cheetah_ros2/share/cheetah_ros2/worlds/floors\n'}
[8.071201] (cheetah_ros2) StdoutLine: {'line': b'copying worlds/floors/hard3.obj -> /home/mubashir/Documents/FYP-Legged-Robot-main/Code/install/cheetah_ros2/share/cheetah_ros2/worlds/floors\n'}
[8.080391] (cpg_ros2) StdoutLine: {'line': b'copying worlds/my_cave_model/meshes/roughness_texture_Underground.png -> /home/mubashir/Documents/FYP-Legged-Robot-main/Code/install/cpg_ros2/share/cpg_ros2/worlds/my_cave_model/meshes\n'}
[8.088274] (cpg_ros2) StdoutLine: {'line': b'copying worlds/my_cave_model/meshes/mesh.mtl -> /home/mubashir/Documents/FYP-Legged-Robot-main/Code/install/cpg_ros2/share/cpg_ros2/worlds/my_cave_model/meshes\n'}
[8.105215] (cheetah_ros2) StdoutLine: {'line': b'copying worlds/floors/medium4.mtl -> /home/mubashir/Documents/FYP-Legged-Robot-main/Code/install/cheetah_ros2/share/cheetah_ros2/worlds/floors\n'}
[8.105643] (cpg_ros2) StdoutLine: {'line': b'copying worlds/my_cave_model/meshes/normal_texture_Underground.png -> /home/mubashir/Documents/FYP-Legged-Robot-main/Code/install/cpg_ros2/share/cpg_ros2/worlds/my_cave_model/meshes\n'}
[8.105856] (cheetah_ros2) StdoutLine: {'line': b'copying worlds/floors/death2.obj -> /home/mubashir/Documents/FYP-Legged-Robot-main/Code/install/cheetah_ros2/share/cheetah_ros2/worlds/floors\n'}
[8.123078] (-) TimerEvent: {}
[8.154491] (cpg_ros2) StdoutLine: {'line': b'creating /home/mubashir/Documents/FYP-Legged-Robot-main/Code/install/cpg_ros2/share/cpg_ros2/worlds/floors\n'}
[8.164943] (cpg_ros2) StdoutLine: {'line': b'copying worlds/floors/hard3.obj -> /home/mubashir/Documents/FYP-Legged-Robot-main/Code/install/cpg_ros2/share/cpg_ros2/worlds/floors\n'}
[8.175032] (cpg_ros2) StdoutLine: {'line': b'copying worlds/floors/medium4.mtl -> /home/mubashir/Documents/FYP-Legged-Robot-main/Code/install/cpg_ros2/share/cpg_ros2/worlds/floors\n'}
[8.175411] (cpg_ros2) StdoutLine: {'line': b'copying worlds/floors/death2.obj -> /home/mubashir/Documents/FYP-Legged-Robot-main/Code/install/cpg_ros2/share/cpg_ros2/worlds/floors\n'}
[8.178683] (cheetah_ros2) StdoutLine: {'line': b'copying worlds/floors/hard4.obj -> /home/mubashir/Documents/FYP-Legged-Robot-main/Code/install/cheetah_ros2/share/cheetah_ros2/worlds/floors\n'}
[8.198348] (cheetah_ros2) StdoutLine: {'line': b'copying worlds/floors/medium2.mtl -> /home/mubashir/Documents/FYP-Legged-Robot-main/Code/install/cheetah_ros2/share/cheetah_ros2/worlds/floors\n'}
[8.201187] (cheetah_ros2) StdoutLine: {'line': b'copying worlds/floors/hard2.obj -> /home/mubashir/Documents/FYP-Legged-Robot-main/Code/install/cheetah_ros2/share/cheetah_ros2/worlds/floors\n'}
[8.216841] (cpg_ros2) StdoutLine: {'line': b'copying worlds/floors/hard4.obj -> /home/mubashir/Documents/FYP-Legged-Robot-main/Code/install/cpg_ros2/share/cpg_ros2/worlds/floors\n'}
[8.223931] (-) TimerEvent: {}
[8.234331] (cpg_ros2) StdoutLine: {'line': b'copying worlds/floors/medium2.mtl -> /home/mubashir/Documents/FYP-Legged-Robot-main/Code/install/cpg_ros2/share/cpg_ros2/worlds/floors\n'}
[8.234767] (cpg_ros2) StdoutLine: {'line': b'copying worlds/floors/hard2.obj -> /home/mubashir/Documents/FYP-Legged-Robot-main/Code/install/cpg_ros2/share/cpg_ros2/worlds/floors\n'}
[8.248066] (perception) StdoutLine: {'line': b'copying worlds/my_cave_model/meshes/roughness_texture_Underground.png -> /home/mubashir/Documents/FYP-Legged-Robot-main/Code/install/perception/share/perception/worlds/my_cave_model/meshes\n'}
[8.260548] (perception) StdoutLine: {'line': b'copying worlds/my_cave_model/meshes/mesh.mtl -> /home/mubashir/Documents/FYP-Legged-Robot-main/Code/install/perception/share/perception/worlds/my_cave_model/meshes\n'}
[8.261913] (perception) StdoutLine: {'line': b'copying worlds/my_cave_model/meshes/normal_texture_Underground.png -> /home/mubashir/Documents/FYP-Legged-Robot-main/Code/install/perception/share/perception/worlds/my_cave_model/meshes\n'}
[8.284133] (quad_interface) StdoutLine: {'line': b'-- Found rmw_implementation_cmake: 6.1.2 (/opt/ros/humble/share/rmw_implementation_cmake/cmake)\n'}
[8.284542] (gz_ros2_control) StdoutLine: {'line': b'-- Found CURL: /usr/lib/x86_64-linux-gnu/libcurl.so (found version "7.81.0")  \n'}
[8.289089] (perception) StdoutLine: {'line': b'running install_egg_info\n'}
[8.293868] (quad_interface) StdoutLine: {'line': b'-- Found rmw_fastrtps_cpp: 6.2.9 (/opt/ros/humble/share/rmw_fastrtps_cpp/cmake)\n'}
[8.302606] (perception) StdoutLine: {'line': b'Copying ../../../build/perception/perception.egg-info to /home/mubashir/Documents/FYP-Legged-Robot-main/Code/install/perception/lib/python3.10/site-packages/perception-0.0.0-py3.10.egg-info\n'}
[8.320398] (perception) StdoutLine: {'line': b'running install_scripts\n'}
[8.324197] (-) TimerEvent: {}
[8.376323] (gz_ros2_control) StdoutLine: {'line': b"-- Checking for module 'jsoncpp'\n"}
[8.424335] (-) TimerEvent: {}
[8.464326] (perception) StdoutLine: {'line': b'Installing ceiling_filter script to /home/mubashir/Documents/FYP-Legged-Robot-main/Code/install/perception/lib/perception\n'}
[8.465672] (perception) StdoutLine: {'line': b'Installing ceiling_flipper script to /home/mubashir/Documents/FYP-Legged-Robot-main/Code/install/perception/lib/perception\n'}
[8.466047] (perception) StdoutLine: {'line': b'Installing map2apf script to /home/mubashir/Documents/FYP-Legged-Robot-main/Code/install/perception/lib/perception\n'}
[8.466262] (perception) StdoutLine: {'line': b'Installing map_flipper script to /home/mubashir/Documents/FYP-Legged-Robot-main/Code/install/perception/lib/perception\n'}
[8.470155] (perception) StdoutLine: {'line': b"writing list of installed files to '/home/mubashir/Documents/FYP-Legged-Robot-main/Code/build/perception/install.log'\n"}
[8.472566] (gz_ros2_control) StdoutLine: {'line': b'--   Found jsoncpp, version 1.9.5\n'}
[8.526617] (-) TimerEvent: {}
[8.551166] (elevation_mapping) StdoutLine: {'line': b'-- Configuring incomplete, errors occurred!\n'}
[8.551560] (elevation_mapping) StdoutLine: {'line': b'See also "/home/mubashir/Documents/FYP-Legged-Robot-main/Code/build/elevation_mapping/CMakeFiles/CMakeOutput.log".\n'}
[8.556092] (elevation_mapping) StderrLine: {'line': b'\x1b[31mCMake Error at CMakeLists.txt:22 (find_package):\n'}
[8.556537] (elevation_mapping) StderrLine: {'line': b'  By not providing "Findkindr.cmake" in CMAKE_MODULE_PATH this project has\n'}
[8.556725] (elevation_mapping) StderrLine: {'line': b'  asked CMake to find a package configuration file provided by "kindr", but\n'}
[8.556890] (elevation_mapping) StderrLine: {'line': b'  CMake did not find one.\n'}
[8.557036] (elevation_mapping) StderrLine: {'line': b'\n'}
[8.557195] (elevation_mapping) StderrLine: {'line': b'  Could not find a package configuration file provided by "kindr" with any of\n'}
[8.557359] (elevation_mapping) StderrLine: {'line': b'  the following names:\n'}
[8.557508] (elevation_mapping) StderrLine: {'line': b'\n'}
[8.557666] (elevation_mapping) StderrLine: {'line': b'    kindrConfig.cmake\n'}
[8.557836] (elevation_mapping) StderrLine: {'line': b'    kindr-config.cmake\n'}
[8.558004] (elevation_mapping) StderrLine: {'line': b'\n'}
[8.563557] (elevation_mapping) StderrLine: {'line': b'  Add the installation prefix of "kindr" to CMAKE_PREFIX_PATH or set\n'}
[8.565975] (elevation_mapping) StderrLine: {'line': b'  "kindr_DIR" to a directory containing one of the above files.  If "kindr"\n'}
[8.566324] (elevation_mapping) StderrLine: {'line': b'  provides a separate development package or SDK, be sure it has been\n'}
[8.569646] (elevation_mapping) StderrLine: {'line': b'  installed.\n'}
[8.569851] (elevation_mapping) StderrLine: {'line': b'\n'}
[8.570030] (elevation_mapping) StderrLine: {'line': b'\x1b[0m\n'}
[8.581727] (perception) CommandEnded: {'returncode': 0}
[8.601215] (cheetah_ros2) StdoutLine: {'line': b'copying worlds/floors/hard2.mtl -> /home/mubashir/Documents/FYP-Legged-Robot-main/Code/install/cheetah_ros2/share/cheetah_ros2/worlds/floors\n'}
[8.603138] (cheetah_ros2) StdoutLine: {'line': b'copying worlds/floors/medium2.obj -> /home/mubashir/Documents/FYP-Legged-Robot-main/Code/install/cheetah_ros2/share/cheetah_ros2/worlds/floors\n'}
[8.629245] (-) TimerEvent: {}
[8.692828] (kin_ros2) StdoutLine: {'line': b'running egg_info\n'}
[8.697278] (kin_ros2) StdoutLine: {'line': b'creating ../../../build/kin_ros2/kin_ros2.egg-info\n'}
[8.697675] (kin_ros2) StdoutLine: {'line': b'writing ../../../build/kin_ros2/kin_ros2.egg-info/PKG-INFO\n'}
[8.697910] (kin_ros2) StdoutLine: {'line': b'writing dependency_links to ../../../build/kin_ros2/kin_ros2.egg-info/dependency_links.txt\n'}
[8.698131] (kin_ros2) StdoutLine: {'line': b'writing entry points to ../../../build/kin_ros2/kin_ros2.egg-info/entry_points.txt\n'}
[8.698358] (kin_ros2) StdoutLine: {'line': b'writing requirements to ../../../build/kin_ros2/kin_ros2.egg-info/requires.txt\n'}
[8.698571] (kin_ros2) StdoutLine: {'line': b'writing top-level names to ../../../build/kin_ros2/kin_ros2.egg-info/top_level.txt\n'}
[8.698769] (kin_ros2) StdoutLine: {'line': b"writing manifest file '../../../build/kin_ros2/kin_ros2.egg-info/SOURCES.txt'\n"}
[8.698961] (cpg_ros2) StdoutLine: {'line': b'copying worlds/floors/hard2.mtl -> /home/mubashir/Documents/FYP-Legged-Robot-main/Code/install/cpg_ros2/share/cpg_ros2/worlds/floors\n'}
[8.704363] (gz_ros2_control) StdoutLine: {'line': b'-- Found JSONCPP: TRUE  \n'}
[8.720945] (perception) JobEnded: {'identifier': 'perception', 'rc': 0}
[8.726520] (gz_ros2_control) StdoutLine: {'line': b"-- Checking for module 'libzip'\n"}
[8.729612] (-) TimerEvent: {}
[8.733321] (rl_ros2) JobStarted: {'identifier': 'rl_ros2'}
[8.742792] (cpg_ros2) StdoutLine: {'line': b'copying worlds/floors/medium2.obj -> /home/mubashir/Documents/FYP-Legged-Robot-main/Code/install/cpg_ros2/share/cpg_ros2/worlds/floors\n'}
[8.750188] (kin_ros2) StdoutLine: {'line': b"reading manifest file '../../../build/kin_ros2/kin_ros2.egg-info/SOURCES.txt'\n"}
[8.750423] (kin_ros2) StdoutLine: {'line': b"writing manifest file '../../../build/kin_ros2/kin_ros2.egg-info/SOURCES.txt'\n"}
[8.750617] (kin_ros2) StdoutLine: {'line': b'running build\n'}
[8.750801] (kin_ros2) StdoutLine: {'line': b'running build_py\n'}
[8.750992] (kin_ros2) StdoutLine: {'line': b'creating /home/mubashir/Documents/FYP-Legged-Robot-main/Code/build/kin_ros2/build\n'}
[8.751202] (kin_ros2) StdoutLine: {'line': b'creating /home/mubashir/Documents/FYP-Legged-Robot-main/Code/build/kin_ros2/build/lib\n'}
[8.751385] (kin_ros2) StdoutLine: {'line': b'creating /home/mubashir/Documents/FYP-Legged-Robot-main/Code/build/kin_ros2/build/lib/kin_ros2\n'}
[8.751563] (kin_ros2) StdoutLine: {'line': b'copying kin_ros2/kin_node.py -> /home/mubashir/Documents/FYP-Legged-Robot-main/Code/build/kin_ros2/build/lib/kin_ros2\n'}
[8.751746] (kin_ros2) StdoutLine: {'line': b'copying kin_ros2/kinematics.py -> /home/mubashir/Documents/FYP-Legged-Robot-main/Code/build/kin_ros2/build/lib/kin_ros2\n'}
[8.751959] (kin_ros2) StdoutLine: {'line': b'copying kin_ros2/__init__.py -> /home/mubashir/Documents/FYP-Legged-Robot-main/Code/build/kin_ros2/build/lib/kin_ros2\n'}
[8.752171] (kin_ros2) StdoutLine: {'line': b'running install\n'}
[8.756122] (kin_ros2) StdoutLine: {'line': b'running install_lib\n'}
[8.756774] (kin_ros2) StdoutLine: {'line': b'creating /home/mubashir/Documents/FYP-Legged-Robot-main/Code/install/kin_ros2/lib/python3.10/site-packages/kin_ros2\n'}
[8.757015] (kin_ros2) StdoutLine: {'line': b'copying /home/mubashir/Documents/FYP-Legged-Robot-main/Code/build/kin_ros2/build/lib/kin_ros2/kin_node.py -> /home/mubashir/Documents/FYP-Legged-Robot-main/Code/install/kin_ros2/lib/python3.10/site-packages/kin_ros2\n'}
[8.757359] (kin_ros2) StdoutLine: {'line': b'copying /home/mubashir/Documents/FYP-Legged-Robot-main/Code/build/kin_ros2/build/lib/kin_ros2/kinematics.py -> /home/mubashir/Documents/FYP-Legged-Robot-main/Code/install/kin_ros2/lib/python3.10/site-packages/kin_ros2\n'}
[8.757550] (kin_ros2) StdoutLine: {'line': b'copying /home/mubashir/Documents/FYP-Legged-Robot-main/Code/build/kin_ros2/build/lib/kin_ros2/__init__.py -> /home/mubashir/Documents/FYP-Legged-Robot-main/Code/install/kin_ros2/lib/python3.10/site-packages/kin_ros2\n'}
[8.757738] (kin_ros2) StdoutLine: {'line': b'byte-compiling /home/mubashir/Documents/FYP-Legged-Robot-main/Code/install/kin_ros2/lib/python3.10/site-packages/kin_ros2/kin_node.py to kin_node.cpython-310.pyc\n'}
[8.762206] (kin_ros2) StdoutLine: {'line': b'byte-compiling /home/mubashir/Documents/FYP-Legged-Robot-main/Code/install/kin_ros2/lib/python3.10/site-packages/kin_ros2/kinematics.py to kinematics.cpython-310.pyc\n'}
[8.762471] (kin_ros2) StdoutLine: {'line': b'byte-compiling /home/mubashir/Documents/FYP-Legged-Robot-main/Code/install/kin_ros2/lib/python3.10/site-packages/kin_ros2/__init__.py to __init__.cpython-310.pyc\n'}
[8.762657] (kin_ros2) StdoutLine: {'line': b'running install_data\n'}
[8.762840] (kin_ros2) StdoutLine: {'line': b'creating /home/mubashir/Documents/FYP-Legged-Robot-main/Code/install/kin_ros2/share/ament_index\n'}
[8.763037] (kin_ros2) StdoutLine: {'line': b'creating /home/mubashir/Documents/FYP-Legged-Robot-main/Code/install/kin_ros2/share/ament_index/resource_index\n'}
[8.763250] (kin_ros2) StdoutLine: {'line': b'creating /home/mubashir/Documents/FYP-Legged-Robot-main/Code/install/kin_ros2/share/ament_index/resource_index/packages\n'}
[8.763439] (kin_ros2) StdoutLine: {'line': b'copying resource/kin_ros2 -> /home/mubashir/Documents/FYP-Legged-Robot-main/Code/install/kin_ros2/share/ament_index/resource_index/packages\n'}
[8.763606] (kin_ros2) StdoutLine: {'line': b'copying package.xml -> /home/mubashir/Documents/FYP-Legged-Robot-main/Code/install/kin_ros2/share/kin_ros2\n'}
[8.763793] (kin_ros2) StdoutLine: {'line': b'creating /home/mubashir/Documents/FYP-Legged-Robot-main/Code/install/kin_ros2/share/kin_ros2/launch\n'}
[8.763979] (kin_ros2) StdoutLine: {'line': b'copying launch/kin_sim.launch.py -> /home/mubashir/Documents/FYP-Legged-Robot-main/Code/install/kin_ros2/share/kin_ros2/launch\n'}
[8.764188] (quad_interface) StdoutLine: {'line': b'-- Found OpenSSL: /usr/lib/x86_64-linux-gnu/libcrypto.so (found version "3.0.2")  \n'}
[8.764389] (kin_ros2) StdoutLine: {'line': b'copying launch/kin_cave.launch.py -> /home/mubashir/Documents/FYP-Legged-Robot-main/Code/install/kin_ros2/share/kin_ros2/launch\n'}
[8.764582] (kin_ros2) StdoutLine: {'line': b'copying launch/launch_rough_floor_medium.launch.py -> /home/mubashir/Documents/FYP-Legged-Robot-main/Code/install/kin_ros2/share/kin_ros2/launch\n'}
[8.764775] (kin_ros2) StdoutLine: {'line': b'copying launch/launch_rough_floor_hard.launch.py -> /home/mubashir/Documents/FYP-Legged-Robot-main/Code/install/kin_ros2/share/kin_ros2/launch\n'}
[8.770730] (kin_ros2) StdoutLine: {'line': b'copying launch/kin_hw.launch.py -> /home/mubashir/Documents/FYP-Legged-Robot-main/Code/install/kin_ros2/share/kin_ros2/launch\n'}
[8.771202] (kin_ros2) StdoutLine: {'line': b'copying launch/launch_rough_floor_easy.launch.py -> /home/mubashir/Documents/FYP-Legged-Robot-main/Code/install/kin_ros2/share/kin_ros2/launch\n'}
[8.771475] (kin_ros2) StdoutLine: {'line': b'creating /home/mubashir/Documents/FYP-Legged-Robot-main/Code/install/kin_ros2/share/kin_ros2/config\n'}
[8.771795] (kin_ros2) StdoutLine: {'line': b'copying config/controllers.yaml -> /home/mubashir/Documents/FYP-Legged-Robot-main/Code/install/kin_ros2/share/kin_ros2/config\n'}
[8.771977] (kin_ros2) StdoutLine: {'line': b'copying config/ros_gz_bridge.yaml -> /home/mubashir/Documents/FYP-Legged-Robot-main/Code/install/kin_ros2/share/kin_ros2/config\n'}
[8.774015] (kin_ros2) StdoutLine: {'line': b'creating /home/mubashir/Documents/FYP-Legged-Robot-main/Code/install/kin_ros2/share/kin_ros2/worlds\n'}
[8.775395] (kin_ros2) StdoutLine: {'line': b'copying worlds/rough_floor_easy.sdf -> /home/mubashir/Documents/FYP-Legged-Robot-main/Code/install/kin_ros2/share/kin_ros2/worlds\n'}
[8.775642] (kin_ros2) StdoutLine: {'line': b'copying worlds/rough_floor_medium.sdf -> /home/mubashir/Documents/FYP-Legged-Robot-main/Code/install/kin_ros2/share/kin_ros2/worlds\n'}
[8.775818] (kin_ros2) StdoutLine: {'line': b'copying worlds/friction_world.sdf -> /home/mubashir/Documents/FYP-Legged-Robot-main/Code/install/kin_ros2/share/kin_ros2/worlds\n'}
[8.776008] (elevation_mapping) CommandEnded: {'returncode': 1}
[8.777234] (kin_ros2) StdoutLine: {'line': b'copying worlds/rough_floor_hard.sdf -> /home/mubashir/Documents/FYP-Legged-Robot-main/Code/install/kin_ros2/share/kin_ros2/worlds\n'}
[8.789779] (kin_ros2) StdoutLine: {'line': b'creating /home/mubashir/Documents/FYP-Legged-Robot-main/Code/install/kin_ros2/share/kin_ros2/worlds/my_cave_model\n'}
[8.790032] (kin_ros2) StdoutLine: {'line': b'copying worlds/my_cave_model/model.config -> /home/mubashir/Documents/FYP-Legged-Robot-main/Code/install/kin_ros2/share/kin_ros2/worlds/my_cave_model\n'}
[8.790243] (kin_ros2) StdoutLine: {'line': b'copying worlds/my_cave_model/model.sdf -> /home/mubashir/Documents/FYP-Legged-Robot-main/Code/install/kin_ros2/share/kin_ros2/worlds/my_cave_model\n'}
[8.790447] (kin_ros2) StdoutLine: {'line': b'creating /home/mubashir/Documents/FYP-Legged-Robot-main/Code/install/kin_ros2/share/kin_ros2/worlds/my_cave_model/meshes\n'}
[8.790642] (kin_ros2) StdoutLine: {'line': b'copying worlds/my_cave_model/meshes/color_texture_Underground.png -> /home/mubashir/Documents/FYP-Legged-Robot-main/Code/install/kin_ros2/share/kin_ros2/worlds/my_cave_model/meshes\n'}
[8.798931] (kin_ros2) StdoutLine: {'line': b'copying worlds/my_cave_model/meshes/mesh.obj -> /home/mubashir/Documents/FYP-Legged-Robot-main/Code/install/kin_ros2/share/kin_ros2/worlds/my_cave_model/meshes\n'}
[8.815151] (rlpa_ros2) StdoutLine: {'line': b'running egg_info\n'}
[8.818187] (rlpa_ros2) StdoutLine: {'line': b'creating ../../../build/rlpa_ros2/rlpa_ros2.egg-info\n'}
[8.818577] (rlpa_ros2) StdoutLine: {'line': b'writing ../../../build/rlpa_ros2/rlpa_ros2.egg-info/PKG-INFO\n'}
[8.818799] (rlpa_ros2) StdoutLine: {'line': b'writing dependency_links to ../../../build/rlpa_ros2/rlpa_ros2.egg-info/dependency_links.txt\n'}
[8.818999] (rlpa_ros2) StdoutLine: {'line': b'writing entry points to ../../../build/rlpa_ros2/rlpa_ros2.egg-info/entry_points.txt\n'}
[8.823978] (rlpa_ros2) StdoutLine: {'line': b'writing requirements to ../../../build/rlpa_ros2/rlpa_ros2.egg-info/requires.txt\n'}
[8.824387] (rlpa_ros2) StdoutLine: {'line': b'writing top-level names to ../../../build/rlpa_ros2/rlpa_ros2.egg-info/top_level.txt\n'}
[8.824581] (rlpa_ros2) StdoutLine: {'line': b"writing manifest file '../../../build/rlpa_ros2/rlpa_ros2.egg-info/SOURCES.txt'\n"}
[8.824771] (gz_ros2_control) StdoutLine: {'line': b'--   Found libzip, version 1.7.3\n'}
[8.828826] (rlpa_ros2) StdoutLine: {'line': b"reading manifest file '../../../build/rlpa_ros2/rlpa_ros2.egg-info/SOURCES.txt'\n"}
[8.829334] (rlpa_ros2) StdoutLine: {'line': b"writing manifest file '../../../build/rlpa_ros2/rlpa_ros2.egg-info/SOURCES.txt'\n"}
[8.829597] (-) TimerEvent: {}
[8.830433] (rlpa_ros2) StdoutLine: {'line': b'running build\n'}
[8.830886] (rlpa_ros2) StdoutLine: {'line': b'running build_py\n'}
[8.831744] (rlpa_ros2) StdoutLine: {'line': b'creating /home/mubashir/Documents/FYP-Legged-Robot-main/Code/build/rlpa_ros2/build\n'}
[8.832110] (rlpa_ros2) StdoutLine: {'line': b'creating /home/mubashir/Documents/FYP-Legged-Robot-main/Code/build/rlpa_ros2/build/lib\n'}
[8.832334] (rlpa_ros2) StdoutLine: {'line': b'creating /home/mubashir/Documents/FYP-Legged-Robot-main/Code/build/rlpa_ros2/build/lib/rlpa_ros2\n'}
[8.838981] (rlpa_ros2) StdoutLine: {'line': b'copying rlpa_ros2/ceiling_filter_node.py -> /home/mubashir/Documents/FYP-Legged-Robot-main/Code/build/rlpa_ros2/build/lib/rlpa_ros2\n'}
[8.840248] (rlpa_ros2) StdoutLine: {'line': b'copying rlpa_ros2/apf_planner.py -> /home/mubashir/Documents/FYP-Legged-Robot-main/Code/build/rlpa_ros2/build/lib/rlpa_ros2\n'}
[8.840568] (kin_ros2) StdoutLine: {'line': b'copying worlds/my_cave_model/meshes/roughness_texture_Underground.png -> /home/mubashir/Documents/FYP-Legged-Robot-main/Code/install/kin_ros2/share/kin_ros2/worlds/my_cave_model/meshes\n'}
[8.840793] (rlpa_ros2) StdoutLine: {'line': b'copying rlpa_ros2/apf_perception_node.py -> /home/mubashir/Documents/FYP-Legged-Robot-main/Code/build/rlpa_ros2/build/lib/rlpa_ros2\n'}
[8.844896] (rlpa_ros2) StdoutLine: {'line': b'copying rlpa_ros2/ceiling_flipper_node.py -> /home/mubashir/Documents/FYP-Legged-Robot-main/Code/build/rlpa_ros2/build/lib/rlpa_ros2\n'}
[8.858038] (rlpa_ros2) StdoutLine: {'line': b'copying rlpa_ros2/rl_obs.py -> /home/mubashir/Documents/FYP-Legged-Robot-main/Code/build/rlpa_ros2/build/lib/rlpa_ros2\n'}
[8.859854] (kin_ros2) StdoutLine: {'line': b'copying worlds/my_cave_model/meshes/mesh.mtl -> /home/mubashir/Documents/FYP-Legged-Robot-main/Code/install/kin_ros2/share/kin_ros2/worlds/my_cave_model/meshes\n'}
[8.860755] (rlpa_ros2) StdoutLine: {'line': b'copying rlpa_ros2/teleop.py -> /home/mubashir/Documents/FYP-Legged-Robot-main/Code/build/rlpa_ros2/build/lib/rlpa_ros2\n'}
[8.863076] (kin_ros2) StdoutLine: {'line': b'copying worlds/my_cave_model/meshes/normal_texture_Underground.png -> /home/mubashir/Documents/FYP-Legged-Robot-main/Code/install/kin_ros2/share/kin_ros2/worlds/my_cave_model/meshes\n'}
[8.866200] (rlpa_ros2) StdoutLine: {'line': b'copying rlpa_ros2/rl_action.py -> /home/mubashir/Documents/FYP-Legged-Robot-main/Code/build/rlpa_ros2/build/lib/rlpa_ros2\n'}
[8.871449] (rlpa_ros2) StdoutLine: {'line': b'copying rlpa_ros2/flight_recorder.py -> /home/mubashir/Documents/FYP-Legged-Robot-main/Code/build/rlpa_ros2/build/lib/rlpa_ros2\n'}
[8.877805] (rlpa_ros2) StdoutLine: {'line': b'copying rlpa_ros2/perception_preprocessor.py -> /home/mubashir/Documents/FYP-Legged-Robot-main/Code/build/rlpa_ros2/build/lib/rlpa_ros2\n'}
[8.890300] (rlpa_ros2) StdoutLine: {'line': b'copying rlpa_ros2/__init__.py -> /home/mubashir/Documents/FYP-Legged-Robot-main/Code/build/rlpa_ros2/build/lib/rlpa_ros2\n'}
[8.890690] (rlpa_ros2) StdoutLine: {'line': b'copying rlpa_ros2/rl_policy.py -> /home/mubashir/Documents/FYP-Legged-Robot-main/Code/build/rlpa_ros2/build/lib/rlpa_ros2\n'}
[8.897063] (rlpa_ros2) StdoutLine: {'line': b'copying rlpa_ros2/map_flipper_node.py -> /home/mubashir/Documents/FYP-Legged-Robot-main/Code/build/rlpa_ros2/build/lib/rlpa_ros2\n'}
[8.905054] (rlpa_ros2) StdoutLine: {'line': b'copying rlpa_ros2/apf_planner2.py -> /home/mubashir/Documents/FYP-Legged-Robot-main/Code/build/rlpa_ros2/build/lib/rlpa_ros2\n'}
[8.910096] (quad_interface) StdoutLine: {'line': b'-- Found FastRTPS: /opt/ros/humble/include  \n'}
[8.910966] (rlpa_ros2) StdoutLine: {'line': b'running install\n'}
[8.912875] (rlpa_ros2) StdoutLine: {'line': b'running install_lib\n'}
[8.916146] (rlpa_ros2) StdoutLine: {'line': b'creating /home/mubashir/Documents/FYP-Legged-Robot-main/Code/install/rlpa_ros2/lib/python3.10/site-packages/rlpa_ros2\n'}
[8.916591] (rlpa_ros2) StdoutLine: {'line': b'copying /home/mubashir/Documents/FYP-Legged-Robot-main/Code/build/rlpa_ros2/build/lib/rlpa_ros2/ceiling_filter_node.py -> /home/mubashir/Documents/FYP-Legged-Robot-main/Code/install/rlpa_ros2/lib/python3.10/site-packages/rlpa_ros2\n'}
[8.916853] (rlpa_ros2) StdoutLine: {'line': b'copying /home/mubashir/Documents/FYP-Legged-Robot-main/Code/build/rlpa_ros2/build/lib/rlpa_ros2/apf_planner.py -> /home/mubashir/Documents/FYP-Legged-Robot-main/Code/install/rlpa_ros2/lib/python3.10/site-packages/rlpa_ros2\n'}
[8.917056] (rlpa_ros2) StdoutLine: {'line': b'copying /home/mubashir/Documents/FYP-Legged-Robot-main/Code/build/rlpa_ros2/build/lib/rlpa_ros2/apf_perception_node.py -> /home/mubashir/Documents/FYP-Legged-Robot-main/Code/install/rlpa_ros2/lib/python3.10/site-packages/rlpa_ros2\n'}
[8.917874] (rlpa_ros2) StdoutLine: {'line': b'copying /home/mubashir/Documents/FYP-Legged-Robot-main/Code/build/rlpa_ros2/build/lib/rlpa_ros2/ceiling_flipper_node.py -> /home/mubashir/Documents/FYP-Legged-Robot-main/Code/install/rlpa_ros2/lib/python3.10/site-packages/rlpa_ros2\n'}
[8.918078] (rlpa_ros2) StdoutLine: {'line': b'copying /home/mubashir/Documents/FYP-Legged-Robot-main/Code/build/rlpa_ros2/build/lib/rlpa_ros2/rl_obs.py -> /home/mubashir/Documents/FYP-Legged-Robot-main/Code/install/rlpa_ros2/lib/python3.10/site-packages/rlpa_ros2\n'}
[8.918274] (rlpa_ros2) StdoutLine: {'line': b'copying /home/mubashir/Documents/FYP-Legged-Robot-main/Code/build/rlpa_ros2/build/lib/rlpa_ros2/teleop.py -> /home/mubashir/Documents/FYP-Legged-Robot-main/Code/install/rlpa_ros2/lib/python3.10/site-packages/rlpa_ros2\n'}
[8.918490] (rlpa_ros2) StdoutLine: {'line': b'copying /home/mubashir/Documents/FYP-Legged-Robot-main/Code/build/rlpa_ros2/build/lib/rlpa_ros2/rl_action.py -> /home/mubashir/Documents/FYP-Legged-Robot-main/Code/install/rlpa_ros2/lib/python3.10/site-packages/rlpa_ros2\n'}
[8.930249] (rlpa_ros2) StdoutLine: {'line': b'copying /home/mubashir/Documents/FYP-Legged-Robot-main/Code/build/rlpa_ros2/build/lib/rlpa_ros2/flight_recorder.py -> /home/mubashir/Documents/FYP-Legged-Robot-main/Code/install/rlpa_ros2/lib/python3.10/site-packages/rlpa_ros2\n'}
[8.930635] (-) TimerEvent: {}
[8.931167] (rlpa_ros2) StdoutLine: {'line': b'copying /home/mubashir/Documents/FYP-Legged-Robot-main/Code/build/rlpa_ros2/build/lib/rlpa_ros2/perception_preprocessor.py -> /home/mubashir/Documents/FYP-Legged-Robot-main/Code/install/rlpa_ros2/lib/python3.10/site-packages/rlpa_ros2\n'}
[8.931481] (rlpa_ros2) StdoutLine: {'line': b'copying /home/mubashir/Documents/FYP-Legged-Robot-main/Code/build/rlpa_ros2/build/lib/rlpa_ros2/__init__.py -> /home/mubashir/Documents/FYP-Legged-Robot-main/Code/install/rlpa_ros2/lib/python3.10/site-packages/rlpa_ros2\n'}
[8.931685] (rlpa_ros2) StdoutLine: {'line': b'copying /home/mubashir/Documents/FYP-Legged-Robot-main/Code/build/rlpa_ros2/build/lib/rlpa_ros2/rl_policy.py -> /home/mubashir/Documents/FYP-Legged-Robot-main/Code/install/rlpa_ros2/lib/python3.10/site-packages/rlpa_ros2\n'}
[8.931867] (rlpa_ros2) StdoutLine: {'line': b'copying /home/mubashir/Documents/FYP-Legged-Robot-main/Code/build/rlpa_ros2/build/lib/rlpa_ros2/map_flipper_node.py -> /home/mubashir/Documents/FYP-Legged-Robot-main/Code/install/rlpa_ros2/lib/python3.10/site-packages/rlpa_ros2\n'}
[8.932041] (rlpa_ros2) StdoutLine: {'line': b'copying /home/mubashir/Documents/FYP-Legged-Robot-main/Code/build/rlpa_ros2/build/lib/rlpa_ros2/apf_planner2.py -> /home/mubashir/Documents/FYP-Legged-Robot-main/Code/install/rlpa_ros2/lib/python3.10/site-packages/rlpa_ros2\n'}
[8.932239] (kin_ros2) StdoutLine: {'line': b'creating /home/mubashir/Documents/FYP-Legged-Robot-main/Code/install/kin_ros2/share/kin_ros2/worlds/floors\n'}
[8.934720] (kin_ros2) StdoutLine: {'line': b'copying worlds/floors/hard3.obj -> /home/mubashir/Documents/FYP-Legged-Robot-main/Code/install/kin_ros2/share/kin_ros2/worlds/floors\n'}
[8.935001] (rlpa_ros2) StdoutLine: {'line': b'byte-compiling /home/mubashir/Documents/FYP-Legged-Robot-main/Code/install/rlpa_ros2/lib/python3.10/site-packages/rlpa_ros2/ceiling_filter_node.py to ceiling_filter_node.cpython-310.pyc\n'}
[8.935223] (rlpa_ros2) StdoutLine: {'line': b'byte-compiling /home/mubashir/Documents/FYP-Legged-Robot-main/Code/install/rlpa_ros2/lib/python3.10/site-packages/rlpa_ros2/apf_planner.py to apf_planner.cpython-310.pyc\n'}
[8.944343] (rlpa_ros2) StdoutLine: {'line': b'byte-compiling /home/mubashir/Documents/FYP-Legged-Robot-main/Code/install/rlpa_ros2/lib/python3.10/site-packages/rlpa_ros2/apf_perception_node.py to apf_perception_node.cpython-310.pyc\n'}
[8.957330] (rlpa_ros2) StdoutLine: {'line': b'byte-compiling /home/mubashir/Documents/FYP-Legged-Robot-main/Code/install/rlpa_ros2/lib/python3.10/site-packages/rlpa_ros2/ceiling_flipper_node.py to ceiling_flipper_node.cpython-310.pyc\n'}
[8.957758] (rlpa_ros2) StdoutLine: {'line': b'byte-compiling /home/mubashir/Documents/FYP-Legged-Robot-main/Code/install/rlpa_ros2/lib/python3.10/site-packages/rlpa_ros2/rl_obs.py to rl_obs.cpython-310.pyc\n'}
[8.960871] (rlpa_ros2) StdoutLine: {'line': b'byte-compiling /home/mubashir/Documents/FYP-Legged-Robot-main/Code/install/rlpa_ros2/lib/python3.10/site-packages/rlpa_ros2/teleop.py to teleop.cpython-310.pyc\n'}
[8.961701] (rlpa_ros2) StdoutLine: {'line': b'byte-compiling /home/mubashir/Documents/FYP-Legged-Robot-main/Code/install/rlpa_ros2/lib/python3.10/site-packages/rlpa_ros2/rl_action.py to rl_action.cpython-310.pyc\n'}
[8.967056] (rlpa_ros2) StdoutLine: {'line': b'byte-compiling /home/mubashir/Documents/FYP-Legged-Robot-main/Code/install/rlpa_ros2/lib/python3.10/site-packages/rlpa_ros2/flight_recorder.py to flight_recorder.cpython-310.pyc\n'}
[8.967471] (rlpa_ros2) StdoutLine: {'line': b'byte-compiling /home/mubashir/Documents/FYP-Legged-Robot-main/Code/install/rlpa_ros2/lib/python3.10/site-packages/rlpa_ros2/perception_preprocessor.py to perception_preprocessor.cpython-310.pyc\n'}
[8.975907] (rlpa_ros2) StdoutLine: {'line': b'byte-compiling /home/mubashir/Documents/FYP-Legged-Robot-main/Code/install/rlpa_ros2/lib/python3.10/site-packages/rlpa_ros2/__init__.py to __init__.cpython-310.pyc\n'}
[8.976317] (rlpa_ros2) StdoutLine: {'line': b'byte-compiling /home/mubashir/Documents/FYP-Legged-Robot-main/Code/install/rlpa_ros2/lib/python3.10/site-packages/rlpa_ros2/rl_policy.py to rl_policy.cpython-310.pyc\n'}
[8.976520] (rlpa_ros2) StdoutLine: {'line': b'byte-compiling /home/mubashir/Documents/FYP-Legged-Robot-main/Code/install/rlpa_ros2/lib/python3.10/site-packages/rlpa_ros2/map_flipper_node.py to map_flipper_node.cpython-310.pyc\n'}
[8.976691] (rlpa_ros2) StdoutLine: {'line': b'byte-compiling /home/mubashir/Documents/FYP-Legged-Robot-main/Code/install/rlpa_ros2/lib/python3.10/site-packages/rlpa_ros2/apf_planner2.py to apf_planner2.cpython-310.pyc\n'}
[8.986450] (rlpa_ros2) StdoutLine: {'line': b'running install_data\n'}
[8.988406] (rlpa_ros2) StdoutLine: {'line': b'creating /home/mubashir/Documents/FYP-Legged-Robot-main/Code/install/rlpa_ros2/share/ament_index\n'}
[8.989465] (rlpa_ros2) StdoutLine: {'line': b'creating /home/mubashir/Documents/FYP-Legged-Robot-main/Code/install/rlpa_ros2/share/ament_index/resource_index\n'}
[8.990299] (rlpa_ros2) StdoutLine: {'line': b'creating /home/mubashir/Documents/FYP-Legged-Robot-main/Code/install/rlpa_ros2/share/ament_index/resource_index/packages\n'}
[8.990539] (rlpa_ros2) StdoutLine: {'line': b'copying resource/rlpa_ros2 -> /home/mubashir/Documents/FYP-Legged-Robot-main/Code/install/rlpa_ros2/share/ament_index/resource_index/packages\n'}
[8.991705] (rlpa_ros2) StdoutLine: {'line': b'copying package.xml -> /home/mubashir/Documents/FYP-Legged-Robot-main/Code/install/rlpa_ros2/share/rlpa_ros2\n'}
[8.992015] (rlpa_ros2) StdoutLine: {'line': b'creating /home/mubashir/Documents/FYP-Legged-Robot-main/Code/install/rlpa_ros2/share/rlpa_ros2/launch\n'}
[8.992276] (rlpa_ros2) StdoutLine: {'line': b'copying launch/rlpa_L.launch.py -> /home/mubashir/Documents/FYP-Legged-Robot-main/Code/install/rlpa_ros2/share/rlpa_ros2/launch\n'}
[8.999277] (gz_ros2_control) StdoutLine: {'line': b'-- Found ZIP: TRUE  \n'}
[8.999695] (gz_ros2_control) StdoutLine: {'line': b'-- Looking for ignition-common4 -- found version 4.7.0\n'}
[8.999916] (kin_ros2) StdoutLine: {'line': b'copying worlds/floors/medium4.mtl -> /home/mubashir/Documents/FYP-Legged-Robot-main/Code/install/kin_ros2/share/kin_ros2/worlds/floors\n'}
[9.000194] (rlpa_ros2) StdoutLine: {'line': b'copying launch/rlpa_flat.launch.py -> /home/mubashir/Documents/FYP-Legged-Robot-main/Code/install/rlpa_ros2/share/rlpa_ros2/launch\n'}
[9.000476] (gz_ros2_control) StdoutLine: {'line': b'-- Looking for ignition-math6 -- found version 6.15.1\n'}
[9.000699] (kin_ros2) StdoutLine: {'line': b'copying worlds/floors/death2.obj -> /home/mubashir/Documents/FYP-Legged-Robot-main/Code/install/kin_ros2/share/kin_ros2/worlds/floors\n'}
[9.000917] (rlpa_ros2) StdoutLine: {'line': b'copying launch/apf_controltube.launch.py -> /home/mubashir/Documents/FYP-Legged-Robot-main/Code/install/rlpa_ros2/share/rlpa_ros2/launch\n'}
[9.005819] (gz_ros2_control) StdoutLine: {'line': b'-- Looking for ignition-msgs8 -- found version 8.7.0\n'}
[9.006669] (rlpa_ros2) StdoutLine: {'line': b'copying launch/rlpa_flat_advanced.launch.py -> /home/mubashir/Documents/FYP-Legged-Robot-main/Code/install/rlpa_ros2/share/rlpa_ros2/launch\n'}
[9.006896] (rlpa_ros2) StdoutLine: {'line': b'creating /home/mubashir/Documents/FYP-Legged-Robot-main/Code/install/rlpa_ros2/share/rlpa_ros2/config\n'}
[9.007097] (rlpa_ros2) StdoutLine: {'line': b'copying config/ceiling_converter_params.yaml -> /home/mubashir/Documents/FYP-Legged-Robot-main/Code/install/rlpa_ros2/share/rlpa_ros2/config\n'}
[9.014356] (rlpa_ros2) StdoutLine: {'line': b'copying config/floor_elev_map_20cm.yaml -> /home/mubashir/Documents/FYP-Legged-Robot-main/Code/install/rlpa_ros2/share/rlpa_ros2/config\n'}
[9.014545] (rlpa_ros2) StdoutLine: {'line': b'copying config/controllers.yaml -> /home/mubashir/Documents/FYP-Legged-Robot-main/Code/install/rlpa_ros2/share/rlpa_ros2/config\n'}
[9.014748] (rlpa_ros2) StdoutLine: {'line': b'copying config/converter_params.yaml -> /home/mubashir/Documents/FYP-Legged-Robot-main/Code/install/rlpa_ros2/share/rlpa_ros2/config\n'}
[9.014941] (rlpa_ros2) StdoutLine: {'line': b'copying config/ros_gz_bridge.yaml -> /home/mubashir/Documents/FYP-Legged-Robot-main/Code/install/rlpa_ros2/share/rlpa_ros2/config\n'}
[9.015083] (rlpa_ros2) StdoutLine: {'line': b'copying config/ceiling_elev_map_20cm.yaml -> /home/mubashir/Documents/FYP-Legged-Robot-main/Code/install/rlpa_ros2/share/rlpa_ros2/config\n'}
[9.015279] (rlpa_ros2) StdoutLine: {'line': b'creating /home/mubashir/Documents/FYP-Legged-Robot-main/Code/install/rlpa_ros2/share/rlpa_ros2/rviz\n'}
[9.015449] (rlpa_ros2) StdoutLine: {'line': b'copying rviz/rviz_config.rviz -> /home/mubashir/Documents/FYP-Legged-Robot-main/Code/install/rlpa_ros2/share/rlpa_ros2/rviz\n'}
[9.015649] (rlpa_ros2) StdoutLine: {'line': b'creating /home/mubashir/Documents/FYP-Legged-Robot-main/Code/install/rlpa_ros2/share/rlpa_ros2/worlds\n'}
[9.015842] (rlpa_ros2) StdoutLine: {'line': b'copying worlds/friction_world.sdf -> /home/mubashir/Documents/FYP-Legged-Robot-main/Code/install/rlpa_ros2/share/rlpa_ros2/worlds\n'}
[9.016029] (rlpa_ros2) StdoutLine: {'line': b'copying worlds/flat_cave.sdf -> /home/mubashir/Documents/FYP-Legged-Robot-main/Code/install/rlpa_ros2/share/rlpa_ros2/worlds\n'}
[9.020685] (gz_ros2_control) StdoutLine: {'line': b'-- Looking for ignition-gui6 -- found version 6.8.0\n'}
[9.021089] (rlpa_ros2) StdoutLine: {'line': b'copying worlds/ControlTube.sdf -> /home/mubashir/Documents/FYP-Legged-Robot-main/Code/install/rlpa_ros2/share/rlpa_ros2/worlds\n'}
[9.025444] (gz_ros2_control) StdoutLine: {'line': b'-- Searching for dependencies of ignition-gui6\n'}
[9.025746] (rlpa_ros2) StdoutLine: {'line': b'creating /home/mubashir/Documents/FYP-Legged-Robot-main/Code/install/rlpa_ros2/share/rlpa_ros2/worlds/my_cave_model\n'}
[9.025956] (rlpa_ros2) StdoutLine: {'line': b'copying worlds/my_cave_model/model.config -> /home/mubashir/Documents/FYP-Legged-Robot-main/Code/install/rlpa_ros2/share/rlpa_ros2/worlds/my_cave_model\n'}
[9.026141] (rlpa_ros2) StdoutLine: {'line': b'copying worlds/my_cave_model/model.sdf -> /home/mubashir/Documents/FYP-Legged-Robot-main/Code/install/rlpa_ros2/share/rlpa_ros2/worlds/my_cave_model\n'}
[9.026341] (rlpa_ros2) StdoutLine: {'line': b'creating /home/mubashir/Documents/FYP-Legged-Robot-main/Code/install/rlpa_ros2/share/rlpa_ros2/worlds/my_cave_model/meshes\n'}
[9.026522] (rlpa_ros2) StdoutLine: {'line': b'copying worlds/my_cave_model/meshes/color_texture_Underground.png -> /home/mubashir/Documents/FYP-Legged-Robot-main/Code/install/rlpa_ros2/share/rlpa_ros2/worlds/my_cave_model/meshes\n'}
[9.030793] (-) TimerEvent: {}
[9.036312] (rlpa_ros2) StdoutLine: {'line': b'copying worlds/my_cave_model/meshes/mesh.obj -> /home/mubashir/Documents/FYP-Legged-Robot-main/Code/install/rlpa_ros2/share/rlpa_ros2/worlds/my_cave_model/meshes\n'}
[9.040221] (kin_ros2) StdoutLine: {'line': b'copying worlds/floors/hard4.obj -> /home/mubashir/Documents/FYP-Legged-Robot-main/Code/install/kin_ros2/share/kin_ros2/worlds/floors\n'}
[9.061700] (kin_ros2) StdoutLine: {'line': b'copying worlds/floors/medium2.mtl -> /home/mubashir/Documents/FYP-Legged-Robot-main/Code/install/kin_ros2/share/kin_ros2/worlds/floors\n'}
[9.063329] (kin_ros2) StdoutLine: {'line': b'copying worlds/floors/hard2.obj -> /home/mubashir/Documents/FYP-Legged-Robot-main/Code/install/kin_ros2/share/kin_ros2/worlds/floors\n'}
[9.099889] (quad_interface) StdoutLine: {'line': b"-- Using RMW implementation 'rmw_fastrtps_cpp' as default\n"}
[9.108917] (gz_ros2_control) StdoutLine: {'line': b'-- Looking for ignition-math6 -- found version 6.15.1\n'}
[9.109865] (gz_ros2_control) StdoutLine: {'line': b'-- Looking for ignition-common4 -- found version 4.7.0\n'}
[9.125890] (quad_interface) StdoutLine: {'line': b'-- Looking for pthread.h\n'}
[9.130918] (-) TimerEvent: {}
[9.149329] (gz_ros2_control) StdoutLine: {'line': b'-- Looking for ignition-plugin1 -- found version 1.4.0\n'}
[9.156183] (gz_ros2_control) StdoutLine: {'line': b'-- Looking for ignition-transport11 -- found version 11.4.1\n'}
[9.167509] (gz_ros2_control) StdoutLine: {'line': b'-- Looking for ignition-rendering6 -- found version 6.6.3\n'}
[9.171456] (gz_ros2_control) StdoutLine: {'line': b'-- Searching for dependencies of ignition-rendering6\n'}
[9.172020] (gz_ros2_control) StdoutLine: {'line': b'-- Looking for ignition-math6 -- found version 6.15.1\n'}
[9.177427] (gz_ros2_control) StdoutLine: {'line': b'-- Searching for dependencies of ignition-math6\n'}
[9.177844] (gz_ros2_control) StdoutLine: {'line': b'-- Searching for <ignition-math6> component [eigen3]\n'}
[9.189163] (gz_ros2_control) StdoutLine: {'line': b'-- Looking for ignition-math6-eigen3 -- found version 6.15.1\n'}
[9.193786] (gz_ros2_control) StdoutLine: {'line': b'-- Searching for dependencies of ignition-math6-eigen3\n'}
[9.220980] (cheetah_ros2) StdoutLine: {'line': b'copying worlds/floors/medium4.obj -> /home/mubashir/Documents/FYP-Legged-Robot-main/Code/install/cheetah_ros2/share/cheetah_ros2/worlds/floors\n'}
[9.227303] (gz_ros2_control) StdoutLine: {'line': b'-- Looking for ignition-common4 -- found version 4.7.0\n'}
[9.228704] (gz_ros2_control) StdoutLine: {'line': b'-- Searching for dependencies of ignition-common4\n'}
[9.231030] (-) TimerEvent: {}
[9.243755] (gz_ros2_control) StdoutLine: {'line': b'-- Looking for dlfcn.h - found\n'}
[9.244192] (gz_ros2_control) StdoutLine: {'line': b'-- Looking for libdl - found\n'}
[9.263367] (cheetah_ros2) StdoutLine: {'line': b'copying worlds/floors/hard3.mtl -> /home/mubashir/Documents/FYP-Legged-Robot-main/Code/install/cheetah_ros2/share/cheetah_ros2/worlds/floors\n'}
[9.270457] (gz_ros2_control) StdoutLine: {'line': b'-- Searching for <ignition-common4> component [graphics]\n'}
[9.275427] (cheetah_ros2) StdoutLine: {'line': b'copying worlds/floors/cave.mtl -> /home/mubashir/Documents/FYP-Legged-Robot-main/Code/install/cheetah_ros2/share/cheetah_ros2/worlds/floors\n'}
[9.290228] (cheetah_ros2) StdoutLine: {'line': b'copying worlds/floors/easy4.obj -> /home/mubashir/Documents/FYP-Legged-Robot-main/Code/install/cheetah_ros2/share/cheetah_ros2/worlds/floors\n'}
[9.295208] (gz_ros2_control) StdoutLine: {'line': b'-- Looking for ignition-common4-graphics -- found version 4.7.0\n'}
[9.296282] (gz_ros2_control) StdoutLine: {'line': b'-- Searching for dependencies of ignition-common4-graphics\n'}
[9.297077] (gz_ros2_control) StdoutLine: {'line': b'-- Looking for ignition-math6 -- found version 6.15.1\n'}
[9.297980] (gz_ros2_control) StdoutLine: {'line': b'-- Looking for ignition-utils1 -- found version 1.5.1\n'}
[9.306420] (gz_ros2_control) StdoutLine: {'line': b'-- Searching for <ignition-common4> component [events]\n'}
[9.315757] (gz_ros2_control) StdoutLine: {'line': b'-- Looking for ignition-plugin1 -- found version 1.4.0\n'}
[9.317016] (gz_ros2_control) StdoutLine: {'line': b'-- Searching for dependencies of ignition-plugin1\n'}
[9.317446] (gz_ros2_control) StdoutLine: {'line': b'-- Searching for <ignition-plugin1> component [all]\n'}
[9.331179] (-) TimerEvent: {}
[9.336424] (gz_ros2_control) StdoutLine: {'line': b'-- Looking for all libraries of ignition-plugin1 -- found version 1.4.0\n'}
[9.337807] (gz_ros2_control) StdoutLine: {'line': b'-- Looking for ignition-plugin1 -- found version 1.4.0\n'}
[9.343517] (cheetah_ros2) StdoutLine: {'line': b'copying worlds/floors/death2.mtl -> /home/mubashir/Documents/FYP-Legged-Robot-main/Code/install/cheetah_ros2/share/cheetah_ros2/worlds/floors\n'}
[9.355890] (cheetah_ros2) StdoutLine: {'line': b'copying worlds/floors/easy2.mtl -> /home/mubashir/Documents/FYP-Legged-Robot-main/Code/install/cheetah_ros2/share/cheetah_ros2/worlds/floors\n'}
[9.360490] (quad_interface) StdoutLine: {'line': b'-- Looking for pthread.h - found\n'}
[9.366284] (cheetah_ros2) StdoutLine: {'line': b'copying worlds/floors/easy2.obj -> /home/mubashir/Documents/FYP-Legged-Robot-main/Code/install/cheetah_ros2/share/cheetah_ros2/worlds/floors\n'}
[9.366660] (quad_interface) StdoutLine: {'line': b'-- Performing Test CMAKE_HAVE_LIBC_PTHREAD\n'}
[9.380904] (gz_ros2_control) StdoutLine: {'line': b'-- Looking for ignition-msgs8 -- found version 8.7.0\n'}
[9.431320] (-) TimerEvent: {}
[9.497488] (rlpa_ros2) StdoutLine: {'line': b'copying worlds/my_cave_model/meshes/roughness_texture_Underground.png -> /home/mubashir/Documents/FYP-Legged-Robot-main/Code/install/rlpa_ros2/share/rlpa_ros2/worlds/my_cave_model/meshes\n'}
[9.506007] (rlpa_ros2) StdoutLine: {'line': b'copying worlds/my_cave_model/meshes/mesh.mtl -> /home/mubashir/Documents/FYP-Legged-Robot-main/Code/install/rlpa_ros2/share/rlpa_ros2/worlds/my_cave_model/meshes\n'}
[9.506454] (rlpa_ros2) StdoutLine: {'line': b'copying worlds/my_cave_model/meshes/normal_texture_Underground.png -> /home/mubashir/Documents/FYP-Legged-Robot-main/Code/install/rlpa_ros2/share/rlpa_ros2/worlds/my_cave_model/meshes\n'}
[9.529784] (rlpa_ros2) StdoutLine: {'line': b'creating /home/mubashir/Documents/FYP-Legged-Robot-main/Code/install/rlpa_ros2/share/rlpa_ros2/models\n'}
[9.530375] (rlpa_ros2) StdoutLine: {'line': b'creating /home/mubashir/Documents/FYP-Legged-Robot-main/Code/install/rlpa_ros2/share/rlpa_ros2/models/THex_Quadruped\n'}
[9.530716] (rlpa_ros2) StdoutLine: {'line': b'copying models/THex_Quadruped/model_sim.urdf -> /home/mubashir/Documents/FYP-Legged-Robot-main/Code/install/rlpa_ros2/share/rlpa_ros2/models/THex_Quadruped\n'}
[9.535396] (cpg_ros2) StdoutLine: {'line': b'copying worlds/floors/medium4.obj -> /home/mubashir/Documents/FYP-Legged-Robot-main/Code/install/cpg_ros2/share/cpg_ros2/worlds/floors\n'}
[9.538337] (-) TimerEvent: {}
[9.538751] (rlpa_ros2) StdoutLine: {'line': b'copying models/THex_Quadruped/model.config -> /home/mubashir/Documents/FYP-Legged-Robot-main/Code/install/rlpa_ros2/share/rlpa_ros2/models/THex_Quadruped\n'}
[9.539099] (rlpa_ros2) StdoutLine: {'line': b'creating /home/mubashir/Documents/FYP-Legged-Robot-main/Code/install/rlpa_ros2/share/rlpa_ros2/models/THex_Quadruped/meshes\n'}
[9.541387] (rlpa_ros2) StdoutLine: {'line': b'copying models/THex_Quadruped/meshes/bl_knee.STL -> /home/mubashir/Documents/FYP-Legged-Robot-main/Code/install/rlpa_ros2/share/rlpa_ros2/models/THex_Quadruped/meshes\n'}
[9.548455] (cpg_ros2) StdoutLine: {'line': b'copying worlds/floors/hard3.mtl -> /home/mubashir/Documents/FYP-Legged-Robot-main/Code/install/cpg_ros2/share/cpg_ros2/worlds/floors\n'}
[9.550066] (cpg_ros2) StdoutLine: {'line': b'copying worlds/floors/cave.mtl -> /home/mubashir/Documents/FYP-Legged-Robot-main/Code/install/cpg_ros2/share/cpg_ros2/worlds/floors\n'}
[9.551652] (cpg_ros2) StdoutLine: {'line': b'copying worlds/floors/easy4.obj -> /home/mubashir/Documents/FYP-Legged-Robot-main/Code/install/cpg_ros2/share/cpg_ros2/worlds/floors\n'}
[9.555920] (rlpa_ros2) StdoutLine: {'line': b'copying models/THex_Quadruped/meshes/br_foot.STL -> /home/mubashir/Documents/FYP-Legged-Robot-main/Code/install/rlpa_ros2/share/rlpa_ros2/models/THex_Quadruped/meshes\n'}
[9.566096] (quad_interface) StdoutLine: {'line': b'-- Performing Test CMAKE_HAVE_LIBC_PTHREAD - Success\n'}
[9.566563] (cpg_ros2) StdoutLine: {'line': b'copying worlds/floors/death2.mtl -> /home/mubashir/Documents/FYP-Legged-Robot-main/Code/install/cpg_ros2/share/cpg_ros2/worlds/floors\n'}
[9.568018] (cpg_ros2) StdoutLine: {'line': b'copying worlds/floors/easy2.mtl -> /home/mubashir/Documents/FYP-Legged-Robot-main/Code/install/cpg_ros2/share/cpg_ros2/worlds/floors\n'}
[9.568959] (rlpa_ros2) StdoutLine: {'line': b'copying models/THex_Quadruped/meshes/bl_foot_collision.STL -> /home/mubashir/Documents/FYP-Legged-Robot-main/Code/install/rlpa_ros2/share/rlpa_ros2/models/THex_Quadruped/meshes\n'}
[9.569441] (cpg_ros2) StdoutLine: {'line': b'copying worlds/floors/easy2.obj -> /home/mubashir/Documents/FYP-Legged-Robot-main/Code/install/cpg_ros2/share/cpg_ros2/worlds/floors\n'}
[9.570236] (quad_interface) StdoutLine: {'line': b'-- Found Threads: TRUE  \n'}
[9.571479] (rlpa_ros2) StdoutLine: {'line': b'copying models/THex_Quadruped/meshes/fr_hip.STL -> /home/mubashir/Documents/FYP-Legged-Robot-main/Code/install/rlpa_ros2/share/rlpa_ros2/models/THex_Quadruped/meshes\n'}
[9.639529] (-) TimerEvent: {}
[9.640155] (rlpa_ros2) StdoutLine: {'line': b'copying models/THex_Quadruped/meshes/bl_hip.STL -> /home/mubashir/Documents/FYP-Legged-Robot-main/Code/install/rlpa_ros2/share/rlpa_ros2/models/THex_Quadruped/meshes\n'}
[9.671323] (elevation_mapping) JobEnded: {'identifier': 'elevation_mapping', 'rc': 1}
[9.672144] (rl_ros2) JobEnded: {'identifier': 'rl_ros2', 'rc': 'SIGINT'}
[9.717510] (quad_interface) StdoutLine: {'line': b'-- Found hardware_interface: 2.52.2 (/opt/ros/humble/share/hardware_interface/cmake)\n'}
[9.739654] (-) TimerEvent: {}
[9.762628] (rlpa_ros2) StdoutLine: {'line': b'copying models/THex_Quadruped/meshes/base_link.STL -> /home/mubashir/Documents/FYP-Legged-Robot-main/Code/install/rlpa_ros2/share/rlpa_ros2/models/THex_Quadruped/meshes\n'}
[9.839923] (-) TimerEvent: {}
[9.841606] (rlpa_ros2) StdoutLine: {'line': b'copying models/THex_Quadruped/meshes/fr_knee.STL -> /home/mubashir/Documents/FYP-Legged-Robot-main/Code/install/rlpa_ros2/share/rlpa_ros2/models/THex_Quadruped/meshes\n'}
[9.854532] (rlpa_ros2) StdoutLine: {'line': b'copying models/THex_Quadruped/meshes/fl_hip_collision.STL -> /home/mubashir/Documents/FYP-Legged-Robot-main/Code/install/rlpa_ros2/share/rlpa_ros2/models/THex_Quadruped/meshes\n'}
[9.856984] (rlpa_ros2) StdoutLine: {'line': b'copying models/THex_Quadruped/meshes/br_foot_collision.STL -> /home/mubashir/Documents/FYP-Legged-Robot-main/Code/install/rlpa_ros2/share/rlpa_ros2/models/THex_Quadruped/meshes\n'}
[9.861144] (rlpa_ros2) StdoutLine: {'line': b'copying models/THex_Quadruped/meshes/br_hip_collision.STL -> /home/mubashir/Documents/FYP-Legged-Robot-main/Code/install/rlpa_ros2/share/rlpa_ros2/models/THex_Quadruped/meshes\n'}
[9.861542] (rlpa_ros2) StdoutLine: {'line': b'copying models/THex_Quadruped/meshes/fr_foot_collision.STL -> /home/mubashir/Documents/FYP-Legged-Robot-main/Code/install/rlpa_ros2/share/rlpa_ros2/models/THex_Quadruped/meshes\n'}
[9.864243] (rlpa_ros2) StdoutLine: {'line': b'copying models/THex_Quadruped/meshes/fr_foot.STL -> /home/mubashir/Documents/FYP-Legged-Robot-main/Code/install/rlpa_ros2/share/rlpa_ros2/models/THex_Quadruped/meshes\n'}
[9.876831] (rlpa_ros2) StdoutLine: {'line': b'copying models/THex_Quadruped/meshes/fl_foot.STL -> /home/mubashir/Documents/FYP-Legged-Robot-main/Code/install/rlpa_ros2/share/rlpa_ros2/models/THex_Quadruped/meshes\n'}
[9.889751] (rlpa_ros2) StdoutLine: {'line': b'copying models/THex_Quadruped/meshes/base_link_collision.STL -> /home/mubashir/Documents/FYP-Legged-Robot-main/Code/install/rlpa_ros2/share/rlpa_ros2/models/THex_Quadruped/meshes\n'}
[9.892342] (rlpa_ros2) StdoutLine: {'line': b'copying models/THex_Quadruped/meshes/fl_hip.STL -> /home/mubashir/Documents/FYP-Legged-Robot-main/Code/install/rlpa_ros2/share/rlpa_ros2/models/THex_Quadruped/meshes\n'}
[9.921899] (rlpa_ros2) StdoutLine: {'line': b'copying models/THex_Quadruped/meshes/fl_knee.STL -> /home/mubashir/Documents/FYP-Legged-Robot-main/Code/install/rlpa_ros2/share/rlpa_ros2/models/THex_Quadruped/meshes\n'}
[9.940067] (-) TimerEvent: {}
[9.990760] (rlpa_ros2) StdoutLine: {'line': b'copying models/THex_Quadruped/meshes/fr_knee_collision.STL -> /home/mubashir/Documents/FYP-Legged-Robot-main/Code/install/rlpa_ros2/share/rlpa_ros2/models/THex_Quadruped/meshes\n'}
[10.006570] (rlpa_ros2) StdoutLine: {'line': b'copying models/THex_Quadruped/meshes/bl_hip_collision.STL -> /home/mubashir/Documents/FYP-Legged-Robot-main/Code/install/rlpa_ros2/share/rlpa_ros2/models/THex_Quadruped/meshes\n'}
[10.018652] (rlpa_ros2) StdoutLine: {'line': b'copying models/THex_Quadruped/meshes/fl_foot_collision.STL -> /home/mubashir/Documents/FYP-Legged-Robot-main/Code/install/rlpa_ros2/share/rlpa_ros2/models/THex_Quadruped/meshes\n'}
[10.026770] (kin_ros2) StdoutLine: {'line': b'copying worlds/floors/hard2.mtl -> /home/mubashir/Documents/FYP-Legged-Robot-main/Code/install/kin_ros2/share/kin_ros2/worlds/floors\n'}
[10.038928] (rlpa_ros2) StdoutLine: {'line': b'copying models/THex_Quadruped/meshes/bl_foot.STL -> /home/mubashir/Documents/FYP-Legged-Robot-main/Code/install/rlpa_ros2/share/rlpa_ros2/models/THex_Quadruped/meshes\n'}
[10.039684] (kin_ros2) StdoutLine: {'line': b'copying worlds/floors/medium2.obj -> /home/mubashir/Documents/FYP-Legged-Robot-main/Code/install/kin_ros2/share/kin_ros2/worlds/floors\n'}
[10.040140] (-) TimerEvent: {}
[10.077850] (gz_ros2_control) StdoutLine: {'line': b'-- Looking for ignition-physics5 -- found version 5.3.2\n'}
[10.080755] (gz_ros2_control) StdoutLine: {'line': b'-- Searching for dependencies of ignition-physics5\n'}
[10.081128] (gz_ros2_control) StdoutLine: {'line': b'-- Looking for ignition-math6 -- found version 6.15.1\n'}
[10.081442] (rlpa_ros2) StdoutLine: {'line': b'copying models/THex_Quadruped/meshes/br_knee.STL -> /home/mubashir/Documents/FYP-Legged-Robot-main/Code/install/rlpa_ros2/share/rlpa_ros2/models/THex_Quadruped/meshes\n'}
[10.081711] (gz_ros2_control) StdoutLine: {'line': b'-- Looking for ignition-plugin1 -- found version 1.4.0\n'}
[10.082396] (gz_ros2_control) StdoutLine: {'line': b'-- Looking for ignition-utils1 -- found version 1.5.1\n'}
[10.088634] (gz_ros2_control) StdoutLine: {'line': b'-- Searching for <ignition-physics5> component [heightmap]\n'}
[10.092283] (rlpa_ros2) StdoutLine: {'line': b'copying models/THex_Quadruped/meshes/fl_knee_collision.STL -> /home/mubashir/Documents/FYP-Legged-Robot-main/Code/install/rlpa_ros2/share/rlpa_ros2/models/THex_Quadruped/meshes\n'}
[10.093680] (rlpa_ros2) StdoutLine: {'line': b'copying models/THex_Quadruped/meshes/fr_hip_collision.STL -> /home/mubashir/Documents/FYP-Legged-Robot-main/Code/install/rlpa_ros2/share/rlpa_ros2/models/THex_Quadruped/meshes\n'}
[10.095220] (rlpa_ros2) StdoutLine: {'line': b'copying models/THex_Quadruped/meshes/br_knee_collision.STL -> /home/mubashir/Documents/FYP-Legged-Robot-main/Code/install/rlpa_ros2/share/rlpa_ros2/models/THex_Quadruped/meshes\n'}
[10.096274] (rlpa_ros2) StdoutLine: {'line': b'copying models/THex_Quadruped/meshes/br_hip.STL -> /home/mubashir/Documents/FYP-Legged-Robot-main/Code/install/rlpa_ros2/share/rlpa_ros2/models/THex_Quadruped/meshes\n'}
[10.097204] (gz_ros2_control) StdoutLine: {'line': b'-- Looking for ignition-physics5-heightmap -- found version 5.3.2\n'}
[10.098545] (gz_ros2_control) StdoutLine: {'line': b'-- Searching for dependencies of ignition-physics5-heightmap\n'}
[10.099752] (gz_ros2_control) StdoutLine: {'line': b'-- Looking for ignition-common4 -- found version 4.7.0\n'}
[10.104417] (gz_ros2_control) StdoutLine: {'line': b'-- Searching for <ignition-physics5> component [mesh]\n'}
[10.114336] (gz_ros2_control) StdoutLine: {'line': b'-- Looking for ignition-physics5-mesh -- found version 5.3.2\n'}
[10.116693] (gz_ros2_control) StdoutLine: {'line': b'-- Searching for dependencies of ignition-physics5-mesh\n'}
[10.118357] (gz_ros2_control) StdoutLine: {'line': b'-- Looking for ignition-common4 -- found version 4.7.0\n'}
[10.118665] (rlpa_ros2) StdoutLine: {'line': b'copying models/THex_Quadruped/meshes/bl_knee_collision.STL -> /home/mubashir/Documents/FYP-Legged-Robot-main/Code/install/rlpa_ros2/share/rlpa_ros2/models/THex_Quadruped/meshes\n'}
[10.122114] (rlpa_ros2) StdoutLine: {'line': b'running install_egg_info\n'}
[10.122473] (gz_ros2_control) StdoutLine: {'line': b'-- Searching for <ignition-physics5> component [sdf]\n'}
[10.126428] (rlpa_ros2) StdoutLine: {'line': b'Copying ../../../build/rlpa_ros2/rlpa_ros2.egg-info to /home/mubashir/Documents/FYP-Legged-Robot-main/Code/install/rlpa_ros2/lib/python3.10/site-packages/rlpa_ros2-0.0.0-py3.10.egg-info\n'}
[10.129406] (rlpa_ros2) StdoutLine: {'line': b'running install_scripts\n'}
[10.130799] (gz_ros2_control) StdoutLine: {'line': b'-- Looking for ignition-physics5-sdf -- found version 5.3.2\n'}
[10.132719] (gz_ros2_control) StdoutLine: {'line': b'-- Searching for dependencies of ignition-physics5-sdf\n'}
[10.135943] (gz_ros2_control) StdoutLine: {'line': b'-- Looking for sdformat12 -- found version 12.7.2\n'}
[10.140486] (-) TimerEvent: {}
[10.186364] (rlpa_ros2) StdoutLine: {'line': b'Installing apf_perception_node script to /home/mubashir/Documents/FYP-Legged-Robot-main/Code/install/rlpa_ros2/lib/rlpa_ros2\n'}
[10.187691] (cheetah_ros2) StdoutLine: {'line': b'copying worlds/floors/cave.obj -> /home/mubashir/Documents/FYP-Legged-Robot-main/Code/install/cheetah_ros2/share/cheetah_ros2/worlds/floors\n'}
[10.191420] (rlpa_ros2) StdoutLine: {'line': b'Installing apf_planner script to /home/mubashir/Documents/FYP-Legged-Robot-main/Code/install/rlpa_ros2/lib/rlpa_ros2\n'}
[10.191804] (rlpa_ros2) StdoutLine: {'line': b'Installing apf_planner2 script to /home/mubashir/Documents/FYP-Legged-Robot-main/Code/install/rlpa_ros2/lib/rlpa_ros2\n'}
[10.191965] (rlpa_ros2) StdoutLine: {'line': b'Installing ceiling_filter_node script to /home/mubashir/Documents/FYP-Legged-Robot-main/Code/install/rlpa_ros2/lib/rlpa_ros2\n'}
[10.192134] (rlpa_ros2) StdoutLine: {'line': b'Installing ceiling_flipper_node script to /home/mubashir/Documents/FYP-Legged-Robot-main/Code/install/rlpa_ros2/lib/rlpa_ros2\n'}
[10.192311] (rlpa_ros2) StdoutLine: {'line': b'Installing flight_recorder script to /home/mubashir/Documents/FYP-Legged-Robot-main/Code/install/rlpa_ros2/lib/rlpa_ros2\n'}
[10.192479] (rlpa_ros2) StdoutLine: {'line': b'Installing map_flipper_node script to /home/mubashir/Documents/FYP-Legged-Robot-main/Code/install/rlpa_ros2/lib/rlpa_ros2\n'}
[10.192642] (rlpa_ros2) StdoutLine: {'line': b'Installing perception_preprocessor script to /home/mubashir/Documents/FYP-Legged-Robot-main/Code/install/rlpa_ros2/lib/rlpa_ros2\n'}
[10.192825] (rlpa_ros2) StdoutLine: {'line': b'Installing rl_action script to /home/mubashir/Documents/FYP-Legged-Robot-main/Code/install/rlpa_ros2/lib/rlpa_ros2\n'}
[10.192988] (rlpa_ros2) StdoutLine: {'line': b'Installing rl_obs script to /home/mubashir/Documents/FYP-Legged-Robot-main/Code/install/rlpa_ros2/lib/rlpa_ros2\n'}
[10.193161] (rlpa_ros2) StdoutLine: {'line': b'Installing rl_policy script to /home/mubashir/Documents/FYP-Legged-Robot-main/Code/install/rlpa_ros2/lib/rlpa_ros2\n'}
[10.193331] (rlpa_ros2) StdoutLine: {'line': b'Installing teleop script to /home/mubashir/Documents/FYP-Legged-Robot-main/Code/install/rlpa_ros2/lib/rlpa_ros2\n'}
[10.193494] (rlpa_ros2) StdoutLine: {'line': b"writing list of installed files to '/home/mubashir/Documents/FYP-Legged-Robot-main/Code/build/rlpa_ros2/install.log'\n"}
[10.228448] (gz_ros2_control) StdoutLine: {'line': b'-- Looking for ignition-sensors6 -- found version 6.8.0\n'}
[10.230169] (gz_ros2_control) StdoutLine: {'line': b'-- Searching for dependencies of ignition-sensors6\n'}
[10.240632] (-) TimerEvent: {}
[10.245546] (rlpa_ros2) JobEnded: {'identifier': 'rlpa_ros2', 'rc': 'SIGINT'}
[10.282280] (cheetah_ros2) StdoutLine: {'line': b'copying worlds/floors/easy4.mtl -> /home/mubashir/Documents/FYP-Legged-Robot-main/Code/install/cheetah_ros2/share/cheetah_ros2/worlds/floors\n'}
[10.285849] (cheetah_ros2) StdoutLine: {'line': b'copying worlds/floors/hard4.mtl -> /home/mubashir/Documents/FYP-Legged-Robot-main/Code/install/cheetah_ros2/share/cheetah_ros2/worlds/floors\n'}
[10.286255] (gz_ros2_control) StdoutLine: {'line': b'-- Found Protobuf: /usr/lib/x86_64-linux-gnu/libprotobuf.so (found version "3.12.4") \n'}
[10.286494] (cheetah_ros2) StdoutLine: {'line': b'creating /home/mubashir/Documents/FYP-Legged-Robot-main/Code/install/cheetah_ros2/share/cheetah_ros2/models\n'}
[10.286705] (cheetah_ros2) StdoutLine: {'line': b'creating /home/mubashir/Documents/FYP-Legged-Robot-main/Code/install/cheetah_ros2/share/cheetah_ros2/models/THex_Quadruped\n'}
[10.286909] (cheetah_ros2) StdoutLine: {'line': b'copying models/THex_Quadruped/model.urdf -> /home/mubashir/Documents/FYP-Legged-Robot-main/Code/install/cheetah_ros2/share/cheetah_ros2/models/THex_Quadruped\n'}
[10.289161] (gz_ros2_control) StdoutLine: {'line': b'-- Looking for ignition-math6 -- found version 6.15.1\n'}
[10.289510] (cheetah_ros2) StdoutLine: {'line': b'copying models/THex_Quadruped/model.config -> /home/mubashir/Documents/FYP-Legged-Robot-main/Code/install/cheetah_ros2/share/cheetah_ros2/models/THex_Quadruped\n'}
[10.289736] (gz_ros2_control) StdoutLine: {'line': b'-- Looking for ignition-common4 -- found version 4.7.0\n'}
[10.289904] (gz_ros2_control) StdoutLine: {'line': b'-- Looking for ignition-transport11 -- found version 11.4.1\n'}
[10.290080] (cheetah_ros2) StdoutLine: {'line': b'copying models/THex_Quadruped/model.sdf -> /home/mubashir/Documents/FYP-Legged-Robot-main/Code/install/cheetah_ros2/share/cheetah_ros2/models/THex_Quadruped\n'}
[10.290634] (gz_ros2_control) StdoutLine: {'line': b'-- Looking for ignition-rendering6 -- found version 6.6.3\n'}
[10.290860] (cheetah_ros2) StdoutLine: {'line': b'creating /home/mubashir/Documents/FYP-Legged-Robot-main/Code/install/cheetah_ros2/share/cheetah_ros2/models/THex_Quadruped/meshes\n'}
[10.291263] (cheetah_ros2) StdoutLine: {'line': b'copying models/THex_Quadruped/meshes/bl_knee.STL -> /home/mubashir/Documents/FYP-Legged-Robot-main/Code/install/cheetah_ros2/share/cheetah_ros2/models/THex_Quadruped/meshes\n'}
[10.292790] (gz_ros2_control) StdoutLine: {'line': b'-- Looking for ignition-msgs8 -- found version 8.7.0\n'}
[10.293140] (gz_ros2_control) StdoutLine: {'line': b'-- Looking for sdformat12 -- found version 12.7.2\n'}
[10.299569] (gz_ros2_control) StdoutLine: {'line': b'-- Searching for <ignition-sensors6> component [air_pressure]\n'}
[10.300088] (cheetah_ros2) StdoutLine: {'line': b'copying models/THex_Quadruped/meshes/br_foot.STL -> /home/mubashir/Documents/FYP-Legged-Robot-main/Code/install/cheetah_ros2/share/cheetah_ros2/models/THex_Quadruped/meshes\n'}
[10.309235] (cheetah_ros2) StdoutLine: {'line': b'copying models/THex_Quadruped/meshes/bl_foot_collision.STL -> /home/mubashir/Documents/FYP-Legged-Robot-main/Code/install/cheetah_ros2/share/cheetah_ros2/models/THex_Quadruped/meshes\n'}
[10.311158] (gz_ros2_control) StdoutLine: {'line': b'-- Looking for ignition-sensors6-air_pressure -- found version 6.8.0\n'}
[10.311451] (cheetah_ros2) StdoutLine: {'line': b'copying models/THex_Quadruped/meshes/fr_hip.STL -> /home/mubashir/Documents/FYP-Legged-Robot-main/Code/install/cheetah_ros2/share/cheetah_ros2/models/THex_Quadruped/meshes\n'}
[10.312597] (gz_ros2_control) StdoutLine: {'line': b'-- Searching for dependencies of ignition-sensors6-air_pressure\n'}
[10.316159] (gz_ros2_control) StdoutLine: {'line': b'-- Searching for <ignition-sensors6> component [altimeter]\n'}
[10.325558] (gz_ros2_control) StdoutLine: {'line': b'-- Looking for ignition-sensors6-altimeter -- found version 6.8.0\n'}
[10.327519] (gz_ros2_control) StdoutLine: {'line': b'-- Searching for dependencies of ignition-sensors6-altimeter\n'}
[10.328220] (cheetah_ros2) StdoutLine: {'line': b'copying models/THex_Quadruped/meshes/bl_hip.STL -> /home/mubashir/Documents/FYP-Legged-Robot-main/Code/install/cheetah_ros2/share/cheetah_ros2/models/THex_Quadruped/meshes\n'}
[10.331398] (gz_ros2_control) StdoutLine: {'line': b'-- Searching for <ignition-sensors6> component [imu]\n'}
[10.340140] (cpg_ros2) StdoutLine: {'line': b'copying worlds/floors/cave.obj -> /home/mubashir/Documents/FYP-Legged-Robot-main/Code/install/cpg_ros2/share/cpg_ros2/worlds/floors\n'}
[10.340946] (-) TimerEvent: {}
[10.343591] (gz_ros2_control) StdoutLine: {'line': b'-- Looking for ignition-sensors6-imu -- found version 6.8.0\n'}
[10.344600] (gz_ros2_control) StdoutLine: {'line': b'-- Searching for dependencies of ignition-sensors6-imu\n'}
[10.360604] (cheetah_ros2) StdoutLine: {'line': b'copying models/THex_Quadruped/meshes/base_link.STL -> /home/mubashir/Documents/FYP-Legged-Robot-main/Code/install/cheetah_ros2/share/cheetah_ros2/models/THex_Quadruped/meshes\n'}
[10.361261] (gz_ros2_control) StdoutLine: {'line': b'-- Searching for <ignition-sensors6> component [force_torque]\n'}
[10.403638] (gz_ros2_control) StdoutLine: {'line': b'-- Looking for ignition-sensors6-force_torque -- found version 6.8.0\n'}
[10.404879] (gz_ros2_control) StdoutLine: {'line': b'-- Searching for dependencies of ignition-sensors6-force_torque\n'}
[10.425502] (gz_ros2_control) StdoutLine: {'line': b'-- Searching for <ignition-sensors6> component [logical_camera]\n'}
[10.441082] (-) TimerEvent: {}
[10.445925] (gz_ros2_control) StdoutLine: {'line': b'-- Looking for ignition-sensors6-logical_camera -- found version 6.8.0\n'}
[10.447299] (gz_ros2_control) StdoutLine: {'line': b'-- Searching for dependencies of ignition-sensors6-logical_camera\n'}
[10.465842] (gz_ros2_control) StdoutLine: {'line': b'-- Searching for <ignition-sensors6> component [magnetometer]\n'}
[10.474796] (cpg_ros2) StdoutLine: {'line': b'copying worlds/floors/easy4.mtl -> /home/mubashir/Documents/FYP-Legged-Robot-main/Code/install/cpg_ros2/share/cpg_ros2/worlds/floors\n'}
[10.488507] (cpg_ros2) StdoutLine: {'line': b'copying worlds/floors/hard4.mtl -> /home/mubashir/Documents/FYP-Legged-Robot-main/Code/install/cpg_ros2/share/cpg_ros2/worlds/floors\n'}
[10.489015] (gz_ros2_control) StdoutLine: {'line': b'-- Looking for ignition-sensors6-magnetometer -- found version 6.8.0\n'}
[10.490225] (gz_ros2_control) StdoutLine: {'line': b'-- Searching for dependencies of ignition-sensors6-magnetometer\n'}
[10.497951] (cpg_ros2) StdoutLine: {'line': b'creating /home/mubashir/Documents/FYP-Legged-Robot-main/Code/install/cpg_ros2/share/cpg_ros2/models\n'}
[10.498481] (cpg_ros2) StdoutLine: {'line': b'creating /home/mubashir/Documents/FYP-Legged-Robot-main/Code/install/cpg_ros2/share/cpg_ros2/models/THex_Quadruped\n'}
[10.498705] (cpg_ros2) StdoutLine: {'line': b'copying models/THex_Quadruped/model_hw.urdf -> /home/mubashir/Documents/FYP-Legged-Robot-main/Code/install/cpg_ros2/share/cpg_ros2/models/THex_Quadruped\n'}
[10.503585] (gz_ros2_control) StdoutLine: {'line': b'-- Searching for <ignition-sensors6> component [navsat]\n'}
[10.503988] (cpg_ros2) StdoutLine: {'line': b'copying models/THex_Quadruped/model_sim.urdf -> /home/mubashir/Documents/FYP-Legged-Robot-main/Code/install/cpg_ros2/share/cpg_ros2/models/THex_Quadruped\n'}
[10.506304] (cpg_ros2) StdoutLine: {'line': b'copying models/THex_Quadruped/model.config -> /home/mubashir/Documents/FYP-Legged-Robot-main/Code/install/cpg_ros2/share/cpg_ros2/models/THex_Quadruped\n'}
[10.506674] (cpg_ros2) StdoutLine: {'line': b'creating /home/mubashir/Documents/FYP-Legged-Robot-main/Code/install/cpg_ros2/share/cpg_ros2/models/THex_Quadruped/meshes\n'}
[10.506883] (cpg_ros2) StdoutLine: {'line': b'copying models/THex_Quadruped/meshes/bl_knee.STL -> /home/mubashir/Documents/FYP-Legged-Robot-main/Code/install/cpg_ros2/share/cpg_ros2/models/THex_Quadruped/meshes\n'}
[10.511634] (gz_ros2_control) StdoutLine: {'line': b'-- Looking for ignition-sensors6-navsat -- found version 6.8.0\n'}
[10.512885] (gz_ros2_control) StdoutLine: {'line': b'-- Searching for dependencies of ignition-sensors6-navsat\n'}
[10.515513] (cpg_ros2) StdoutLine: {'line': b'copying models/THex_Quadruped/meshes/br_foot.STL -> /home/mubashir/Documents/FYP-Legged-Robot-main/Code/install/cpg_ros2/share/cpg_ros2/models/THex_Quadruped/meshes\n'}
[10.516934] (gz_ros2_control) StdoutLine: {'line': b'-- Searching for <ignition-sensors6> component [rendering]\n'}
[10.524446] (cpg_ros2) StdoutLine: {'line': b'copying models/THex_Quadruped/meshes/bl_foot_collision.STL -> /home/mubashir/Documents/FYP-Legged-Robot-main/Code/install/cpg_ros2/share/cpg_ros2/models/THex_Quadruped/meshes\n'}
[10.525596] (gz_ros2_control) StdoutLine: {'line': b'-- Looking for ignition-sensors6-rendering -- found version 6.8.0\n'}
[10.527144] (cpg_ros2) StdoutLine: {'line': b'copying models/THex_Quadruped/meshes/fr_hip.STL -> /home/mubashir/Documents/FYP-Legged-Robot-main/Code/install/cpg_ros2/share/cpg_ros2/models/THex_Quadruped/meshes\n'}
[10.527625] (gz_ros2_control) StdoutLine: {'line': b'-- Searching for dependencies of ignition-sensors6-rendering\n'}
[10.527834] (cheetah_ros2) StdoutLine: {'line': b'copying models/THex_Quadruped/meshes/fr_knee.STL -> /home/mubashir/Documents/FYP-Legged-Robot-main/Code/install/cheetah_ros2/share/cheetah_ros2/models/THex_Quadruped/meshes\n'}
[10.530974] (gz_ros2_control) StdoutLine: {'line': b'-- Searching for <ignition-sensors6> component [lidar]\n'}
[10.539208] (cheetah_ros2) StdoutLine: {'line': b'copying models/THex_Quadruped/meshes/fl_hip_collision.STL -> /home/mubashir/Documents/FYP-Legged-Robot-main/Code/install/cheetah_ros2/share/cheetah_ros2/models/THex_Quadruped/meshes\n'}
[10.539669] (cheetah_ros2) StdoutLine: {'line': b'copying models/THex_Quadruped/meshes/br_foot_collision.STL -> /home/mubashir/Documents/FYP-Legged-Robot-main/Code/install/cheetah_ros2/share/cheetah_ros2/models/THex_Quadruped/meshes\n'}
[10.541273] (cheetah_ros2) StdoutLine: {'line': b'copying models/THex_Quadruped/meshes/br_hip_collision.STL -> /home/mubashir/Documents/FYP-Legged-Robot-main/Code/install/cheetah_ros2/share/cheetah_ros2/models/THex_Quadruped/meshes\n'}
[10.541680] (-) TimerEvent: {}
[10.542685] (cpg_ros2) StdoutLine: {'line': b'copying models/THex_Quadruped/meshes/bl_hip.STL -> /home/mubashir/Documents/FYP-Legged-Robot-main/Code/install/cpg_ros2/share/cpg_ros2/models/THex_Quadruped/meshes\n'}
[10.543217] (gz_ros2_control) StdoutLine: {'line': b'-- Looking for ignition-sensors6-lidar -- found version 6.8.0\n'}
[10.543490] (gz_ros2_control) StdoutLine: {'line': b'-- Searching for dependencies of ignition-sensors6-lidar\n'}
[10.544066] (cheetah_ros2) StdoutLine: {'line': b'copying models/THex_Quadruped/meshes/fr_foot_collision.STL -> /home/mubashir/Documents/FYP-Legged-Robot-main/Code/install/cheetah_ros2/share/cheetah_ros2/models/THex_Quadruped/meshes\n'}
[10.544915] (gz_ros2_control) StdoutLine: {'line': b'-- Looking for ignition-sensors6 -- found version 6.8.0\n'}
[10.545161] (cheetah_ros2) StdoutLine: {'line': b'copying models/THex_Quadruped/meshes/fr_foot.STL -> /home/mubashir/Documents/FYP-Legged-Robot-main/Code/install/cheetah_ros2/share/cheetah_ros2/models/THex_Quadruped/meshes\n'}
[10.549166] (gz_ros2_control) StdoutLine: {'line': b'-- Searching for <ignition-sensors6> component [gpu_lidar]\n'}
[10.554309] (cheetah_ros2) StdoutLine: {'line': b'copying models/THex_Quadruped/meshes/fl_foot.STL -> /home/mubashir/Documents/FYP-Legged-Robot-main/Code/install/cheetah_ros2/share/cheetah_ros2/models/THex_Quadruped/meshes\n'}
[10.556647] (gz_ros2_control) StdoutLine: {'line': b'-- Looking for ignition-sensors6-gpu_lidar -- found version 6.8.0\n'}
[10.558297] (cpg_ros2) StdoutLine: {'line': b'copying models/THex_Quadruped/meshes/base_link.STL -> /home/mubashir/Documents/FYP-Legged-Robot-main/Code/install/cpg_ros2/share/cpg_ros2/models/THex_Quadruped/meshes\n'}
[10.558726] (gz_ros2_control) StdoutLine: {'line': b'-- Searching for dependencies of ignition-sensors6-gpu_lidar\n'}
[10.559545] (gz_ros2_control) StdoutLine: {'line': b'-- Looking for ignition-sensors6 -- found version 6.8.0\n'}
[10.563441] (gz_ros2_control) StdoutLine: {'line': b'-- Searching for <ignition-sensors6> component [camera]\n'}
[10.566888] (cheetah_ros2) StdoutLine: {'line': b'copying models/THex_Quadruped/meshes/base_link_collision.STL -> /home/mubashir/Documents/FYP-Legged-Robot-main/Code/install/cheetah_ros2/share/cheetah_ros2/models/THex_Quadruped/meshes\n'}
[10.571006] (cheetah_ros2) StdoutLine: {'line': b'copying models/THex_Quadruped/meshes/fl_hip.STL -> /home/mubashir/Documents/FYP-Legged-Robot-main/Code/install/cheetah_ros2/share/cheetah_ros2/models/THex_Quadruped/meshes\n'}
[10.571781] (gz_ros2_control) StdoutLine: {'line': b'-- Looking for ignition-sensors6-camera -- found version 6.8.0\n'}
[10.573511] (gz_ros2_control) StdoutLine: {'line': b'-- Searching for dependencies of ignition-sensors6-camera\n'}
[10.575935] (gz_ros2_control) StdoutLine: {'line': b'-- Looking for ignition-sensors6 -- found version 6.8.0\n'}
[10.579188] (gz_ros2_control) StdoutLine: {'line': b'-- Searching for <ignition-sensors6> component [boundingbox_camera]\n'}
[10.586376] (cheetah_ros2) StdoutLine: {'line': b'copying models/THex_Quadruped/meshes/fl_knee.STL -> /home/mubashir/Documents/FYP-Legged-Robot-main/Code/install/cheetah_ros2/share/cheetah_ros2/models/THex_Quadruped/meshes\n'}
[10.592234] (gz_ros2_control) StdoutLine: {'line': b'-- Looking for ignition-sensors6-boundingbox_camera -- found version 6.8.0\n'}
[10.594481] (gz_ros2_control) StdoutLine: {'line': b'-- Searching for dependencies of ignition-sensors6-boundingbox_camera\n'}
[10.596092] (cheetah_ros2) StdoutLine: {'line': b'copying models/THex_Quadruped/meshes/fr_knee_collision.STL -> /home/mubashir/Documents/FYP-Legged-Robot-main/Code/install/cheetah_ros2/share/cheetah_ros2/models/THex_Quadruped/meshes\n'}
[10.597657] (cheetah_ros2) StdoutLine: {'line': b'copying models/THex_Quadruped/meshes/bl_hip_collision.STL -> /home/mubashir/Documents/FYP-Legged-Robot-main/Code/install/cheetah_ros2/share/cheetah_ros2/models/THex_Quadruped/meshes\n'}
[10.598180] (gz_ros2_control) StdoutLine: {'line': b'-- Searching for <ignition-sensors6> component [segmentation_camera]\n'}
[10.598995] (cheetah_ros2) StdoutLine: {'line': b'copying models/THex_Quadruped/meshes/fl_foot_collision.STL -> /home/mubashir/Documents/FYP-Legged-Robot-main/Code/install/cheetah_ros2/share/cheetah_ros2/models/THex_Quadruped/meshes\n'}
[10.602268] (cheetah_ros2) StdoutLine: {'line': b'copying models/THex_Quadruped/meshes/bl_foot.STL -> /home/mubashir/Documents/FYP-Legged-Robot-main/Code/install/cheetah_ros2/share/cheetah_ros2/models/THex_Quadruped/meshes\n'}
[10.606259] (cpg_ros2) StdoutLine: {'line': b'copying models/THex_Quadruped/meshes/fr_knee.STL -> /home/mubashir/Documents/FYP-Legged-Robot-main/Code/install/cpg_ros2/share/cpg_ros2/models/THex_Quadruped/meshes\n'}
[10.613297] (gz_ros2_control) StdoutLine: {'line': b'-- Looking for ignition-sensors6-segmentation_camera -- found version 6.8.0\n'}
[10.614447] (gz_ros2_control) StdoutLine: {'line': b'-- Searching for dependencies of ignition-sensors6-segmentation_camera\n'}
[10.638204] (gz_ros2_control) StdoutLine: {'line': b'-- Searching for <ignition-sensors6> component [depth_camera]\n'}
[10.641802] (-) TimerEvent: {}
[10.646057] (kin_ros2) StdoutLine: {'line': b'copying worlds/floors/medium4.obj -> /home/mubashir/Documents/FYP-Legged-Robot-main/Code/install/kin_ros2/share/kin_ros2/worlds/floors\n'}
[10.657667] (cheetah_ros2) StdoutLine: {'line': b'copying models/THex_Quadruped/meshes/br_knee.STL -> /home/mubashir/Documents/FYP-Legged-Robot-main/Code/install/cheetah_ros2/share/cheetah_ros2/models/THex_Quadruped/meshes\n'}
[10.668395] (cpg_ros2) StdoutLine: {'line': b'copying models/THex_Quadruped/meshes/fl_hip_collision.STL -> /home/mubashir/Documents/FYP-Legged-Robot-main/Code/install/cpg_ros2/share/cpg_ros2/models/THex_Quadruped/meshes\n'}
[10.676386] (cpg_ros2) StdoutLine: {'line': b'copying models/THex_Quadruped/meshes/br_foot_collision.STL -> /home/mubashir/Documents/FYP-Legged-Robot-main/Code/install/cpg_ros2/share/cpg_ros2/models/THex_Quadruped/meshes\n'}
[10.676892] (gz_ros2_control) StdoutLine: {'line': b'-- Looking for ignition-sensors6-depth_camera -- found version 6.8.0\n'}
[10.678524] (gz_ros2_control) StdoutLine: {'line': b'-- Searching for dependencies of ignition-sensors6-depth_camera\n'}
[10.679409] (gz_ros2_control) StdoutLine: {'line': b'-- Looking for ignition-sensors6 -- found version 6.8.0\n'}
[10.703579] (gz_ros2_control) StdoutLine: {'line': b'-- Searching for <ignition-sensors6> component [rgbd_camera]\n'}
[10.704097] (cpg_ros2) StdoutLine: {'line': b'copying models/THex_Quadruped/meshes/br_hip_collision.STL -> /home/mubashir/Documents/FYP-Legged-Robot-main/Code/install/cpg_ros2/share/cpg_ros2/models/THex_Quadruped/meshes\n'}
[10.710944] (cpg_ros2) StdoutLine: {'line': b'copying models/THex_Quadruped/meshes/fr_foot_collision.STL -> /home/mubashir/Documents/FYP-Legged-Robot-main/Code/install/cpg_ros2/share/cpg_ros2/models/THex_Quadruped/meshes\n'}
[10.721019] (gz_ros2_control) StdoutLine: {'line': b'-- Looking for ignition-sensors6-rgbd_camera -- found version 6.8.0\n'}
[10.722576] (gz_ros2_control) StdoutLine: {'line': b'-- Searching for dependencies of ignition-sensors6-rgbd_camera\n'}
[10.723650] (gz_ros2_control) StdoutLine: {'line': b'-- Looking for ignition-sensors6 -- found version 6.8.0\n'}
[10.726472] (cpg_ros2) StdoutLine: {'line': b'copying models/THex_Quadruped/meshes/fr_foot.STL -> /home/mubashir/Documents/FYP-Legged-Robot-main/Code/install/cpg_ros2/share/cpg_ros2/models/THex_Quadruped/meshes\n'}
[10.727032] (cheetah_ros2) StdoutLine: {'line': b'copying models/THex_Quadruped/meshes/fl_knee_collision.STL -> /home/mubashir/Documents/FYP-Legged-Robot-main/Code/install/cheetah_ros2/share/cheetah_ros2/models/THex_Quadruped/meshes\n'}
[10.727216] (kin_ros2) StdoutLine: {'line': b'copying worlds/floors/hard3.mtl -> /home/mubashir/Documents/FYP-Legged-Robot-main/Code/install/kin_ros2/share/kin_ros2/worlds/floors\n'}
[10.732883] (kin_ros2) StdoutLine: {'line': b'copying worlds/floors/cave.mtl -> /home/mubashir/Documents/FYP-Legged-Robot-main/Code/install/kin_ros2/share/kin_ros2/worlds/floors\n'}
[10.733253] (cheetah_ros2) StdoutLine: {'line': b'copying models/THex_Quadruped/meshes/fr_hip_collision.STL -> /home/mubashir/Documents/FYP-Legged-Robot-main/Code/install/cheetah_ros2/share/cheetah_ros2/models/THex_Quadruped/meshes\n'}
[10.741964] (kin_ros2) StdoutLine: {'line': b'copying worlds/floors/easy4.obj -> /home/mubashir/Documents/FYP-Legged-Robot-main/Code/install/kin_ros2/share/kin_ros2/worlds/floors\n'}
[10.742534] (-) TimerEvent: {}
[10.742798] (cheetah_ros2) StdoutLine: {'line': b'copying models/THex_Quadruped/meshes/br_knee_collision.STL -> /home/mubashir/Documents/FYP-Legged-Robot-main/Code/install/cheetah_ros2/share/cheetah_ros2/models/THex_Quadruped/meshes\n'}
[10.742978] (gz_ros2_control) StdoutLine: {'line': b'-- Searching for <ignition-sensors6> component [thermal_camera]\n'}
[10.747838] (cheetah_ros2) StdoutLine: {'line': b'copying models/THex_Quadruped/meshes/br_hip.STL -> /home/mubashir/Documents/FYP-Legged-Robot-main/Code/install/cheetah_ros2/share/cheetah_ros2/models/THex_Quadruped/meshes\n'}
[10.751171] (gz_ros2_control) StdoutLine: {'line': b'-- Looking for ignition-sensors6-thermal_camera -- found version 6.8.0\n'}
[10.753845] (gz_ros2_control) StdoutLine: {'line': b'-- Searching for dependencies of ignition-sensors6-thermal_camera\n'}
[10.754857] (gz_ros2_control) StdoutLine: {'line': b'-- Looking for ignition-sensors6 -- found version 6.8.0\n'}
[10.755302] (cpg_ros2) StdoutLine: {'line': b'copying models/THex_Quadruped/meshes/fl_foot.STL -> /home/mubashir/Documents/FYP-Legged-Robot-main/Code/install/cpg_ros2/share/cpg_ros2/models/THex_Quadruped/meshes\n'}
[10.759654] (gz_ros2_control) StdoutLine: {'line': b'-- Looking for ignition-rendering6 -- found version 6.6.3\n'}
[10.762581] (kin_ros2) StdoutLine: {'line': b'copying worlds/floors/death2.mtl -> /home/mubashir/Documents/FYP-Legged-Robot-main/Code/install/kin_ros2/share/kin_ros2/worlds/floors\n'}
[10.763055] (kin_ros2) StdoutLine: {'line': b'copying worlds/floors/easy2.mtl -> /home/mubashir/Documents/FYP-Legged-Robot-main/Code/install/kin_ros2/share/kin_ros2/worlds/floors\n'}
[10.763404] (gz_ros2_control) StdoutLine: {'line': b'-- Looking for ignition-math6 -- found version 6.15.1\n'}
[10.763637] (kin_ros2) StdoutLine: {'line': b'copying worlds/floors/easy2.obj -> /home/mubashir/Documents/FYP-Legged-Robot-main/Code/install/kin_ros2/share/kin_ros2/worlds/floors\n'}
[10.764296] (cpg_ros2) StdoutLine: {'line': b'copying models/THex_Quadruped/meshes/base_link_collision.STL -> /home/mubashir/Documents/FYP-Legged-Robot-main/Code/install/cpg_ros2/share/cpg_ros2/models/THex_Quadruped/meshes\n'}
[10.765429] (cheetah_ros2) StdoutLine: {'line': b'copying models/THex_Quadruped/meshes/bl_knee_collision.STL -> /home/mubashir/Documents/FYP-Legged-Robot-main/Code/install/cheetah_ros2/share/cheetah_ros2/models/THex_Quadruped/meshes\n'}
[10.765712] (cpg_ros2) StdoutLine: {'line': b'copying models/THex_Quadruped/meshes/fl_hip.STL -> /home/mubashir/Documents/FYP-Legged-Robot-main/Code/install/cpg_ros2/share/cpg_ros2/models/THex_Quadruped/meshes\n'}
[10.765972] (cheetah_ros2) StdoutLine: {'line': b'creating /home/mubashir/Documents/FYP-Legged-Robot-main/Code/install/cheetah_ros2/share/cheetah_ros2/models/Cube\n'}
[10.767287] (cheetah_ros2) StdoutLine: {'line': b'copying models/Cube/model.sdf -> /home/mubashir/Documents/FYP-Legged-Robot-main/Code/install/cheetah_ros2/share/cheetah_ros2/models/Cube\n'}
[10.767639] (cheetah_ros2) StdoutLine: {'line': b'running install_egg_info\n'}
[10.771910] (quad_interface) StdoutLine: {'line': b'-- Configuring done\n'}
[10.774246] (gz_ros2_control) StdoutLine: {'line': b'-- Looking for ignition-utils1 -- found version 1.5.1\n'}
[10.776826] (cheetah_ros2) StdoutLine: {'line': b'Copying ../../../build/cheetah_ros2/cheetah_ros2.egg-info to /home/mubashir/Documents/FYP-Legged-Robot-main/Code/install/cheetah_ros2/lib/python3.10/site-packages/cheetah_ros2-0.0.0-py3.10.egg-info\n'}
[10.780070] (cheetah_ros2) StdoutLine: {'line': b'running install_scripts\n'}
[10.784532] (cpg_ros2) StdoutLine: {'line': b'copying models/THex_Quadruped/meshes/fl_knee.STL -> /home/mubashir/Documents/FYP-Legged-Robot-main/Code/install/cpg_ros2/share/cpg_ros2/models/THex_Quadruped/meshes\n'}
[10.790855] (cpg_ros2) StdoutLine: {'line': b'copying models/THex_Quadruped/meshes/fr_knee_collision.STL -> /home/mubashir/Documents/FYP-Legged-Robot-main/Code/install/cpg_ros2/share/cpg_ros2/models/THex_Quadruped/meshes\n'}
[10.791998] (cpg_ros2) StdoutLine: {'line': b'copying models/THex_Quadruped/meshes/bl_hip_collision.STL -> /home/mubashir/Documents/FYP-Legged-Robot-main/Code/install/cpg_ros2/share/cpg_ros2/models/THex_Quadruped/meshes\n'}
[10.792855] (cpg_ros2) StdoutLine: {'line': b'copying models/THex_Quadruped/meshes/fl_foot_collision.STL -> /home/mubashir/Documents/FYP-Legged-Robot-main/Code/install/cpg_ros2/share/cpg_ros2/models/THex_Quadruped/meshes\n'}
[10.797053] (cpg_ros2) StdoutLine: {'line': b'copying models/THex_Quadruped/meshes/bl_foot.STL -> /home/mubashir/Documents/FYP-Legged-Robot-main/Code/install/cpg_ros2/share/cpg_ros2/models/THex_Quadruped/meshes\n'}
[10.804349] (cpg_ros2) StdoutLine: {'line': b'copying models/THex_Quadruped/meshes/br_knee.STL -> /home/mubashir/Documents/FYP-Legged-Robot-main/Code/install/cpg_ros2/share/cpg_ros2/models/THex_Quadruped/meshes\n'}
[10.815650] (cpg_ros2) StdoutLine: {'line': b'copying models/THex_Quadruped/meshes/fl_knee_collision.STL -> /home/mubashir/Documents/FYP-Legged-Robot-main/Code/install/cpg_ros2/share/cpg_ros2/models/THex_Quadruped/meshes\n'}
[10.815938] (cpg_ros2) StdoutLine: {'line': b'copying models/THex_Quadruped/meshes/fr_hip_collision.STL -> /home/mubashir/Documents/FYP-Legged-Robot-main/Code/install/cpg_ros2/share/cpg_ros2/models/THex_Quadruped/meshes\n'}
[10.816355] (cpg_ros2) StdoutLine: {'line': b'copying models/THex_Quadruped/meshes/br_knee_collision.STL -> /home/mubashir/Documents/FYP-Legged-Robot-main/Code/install/cpg_ros2/share/cpg_ros2/models/THex_Quadruped/meshes\n'}
[10.820501] (cpg_ros2) StdoutLine: {'line': b'copying models/THex_Quadruped/meshes/br_hip.STL -> /home/mubashir/Documents/FYP-Legged-Robot-main/Code/install/cpg_ros2/share/cpg_ros2/models/THex_Quadruped/meshes\n'}
[10.831538] (quad_interface) StdoutLine: {'line': b'-- Generating done\n'}
[10.831964] (cpg_ros2) StdoutLine: {'line': b'copying models/THex_Quadruped/meshes/bl_knee_collision.STL -> /home/mubashir/Documents/FYP-Legged-Robot-main/Code/install/cpg_ros2/share/cpg_ros2/models/THex_Quadruped/meshes\n'}
[10.832248] (cpg_ros2) StdoutLine: {'line': b'running install_egg_info\n'}
[10.833823] (cpg_ros2) StdoutLine: {'line': b'Copying ../../../build/cpg_ros2/cpg_ros2.egg-info to /home/mubashir/Documents/FYP-Legged-Robot-main/Code/install/cpg_ros2/lib/python3.10/site-packages/cpg_ros2-0.0.0-py3.10.egg-info\n'}
[10.842254] (quad_interface) StdoutLine: {'line': b'-- Build files have been written to: /home/mubashir/Documents/FYP-Legged-Robot-main/Code/build/quad_interface\n'}
[10.842737] (-) TimerEvent: {}
[10.843941] (cheetah_ros2) StdoutLine: {'line': b'Installing effort_controller script to /home/mubashir/Documents/FYP-Legged-Robot-main/Code/install/cheetah_ros2/lib/cheetah_ros2\n'}
[10.844698] (cheetah_ros2) StdoutLine: {'line': b'Installing estimator_node script to /home/mubashir/Documents/FYP-Legged-Robot-main/Code/install/cheetah_ros2/lib/cheetah_ros2\n'}
[10.844975] (cheetah_ros2) StdoutLine: {'line': b'Installing fsm_node script to /home/mubashir/Documents/FYP-Legged-Robot-main/Code/install/cheetah_ros2/lib/cheetah_ros2\n'}
[10.846954] (cheetah_ros2) StdoutLine: {'line': b'Installing gait_node script to /home/mubashir/Documents/FYP-Legged-Robot-main/Code/install/cheetah_ros2/lib/cheetah_ros2\n'}
[10.847306] (cheetah_ros2) StdoutLine: {'line': b'Installing stance_controller script to /home/mubashir/Documents/FYP-Legged-Robot-main/Code/install/cheetah_ros2/lib/cheetah_ros2\n'}
[10.847493] (cheetah_ros2) StdoutLine: {'line': b'Installing swing_controller script to /home/mubashir/Documents/FYP-Legged-Robot-main/Code/install/cheetah_ros2/lib/cheetah_ros2\n'}
[10.847674] (cheetah_ros2) StdoutLine: {'line': b'Installing teleop_node script to /home/mubashir/Documents/FYP-Legged-Robot-main/Code/install/cheetah_ros2/lib/cheetah_ros2\n'}
[10.847837] (cpg_ros2) StdoutLine: {'line': b'running install_scripts\n'}
[10.848008] (cheetah_ros2) StdoutLine: {'line': b"writing list of installed files to '/home/mubashir/Documents/FYP-Legged-Robot-main/Code/build/cheetah_ros2/install.log'\n"}
[10.864761] (gz_ros2_control) StdoutLine: {'line': b'-- Compiling against Gazebo fortress\n'}
[10.865236] (gz_ros2_control) StdoutLine: {'line': b'-- Looking for ignition-plugin1 -- found version 1.4.0\n'}
[10.875415] (quad_interface) JobEnded: {'identifier': 'quad_interface', 'rc': 'SIGINT'}
[10.882558] (gz_ros2_control) StdoutLine: {'line': b'-- Found ament_lint_auto: 0.12.14 (/opt/ros/humble/share/ament_lint_auto/cmake)\n'}
[10.916562] (cheetah_ros2) JobEnded: {'identifier': 'cheetah_ros2', 'rc': 'SIGINT'}
[10.918182] (cpg_ros2) StdoutLine: {'line': b'Installing cpg_node script to /home/mubashir/Documents/FYP-Legged-Robot-main/Code/install/cpg_ros2/lib/cpg_ros2\n'}
[10.919141] (cpg_ros2) StdoutLine: {'line': b"writing list of installed files to '/home/mubashir/Documents/FYP-Legged-Robot-main/Code/build/cpg_ros2/install.log'\n"}
[10.943250] (-) TimerEvent: {}
[10.987143] (cpg_ros2) JobEnded: {'identifier': 'cpg_ros2', 'rc': 'SIGINT'}
[11.043339] (-) TimerEvent: {}
[11.072049] (kin_ros2) StdoutLine: {'line': b'copying worlds/floors/cave.obj -> /home/mubashir/Documents/FYP-Legged-Robot-main/Code/install/kin_ros2/share/kin_ros2/worlds/floors\n'}
[11.088202] (kin_ros2) StdoutLine: {'line': b'copying worlds/floors/easy4.mtl -> /home/mubashir/Documents/FYP-Legged-Robot-main/Code/install/kin_ros2/share/kin_ros2/worlds/floors\n'}
[11.088706] (kin_ros2) StdoutLine: {'line': b'copying worlds/floors/hard4.mtl -> /home/mubashir/Documents/FYP-Legged-Robot-main/Code/install/kin_ros2/share/kin_ros2/worlds/floors\n'}
[11.089266] (kin_ros2) StdoutLine: {'line': b'creating /home/mubashir/Documents/FYP-Legged-Robot-main/Code/install/kin_ros2/share/kin_ros2/models\n'}
[11.089748] (kin_ros2) StdoutLine: {'line': b'creating /home/mubashir/Documents/FYP-Legged-Robot-main/Code/install/kin_ros2/share/kin_ros2/models/THex_Quadruped\n'}
[11.090021] (kin_ros2) StdoutLine: {'line': b'copying models/THex_Quadruped/model_hw.urdf -> /home/mubashir/Documents/FYP-Legged-Robot-main/Code/install/kin_ros2/share/kin_ros2/models/THex_Quadruped\n'}
[11.090752] (kin_ros2) StdoutLine: {'line': b'copying models/THex_Quadruped/model_sim.urdf -> /home/mubashir/Documents/FYP-Legged-Robot-main/Code/install/kin_ros2/share/kin_ros2/models/THex_Quadruped\n'}
[11.091091] (kin_ros2) StdoutLine: {'line': b'copying models/THex_Quadruped/model.config -> /home/mubashir/Documents/FYP-Legged-Robot-main/Code/install/kin_ros2/share/kin_ros2/models/THex_Quadruped\n'}
[11.091546] (kin_ros2) StdoutLine: {'line': b'creating /home/mubashir/Documents/FYP-Legged-Robot-main/Code/install/kin_ros2/share/kin_ros2/models/THex_Quadruped/meshes\n'}
[11.091716] (kin_ros2) StdoutLine: {'line': b'copying models/THex_Quadruped/meshes/bl_knee.STL -> /home/mubashir/Documents/FYP-Legged-Robot-main/Code/install/kin_ros2/share/kin_ros2/models/THex_Quadruped/meshes\n'}
[11.097363] (kin_ros2) StdoutLine: {'line': b'copying models/THex_Quadruped/meshes/br_foot.STL -> /home/mubashir/Documents/FYP-Legged-Robot-main/Code/install/kin_ros2/share/kin_ros2/models/THex_Quadruped/meshes\n'}
[11.114598] (kin_ros2) StdoutLine: {'line': b'copying models/THex_Quadruped/meshes/bl_foot_collision.STL -> /home/mubashir/Documents/FYP-Legged-Robot-main/Code/install/kin_ros2/share/kin_ros2/models/THex_Quadruped/meshes\n'}
[11.116027] (kin_ros2) StdoutLine: {'line': b'copying models/THex_Quadruped/meshes/fr_hip.STL -> /home/mubashir/Documents/FYP-Legged-Robot-main/Code/install/kin_ros2/share/kin_ros2/models/THex_Quadruped/meshes\n'}
[11.124235] (kin_ros2) StdoutLine: {'line': b'copying models/THex_Quadruped/meshes/bl_hip.STL -> /home/mubashir/Documents/FYP-Legged-Robot-main/Code/install/kin_ros2/share/kin_ros2/models/THex_Quadruped/meshes\n'}
[11.132989] (kin_ros2) StdoutLine: {'line': b'copying models/THex_Quadruped/meshes/base_link.STL -> /home/mubashir/Documents/FYP-Legged-Robot-main/Code/install/kin_ros2/share/kin_ros2/models/THex_Quadruped/meshes\n'}
[11.147222] (-) TimerEvent: {}
[11.162334] (kin_ros2) StdoutLine: {'line': b'copying models/THex_Quadruped/meshes/fr_knee.STL -> /home/mubashir/Documents/FYP-Legged-Robot-main/Code/install/kin_ros2/share/kin_ros2/models/THex_Quadruped/meshes\n'}
[11.172789] (kin_ros2) StdoutLine: {'line': b'copying models/THex_Quadruped/meshes/fl_hip_collision.STL -> /home/mubashir/Documents/FYP-Legged-Robot-main/Code/install/kin_ros2/share/kin_ros2/models/THex_Quadruped/meshes\n'}
[11.173281] (kin_ros2) StdoutLine: {'line': b'copying models/THex_Quadruped/meshes/br_foot_collision.STL -> /home/mubashir/Documents/FYP-Legged-Robot-main/Code/install/kin_ros2/share/kin_ros2/models/THex_Quadruped/meshes\n'}
[11.174327] (kin_ros2) StdoutLine: {'line': b'copying models/THex_Quadruped/meshes/br_hip_collision.STL -> /home/mubashir/Documents/FYP-Legged-Robot-main/Code/install/kin_ros2/share/kin_ros2/models/THex_Quadruped/meshes\n'}
[11.175091] (kin_ros2) StdoutLine: {'line': b'copying models/THex_Quadruped/meshes/fr_foot_collision.STL -> /home/mubashir/Documents/FYP-Legged-Robot-main/Code/install/kin_ros2/share/kin_ros2/models/THex_Quadruped/meshes\n'}
[11.176289] (kin_ros2) StdoutLine: {'line': b'copying models/THex_Quadruped/meshes/fr_foot.STL -> /home/mubashir/Documents/FYP-Legged-Robot-main/Code/install/kin_ros2/share/kin_ros2/models/THex_Quadruped/meshes\n'}
[11.189294] (kin_ros2) StdoutLine: {'line': b'copying models/THex_Quadruped/meshes/fl_foot.STL -> /home/mubashir/Documents/FYP-Legged-Robot-main/Code/install/kin_ros2/share/kin_ros2/models/THex_Quadruped/meshes\n'}
[11.192356] (kin_ros2) StdoutLine: {'line': b'copying models/THex_Quadruped/meshes/base_link_collision.STL -> /home/mubashir/Documents/FYP-Legged-Robot-main/Code/install/kin_ros2/share/kin_ros2/models/THex_Quadruped/meshes\n'}
[11.192727] (kin_ros2) StdoutLine: {'line': b'copying models/THex_Quadruped/meshes/fl_hip.STL -> /home/mubashir/Documents/FYP-Legged-Robot-main/Code/install/kin_ros2/share/kin_ros2/models/THex_Quadruped/meshes\n'}
[11.194932] (gz_ros2_control) StdoutLine: {'line': b"-- Added test 'copyright' to check source files copyright and LICENSE\n"}
[11.199633] (gz_ros2_control) StdoutLine: {'line': b"-- Added test 'cppcheck' to perform static code analysis on C / C++ code\n"}
[11.200727] (gz_ros2_control) StdoutLine: {'line': b'-- Configured cppcheck include dirs: /home/mubashir/Documents/FYP-Legged-Robot-main/Code/gz_ros2_control/gz_ros2_control/include\n'}
[11.201022] (gz_ros2_control) StdoutLine: {'line': b'-- Configured cppcheck exclude dirs and/or files: \n'}
[11.208379] (kin_ros2) StdoutLine: {'line': b'copying models/THex_Quadruped/meshes/fl_knee.STL -> /home/mubashir/Documents/FYP-Legged-Robot-main/Code/install/kin_ros2/share/kin_ros2/models/THex_Quadruped/meshes\n'}
[11.209309] (gz_ros2_control) StdoutLine: {'line': b"-- Added test 'cpplint' to check C / C++ code against the Google style\n"}
[11.209647] (gz_ros2_control) StdoutLine: {'line': b'-- Configured cpplint exclude dirs and/or files: \n'}
[11.212594] (gz_ros2_control) StdoutLine: {'line': b"-- Added test 'lint_cmake' to check CMake code style\n"}
[11.216439] (gz_ros2_control) StdoutLine: {'line': b"-- Added test 'uncrustify' to check C / C++ code style\n"}
[11.216805] (gz_ros2_control) StdoutLine: {'line': b'-- Configured uncrustify additional arguments: \n'}
[11.219087] (kin_ros2) StdoutLine: {'line': b'copying models/THex_Quadruped/meshes/fr_knee_collision.STL -> /home/mubashir/Documents/FYP-Legged-Robot-main/Code/install/kin_ros2/share/kin_ros2/models/THex_Quadruped/meshes\n'}
[11.219555] (kin_ros2) StdoutLine: {'line': b'copying models/THex_Quadruped/meshes/bl_hip_collision.STL -> /home/mubashir/Documents/FYP-Legged-Robot-main/Code/install/kin_ros2/share/kin_ros2/models/THex_Quadruped/meshes\n'}
[11.224155] (gz_ros2_control) StdoutLine: {'line': b"-- Added test 'xmllint' to check XML markup files\n"}
[11.224529] (kin_ros2) StdoutLine: {'line': b'copying models/THex_Quadruped/meshes/fl_foot_collision.STL -> /home/mubashir/Documents/FYP-Legged-Robot-main/Code/install/kin_ros2/share/kin_ros2/models/THex_Quadruped/meshes\n'}
[11.224754] (kin_ros2) StdoutLine: {'line': b'copying models/THex_Quadruped/meshes/bl_foot.STL -> /home/mubashir/Documents/FYP-Legged-Robot-main/Code/install/kin_ros2/share/kin_ros2/models/THex_Quadruped/meshes\n'}
[11.237401] (gz_ros2_control) StdoutLine: {'line': b'-- Configuring done\n'}
[11.237816] (kin_ros2) StdoutLine: {'line': b'copying models/THex_Quadruped/meshes/br_knee.STL -> /home/mubashir/Documents/FYP-Legged-Robot-main/Code/install/kin_ros2/share/kin_ros2/models/THex_Quadruped/meshes\n'}
[11.248380] (-) TimerEvent: {}
[11.294626] (kin_ros2) StdoutLine: {'line': b'copying models/THex_Quadruped/meshes/fl_knee_collision.STL -> /home/mubashir/Documents/FYP-Legged-Robot-main/Code/install/kin_ros2/share/kin_ros2/models/THex_Quadruped/meshes\n'}
[11.302436] (kin_ros2) StdoutLine: {'line': b'copying models/THex_Quadruped/meshes/fr_hip_collision.STL -> /home/mubashir/Documents/FYP-Legged-Robot-main/Code/install/kin_ros2/share/kin_ros2/models/THex_Quadruped/meshes\n'}
[11.303588] (kin_ros2) StdoutLine: {'line': b'copying models/THex_Quadruped/meshes/br_knee_collision.STL -> /home/mubashir/Documents/FYP-Legged-Robot-main/Code/install/kin_ros2/share/kin_ros2/models/THex_Quadruped/meshes\n'}
[11.306894] (kin_ros2) StdoutLine: {'line': b'copying models/THex_Quadruped/meshes/br_hip.STL -> /home/mubashir/Documents/FYP-Legged-Robot-main/Code/install/kin_ros2/share/kin_ros2/models/THex_Quadruped/meshes\n'}
[11.321142] (kin_ros2) StdoutLine: {'line': b'copying models/THex_Quadruped/meshes/bl_knee_collision.STL -> /home/mubashir/Documents/FYP-Legged-Robot-main/Code/install/kin_ros2/share/kin_ros2/models/THex_Quadruped/meshes\n'}
[11.322429] (kin_ros2) StdoutLine: {'line': b'running install_egg_info\n'}
[11.328141] (kin_ros2) StdoutLine: {'line': b'Copying ../../../build/kin_ros2/kin_ros2.egg-info to /home/mubashir/Documents/FYP-Legged-Robot-main/Code/install/kin_ros2/lib/python3.10/site-packages/kin_ros2-0.0.0-py3.10.egg-info\n'}
[11.330619] (kin_ros2) StdoutLine: {'line': b'running install_scripts\n'}
[11.349222] (-) TimerEvent: {}
[11.396192] (gz_ros2_control) StdoutLine: {'line': b'-- Generating done\n'}
[11.399410] (kin_ros2) StdoutLine: {'line': b'Installing kin_node script to /home/mubashir/Documents/FYP-Legged-Robot-main/Code/install/kin_ros2/lib/kin_ros2\n'}
[11.400785] (kin_ros2) StdoutLine: {'line': b"writing list of installed files to '/home/mubashir/Documents/FYP-Legged-Robot-main/Code/build/kin_ros2/install.log'\n"}
[11.435237] (gz_ros2_control) StdoutLine: {'line': b'-- Build files have been written to: /home/mubashir/Documents/FYP-Legged-Robot-main/Code/build/gz_ros2_control\n'}
[11.449385] (-) TimerEvent: {}
[11.472302] (gz_ros2_control) JobEnded: {'identifier': 'gz_ros2_control', 'rc': 'SIGINT'}
[11.476355] (kin_ros2) JobEnded: {'identifier': 'kin_ros2', 'rc': 'SIGINT'}
[11.486996] (sim_robot) JobSkipped: {'identifier': 'sim_robot'}
[11.487154] (gz_ros2_control_demos) JobSkipped: {'identifier': 'gz_ros2_control_demos'}
[11.487209] (ign_ros2_control) JobSkipped: {'identifier': 'ign_ros2_control'}
[11.487242] (robot_caves) JobSkipped: {'identifier': 'robot_caves'}
[11.487281] (ign_ros2_control_demos) JobSkipped: {'identifier': 'ign_ros2_control_demos'}
[11.487333] (gz_ros2_control_tests) JobSkipped: {'identifier': 'gz_ros2_control_tests'}
[11.487457] (-) EventReactorShutdown: {}
