[0.421s] [34mcolcon[0m [1;30mDEBUG[0m [32mCommand line arguments: ['/usr/bin/colcon', 'build'][0m
[0.422s] [34mcolcon[0m [1;30mDEBUG[0m [32mParsed command line arguments: Namespace(log_base=None, log_level=None, verb_name='build', build_base='build', install_base='install', merge_install=False, symlink_install=False, test_result_base=None, continue_on_error=False, executor='parallel', parallel_workers=8, event_handlers=None, ignore_user_meta=False, metas=['./colcon.meta'], base_paths=['.'], packages_ignore=None, packages_ignore_regex=None, paths=None, packages_up_to=None, packages_up_to_regex=None, packages_above=None, packages_above_and_dependencies=None, packages_above_depth=None, packages_select_by_dep=None, packages_skip_by_dep=None, packages_skip_up_to=None, packages_select_build_failed=False, packages_skip_build_finished=False, packages_select_test_failures=False, packages_skip_test_passed=False, packages_select=None, packages_skip=None, packages_select_regex=None, packages_skip_regex=None, packages_start=None, packages_end=None, allow_overriding=[], cmake_args=None, cmake_target=None, cmake_target_skip_unavailable=False, cmake_clean_cache=False, cmake_clean_first=False, cmake_force_configure=False, ament_cmake_args=None, catkin_cmake_args=None, catkin_skip_building_tests=False, mixin_files=None, mixin=None, verb_parser=<colcon_mixin.mixin.mixin_argument.MixinArgumentDecorator object at 0x77a14ac39780>, verb_extension=<colcon_core.verb.build.BuildVerb object at 0x77a14ad426b0>, main=<bound method BuildVerb.main of <colcon_core.verb.build.BuildVerb object at 0x77a14ad426b0>>, mixin_verb=('build',))[0m
[0.914s] [34mcolcon.colcon_core.package_discovery[0m [1;30mLevel 1[0m discover_packages(colcon_meta) check parameters
[0.914s] [34mcolcon.colcon_core.package_discovery[0m [1;30mLevel 1[0m discover_packages(recursive) check parameters
[0.915s] [34mcolcon.colcon_core.package_discovery[0m [1;30mLevel 1[0m discover_packages(ignore) check parameters
[0.915s] [34mcolcon.colcon_core.package_discovery[0m [1;30mLevel 1[0m discover_packages(path) check parameters
[0.915s] [34mcolcon.colcon_core.package_discovery[0m [1;30mLevel 1[0m discover_packages(colcon_meta) discover
[0.915s] [34mcolcon.colcon_core.package_discovery[0m [1;30mLevel 1[0m discover_packages(recursive) discover
[0.915s] [34mcolcon.colcon_core.package_discovery[0m [1;30mINFO[0m Crawling recursively for packages in '/home/mubashir/Documents/FYP-Legged-Robot-main/Code'
[0.915s] [34mcolcon.colcon_core.package_identification[0m [1;30mLevel 1[0m _identify(.) by extensions ['ignore', 'ignore_ament_install']
[0.916s] [34mcolcon.colcon_core.package_identification[0m [1;30mLevel 1[0m _identify(.) by extension 'ignore'
[0.916s] [34mcolcon.colcon_core.package_identification[0m [1;30mLevel 1[0m _identify(.) by extension 'ignore_ament_install'
[0.916s] [34mcolcon.colcon_core.package_identification[0m [1;30mLevel 1[0m _identify(.) by extensions ['colcon_pkg']
[0.916s] [34mcolcon.colcon_core.package_identification[0m [1;30mLevel 1[0m _identify(.) by extension 'colcon_pkg'
[0.916s] [34mcolcon.colcon_core.package_identification[0m [1;30mLevel 1[0m _identify(.) by extensions ['colcon_meta']
[0.916s] [34mcolcon.colcon_core.package_identification[0m [1;30mLevel 1[0m _identify(.) by extension 'colcon_meta'
[0.916s] [34mcolcon.colcon_core.package_identification[0m [1;30mLevel 1[0m _identify(.) by extensions ['ros']
[0.916s] [34mcolcon.colcon_core.package_identification[0m [1;30mLevel 1[0m _identify(.) by extension 'ros'
[0.965s] [34mcolcon.colcon_core.package_identification[0m [1;30mLevel 1[0m _identify(.) by extensions ['cmake', 'python']
[0.965s] [34mcolcon.colcon_core.package_identification[0m [1;30mLevel 1[0m _identify(.) by extension 'cmake'
[0.965s] [34mcolcon.colcon_core.package_identification[0m [1;30mLevel 1[0m _identify(.) by extension 'python'
[0.966s] [34mcolcon.colcon_core.package_identification[0m [1;30mLevel 1[0m _identify(.) by extensions ['python_setup_py']
[0.966s] [34mcolcon.colcon_core.package_identification[0m [1;30mLevel 1[0m _identify(.) by extension 'python_setup_py'
[0.966s] [34mcolcon.colcon_core.package_identification[0m [1;30mLevel 1[0m _identify(Policies) by extensions ['ignore', 'ignore_ament_install']
[0.966s] [34mcolcon.colcon_core.package_identification[0m [1;30mLevel 1[0m _identify(Policies) by extension 'ignore'
[0.966s] [34mcolcon.colcon_core.package_identification[0m [1;30mLevel 1[0m _identify(Policies) by extension 'ignore_ament_install'
[0.966s] [34mcolcon.colcon_core.package_identification[0m [1;30mLevel 1[0m _identify(Policies) by extensions ['colcon_pkg']
[0.966s] [34mcolcon.colcon_core.package_identification[0m [1;30mLevel 1[0m _identify(Policies) by extension 'colcon_pkg'
[0.966s] [34mcolcon.colcon_core.package_identification[0m [1;30mLevel 1[0m _identify(Policies) by extensions ['colcon_meta']
[0.967s] [34mcolcon.colcon_core.package_identification[0m [1;30mLevel 1[0m _identify(Policies) by extension 'colcon_meta'
[0.967s] [34mcolcon.colcon_core.package_identification[0m [1;30mLevel 1[0m _identify(Policies) by extensions ['ros']
[0.967s] [34mcolcon.colcon_core.package_identification[0m [1;30mLevel 1[0m _identify(Policies) by extension 'ros'
[0.967s] [34mcolcon.colcon_core.package_identification[0m [1;30mLevel 1[0m _identify(Policies) by extensions ['cmake', 'python']
[0.967s] [34mcolcon.colcon_core.package_identification[0m [1;30mLevel 1[0m _identify(Policies) by extension 'cmake'
[0.967s] [34mcolcon.colcon_core.package_identification[0m [1;30mLevel 1[0m _identify(Policies) by extension 'python'
[0.967s] [34mcolcon.colcon_core.package_identification[0m [1;30mLevel 1[0m _identify(Policies) by extensions ['python_setup_py']
[0.967s] [34mcolcon.colcon_core.package_identification[0m [1;30mLevel 1[0m _identify(Policies) by extension 'python_setup_py'
[0.967s] [34mcolcon.colcon_core.package_identification[0m [1;30mLevel 1[0m _identify(ROS) by extensions ['ignore', 'ignore_ament_install']
[0.968s] [34mcolcon.colcon_core.package_identification[0m [1;30mLevel 1[0m _identify(ROS) by extension 'ignore'
[0.968s] [34mcolcon.colcon_core.package_identification[0m [1;30mLevel 1[0m _identify(ROS) by extension 'ignore_ament_install'
[0.968s] [34mcolcon.colcon_core.package_identification[0m [1;30mLevel 1[0m _identify(ROS) by extensions ['colcon_pkg']
[0.968s] [34mcolcon.colcon_core.package_identification[0m [1;30mLevel 1[0m _identify(ROS) by extension 'colcon_pkg'
[0.968s] [34mcolcon.colcon_core.package_identification[0m [1;30mLevel 1[0m _identify(ROS) by extensions ['colcon_meta']
[0.969s] [34mcolcon.colcon_core.package_identification[0m [1;30mLevel 1[0m _identify(ROS) by extension 'colcon_meta'
[0.969s] [34mcolcon.colcon_core.package_identification[0m [1;30mLevel 1[0m _identify(ROS) by extensions ['ros']
[0.969s] [34mcolcon.colcon_core.package_identification[0m [1;30mLevel 1[0m _identify(ROS) by extension 'ros'
[0.969s] [34mcolcon.colcon_core.package_identification[0m [1;30mLevel 1[0m _identify(ROS) by extensions ['cmake', 'python']
[0.969s] [34mcolcon.colcon_core.package_identification[0m [1;30mLevel 1[0m _identify(ROS) by extension 'cmake'
[0.970s] [34mcolcon.colcon_core.package_identification[0m [1;30mLevel 1[0m _identify(ROS) by extension 'python'
[0.970s] [34mcolcon.colcon_core.package_identification[0m [1;30mLevel 1[0m _identify(ROS) by extensions ['python_setup_py']
[0.970s] [34mcolcon.colcon_core.package_identification[0m [1;30mLevel 1[0m _identify(ROS) by extension 'python_setup_py'
[0.970s] [34mcolcon.colcon_core.package_identification[0m [1;30mLevel 1[0m _identify(ROS/src) by extensions ['ignore', 'ignore_ament_install']
[0.970s] [34mcolcon.colcon_core.package_identification[0m [1;30mLevel 1[0m _identify(ROS/src) by extension 'ignore'
[0.970s] [34mcolcon.colcon_core.package_identification[0m [1;30mLevel 1[0m _identify(ROS/src) by extension 'ignore_ament_install'
[0.971s] [34mcolcon.colcon_core.package_identification[0m [1;30mLevel 1[0m _identify(ROS/src) by extensions ['colcon_pkg']
[0.971s] [34mcolcon.colcon_core.package_identification[0m [1;30mLevel 1[0m _identify(ROS/src) by extension 'colcon_pkg'
[0.971s] [34mcolcon.colcon_core.package_identification[0m [1;30mLevel 1[0m _identify(ROS/src) by extensions ['colcon_meta']
[0.971s] [34mcolcon.colcon_core.package_identification[0m [1;30mLevel 1[0m _identify(ROS/src) by extension 'colcon_meta'
[0.971s] [34mcolcon.colcon_core.package_identification[0m [1;30mLevel 1[0m _identify(ROS/src) by extensions ['ros']
[0.971s] [34mcolcon.colcon_core.package_identification[0m [1;30mLevel 1[0m _identify(ROS/src) by extension 'ros'
[0.971s] [34mcolcon.colcon_core.package_identification[0m [1;30mLevel 1[0m _identify(ROS/src) by extensions ['cmake', 'python']
[0.971s] [34mcolcon.colcon_core.package_identification[0m [1;30mLevel 1[0m _identify(ROS/src) by extension 'cmake'
[0.971s] [34mcolcon.colcon_core.package_identification[0m [1;30mLevel 1[0m _identify(ROS/src) by extension 'python'
[0.971s] [34mcolcon.colcon_core.package_identification[0m [1;30mLevel 1[0m _identify(ROS/src) by extensions ['python_setup_py']
[0.971s] [34mcolcon.colcon_core.package_identification[0m [1;30mLevel 1[0m _identify(ROS/src) by extension 'python_setup_py'
[0.972s] [34mcolcon.colcon_core.package_identification[0m [1;30mLevel 1[0m _identify(ROS/src/cheetah_ros2) by extensions ['ignore', 'ignore_ament_install']
[0.972s] [34mcolcon.colcon_core.package_identification[0m [1;30mLevel 1[0m _identify(ROS/src/cheetah_ros2) by extension 'ignore'
[0.972s] [34mcolcon.colcon_core.package_identification[0m [1;30mLevel 1[0m _identify(ROS/src/cheetah_ros2) by extension 'ignore_ament_install'
[0.972s] [34mcolcon.colcon_core.package_identification[0m [1;30mLevel 1[0m _identify(ROS/src/cheetah_ros2) by extensions ['colcon_pkg']
[0.972s] [34mcolcon.colcon_core.package_identification[0m [1;30mLevel 1[0m _identify(ROS/src/cheetah_ros2) by extension 'colcon_pkg'
[0.972s] [34mcolcon.colcon_core.package_identification[0m [1;30mLevel 1[0m _identify(ROS/src/cheetah_ros2) by extensions ['colcon_meta']
[0.972s] [34mcolcon.colcon_core.package_identification[0m [1;30mLevel 1[0m _identify(ROS/src/cheetah_ros2) by extension 'colcon_meta'
[0.972s] [34mcolcon.colcon_core.package_identification[0m [1;30mLevel 1[0m _identify(ROS/src/cheetah_ros2) by extensions ['ros']
[0.973s] [34mcolcon.colcon_core.package_identification[0m [1;30mLevel 1[0m _identify(ROS/src/cheetah_ros2) by extension 'ros'
[0.979s] [34mcolcon.colcon_core.package_identification[0m [1;30mDEBUG[0m [32mPackage 'ROS/src/cheetah_ros2' with type 'ros.ament_python' and name 'cheetah_ros2'[0m
[0.980s] [34mcolcon.colcon_core.package_identification[0m [1;30mLevel 1[0m _identify(ROS/src/cpg_ros2) by extensions ['ignore', 'ignore_ament_install']
[0.980s] [34mcolcon.colcon_core.package_identification[0m [1;30mLevel 1[0m _identify(ROS/src/cpg_ros2) by extension 'ignore'
[0.980s] [34mcolcon.colcon_core.package_identification[0m [1;30mLevel 1[0m _identify(ROS/src/cpg_ros2) by extension 'ignore_ament_install'
[0.981s] [34mcolcon.colcon_core.package_identification[0m [1;30mLevel 1[0m _identify(ROS/src/cpg_ros2) by extensions ['colcon_pkg']
[0.981s] [34mcolcon.colcon_core.package_identification[0m [1;30mLevel 1[0m _identify(ROS/src/cpg_ros2) by extension 'colcon_pkg'
[0.981s] [34mcolcon.colcon_core.package_identification[0m [1;30mLevel 1[0m _identify(ROS/src/cpg_ros2) by extensions ['colcon_meta']
[0.981s] [34mcolcon.colcon_core.package_identification[0m [1;30mLevel 1[0m _identify(ROS/src/cpg_ros2) by extension 'colcon_meta'
[0.981s] [34mcolcon.colcon_core.package_identification[0m [1;30mLevel 1[0m _identify(ROS/src/cpg_ros2) by extensions ['ros']
[0.981s] [34mcolcon.colcon_core.package_identification[0m [1;30mLevel 1[0m _identify(ROS/src/cpg_ros2) by extension 'ros'
[0.983s] [34mcolcon.colcon_core.package_identification[0m [1;30mDEBUG[0m [32mPackage 'ROS/src/cpg_ros2' with type 'ros.ament_python' and name 'cpg_ros2'[0m
[0.983s] [34mcolcon.colcon_core.package_identification[0m [1;30mLevel 1[0m _identify(ROS/src/elevation_mapping) by extensions ['ignore', 'ignore_ament_install']
[0.983s] [34mcolcon.colcon_core.package_identification[0m [1;30mLevel 1[0m _identify(ROS/src/elevation_mapping) by extension 'ignore'
[0.983s] [34mcolcon.colcon_core.package_identification[0m [1;30mLevel 1[0m _identify(ROS/src/elevation_mapping) by extension 'ignore_ament_install'
[0.984s] [34mcolcon.colcon_core.package_identification[0m [1;30mLevel 1[0m _identify(ROS/src/elevation_mapping) by extensions ['colcon_pkg']
[0.984s] [34mcolcon.colcon_core.package_identification[0m [1;30mLevel 1[0m _identify(ROS/src/elevation_mapping) by extension 'colcon_pkg'
[0.984s] [34mcolcon.colcon_core.package_identification[0m [1;30mLevel 1[0m _identify(ROS/src/elevation_mapping) by extensions ['colcon_meta']
[0.984s] [34mcolcon.colcon_core.package_identification[0m [1;30mLevel 1[0m _identify(ROS/src/elevation_mapping) by extension 'colcon_meta'
[0.984s] [34mcolcon.colcon_core.package_identification[0m [1;30mLevel 1[0m _identify(ROS/src/elevation_mapping) by extensions ['ros']
[0.984s] [34mcolcon.colcon_core.package_identification[0m [1;30mLevel 1[0m _identify(ROS/src/elevation_mapping) by extension 'ros'
[0.990s] [34mcolcon.colcon_core.package_identification[0m [1;30mDEBUG[0m [32mPackage 'ROS/src/elevation_mapping' with type 'ros.ament_cmake' and name 'elevation_mapping'[0m
[0.990s] [34mcolcon.colcon_core.package_identification[0m [1;30mLevel 1[0m _identify(ROS/src/kin_ros2) by extensions ['ignore', 'ignore_ament_install']
[0.990s] [34mcolcon.colcon_core.package_identification[0m [1;30mLevel 1[0m _identify(ROS/src/kin_ros2) by extension 'ignore'
[0.991s] [34mcolcon.colcon_core.package_identification[0m [1;30mLevel 1[0m _identify(ROS/src/kin_ros2) by extension 'ignore_ament_install'
[0.991s] [34mcolcon.colcon_core.package_identification[0m [1;30mLevel 1[0m _identify(ROS/src/kin_ros2) by extensions ['colcon_pkg']
[0.991s] [34mcolcon.colcon_core.package_identification[0m [1;30mLevel 1[0m _identify(ROS/src/kin_ros2) by extension 'colcon_pkg'
[0.991s] [34mcolcon.colcon_core.package_identification[0m [1;30mLevel 1[0m _identify(ROS/src/kin_ros2) by extensions ['colcon_meta']
[0.991s] [34mcolcon.colcon_core.package_identification[0m [1;30mLevel 1[0m _identify(ROS/src/kin_ros2) by extension 'colcon_meta'
[0.991s] [34mcolcon.colcon_core.package_identification[0m [1;30mLevel 1[0m _identify(ROS/src/kin_ros2) by extensions ['ros']
[0.991s] [34mcolcon.colcon_core.package_identification[0m [1;30mLevel 1[0m _identify(ROS/src/kin_ros2) by extension 'ros'
[0.992s] [34mcolcon.colcon_core.package_identification[0m [1;30mDEBUG[0m [32mPackage 'ROS/src/kin_ros2' with type 'ros.ament_python' and name 'kin_ros2'[0m
[0.993s] [34mcolcon.colcon_core.package_identification[0m [1;30mLevel 1[0m _identify(ROS/src/perception) by extensions ['ignore', 'ignore_ament_install']
[0.993s] [34mcolcon.colcon_core.package_identification[0m [1;30mLevel 1[0m _identify(ROS/src/perception) by extension 'ignore'
[0.993s] [34mcolcon.colcon_core.package_identification[0m [1;30mLevel 1[0m _identify(ROS/src/perception) by extension 'ignore_ament_install'
[0.993s] [34mcolcon.colcon_core.package_identification[0m [1;30mLevel 1[0m _identify(ROS/src/perception) by extensions ['colcon_pkg']
[0.993s] [34mcolcon.colcon_core.package_identification[0m [1;30mLevel 1[0m _identify(ROS/src/perception) by extension 'colcon_pkg'
[0.993s] [34mcolcon.colcon_core.package_identification[0m [1;30mLevel 1[0m _identify(ROS/src/perception) by extensions ['colcon_meta']
[0.993s] [34mcolcon.colcon_core.package_identification[0m [1;30mLevel 1[0m _identify(ROS/src/perception) by extension 'colcon_meta'
[0.993s] [34mcolcon.colcon_core.package_identification[0m [1;30mLevel 1[0m _identify(ROS/src/perception) by extensions ['ros']
[0.994s] [34mcolcon.colcon_core.package_identification[0m [1;30mLevel 1[0m _identify(ROS/src/perception) by extension 'ros'
[0.995s] [34mcolcon.colcon_core.package_identification[0m [1;30mDEBUG[0m [32mPackage 'ROS/src/perception' with type 'ros.ament_python' and name 'perception'[0m
[0.995s] [34mcolcon.colcon_core.package_identification[0m [1;30mLevel 1[0m _identify(ROS/src/quad_interface) by extensions ['ignore', 'ignore_ament_install']
[0.996s] [34mcolcon.colcon_core.package_identification[0m [1;30mLevel 1[0m _identify(ROS/src/quad_interface) by extension 'ignore'
[0.996s] [34mcolcon.colcon_core.package_identification[0m [1;30mLevel 1[0m _identify(ROS/src/quad_interface) by extension 'ignore_ament_install'
[0.996s] [34mcolcon.colcon_core.package_identification[0m [1;30mLevel 1[0m _identify(ROS/src/quad_interface) by extensions ['colcon_pkg']
[0.996s] [34mcolcon.colcon_core.package_identification[0m [1;30mLevel 1[0m _identify(ROS/src/quad_interface) by extension 'colcon_pkg'
[0.996s] [34mcolcon.colcon_core.package_identification[0m [1;30mLevel 1[0m _identify(ROS/src/quad_interface) by extensions ['colcon_meta']
[0.996s] [34mcolcon.colcon_core.package_identification[0m [1;30mLevel 1[0m _identify(ROS/src/quad_interface) by extension 'colcon_meta'
[0.996s] [34mcolcon.colcon_core.package_identification[0m [1;30mLevel 1[0m _identify(ROS/src/quad_interface) by extensions ['ros']
[0.996s] [34mcolcon.colcon_core.package_identification[0m [1;30mLevel 1[0m _identify(ROS/src/quad_interface) by extension 'ros'
[0.999s] [34mcolcon.colcon_core.package_identification[0m [1;30mDEBUG[0m [32mPackage 'ROS/src/quad_interface' with type 'ros.ament_cmake' and name 'quad_interface'[0m
[0.999s] [34mcolcon.colcon_core.package_identification[0m [1;30mLevel 1[0m _identify(ROS/src/rl_ros2) by extensions ['ignore', 'ignore_ament_install']
[0.999s] [34mcolcon.colcon_core.package_identification[0m [1;30mLevel 1[0m _identify(ROS/src/rl_ros2) by extension 'ignore'
[0.999s] [34mcolcon.colcon_core.package_identification[0m [1;30mLevel 1[0m _identify(ROS/src/rl_ros2) by extension 'ignore_ament_install'
[0.999s] [34mcolcon.colcon_core.package_identification[0m [1;30mLevel 1[0m _identify(ROS/src/rl_ros2) by extensions ['colcon_pkg']
[1.000s] [34mcolcon.colcon_core.package_identification[0m [1;30mLevel 1[0m _identify(ROS/src/rl_ros2) by extension 'colcon_pkg'
[1.000s] [34mcolcon.colcon_core.package_identification[0m [1;30mLevel 1[0m _identify(ROS/src/rl_ros2) by extensions ['colcon_meta']
[1.000s] [34mcolcon.colcon_core.package_identification[0m [1;30mLevel 1[0m _identify(ROS/src/rl_ros2) by extension 'colcon_meta'
[1.000s] [34mcolcon.colcon_core.package_identification[0m [1;30mLevel 1[0m _identify(ROS/src/rl_ros2) by extensions ['ros']
[1.000s] [34mcolcon.colcon_core.package_identification[0m [1;30mLevel 1[0m _identify(ROS/src/rl_ros2) by extension 'ros'
[1.003s] [34mcolcon.colcon_core.package_identification[0m [1;30mDEBUG[0m [32mPackage 'ROS/src/rl_ros2' with type 'ros.ament_python' and name 'rl_ros2'[0m
[1.004s] [34mcolcon.colcon_core.package_identification[0m [1;30mLevel 1[0m _identify(ROS/src/rlpa_ros2) by extensions ['ignore', 'ignore_ament_install']
[1.004s] [34mcolcon.colcon_core.package_identification[0m [1;30mLevel 1[0m _identify(ROS/src/rlpa_ros2) by extension 'ignore'
[1.004s] [34mcolcon.colcon_core.package_identification[0m [1;30mLevel 1[0m _identify(ROS/src/rlpa_ros2) by extension 'ignore_ament_install'
[1.004s] [34mcolcon.colcon_core.package_identification[0m [1;30mLevel 1[0m _identify(ROS/src/rlpa_ros2) by extensions ['colcon_pkg']
[1.004s] [34mcolcon.colcon_core.package_identification[0m [1;30mLevel 1[0m _identify(ROS/src/rlpa_ros2) by extension 'colcon_pkg'
[1.004s] [34mcolcon.colcon_core.package_identification[0m [1;30mLevel 1[0m _identify(ROS/src/rlpa_ros2) by extensions ['colcon_meta']
[1.004s] [34mcolcon.colcon_core.package_identification[0m [1;30mLevel 1[0m _identify(ROS/src/rlpa_ros2) by extension 'colcon_meta'
[1.005s] [34mcolcon.colcon_core.package_identification[0m [1;30mLevel 1[0m _identify(ROS/src/rlpa_ros2) by extensions ['ros']
[1.005s] [34mcolcon.colcon_core.package_identification[0m [1;30mLevel 1[0m _identify(ROS/src/rlpa_ros2) by extension 'ros'
[1.006s] [34mcolcon.colcon_core.package_identification[0m [1;30mDEBUG[0m [32mPackage 'ROS/src/rlpa_ros2' with type 'ros.ament_python' and name 'rlpa_ros2'[0m
[1.006s] [34mcolcon.colcon_core.package_identification[0m [1;30mLevel 1[0m _identify(ROS/src/robot_caves) by extensions ['ignore', 'ignore_ament_install']
[1.006s] [34mcolcon.colcon_core.package_identification[0m [1;30mLevel 1[0m _identify(ROS/src/robot_caves) by extension 'ignore'
[1.006s] [34mcolcon.colcon_core.package_identification[0m [1;30mLevel 1[0m _identify(ROS/src/robot_caves) by extension 'ignore_ament_install'
[1.007s] [34mcolcon.colcon_core.package_identification[0m [1;30mLevel 1[0m _identify(ROS/src/robot_caves) by extensions ['colcon_pkg']
[1.007s] [34mcolcon.colcon_core.package_identification[0m [1;30mLevel 1[0m _identify(ROS/src/robot_caves) by extension 'colcon_pkg'
[1.007s] [34mcolcon.colcon_core.package_identification[0m [1;30mLevel 1[0m _identify(ROS/src/robot_caves) by extensions ['colcon_meta']
[1.007s] [34mcolcon.colcon_core.package_identification[0m [1;30mLevel 1[0m _identify(ROS/src/robot_caves) by extension 'colcon_meta'
[1.007s] [34mcolcon.colcon_core.package_identification[0m [1;30mLevel 1[0m _identify(ROS/src/robot_caves) by extensions ['ros']
[1.007s] [34mcolcon.colcon_core.package_identification[0m [1;30mLevel 1[0m _identify(ROS/src/robot_caves) by extension 'ros'
[1.008s] [34mcolcon.colcon_core.package_identification[0m [1;30mDEBUG[0m [32mPackage 'ROS/src/robot_caves' with type 'ros.ament_python' and name 'robot_caves'[0m
[1.009s] [34mcolcon.colcon_core.package_identification[0m [1;30mLevel 1[0m _identify(ROS/src/sim_robot) by extensions ['ignore', 'ignore_ament_install']
[1.009s] [34mcolcon.colcon_core.package_identification[0m [1;30mLevel 1[0m _identify(ROS/src/sim_robot) by extension 'ignore'
[1.009s] [34mcolcon.colcon_core.package_identification[0m [1;30mLevel 1[0m _identify(ROS/src/sim_robot) by extension 'ignore_ament_install'
[1.009s] [34mcolcon.colcon_core.package_identification[0m [1;30mLevel 1[0m _identify(ROS/src/sim_robot) by extensions ['colcon_pkg']
[1.009s] [34mcolcon.colcon_core.package_identification[0m [1;30mLevel 1[0m _identify(ROS/src/sim_robot) by extension 'colcon_pkg'
[1.009s] [34mcolcon.colcon_core.package_identification[0m [1;30mLevel 1[0m _identify(ROS/src/sim_robot) by extensions ['colcon_meta']
[1.009s] [34mcolcon.colcon_core.package_identification[0m [1;30mLevel 1[0m _identify(ROS/src/sim_robot) by extension 'colcon_meta'
[1.009s] [34mcolcon.colcon_core.package_identification[0m [1;30mLevel 1[0m _identify(ROS/src/sim_robot) by extensions ['ros']
[1.010s] [34mcolcon.colcon_core.package_identification[0m [1;30mLevel 1[0m _identify(ROS/src/sim_robot) by extension 'ros'
[1.011s] [34mcolcon.colcon_core.package_identification[0m [1;30mDEBUG[0m [32mPackage 'ROS/src/sim_robot' with type 'ros.ament_python' and name 'sim_robot'[0m
[1.011s] [34mcolcon.colcon_core.package_identification[0m [1;30mLevel 1[0m _identify(ROS/src/venv) by extensions ['ignore', 'ignore_ament_install']
[1.012s] [34mcolcon.colcon_core.package_identification[0m [1;30mLevel 1[0m _identify(ROS/src/venv) by extension 'ignore'
[1.012s] [34mcolcon.colcon_core.package_identification[0m [1;30mLevel 1[0m _identify(ROS/src/venv) ignored
[1.012s] [34mcolcon.colcon_core.package_identification[0m [1;30mLevel 1[0m _identify(ZEDenv) by extensions ['ignore', 'ignore_ament_install']
[1.012s] [34mcolcon.colcon_core.package_identification[0m [1;30mLevel 1[0m _identify(ZEDenv) by extension 'ignore'
[1.012s] [34mcolcon.colcon_core.package_identification[0m [1;30mLevel 1[0m _identify(ZEDenv) by extension 'ignore_ament_install'
[1.012s] [34mcolcon.colcon_core.package_identification[0m [1;30mLevel 1[0m _identify(ZEDenv) by extensions ['colcon_pkg']
[1.012s] [34mcolcon.colcon_core.package_identification[0m [1;30mLevel 1[0m _identify(ZEDenv) by extension 'colcon_pkg'
[1.013s] [34mcolcon.colcon_core.package_identification[0m [1;30mLevel 1[0m _identify(ZEDenv) by extensions ['colcon_meta']
[1.013s] [34mcolcon.colcon_core.package_identification[0m [1;30mLevel 1[0m _identify(ZEDenv) by extension 'colcon_meta'
[1.013s] [34mcolcon.colcon_core.package_identification[0m [1;30mLevel 1[0m _identify(ZEDenv) by extensions ['ros']
[1.013s] [34mcolcon.colcon_core.package_identification[0m [1;30mLevel 1[0m _identify(ZEDenv) by extension 'ros'
[1.013s] [34mcolcon.colcon_core.package_identification[0m [1;30mLevel 1[0m _identify(ZEDenv) by extensions ['cmake', 'python']
[1.013s] [34mcolcon.colcon_core.package_identification[0m [1;30mLevel 1[0m _identify(ZEDenv) by extension 'cmake'
[1.013s] [34mcolcon.colcon_core.package_identification[0m [1;30mLevel 1[0m _identify(ZEDenv) by extension 'python'
[1.013s] [34mcolcon.colcon_core.package_identification[0m [1;30mLevel 1[0m _identify(ZEDenv) by extensions ['python_setup_py']
[1.013s] [34mcolcon.colcon_core.package_identification[0m [1;30mLevel 1[0m _identify(ZEDenv) by extension 'python_setup_py'
[1.013s] [34mcolcon.colcon_core.package_identification[0m [1;30mLevel 1[0m _identify(ZEDenv/ogl_viewer) by extensions ['ignore', 'ignore_ament_install']
[1.014s] [34mcolcon.colcon_core.package_identification[0m [1;30mLevel 1[0m _identify(ZEDenv/ogl_viewer) by extension 'ignore'
[1.014s] [34mcolcon.colcon_core.package_identification[0m [1;30mLevel 1[0m _identify(ZEDenv/ogl_viewer) by extension 'ignore_ament_install'
[1.014s] [34mcolcon.colcon_core.package_identification[0m [1;30mLevel 1[0m _identify(ZEDenv/ogl_viewer) by extensions ['colcon_pkg']
[1.014s] [34mcolcon.colcon_core.package_identification[0m [1;30mLevel 1[0m _identify(ZEDenv/ogl_viewer) by extension 'colcon_pkg'
[1.014s] [34mcolcon.colcon_core.package_identification[0m [1;30mLevel 1[0m _identify(ZEDenv/ogl_viewer) by extensions ['colcon_meta']
[1.014s] [34mcolcon.colcon_core.package_identification[0m [1;30mLevel 1[0m _identify(ZEDenv/ogl_viewer) by extension 'colcon_meta'
[1.014s] [34mcolcon.colcon_core.package_identification[0m [1;30mLevel 1[0m _identify(ZEDenv/ogl_viewer) by extensions ['ros']
[1.014s] [34mcolcon.colcon_core.package_identification[0m [1;30mLevel 1[0m _identify(ZEDenv/ogl_viewer) by extension 'ros'
[1.015s] [34mcolcon.colcon_core.package_identification[0m [1;30mLevel 1[0m _identify(ZEDenv/ogl_viewer) by extensions ['cmake', 'python']
[1.015s] [34mcolcon.colcon_core.package_identification[0m [1;30mLevel 1[0m _identify(ZEDenv/ogl_viewer) by extension 'cmake'
[1.015s] [34mcolcon.colcon_core.package_identification[0m [1;30mLevel 1[0m _identify(ZEDenv/ogl_viewer) by extension 'python'
[1.015s] [34mcolcon.colcon_core.package_identification[0m [1;30mLevel 1[0m _identify(ZEDenv/ogl_viewer) by extensions ['python_setup_py']
[1.015s] [34mcolcon.colcon_core.package_identification[0m [1;30mLevel 1[0m _identify(ZEDenv/ogl_viewer) by extension 'python_setup_py'
[1.015s] [34mcolcon.colcon_core.package_identification[0m [1;30mLevel 1[0m _identify(ZEDenv/zenv) by extensions ['ignore', 'ignore_ament_install']
[1.015s] [34mcolcon.colcon_core.package_identification[0m [1;30mLevel 1[0m _identify(ZEDenv/zenv) by extension 'ignore'
[1.016s] [34mcolcon.colcon_core.package_identification[0m [1;30mLevel 1[0m _identify(ZEDenv/zenv) by extension 'ignore_ament_install'
[1.016s] [34mcolcon.colcon_core.package_identification[0m [1;30mLevel 1[0m _identify(ZEDenv/zenv) by extensions ['colcon_pkg']
[1.016s] [34mcolcon.colcon_core.package_identification[0m [1;30mLevel 1[0m _identify(ZEDenv/zenv) by extension 'colcon_pkg'
[1.016s] [34mcolcon.colcon_core.package_identification[0m [1;30mLevel 1[0m _identify(ZEDenv/zenv) by extensions ['colcon_meta']
[1.016s] [34mcolcon.colcon_core.package_identification[0m [1;30mLevel 1[0m _identify(ZEDenv/zenv) by extension 'colcon_meta'
[1.016s] [34mcolcon.colcon_core.package_identification[0m [1;30mLevel 1[0m _identify(ZEDenv/zenv) by extensions ['ros']
[1.016s] [34mcolcon.colcon_core.package_identification[0m [1;30mLevel 1[0m _identify(ZEDenv/zenv) by extension 'ros'
[1.016s] [34mcolcon.colcon_core.package_identification[0m [1;30mLevel 1[0m _identify(ZEDenv/zenv) by extensions ['cmake', 'python']
[1.016s] [34mcolcon.colcon_core.package_identification[0m [1;30mLevel 1[0m _identify(ZEDenv/zenv) by extension 'cmake'
[1.016s] [34mcolcon.colcon_core.package_identification[0m [1;30mLevel 1[0m _identify(ZEDenv/zenv) by extension 'python'
[1.017s] [34mcolcon.colcon_core.package_identification[0m [1;30mLevel 1[0m _identify(ZEDenv/zenv) by extensions ['python_setup_py']
[1.017s] [34mcolcon.colcon_core.package_identification[0m [1;30mLevel 1[0m _identify(ZEDenv/zenv) by extension 'python_setup_py'
[1.017s] [34mcolcon.colcon_core.package_identification[0m [1;30mLevel 1[0m _identify(ZEDenv/zenv/bin) by extensions ['ignore', 'ignore_ament_install']
[1.017s] [34mcolcon.colcon_core.package_identification[0m [1;30mLevel 1[0m _identify(ZEDenv/zenv/bin) by extension 'ignore'
[1.017s] [34mcolcon.colcon_core.package_identification[0m [1;30mLevel 1[0m _identify(ZEDenv/zenv/bin) by extension 'ignore_ament_install'
[1.017s] [34mcolcon.colcon_core.package_identification[0m [1;30mLevel 1[0m _identify(ZEDenv/zenv/bin) by extensions ['colcon_pkg']
[1.017s] [34mcolcon.colcon_core.package_identification[0m [1;30mLevel 1[0m _identify(ZEDenv/zenv/bin) by extension 'colcon_pkg'
[1.018s] [34mcolcon.colcon_core.package_identification[0m [1;30mLevel 1[0m _identify(ZEDenv/zenv/bin) by extensions ['colcon_meta']
[1.018s] [34mcolcon.colcon_core.package_identification[0m [1;30mLevel 1[0m _identify(ZEDenv/zenv/bin) by extension 'colcon_meta'
[1.018s] [34mcolcon.colcon_core.package_identification[0m [1;30mLevel 1[0m _identify(ZEDenv/zenv/bin) by extensions ['ros']
[1.018s] [34mcolcon.colcon_core.package_identification[0m [1;30mLevel 1[0m _identify(ZEDenv/zenv/bin) by extension 'ros'
[1.018s] [34mcolcon.colcon_core.package_identification[0m [1;30mLevel 1[0m _identify(ZEDenv/zenv/bin) by extensions ['cmake', 'python']
[1.018s] [34mcolcon.colcon_core.package_identification[0m [1;30mLevel 1[0m _identify(ZEDenv/zenv/bin) by extension 'cmake'
[1.018s] [34mcolcon.colcon_core.package_identification[0m [1;30mLevel 1[0m _identify(ZEDenv/zenv/bin) by extension 'python'
[1.019s] [34mcolcon.colcon_core.package_identification[0m [1;30mLevel 1[0m _identify(ZEDenv/zenv/bin) by extensions ['python_setup_py']
[1.019s] [34mcolcon.colcon_core.package_identification[0m [1;30mLevel 1[0m _identify(ZEDenv/zenv/bin) by extension 'python_setup_py'
[1.019s] [34mcolcon.colcon_core.package_identification[0m [1;30mLevel 1[0m _identify(__pycache__) by extensions ['ignore', 'ignore_ament_install']
[1.019s] [34mcolcon.colcon_core.package_identification[0m [1;30mLevel 1[0m _identify(__pycache__) by extension 'ignore'
[1.019s] [34mcolcon.colcon_core.package_identification[0m [1;30mLevel 1[0m _identify(__pycache__) by extension 'ignore_ament_install'
[1.020s] [34mcolcon.colcon_core.package_identification[0m [1;30mLevel 1[0m _identify(__pycache__) by extensions ['colcon_pkg']
[1.020s] [34mcolcon.colcon_core.package_identification[0m [1;30mLevel 1[0m _identify(__pycache__) by extension 'colcon_pkg'
[1.020s] [34mcolcon.colcon_core.package_identification[0m [1;30mLevel 1[0m _identify(__pycache__) by extensions ['colcon_meta']
[1.020s] [34mcolcon.colcon_core.package_identification[0m [1;30mLevel 1[0m _identify(__pycache__) by extension 'colcon_meta'
[1.020s] [34mcolcon.colcon_core.package_identification[0m [1;30mLevel 1[0m _identify(__pycache__) by extensions ['ros']
[1.020s] [34mcolcon.colcon_core.package_identification[0m [1;30mLevel 1[0m _identify(__pycache__) by extension 'ros'
[1.020s] [34mcolcon.colcon_core.package_identification[0m [1;30mLevel 1[0m _identify(__pycache__) by extensions ['cmake', 'python']
[1.020s] [34mcolcon.colcon_core.package_identification[0m [1;30mLevel 1[0m _identify(__pycache__) by extension 'cmake'
[1.021s] [34mcolcon.colcon_core.package_identification[0m [1;30mLevel 1[0m _identify(__pycache__) by extension 'python'
[1.021s] [34mcolcon.colcon_core.package_identification[0m [1;30mLevel 1[0m _identify(__pycache__) by extensions ['python_setup_py']
[1.021s] [34mcolcon.colcon_core.package_identification[0m [1;30mLevel 1[0m _identify(__pycache__) by extension 'python_setup_py'
[1.021s] [34mcolcon.colcon_core.package_identification[0m [1;30mLevel 1[0m _identify(build) by extensions ['ignore', 'ignore_ament_install']
[1.021s] [34mcolcon.colcon_core.package_identification[0m [1;30mLevel 1[0m _identify(build) by extension 'ignore'
[1.021s] [34mcolcon.colcon_core.package_identification[0m [1;30mLevel 1[0m _identify(build) ignored
[1.022s] [34mcolcon.colcon_core.package_identification[0m [1;30mLevel 1[0m _identify(cavegeneration) by extensions ['ignore', 'ignore_ament_install']
[1.022s] [34mcolcon.colcon_core.package_identification[0m [1;30mLevel 1[0m _identify(cavegeneration) by extension 'ignore'
[1.022s] [34mcolcon.colcon_core.package_identification[0m [1;30mLevel 1[0m _identify(cavegeneration) by extension 'ignore_ament_install'
[1.022s] [34mcolcon.colcon_core.package_identification[0m [1;30mLevel 1[0m _identify(cavegeneration) by extensions ['colcon_pkg']
[1.022s] [34mcolcon.colcon_core.package_identification[0m [1;30mLevel 1[0m _identify(cavegeneration) by extension 'colcon_pkg'
[1.022s] [34mcolcon.colcon_core.package_identification[0m [1;30mLevel 1[0m _identify(cavegeneration) by extensions ['colcon_meta']
[1.023s] [34mcolcon.colcon_core.package_identification[0m [1;30mLevel 1[0m _identify(cavegeneration) by extension 'colcon_meta'
[1.023s] [34mcolcon.colcon_core.package_identification[0m [1;30mLevel 1[0m _identify(cavegeneration) by extensions ['ros']
[1.023s] [34mcolcon.colcon_core.package_identification[0m [1;30mLevel 1[0m _identify(cavegeneration) by extension 'ros'
[1.023s] [34mcolcon.colcon_core.package_identification[0m [1;30mLevel 1[0m _identify(cavegeneration) by extensions ['cmake', 'python']
[1.023s] [34mcolcon.colcon_core.package_identification[0m [1;30mLevel 1[0m _identify(cavegeneration) by extension 'cmake'
[1.023s] [34mcolcon.colcon_core.package_identification[0m [1;30mLevel 1[0m _identify(cavegeneration) by extension 'python'
[1.023s] [34mcolcon.colcon_core.package_identification[0m [1;30mLevel 1[0m _identify(cavegeneration) by extensions ['python_setup_py']
[1.023s] [34mcolcon.colcon_core.package_identification[0m [1;30mLevel 1[0m _identify(cavegeneration) by extension 'python_setup_py'
[1.024s] [34mcolcon.colcon_core.package_identification[0m [1;30mLevel 1[0m _identify(gz_ros2_control) by extensions ['ignore', 'ignore_ament_install']
[1.024s] [34mcolcon.colcon_core.package_identification[0m [1;30mLevel 1[0m _identify(gz_ros2_control) by extension 'ignore'
[1.024s] [34mcolcon.colcon_core.package_identification[0m [1;30mLevel 1[0m _identify(gz_ros2_control) by extension 'ignore_ament_install'
[1.025s] [34mcolcon.colcon_core.package_identification[0m [1;30mLevel 1[0m _identify(gz_ros2_control) by extensions ['colcon_pkg']
[1.025s] [34mcolcon.colcon_core.package_identification[0m [1;30mLevel 1[0m _identify(gz_ros2_control) by extension 'colcon_pkg'
[1.025s] [34mcolcon.colcon_core.package_identification[0m [1;30mLevel 1[0m _identify(gz_ros2_control) by extensions ['colcon_meta']
[1.025s] [34mcolcon.colcon_core.package_identification[0m [1;30mLevel 1[0m _identify(gz_ros2_control) by extension 'colcon_meta'
[1.025s] [34mcolcon.colcon_core.package_identification[0m [1;30mLevel 1[0m _identify(gz_ros2_control) by extensions ['ros']
[1.025s] [34mcolcon.colcon_core.package_identification[0m [1;30mLevel 1[0m _identify(gz_ros2_control) by extension 'ros'
[1.025s] [34mcolcon.colcon_core.package_identification[0m [1;30mLevel 1[0m _identify(gz_ros2_control) by extensions ['cmake', 'python']
[1.025s] [34mcolcon.colcon_core.package_identification[0m [1;30mLevel 1[0m _identify(gz_ros2_control) by extension 'cmake'
[1.026s] [34mcolcon.colcon_core.package_identification[0m [1;30mLevel 1[0m _identify(gz_ros2_control) by extension 'python'
[1.026s] [34mcolcon.colcon_core.package_identification[0m [1;30mLevel 1[0m _identify(gz_ros2_control) by extensions ['python_setup_py']
[1.026s] [34mcolcon.colcon_core.package_identification[0m [1;30mLevel 1[0m _identify(gz_ros2_control) by extension 'python_setup_py'
[1.026s] [34mcolcon.colcon_core.package_identification[0m [1;30mLevel 1[0m _identify(gz_ros2_control/Dockerfile) by extensions ['ignore', 'ignore_ament_install']
[1.026s] [34mcolcon.colcon_core.package_identification[0m [1;30mLevel 1[0m _identify(gz_ros2_control/Dockerfile) by extension 'ignore'
[1.026s] [34mcolcon.colcon_core.package_identification[0m [1;30mLevel 1[0m _identify(gz_ros2_control/Dockerfile) by extension 'ignore_ament_install'
[1.026s] [34mcolcon.colcon_core.package_identification[0m [1;30mLevel 1[0m _identify(gz_ros2_control/Dockerfile) by extensions ['colcon_pkg']
[1.027s] [34mcolcon.colcon_core.package_identification[0m [1;30mLevel 1[0m _identify(gz_ros2_control/Dockerfile) by extension 'colcon_pkg'
[1.027s] [34mcolcon.colcon_core.package_identification[0m [1;30mLevel 1[0m _identify(gz_ros2_control/Dockerfile) by extensions ['colcon_meta']
[1.027s] [34mcolcon.colcon_core.package_identification[0m [1;30mLevel 1[0m _identify(gz_ros2_control/Dockerfile) by extension 'colcon_meta'
[1.027s] [34mcolcon.colcon_core.package_identification[0m [1;30mLevel 1[0m _identify(gz_ros2_control/Dockerfile) by extensions ['ros']
[1.027s] [34mcolcon.colcon_core.package_identification[0m [1;30mLevel 1[0m _identify(gz_ros2_control/Dockerfile) by extension 'ros'
[1.027s] [34mcolcon.colcon_core.package_identification[0m [1;30mLevel 1[0m _identify(gz_ros2_control/Dockerfile) by extensions ['cmake', 'python']
[1.027s] [34mcolcon.colcon_core.package_identification[0m [1;30mLevel 1[0m _identify(gz_ros2_control/Dockerfile) by extension 'cmake'
[1.027s] [34mcolcon.colcon_core.package_identification[0m [1;30mLevel 1[0m _identify(gz_ros2_control/Dockerfile) by extension 'python'
[1.027s] [34mcolcon.colcon_core.package_identification[0m [1;30mLevel 1[0m _identify(gz_ros2_control/Dockerfile) by extensions ['python_setup_py']
[1.027s] [34mcolcon.colcon_core.package_identification[0m [1;30mLevel 1[0m _identify(gz_ros2_control/Dockerfile) by extension 'python_setup_py'
[1.027s] [34mcolcon.colcon_core.package_identification[0m [1;30mLevel 1[0m _identify(gz_ros2_control/doc) by extensions ['ignore', 'ignore_ament_install']
[1.028s] [34mcolcon.colcon_core.package_identification[0m [1;30mLevel 1[0m _identify(gz_ros2_control/doc) by extension 'ignore'
[1.028s] [34mcolcon.colcon_core.package_identification[0m [1;30mLevel 1[0m _identify(gz_ros2_control/doc) by extension 'ignore_ament_install'
[1.028s] [34mcolcon.colcon_core.package_identification[0m [1;30mLevel 1[0m _identify(gz_ros2_control/doc) by extensions ['colcon_pkg']
[1.028s] [34mcolcon.colcon_core.package_identification[0m [1;30mLevel 1[0m _identify(gz_ros2_control/doc) by extension 'colcon_pkg'
[1.028s] [34mcolcon.colcon_core.package_identification[0m [1;30mLevel 1[0m _identify(gz_ros2_control/doc) by extensions ['colcon_meta']
[1.028s] [34mcolcon.colcon_core.package_identification[0m [1;30mLevel 1[0m _identify(gz_ros2_control/doc) by extension 'colcon_meta'
[1.028s] [34mcolcon.colcon_core.package_identification[0m [1;30mLevel 1[0m _identify(gz_ros2_control/doc) by extensions ['ros']
[1.028s] [34mcolcon.colcon_core.package_identification[0m [1;30mLevel 1[0m _identify(gz_ros2_control/doc) by extension 'ros'
[1.028s] [34mcolcon.colcon_core.package_identification[0m [1;30mLevel 1[0m _identify(gz_ros2_control/doc) by extensions ['cmake', 'python']
[1.028s] [34mcolcon.colcon_core.package_identification[0m [1;30mLevel 1[0m _identify(gz_ros2_control/doc) by extension 'cmake'
[1.028s] [34mcolcon.colcon_core.package_identification[0m [1;30mLevel 1[0m _identify(gz_ros2_control/doc) by extension 'python'
[1.028s] [34mcolcon.colcon_core.package_identification[0m [1;30mLevel 1[0m _identify(gz_ros2_control/doc) by extensions ['python_setup_py']
[1.029s] [34mcolcon.colcon_core.package_identification[0m [1;30mLevel 1[0m _identify(gz_ros2_control/doc) by extension 'python_setup_py'
[1.029s] [34mcolcon.colcon_core.package_identification[0m [1;30mLevel 1[0m _identify(gz_ros2_control/doc/img) by extensions ['ignore', 'ignore_ament_install']
[1.029s] [34mcolcon.colcon_core.package_identification[0m [1;30mLevel 1[0m _identify(gz_ros2_control/doc/img) by extension 'ignore'
[1.029s] [34mcolcon.colcon_core.package_identification[0m [1;30mLevel 1[0m _identify(gz_ros2_control/doc/img) by extension 'ignore_ament_install'
[1.029s] [34mcolcon.colcon_core.package_identification[0m [1;30mLevel 1[0m _identify(gz_ros2_control/doc/img) by extensions ['colcon_pkg']
[1.029s] [34mcolcon.colcon_core.package_identification[0m [1;30mLevel 1[0m _identify(gz_ros2_control/doc/img) by extension 'colcon_pkg'
[1.029s] [34mcolcon.colcon_core.package_identification[0m [1;30mLevel 1[0m _identify(gz_ros2_control/doc/img) by extensions ['colcon_meta']
[1.029s] [34mcolcon.colcon_core.package_identification[0m [1;30mLevel 1[0m _identify(gz_ros2_control/doc/img) by extension 'colcon_meta'
[1.029s] [34mcolcon.colcon_core.package_identification[0m [1;30mLevel 1[0m _identify(gz_ros2_control/doc/img) by extensions ['ros']
[1.029s] [34mcolcon.colcon_core.package_identification[0m [1;30mLevel 1[0m _identify(gz_ros2_control/doc/img) by extension 'ros'
[1.029s] [34mcolcon.colcon_core.package_identification[0m [1;30mLevel 1[0m _identify(gz_ros2_control/doc/img) by extensions ['cmake', 'python']
[1.030s] [34mcolcon.colcon_core.package_identification[0m [1;30mLevel 1[0m _identify(gz_ros2_control/doc/img) by extension 'cmake'
[1.030s] [34mcolcon.colcon_core.package_identification[0m [1;30mLevel 1[0m _identify(gz_ros2_control/doc/img) by extension 'python'
[1.030s] [34mcolcon.colcon_core.package_identification[0m [1;30mLevel 1[0m _identify(gz_ros2_control/doc/img) by extensions ['python_setup_py']
[1.030s] [34mcolcon.colcon_core.package_identification[0m [1;30mLevel 1[0m _identify(gz_ros2_control/doc/img) by extension 'python_setup_py'
[1.030s] [34mcolcon.colcon_core.package_identification[0m [1;30mLevel 1[0m _identify(gz_ros2_control/gz_ros2_control) by extensions ['ignore', 'ignore_ament_install']
[1.030s] [34mcolcon.colcon_core.package_identification[0m [1;30mLevel 1[0m _identify(gz_ros2_control/gz_ros2_control) by extension 'ignore'
[1.030s] [34mcolcon.colcon_core.package_identification[0m [1;30mLevel 1[0m _identify(gz_ros2_control/gz_ros2_control) by extension 'ignore_ament_install'
[1.031s] [34mcolcon.colcon_core.package_identification[0m [1;30mLevel 1[0m _identify(gz_ros2_control/gz_ros2_control) by extensions ['colcon_pkg']
[1.031s] [34mcolcon.colcon_core.package_identification[0m [1;30mLevel 1[0m _identify(gz_ros2_control/gz_ros2_control) by extension 'colcon_pkg'
[1.031s] [34mcolcon.colcon_core.package_identification[0m [1;30mLevel 1[0m _identify(gz_ros2_control/gz_ros2_control) by extensions ['colcon_meta']
[1.031s] [34mcolcon.colcon_core.package_identification[0m [1;30mLevel 1[0m _identify(gz_ros2_control/gz_ros2_control) by extension 'colcon_meta'
[1.031s] [34mcolcon.colcon_core.package_identification[0m [1;30mLevel 1[0m _identify(gz_ros2_control/gz_ros2_control) by extensions ['ros']
[1.031s] [34mcolcon.colcon_core.package_identification[0m [1;30mLevel 1[0m _identify(gz_ros2_control/gz_ros2_control) by extension 'ros'
[1.045s] [34mcolcon.colcon_core.package_identification[0m [1;30mDEBUG[0m [32mPackage 'gz_ros2_control/gz_ros2_control' with type 'ros.ament_cmake' and name 'gz_ros2_control'[0m
[1.046s] [34mcolcon.colcon_core.package_identification[0m [1;30mLevel 1[0m _identify(gz_ros2_control/gz_ros2_control_demos) by extensions ['ignore', 'ignore_ament_install']
[1.046s] [34mcolcon.colcon_core.package_identification[0m [1;30mLevel 1[0m _identify(gz_ros2_control/gz_ros2_control_demos) by extension 'ignore'
[1.046s] [34mcolcon.colcon_core.package_identification[0m [1;30mLevel 1[0m _identify(gz_ros2_control/gz_ros2_control_demos) by extension 'ignore_ament_install'
[1.047s] [34mcolcon.colcon_core.package_identification[0m [1;30mLevel 1[0m _identify(gz_ros2_control/gz_ros2_control_demos) by extensions ['colcon_pkg']
[1.047s] [34mcolcon.colcon_core.package_identification[0m [1;30mLevel 1[0m _identify(gz_ros2_control/gz_ros2_control_demos) by extension 'colcon_pkg'
[1.047s] [34mcolcon.colcon_core.package_identification[0m [1;30mLevel 1[0m _identify(gz_ros2_control/gz_ros2_control_demos) by extensions ['colcon_meta']
[1.047s] [34mcolcon.colcon_core.package_identification[0m [1;30mLevel 1[0m _identify(gz_ros2_control/gz_ros2_control_demos) by extension 'colcon_meta'
[1.047s] [34mcolcon.colcon_core.package_identification[0m [1;30mLevel 1[0m _identify(gz_ros2_control/gz_ros2_control_demos) by extensions ['ros']
[1.047s] [34mcolcon.colcon_core.package_identification[0m [1;30mLevel 1[0m _identify(gz_ros2_control/gz_ros2_control_demos) by extension 'ros'
[1.058s] [34mcolcon.colcon_core.package_identification[0m [1;30mDEBUG[0m [32mPackage 'gz_ros2_control/gz_ros2_control_demos' with type 'ros.ament_cmake' and name 'gz_ros2_control_demos'[0m
[1.058s] [34mcolcon.colcon_core.package_identification[0m [1;30mLevel 1[0m _identify(gz_ros2_control/gz_ros2_control_tests) by extensions ['ignore', 'ignore_ament_install']
[1.059s] [34mcolcon.colcon_core.package_identification[0m [1;30mLevel 1[0m _identify(gz_ros2_control/gz_ros2_control_tests) by extension 'ignore'
[1.059s] [34mcolcon.colcon_core.package_identification[0m [1;30mLevel 1[0m _identify(gz_ros2_control/gz_ros2_control_tests) by extension 'ignore_ament_install'
[1.059s] [34mcolcon.colcon_core.package_identification[0m [1;30mLevel 1[0m _identify(gz_ros2_control/gz_ros2_control_tests) by extensions ['colcon_pkg']
[1.059s] [34mcolcon.colcon_core.package_identification[0m [1;30mLevel 1[0m _identify(gz_ros2_control/gz_ros2_control_tests) by extension 'colcon_pkg'
[1.059s] [34mcolcon.colcon_core.package_identification[0m [1;30mLevel 1[0m _identify(gz_ros2_control/gz_ros2_control_tests) by extensions ['colcon_meta']
[1.059s] [34mcolcon.colcon_core.package_identification[0m [1;30mLevel 1[0m _identify(gz_ros2_control/gz_ros2_control_tests) by extension 'colcon_meta'
[1.059s] [34mcolcon.colcon_core.package_identification[0m [1;30mLevel 1[0m _identify(gz_ros2_control/gz_ros2_control_tests) by extensions ['ros']
[1.059s] [34mcolcon.colcon_core.package_identification[0m [1;30mLevel 1[0m _identify(gz_ros2_control/gz_ros2_control_tests) by extension 'ros'
[1.062s] [34mcolcon.colcon_core.package_identification[0m [1;30mDEBUG[0m [32mPackage 'gz_ros2_control/gz_ros2_control_tests' with type 'ros.ament_cmake' and name 'gz_ros2_control_tests'[0m
[1.062s] [34mcolcon.colcon_core.package_identification[0m [1;30mLevel 1[0m _identify(gz_ros2_control/ign_ros2_control) by extensions ['ignore', 'ignore_ament_install']
[1.063s] [34mcolcon.colcon_core.package_identification[0m [1;30mLevel 1[0m _identify(gz_ros2_control/ign_ros2_control) by extension 'ignore'
[1.063s] [34mcolcon.colcon_core.package_identification[0m [1;30mLevel 1[0m _identify(gz_ros2_control/ign_ros2_control) by extension 'ignore_ament_install'
[1.063s] [34mcolcon.colcon_core.package_identification[0m [1;30mLevel 1[0m _identify(gz_ros2_control/ign_ros2_control) by extensions ['colcon_pkg']
[1.063s] [34mcolcon.colcon_core.package_identification[0m [1;30mLevel 1[0m _identify(gz_ros2_control/ign_ros2_control) by extension 'colcon_pkg'
[1.063s] [34mcolcon.colcon_core.package_identification[0m [1;30mLevel 1[0m _identify(gz_ros2_control/ign_ros2_control) by extensions ['colcon_meta']
[1.063s] [34mcolcon.colcon_core.package_identification[0m [1;30mLevel 1[0m _identify(gz_ros2_control/ign_ros2_control) by extension 'colcon_meta'
[1.064s] [34mcolcon.colcon_core.package_identification[0m [1;30mLevel 1[0m _identify(gz_ros2_control/ign_ros2_control) by extensions ['ros']
[1.064s] [34mcolcon.colcon_core.package_identification[0m [1;30mLevel 1[0m _identify(gz_ros2_control/ign_ros2_control) by extension 'ros'
[1.066s] [34mcolcon.colcon_core.package_identification[0m [1;30mDEBUG[0m [32mPackage 'gz_ros2_control/ign_ros2_control' with type 'ros.ament_cmake' and name 'ign_ros2_control'[0m
[1.066s] [34mcolcon.colcon_core.package_identification[0m [1;30mLevel 1[0m _identify(gz_ros2_control/ign_ros2_control_demos) by extensions ['ignore', 'ignore_ament_install']
[1.067s] [34mcolcon.colcon_core.package_identification[0m [1;30mLevel 1[0m _identify(gz_ros2_control/ign_ros2_control_demos) by extension 'ignore'
[1.067s] [34mcolcon.colcon_core.package_identification[0m [1;30mLevel 1[0m _identify(gz_ros2_control/ign_ros2_control_demos) by extension 'ignore_ament_install'
[1.067s] [34mcolcon.colcon_core.package_identification[0m [1;30mLevel 1[0m _identify(gz_ros2_control/ign_ros2_control_demos) by extensions ['colcon_pkg']
[1.067s] [34mcolcon.colcon_core.package_identification[0m [1;30mLevel 1[0m _identify(gz_ros2_control/ign_ros2_control_demos) by extension 'colcon_pkg'
[1.067s] [34mcolcon.colcon_core.package_identification[0m [1;30mLevel 1[0m _identify(gz_ros2_control/ign_ros2_control_demos) by extensions ['colcon_meta']
[1.067s] [34mcolcon.colcon_core.package_identification[0m [1;30mLevel 1[0m _identify(gz_ros2_control/ign_ros2_control_demos) by extension 'colcon_meta'
[1.067s] [34mcolcon.colcon_core.package_identification[0m [1;30mLevel 1[0m _identify(gz_ros2_control/ign_ros2_control_demos) by extensions ['ros']
[1.067s] [34mcolcon.colcon_core.package_identification[0m [1;30mLevel 1[0m _identify(gz_ros2_control/ign_ros2_control_demos) by extension 'ros'
[1.070s] [34mcolcon.colcon_core.package_identification[0m [1;30mDEBUG[0m [32mPackage 'gz_ros2_control/ign_ros2_control_demos' with type 'ros.ament_cmake' and name 'ign_ros2_control_demos'[0m
[1.070s] [34mcolcon.colcon_core.package_identification[0m [1;30mLevel 1[0m _identify(install) by extensions ['ignore', 'ignore_ament_install']
[1.070s] [34mcolcon.colcon_core.package_identification[0m [1;30mLevel 1[0m _identify(install) by extension 'ignore'
[1.070s] [34mcolcon.colcon_core.package_identification[0m [1;30mLevel 1[0m _identify(install) ignored
[1.071s] [34mcolcon.colcon_core.package_identification[0m [1;30mLevel 1[0m _identify(kinematicGait) by extensions ['ignore', 'ignore_ament_install']
[1.071s] [34mcolcon.colcon_core.package_identification[0m [1;30mLevel 1[0m _identify(kinematicGait) by extension 'ignore'
[1.071s] [34mcolcon.colcon_core.package_identification[0m [1;30mLevel 1[0m _identify(kinematicGait) by extension 'ignore_ament_install'
[1.071s] [34mcolcon.colcon_core.package_identification[0m [1;30mLevel 1[0m _identify(kinematicGait) by extensions ['colcon_pkg']
[1.071s] [34mcolcon.colcon_core.package_identification[0m [1;30mLevel 1[0m _identify(kinematicGait) by extension 'colcon_pkg'
[1.071s] [34mcolcon.colcon_core.package_identification[0m [1;30mLevel 1[0m _identify(kinematicGait) by extensions ['colcon_meta']
[1.071s] [34mcolcon.colcon_core.package_identification[0m [1;30mLevel 1[0m _identify(kinematicGait) by extension 'colcon_meta'
[1.071s] [34mcolcon.colcon_core.package_identification[0m [1;30mLevel 1[0m _identify(kinematicGait) by extensions ['ros']
[1.071s] [34mcolcon.colcon_core.package_identification[0m [1;30mLevel 1[0m _identify(kinematicGait) by extension 'ros'
[1.072s] [34mcolcon.colcon_core.package_identification[0m [1;30mLevel 1[0m _identify(kinematicGait) by extensions ['cmake', 'python']
[1.072s] [34mcolcon.colcon_core.package_identification[0m [1;30mLevel 1[0m _identify(kinematicGait) by extension 'cmake'
[1.072s] [34mcolcon.colcon_core.package_identification[0m [1;30mLevel 1[0m _identify(kinematicGait) by extension 'python'
[1.072s] [34mcolcon.colcon_core.package_identification[0m [1;30mLevel 1[0m _identify(kinematicGait) by extensions ['python_setup_py']
[1.072s] [34mcolcon.colcon_core.package_identification[0m [1;30mLevel 1[0m _identify(kinematicGait) by extension 'python_setup_py'
[1.072s] [34mcolcon.colcon_core.package_identification[0m [1;30mLevel 1[0m _identify(log) by extensions ['ignore', 'ignore_ament_install']
[1.072s] [34mcolcon.colcon_core.package_identification[0m [1;30mLevel 1[0m _identify(log) by extension 'ignore'
[1.072s] [34mcolcon.colcon_core.package_identification[0m [1;30mLevel 1[0m _identify(log) ignored
[1.073s] [34mcolcon.colcon_core.package_identification[0m [1;30mLevel 1[0m _identify(pointcloud) by extensions ['ignore', 'ignore_ament_install']
[1.073s] [34mcolcon.colcon_core.package_identification[0m [1;30mLevel 1[0m _identify(pointcloud) by extension 'ignore'
[1.073s] [34mcolcon.colcon_core.package_identification[0m [1;30mLevel 1[0m _identify(pointcloud) by extension 'ignore_ament_install'
[1.073s] [34mcolcon.colcon_core.package_identification[0m [1;30mLevel 1[0m _identify(pointcloud) by extensions ['colcon_pkg']
[1.073s] [34mcolcon.colcon_core.package_identification[0m [1;30mLevel 1[0m _identify(pointcloud) by extension 'colcon_pkg'
[1.073s] [34mcolcon.colcon_core.package_identification[0m [1;30mLevel 1[0m _identify(pointcloud) by extensions ['colcon_meta']
[1.073s] [34mcolcon.colcon_core.package_identification[0m [1;30mLevel 1[0m _identify(pointcloud) by extension 'colcon_meta'
[1.073s] [34mcolcon.colcon_core.package_identification[0m [1;30mLevel 1[0m _identify(pointcloud) by extensions ['ros']
[1.074s] [34mcolcon.colcon_core.package_identification[0m [1;30mLevel 1[0m _identify(pointcloud) by extension 'ros'
[1.074s] [34mcolcon.colcon_core.package_identification[0m [1;30mLevel 1[0m _identify(pointcloud) by extensions ['cmake', 'python']
[1.074s] [34mcolcon.colcon_core.package_identification[0m [1;30mLevel 1[0m _identify(pointcloud) by extension 'cmake'
[1.074s] [34mcolcon.colcon_core.package_identification[0m [1;30mLevel 1[0m _identify(pointcloud) by extension 'python'
[1.074s] [34mcolcon.colcon_core.package_identification[0m [1;30mLevel 1[0m _identify(pointcloud) by extensions ['python_setup_py']
[1.074s] [34mcolcon.colcon_core.package_identification[0m [1;30mLevel 1[0m _identify(pointcloud) by extension 'python_setup_py'
[1.074s] [34mcolcon.colcon_core.package_identification[0m [1;30mLevel 1[0m _identify(potentiometer) by extensions ['ignore', 'ignore_ament_install']
[1.074s] [34mcolcon.colcon_core.package_identification[0m [1;30mLevel 1[0m _identify(potentiometer) by extension 'ignore'
[1.075s] [34mcolcon.colcon_core.package_identification[0m [1;30mLevel 1[0m _identify(potentiometer) by extension 'ignore_ament_install'
[1.075s] [34mcolcon.colcon_core.package_identification[0m [1;30mLevel 1[0m _identify(potentiometer) by extensions ['colcon_pkg']
[1.075s] [34mcolcon.colcon_core.package_identification[0m [1;30mLevel 1[0m _identify(potentiometer) by extension 'colcon_pkg'
[1.075s] [34mcolcon.colcon_core.package_identification[0m [1;30mLevel 1[0m _identify(potentiometer) by extensions ['colcon_meta']
[1.075s] [34mcolcon.colcon_core.package_identification[0m [1;30mLevel 1[0m _identify(potentiometer) by extension 'colcon_meta'
[1.075s] [34mcolcon.colcon_core.package_identification[0m [1;30mLevel 1[0m _identify(potentiometer) by extensions ['ros']
[1.075s] [34mcolcon.colcon_core.package_identification[0m [1;30mLevel 1[0m _identify(potentiometer) by extension 'ros'
[1.075s] [34mcolcon.colcon_core.package_identification[0m [1;30mLevel 1[0m _identify(potentiometer) by extensions ['cmake', 'python']
[1.075s] [34mcolcon.colcon_core.package_identification[0m [1;30mLevel 1[0m _identify(potentiometer) by extension 'cmake'
[1.075s] [34mcolcon.colcon_core.package_identification[0m [1;30mLevel 1[0m _identify(potentiometer) by extension 'python'
[1.075s] [34mcolcon.colcon_core.package_identification[0m [1;30mLevel 1[0m _identify(potentiometer) by extensions ['python_setup_py']
[1.075s] [34mcolcon.colcon_core.package_identification[0m [1;30mLevel 1[0m _identify(potentiometer) by extension 'python_setup_py'
[1.075s] [34mcolcon.colcon_core.package_discovery[0m [1;30mLevel 1[0m discover_packages(recursive) using defaults
[1.076s] [34mcolcon.colcon_core.package_discovery[0m [1;30mLevel 1[0m discover_packages(ignore) discover
[1.076s] [34mcolcon.colcon_core.package_discovery[0m [1;30mLevel 1[0m discover_packages(ignore) using defaults
[1.076s] [34mcolcon.colcon_core.package_discovery[0m [1;30mLevel 1[0m discover_packages(path) discover
[1.076s] [34mcolcon.colcon_core.package_discovery[0m [1;30mLevel 1[0m discover_packages(path) using defaults
[1.131s] [34mcolcon.colcon_core.package_discovery[0m [1;30mLevel 1[0m discover_packages(prefix_path) check parameters
[1.132s] [34mcolcon.colcon_core.package_discovery[0m [1;30mLevel 1[0m discover_packages(prefix_path) discover
[1.141s] [34mcolcon.colcon_installed_package_information.package_discovery[0m [1;30mDEBUG[0m [32mFound 397 installed packages in /opt/ros/humble[0m
[1.146s] [34mcolcon.colcon_core.package_discovery[0m [1;30mLevel 1[0m discover_packages(prefix_path) using defaults
[1.344s] [34mcolcon.colcon_core.verb[0m [1;30mLevel 5[0m set package 'cheetah_ros2' build argument 'cmake_args' from command line to 'None'
[1.344s] [34mcolcon.colcon_core.verb[0m [1;30mLevel 5[0m set package 'cheetah_ros2' build argument 'cmake_target' from command line to 'None'
[1.344s] [34mcolcon.colcon_core.verb[0m [1;30mLevel 5[0m set package 'cheetah_ros2' build argument 'cmake_target_skip_unavailable' from command line to 'False'
[1.345s] [34mcolcon.colcon_core.verb[0m [1;30mLevel 5[0m set package 'cheetah_ros2' build argument 'cmake_clean_cache' from command line to 'False'
[1.345s] [34mcolcon.colcon_core.verb[0m [1;30mLevel 5[0m set package 'cheetah_ros2' build argument 'cmake_clean_first' from command line to 'False'
[1.345s] [34mcolcon.colcon_core.verb[0m [1;30mLevel 5[0m set package 'cheetah_ros2' build argument 'cmake_force_configure' from command line to 'False'
[1.345s] [34mcolcon.colcon_core.verb[0m [1;30mLevel 5[0m set package 'cheetah_ros2' build argument 'ament_cmake_args' from command line to 'None'
[1.345s] [34mcolcon.colcon_core.verb[0m [1;30mLevel 5[0m set package 'cheetah_ros2' build argument 'catkin_cmake_args' from command line to 'None'
[1.345s] [34mcolcon.colcon_core.verb[0m [1;30mLevel 5[0m set package 'cheetah_ros2' build argument 'catkin_skip_building_tests' from command line to 'False'
[1.345s] [34mcolcon.colcon_core.verb[0m [1;30mDEBUG[0m [32mBuilding package 'cheetah_ros2' with the following arguments: {'ament_cmake_args': None, 'build_base': '/home/mubashir/Documents/FYP-Legged-Robot-main/Code/build/cheetah_ros2', 'catkin_cmake_args': None, 'catkin_skip_building_tests': False, 'cmake_args': None, 'cmake_clean_cache': False, 'cmake_clean_first': False, 'cmake_force_configure': False, 'cmake_target': None, 'cmake_target_skip_unavailable': False, 'install_base': '/home/mubashir/Documents/FYP-Legged-Robot-main/Code/install/cheetah_ros2', 'merge_install': False, 'path': '/home/mubashir/Documents/FYP-Legged-Robot-main/Code/ROS/src/cheetah_ros2', 'symlink_install': False, 'test_result_base': None}[0m
[1.346s] [34mcolcon.colcon_core.verb[0m [1;30mLevel 5[0m set package 'cpg_ros2' build argument 'cmake_args' from command line to 'None'
[1.346s] [34mcolcon.colcon_core.verb[0m [1;30mLevel 5[0m set package 'cpg_ros2' build argument 'cmake_target' from command line to 'None'
[1.347s] [34mcolcon.colcon_core.verb[0m [1;30mLevel 5[0m set package 'cpg_ros2' build argument 'cmake_target_skip_unavailable' from command line to 'False'
[1.347s] [34mcolcon.colcon_core.verb[0m [1;30mLevel 5[0m set package 'cpg_ros2' build argument 'cmake_clean_cache' from command line to 'False'
[1.347s] [34mcolcon.colcon_core.verb[0m [1;30mLevel 5[0m set package 'cpg_ros2' build argument 'cmake_clean_first' from command line to 'False'
[1.347s] [34mcolcon.colcon_core.verb[0m [1;30mLevel 5[0m set package 'cpg_ros2' build argument 'cmake_force_configure' from command line to 'False'
[1.347s] [34mcolcon.colcon_core.verb[0m [1;30mLevel 5[0m set package 'cpg_ros2' build argument 'ament_cmake_args' from command line to 'None'
[1.347s] [34mcolcon.colcon_core.verb[0m [1;30mLevel 5[0m set package 'cpg_ros2' build argument 'catkin_cmake_args' from command line to 'None'
[1.347s] [34mcolcon.colcon_core.verb[0m [1;30mLevel 5[0m set package 'cpg_ros2' build argument 'catkin_skip_building_tests' from command line to 'False'
[1.347s] [34mcolcon.colcon_core.verb[0m [1;30mDEBUG[0m [32mBuilding package 'cpg_ros2' with the following arguments: {'ament_cmake_args': None, 'build_base': '/home/mubashir/Documents/FYP-Legged-Robot-main/Code/build/cpg_ros2', 'catkin_cmake_args': None, 'catkin_skip_building_tests': False, 'cmake_args': None, 'cmake_clean_cache': False, 'cmake_clean_first': False, 'cmake_force_configure': False, 'cmake_target': None, 'cmake_target_skip_unavailable': False, 'install_base': '/home/mubashir/Documents/FYP-Legged-Robot-main/Code/install/cpg_ros2', 'merge_install': False, 'path': '/home/mubashir/Documents/FYP-Legged-Robot-main/Code/ROS/src/cpg_ros2', 'symlink_install': False, 'test_result_base': None}[0m
[1.348s] [34mcolcon.colcon_core.verb[0m [1;30mLevel 5[0m set package 'elevation_mapping' build argument 'cmake_args' from command line to 'None'
[1.348s] [34mcolcon.colcon_core.verb[0m [1;30mLevel 5[0m set package 'elevation_mapping' build argument 'cmake_target' from command line to 'None'
[1.348s] [34mcolcon.colcon_core.verb[0m [1;30mLevel 5[0m set package 'elevation_mapping' build argument 'cmake_target_skip_unavailable' from command line to 'False'
[1.348s] [34mcolcon.colcon_core.verb[0m [1;30mLevel 5[0m set package 'elevation_mapping' build argument 'cmake_clean_cache' from command line to 'False'
[1.348s] [34mcolcon.colcon_core.verb[0m [1;30mLevel 5[0m set package 'elevation_mapping' build argument 'cmake_clean_first' from command line to 'False'
[1.348s] [34mcolcon.colcon_core.verb[0m [1;30mLevel 5[0m set package 'elevation_mapping' build argument 'cmake_force_configure' from command line to 'False'
[1.348s] [34mcolcon.colcon_core.verb[0m [1;30mLevel 5[0m set package 'elevation_mapping' build argument 'ament_cmake_args' from command line to 'None'
[1.348s] [34mcolcon.colcon_core.verb[0m [1;30mLevel 5[0m set package 'elevation_mapping' build argument 'catkin_cmake_args' from command line to 'None'
[1.348s] [34mcolcon.colcon_core.verb[0m [1;30mLevel 5[0m set package 'elevation_mapping' build argument 'catkin_skip_building_tests' from command line to 'False'
[1.348s] [34mcolcon.colcon_core.verb[0m [1;30mDEBUG[0m [32mBuilding package 'elevation_mapping' with the following arguments: {'ament_cmake_args': None, 'build_base': '/home/mubashir/Documents/FYP-Legged-Robot-main/Code/build/elevation_mapping', 'catkin_cmake_args': None, 'catkin_skip_building_tests': False, 'cmake_args': None, 'cmake_clean_cache': False, 'cmake_clean_first': False, 'cmake_force_configure': False, 'cmake_target': None, 'cmake_target_skip_unavailable': False, 'install_base': '/home/mubashir/Documents/FYP-Legged-Robot-main/Code/install/elevation_mapping', 'merge_install': False, 'path': '/home/mubashir/Documents/FYP-Legged-Robot-main/Code/ROS/src/elevation_mapping', 'symlink_install': False, 'test_result_base': None}[0m
[1.349s] [34mcolcon.colcon_core.verb[0m [1;30mLevel 5[0m set package 'gz_ros2_control' build argument 'cmake_args' from command line to 'None'
[1.349s] [34mcolcon.colcon_core.verb[0m [1;30mLevel 5[0m set package 'gz_ros2_control' build argument 'cmake_target' from command line to 'None'
[1.349s] [34mcolcon.colcon_core.verb[0m [1;30mLevel 5[0m set package 'gz_ros2_control' build argument 'cmake_target_skip_unavailable' from command line to 'False'
[1.349s] [34mcolcon.colcon_core.verb[0m [1;30mLevel 5[0m set package 'gz_ros2_control' build argument 'cmake_clean_cache' from command line to 'False'
[1.349s] [34mcolcon.colcon_core.verb[0m [1;30mLevel 5[0m set package 'gz_ros2_control' build argument 'cmake_clean_first' from command line to 'False'
[1.349s] [34mcolcon.colcon_core.verb[0m [1;30mLevel 5[0m set package 'gz_ros2_control' build argument 'cmake_force_configure' from command line to 'False'
[1.350s] [34mcolcon.colcon_core.verb[0m [1;30mLevel 5[0m set package 'gz_ros2_control' build argument 'ament_cmake_args' from command line to 'None'
[1.350s] [34mcolcon.colcon_core.verb[0m [1;30mLevel 5[0m set package 'gz_ros2_control' build argument 'catkin_cmake_args' from command line to 'None'
[1.350s] [34mcolcon.colcon_core.verb[0m [1;30mLevel 5[0m set package 'gz_ros2_control' build argument 'catkin_skip_building_tests' from command line to 'False'
[1.350s] [34mcolcon.colcon_core.verb[0m [1;30mDEBUG[0m [32mBuilding package 'gz_ros2_control' with the following arguments: {'ament_cmake_args': None, 'build_base': '/home/mubashir/Documents/FYP-Legged-Robot-main/Code/build/gz_ros2_control', 'catkin_cmake_args': None, 'catkin_skip_building_tests': False, 'cmake_args': None, 'cmake_clean_cache': False, 'cmake_clean_first': False, 'cmake_force_configure': False, 'cmake_target': None, 'cmake_target_skip_unavailable': False, 'install_base': '/home/mubashir/Documents/FYP-Legged-Robot-main/Code/install/gz_ros2_control', 'merge_install': False, 'path': '/home/mubashir/Documents/FYP-Legged-Robot-main/Code/gz_ros2_control/gz_ros2_control', 'symlink_install': False, 'test_result_base': None}[0m
[1.350s] [34mcolcon.colcon_core.verb[0m [1;30mLevel 5[0m set package 'kin_ros2' build argument 'cmake_args' from command line to 'None'
[1.351s] [34mcolcon.colcon_core.verb[0m [1;30mLevel 5[0m set package 'kin_ros2' build argument 'cmake_target' from command line to 'None'
[1.351s] [34mcolcon.colcon_core.verb[0m [1;30mLevel 5[0m set package 'kin_ros2' build argument 'cmake_target_skip_unavailable' from command line to 'False'
[1.351s] [34mcolcon.colcon_core.verb[0m [1;30mLevel 5[0m set package 'kin_ros2' build argument 'cmake_clean_cache' from command line to 'False'
[1.351s] [34mcolcon.colcon_core.verb[0m [1;30mLevel 5[0m set package 'kin_ros2' build argument 'cmake_clean_first' from command line to 'False'
[1.351s] [34mcolcon.colcon_core.verb[0m [1;30mLevel 5[0m set package 'kin_ros2' build argument 'cmake_force_configure' from command line to 'False'
[1.351s] [34mcolcon.colcon_core.verb[0m [1;30mLevel 5[0m set package 'kin_ros2' build argument 'ament_cmake_args' from command line to 'None'
[1.351s] [34mcolcon.colcon_core.verb[0m [1;30mLevel 5[0m set package 'kin_ros2' build argument 'catkin_cmake_args' from command line to 'None'
[1.351s] [34mcolcon.colcon_core.verb[0m [1;30mLevel 5[0m set package 'kin_ros2' build argument 'catkin_skip_building_tests' from command line to 'False'
[1.351s] [34mcolcon.colcon_core.verb[0m [1;30mDEBUG[0m [32mBuilding package 'kin_ros2' with the following arguments: {'ament_cmake_args': None, 'build_base': '/home/mubashir/Documents/FYP-Legged-Robot-main/Code/build/kin_ros2', 'catkin_cmake_args': None, 'catkin_skip_building_tests': False, 'cmake_args': None, 'cmake_clean_cache': False, 'cmake_clean_first': False, 'cmake_force_configure': False, 'cmake_target': None, 'cmake_target_skip_unavailable': False, 'install_base': '/home/mubashir/Documents/FYP-Legged-Robot-main/Code/install/kin_ros2', 'merge_install': False, 'path': '/home/mubashir/Documents/FYP-Legged-Robot-main/Code/ROS/src/kin_ros2', 'symlink_install': False, 'test_result_base': None}[0m
[1.352s] [34mcolcon.colcon_core.verb[0m [1;30mLevel 5[0m set package 'perception' build argument 'cmake_args' from command line to 'None'
[1.352s] [34mcolcon.colcon_core.verb[0m [1;30mLevel 5[0m set package 'perception' build argument 'cmake_target' from command line to 'None'
[1.352s] [34mcolcon.colcon_core.verb[0m [1;30mLevel 5[0m set package 'perception' build argument 'cmake_target_skip_unavailable' from command line to 'False'
[1.352s] [34mcolcon.colcon_core.verb[0m [1;30mLevel 5[0m set package 'perception' build argument 'cmake_clean_cache' from command line to 'False'
[1.352s] [34mcolcon.colcon_core.verb[0m [1;30mLevel 5[0m set package 'perception' build argument 'cmake_clean_first' from command line to 'False'
[1.352s] [34mcolcon.colcon_core.verb[0m [1;30mLevel 5[0m set package 'perception' build argument 'cmake_force_configure' from command line to 'False'
[1.352s] [34mcolcon.colcon_core.verb[0m [1;30mLevel 5[0m set package 'perception' build argument 'ament_cmake_args' from command line to 'None'
[1.352s] [34mcolcon.colcon_core.verb[0m [1;30mLevel 5[0m set package 'perception' build argument 'catkin_cmake_args' from command line to 'None'
[1.352s] [34mcolcon.colcon_core.verb[0m [1;30mLevel 5[0m set package 'perception' build argument 'catkin_skip_building_tests' from command line to 'False'
[1.352s] [34mcolcon.colcon_core.verb[0m [1;30mDEBUG[0m [32mBuilding package 'perception' with the following arguments: {'ament_cmake_args': None, 'build_base': '/home/mubashir/Documents/FYP-Legged-Robot-main/Code/build/perception', 'catkin_cmake_args': None, 'catkin_skip_building_tests': False, 'cmake_args': None, 'cmake_clean_cache': False, 'cmake_clean_first': False, 'cmake_force_configure': False, 'cmake_target': None, 'cmake_target_skip_unavailable': False, 'install_base': '/home/mubashir/Documents/FYP-Legged-Robot-main/Code/install/perception', 'merge_install': False, 'path': '/home/mubashir/Documents/FYP-Legged-Robot-main/Code/ROS/src/perception', 'symlink_install': False, 'test_result_base': None}[0m
[1.353s] [34mcolcon.colcon_core.verb[0m [1;30mLevel 5[0m set package 'quad_interface' build argument 'cmake_args' from command line to 'None'
[1.353s] [34mcolcon.colcon_core.verb[0m [1;30mLevel 5[0m set package 'quad_interface' build argument 'cmake_target' from command line to 'None'
[1.353s] [34mcolcon.colcon_core.verb[0m [1;30mLevel 5[0m set package 'quad_interface' build argument 'cmake_target_skip_unavailable' from command line to 'False'
[1.353s] [34mcolcon.colcon_core.verb[0m [1;30mLevel 5[0m set package 'quad_interface' build argument 'cmake_clean_cache' from command line to 'False'
[1.353s] [34mcolcon.colcon_core.verb[0m [1;30mLevel 5[0m set package 'quad_interface' build argument 'cmake_clean_first' from command line to 'False'
[1.353s] [34mcolcon.colcon_core.verb[0m [1;30mLevel 5[0m set package 'quad_interface' build argument 'cmake_force_configure' from command line to 'False'
[1.353s] [34mcolcon.colcon_core.verb[0m [1;30mLevel 5[0m set package 'quad_interface' build argument 'ament_cmake_args' from command line to 'None'
[1.353s] [34mcolcon.colcon_core.verb[0m [1;30mLevel 5[0m set package 'quad_interface' build argument 'catkin_cmake_args' from command line to 'None'
[1.354s] [34mcolcon.colcon_core.verb[0m [1;30mLevel 5[0m set package 'quad_interface' build argument 'catkin_skip_building_tests' from command line to 'False'
[1.354s] [34mcolcon.colcon_core.verb[0m [1;30mDEBUG[0m [32mBuilding package 'quad_interface' with the following arguments: {'ament_cmake_args': None, 'build_base': '/home/mubashir/Documents/FYP-Legged-Robot-main/Code/build/quad_interface', 'catkin_cmake_args': None, 'catkin_skip_building_tests': False, 'cmake_args': None, 'cmake_clean_cache': False, 'cmake_clean_first': False, 'cmake_force_configure': False, 'cmake_target': None, 'cmake_target_skip_unavailable': False, 'install_base': '/home/mubashir/Documents/FYP-Legged-Robot-main/Code/install/quad_interface', 'merge_install': False, 'path': '/home/mubashir/Documents/FYP-Legged-Robot-main/Code/ROS/src/quad_interface', 'symlink_install': False, 'test_result_base': None}[0m
[1.354s] [34mcolcon.colcon_core.verb[0m [1;30mLevel 5[0m set package 'rl_ros2' build argument 'cmake_args' from command line to 'None'
[1.354s] [34mcolcon.colcon_core.verb[0m [1;30mLevel 5[0m set package 'rl_ros2' build argument 'cmake_target' from command line to 'None'
[1.355s] [34mcolcon.colcon_core.verb[0m [1;30mLevel 5[0m set package 'rl_ros2' build argument 'cmake_target_skip_unavailable' from command line to 'False'
[1.355s] [34mcolcon.colcon_core.verb[0m [1;30mLevel 5[0m set package 'rl_ros2' build argument 'cmake_clean_cache' from command line to 'False'
[1.355s] [34mcolcon.colcon_core.verb[0m [1;30mLevel 5[0m set package 'rl_ros2' build argument 'cmake_clean_first' from command line to 'False'
[1.355s] [34mcolcon.colcon_core.verb[0m [1;30mLevel 5[0m set package 'rl_ros2' build argument 'cmake_force_configure' from command line to 'False'
[1.355s] [34mcolcon.colcon_core.verb[0m [1;30mLevel 5[0m set package 'rl_ros2' build argument 'ament_cmake_args' from command line to 'None'
[1.355s] [34mcolcon.colcon_core.verb[0m [1;30mLevel 5[0m set package 'rl_ros2' build argument 'catkin_cmake_args' from command line to 'None'
[1.355s] [34mcolcon.colcon_core.verb[0m [1;30mLevel 5[0m set package 'rl_ros2' build argument 'catkin_skip_building_tests' from command line to 'False'
[1.355s] [34mcolcon.colcon_core.verb[0m [1;30mDEBUG[0m [32mBuilding package 'rl_ros2' with the following arguments: {'ament_cmake_args': None, 'build_base': '/home/mubashir/Documents/FYP-Legged-Robot-main/Code/build/rl_ros2', 'catkin_cmake_args': None, 'catkin_skip_building_tests': False, 'cmake_args': None, 'cmake_clean_cache': False, 'cmake_clean_first': False, 'cmake_force_configure': False, 'cmake_target': None, 'cmake_target_skip_unavailable': False, 'install_base': '/home/mubashir/Documents/FYP-Legged-Robot-main/Code/install/rl_ros2', 'merge_install': False, 'path': '/home/mubashir/Documents/FYP-Legged-Robot-main/Code/ROS/src/rl_ros2', 'symlink_install': False, 'test_result_base': None}[0m
[1.356s] [34mcolcon.colcon_core.verb[0m [1;30mLevel 5[0m set package 'rlpa_ros2' build argument 'cmake_args' from command line to 'None'
[1.356s] [34mcolcon.colcon_core.verb[0m [1;30mLevel 5[0m set package 'rlpa_ros2' build argument 'cmake_target' from command line to 'None'
[1.356s] [34mcolcon.colcon_core.verb[0m [1;30mLevel 5[0m set package 'rlpa_ros2' build argument 'cmake_target_skip_unavailable' from command line to 'False'
[1.356s] [34mcolcon.colcon_core.verb[0m [1;30mLevel 5[0m set package 'rlpa_ros2' build argument 'cmake_clean_cache' from command line to 'False'
[1.356s] [34mcolcon.colcon_core.verb[0m [1;30mLevel 5[0m set package 'rlpa_ros2' build argument 'cmake_clean_first' from command line to 'False'
[1.356s] [34mcolcon.colcon_core.verb[0m [1;30mLevel 5[0m set package 'rlpa_ros2' build argument 'cmake_force_configure' from command line to 'False'
[1.356s] [34mcolcon.colcon_core.verb[0m [1;30mLevel 5[0m set package 'rlpa_ros2' build argument 'ament_cmake_args' from command line to 'None'
[1.356s] [34mcolcon.colcon_core.verb[0m [1;30mLevel 5[0m set package 'rlpa_ros2' build argument 'catkin_cmake_args' from command line to 'None'
[1.356s] [34mcolcon.colcon_core.verb[0m [1;30mLevel 5[0m set package 'rlpa_ros2' build argument 'catkin_skip_building_tests' from command line to 'False'
[1.357s] [34mcolcon.colcon_core.verb[0m [1;30mDEBUG[0m [32mBuilding package 'rlpa_ros2' with the following arguments: {'ament_cmake_args': None, 'build_base': '/home/mubashir/Documents/FYP-Legged-Robot-main/Code/build/rlpa_ros2', 'catkin_cmake_args': None, 'catkin_skip_building_tests': False, 'cmake_args': None, 'cmake_clean_cache': False, 'cmake_clean_first': False, 'cmake_force_configure': False, 'cmake_target': None, 'cmake_target_skip_unavailable': False, 'install_base': '/home/mubashir/Documents/FYP-Legged-Robot-main/Code/install/rlpa_ros2', 'merge_install': False, 'path': '/home/mubashir/Documents/FYP-Legged-Robot-main/Code/ROS/src/rlpa_ros2', 'symlink_install': False, 'test_result_base': None}[0m
[1.357s] [34mcolcon.colcon_core.verb[0m [1;30mLevel 5[0m set package 'sim_robot' build argument 'cmake_args' from command line to 'None'
[1.357s] [34mcolcon.colcon_core.verb[0m [1;30mLevel 5[0m set package 'sim_robot' build argument 'cmake_target' from command line to 'None'
[1.357s] [34mcolcon.colcon_core.verb[0m [1;30mLevel 5[0m set package 'sim_robot' build argument 'cmake_target_skip_unavailable' from command line to 'False'
[1.358s] [34mcolcon.colcon_core.verb[0m [1;30mLevel 5[0m set package 'sim_robot' build argument 'cmake_clean_cache' from command line to 'False'
[1.358s] [34mcolcon.colcon_core.verb[0m [1;30mLevel 5[0m set package 'sim_robot' build argument 'cmake_clean_first' from command line to 'False'
[1.358s] [34mcolcon.colcon_core.verb[0m [1;30mLevel 5[0m set package 'sim_robot' build argument 'cmake_force_configure' from command line to 'False'
[1.358s] [34mcolcon.colcon_core.verb[0m [1;30mLevel 5[0m set package 'sim_robot' build argument 'ament_cmake_args' from command line to 'None'
[1.358s] [34mcolcon.colcon_core.verb[0m [1;30mLevel 5[0m set package 'sim_robot' build argument 'catkin_cmake_args' from command line to 'None'
[1.358s] [34mcolcon.colcon_core.verb[0m [1;30mLevel 5[0m set package 'sim_robot' build argument 'catkin_skip_building_tests' from command line to 'False'
[1.358s] [34mcolcon.colcon_core.verb[0m [1;30mDEBUG[0m [32mBuilding package 'sim_robot' with the following arguments: {'ament_cmake_args': None, 'build_base': '/home/mubashir/Documents/FYP-Legged-Robot-main/Code/build/sim_robot', 'catkin_cmake_args': None, 'catkin_skip_building_tests': False, 'cmake_args': None, 'cmake_clean_cache': False, 'cmake_clean_first': False, 'cmake_force_configure': False, 'cmake_target': None, 'cmake_target_skip_unavailable': False, 'install_base': '/home/mubashir/Documents/FYP-Legged-Robot-main/Code/install/sim_robot', 'merge_install': False, 'path': '/home/mubashir/Documents/FYP-Legged-Robot-main/Code/ROS/src/sim_robot', 'symlink_install': False, 'test_result_base': None}[0m
[1.359s] [34mcolcon.colcon_core.verb[0m [1;30mLevel 5[0m set package 'gz_ros2_control_demos' build argument 'cmake_args' from command line to 'None'
[1.359s] [34mcolcon.colcon_core.verb[0m [1;30mLevel 5[0m set package 'gz_ros2_control_demos' build argument 'cmake_target' from command line to 'None'
[1.359s] [34mcolcon.colcon_core.verb[0m [1;30mLevel 5[0m set package 'gz_ros2_control_demos' build argument 'cmake_target_skip_unavailable' from command line to 'False'
[1.359s] [34mcolcon.colcon_core.verb[0m [1;30mLevel 5[0m set package 'gz_ros2_control_demos' build argument 'cmake_clean_cache' from command line to 'False'
[1.359s] [34mcolcon.colcon_core.verb[0m [1;30mLevel 5[0m set package 'gz_ros2_control_demos' build argument 'cmake_clean_first' from command line to 'False'
[1.359s] [34mcolcon.colcon_core.verb[0m [1;30mLevel 5[0m set package 'gz_ros2_control_demos' build argument 'cmake_force_configure' from command line to 'False'
[1.359s] [34mcolcon.colcon_core.verb[0m [1;30mLevel 5[0m set package 'gz_ros2_control_demos' build argument 'ament_cmake_args' from command line to 'None'
[1.359s] [34mcolcon.colcon_core.verb[0m [1;30mLevel 5[0m set package 'gz_ros2_control_demos' build argument 'catkin_cmake_args' from command line to 'None'
[1.359s] [34mcolcon.colcon_core.verb[0m [1;30mLevel 5[0m set package 'gz_ros2_control_demos' build argument 'catkin_skip_building_tests' from command line to 'False'
[1.359s] [34mcolcon.colcon_core.verb[0m [1;30mDEBUG[0m [32mBuilding package 'gz_ros2_control_demos' with the following arguments: {'ament_cmake_args': None, 'build_base': '/home/mubashir/Documents/FYP-Legged-Robot-main/Code/build/gz_ros2_control_demos', 'catkin_cmake_args': None, 'catkin_skip_building_tests': False, 'cmake_args': None, 'cmake_clean_cache': False, 'cmake_clean_first': False, 'cmake_force_configure': False, 'cmake_target': None, 'cmake_target_skip_unavailable': False, 'install_base': '/home/mubashir/Documents/FYP-Legged-Robot-main/Code/install/gz_ros2_control_demos', 'merge_install': False, 'path': '/home/mubashir/Documents/FYP-Legged-Robot-main/Code/gz_ros2_control/gz_ros2_control_demos', 'symlink_install': False, 'test_result_base': None}[0m
[1.360s] [34mcolcon.colcon_core.verb[0m [1;30mLevel 5[0m set package 'ign_ros2_control' build argument 'cmake_args' from command line to 'None'
[1.360s] [34mcolcon.colcon_core.verb[0m [1;30mLevel 5[0m set package 'ign_ros2_control' build argument 'cmake_target' from command line to 'None'
[1.360s] [34mcolcon.colcon_core.verb[0m [1;30mLevel 5[0m set package 'ign_ros2_control' build argument 'cmake_target_skip_unavailable' from command line to 'False'
[1.360s] [34mcolcon.colcon_core.verb[0m [1;30mLevel 5[0m set package 'ign_ros2_control' build argument 'cmake_clean_cache' from command line to 'False'
[1.360s] [34mcolcon.colcon_core.verb[0m [1;30mLevel 5[0m set package 'ign_ros2_control' build argument 'cmake_clean_first' from command line to 'False'
[1.360s] [34mcolcon.colcon_core.verb[0m [1;30mLevel 5[0m set package 'ign_ros2_control' build argument 'cmake_force_configure' from command line to 'False'
[1.360s] [34mcolcon.colcon_core.verb[0m [1;30mLevel 5[0m set package 'ign_ros2_control' build argument 'ament_cmake_args' from command line to 'None'
[1.361s] [34mcolcon.colcon_core.verb[0m [1;30mLevel 5[0m set package 'ign_ros2_control' build argument 'catkin_cmake_args' from command line to 'None'
[1.361s] [34mcolcon.colcon_core.verb[0m [1;30mLevel 5[0m set package 'ign_ros2_control' build argument 'catkin_skip_building_tests' from command line to 'False'
[1.361s] [34mcolcon.colcon_core.verb[0m [1;30mDEBUG[0m [32mBuilding package 'ign_ros2_control' with the following arguments: {'ament_cmake_args': None, 'build_base': '/home/mubashir/Documents/FYP-Legged-Robot-main/Code/build/ign_ros2_control', 'catkin_cmake_args': None, 'catkin_skip_building_tests': False, 'cmake_args': None, 'cmake_clean_cache': False, 'cmake_clean_first': False, 'cmake_force_configure': False, 'cmake_target': None, 'cmake_target_skip_unavailable': False, 'install_base': '/home/mubashir/Documents/FYP-Legged-Robot-main/Code/install/ign_ros2_control', 'merge_install': False, 'path': '/home/mubashir/Documents/FYP-Legged-Robot-main/Code/gz_ros2_control/ign_ros2_control', 'symlink_install': False, 'test_result_base': None}[0m
[1.361s] [34mcolcon.colcon_core.verb[0m [1;30mLevel 5[0m set package 'robot_caves' build argument 'cmake_args' from command line to 'None'
[1.361s] [34mcolcon.colcon_core.verb[0m [1;30mLevel 5[0m set package 'robot_caves' build argument 'cmake_target' from command line to 'None'
[1.362s] [34mcolcon.colcon_core.verb[0m [1;30mLevel 5[0m set package 'robot_caves' build argument 'cmake_target_skip_unavailable' from command line to 'False'
[1.362s] [34mcolcon.colcon_core.verb[0m [1;30mLevel 5[0m set package 'robot_caves' build argument 'cmake_clean_cache' from command line to 'False'
[1.362s] [34mcolcon.colcon_core.verb[0m [1;30mLevel 5[0m set package 'robot_caves' build argument 'cmake_clean_first' from command line to 'False'
[1.362s] [34mcolcon.colcon_core.verb[0m [1;30mLevel 5[0m set package 'robot_caves' build argument 'cmake_force_configure' from command line to 'False'
[1.362s] [34mcolcon.colcon_core.verb[0m [1;30mLevel 5[0m set package 'robot_caves' build argument 'ament_cmake_args' from command line to 'None'
[1.362s] [34mcolcon.colcon_core.verb[0m [1;30mLevel 5[0m set package 'robot_caves' build argument 'catkin_cmake_args' from command line to 'None'
[1.362s] [34mcolcon.colcon_core.verb[0m [1;30mLevel 5[0m set package 'robot_caves' build argument 'catkin_skip_building_tests' from command line to 'False'
[1.362s] [34mcolcon.colcon_core.verb[0m [1;30mDEBUG[0m [32mBuilding package 'robot_caves' with the following arguments: {'ament_cmake_args': None, 'build_base': '/home/mubashir/Documents/FYP-Legged-Robot-main/Code/build/robot_caves', 'catkin_cmake_args': None, 'catkin_skip_building_tests': False, 'cmake_args': None, 'cmake_clean_cache': False, 'cmake_clean_first': False, 'cmake_force_configure': False, 'cmake_target': None, 'cmake_target_skip_unavailable': False, 'install_base': '/home/mubashir/Documents/FYP-Legged-Robot-main/Code/install/robot_caves', 'merge_install': False, 'path': '/home/mubashir/Documents/FYP-Legged-Robot-main/Code/ROS/src/robot_caves', 'symlink_install': False, 'test_result_base': None}[0m
[1.363s] [34mcolcon.colcon_core.verb[0m [1;30mLevel 5[0m set package 'ign_ros2_control_demos' build argument 'cmake_args' from command line to 'None'
[1.363s] [34mcolcon.colcon_core.verb[0m [1;30mLevel 5[0m set package 'ign_ros2_control_demos' build argument 'cmake_target' from command line to 'None'
[1.363s] [34mcolcon.colcon_core.verb[0m [1;30mLevel 5[0m set package 'ign_ros2_control_demos' build argument 'cmake_target_skip_unavailable' from command line to 'False'
[1.363s] [34mcolcon.colcon_core.verb[0m [1;30mLevel 5[0m set package 'ign_ros2_control_demos' build argument 'cmake_clean_cache' from command line to 'False'
[1.363s] [34mcolcon.colcon_core.verb[0m [1;30mLevel 5[0m set package 'ign_ros2_control_demos' build argument 'cmake_clean_first' from command line to 'False'
[1.363s] [34mcolcon.colcon_core.verb[0m [1;30mLevel 5[0m set package 'ign_ros2_control_demos' build argument 'cmake_force_configure' from command line to 'False'
[1.363s] [34mcolcon.colcon_core.verb[0m [1;30mLevel 5[0m set package 'ign_ros2_control_demos' build argument 'ament_cmake_args' from command line to 'None'
[1.363s] [34mcolcon.colcon_core.verb[0m [1;30mLevel 5[0m set package 'ign_ros2_control_demos' build argument 'catkin_cmake_args' from command line to 'None'
[1.363s] [34mcolcon.colcon_core.verb[0m [1;30mLevel 5[0m set package 'ign_ros2_control_demos' build argument 'catkin_skip_building_tests' from command line to 'False'
[1.364s] [34mcolcon.colcon_core.verb[0m [1;30mDEBUG[0m [32mBuilding package 'ign_ros2_control_demos' with the following arguments: {'ament_cmake_args': None, 'build_base': '/home/mubashir/Documents/FYP-Legged-Robot-main/Code/build/ign_ros2_control_demos', 'catkin_cmake_args': None, 'catkin_skip_building_tests': False, 'cmake_args': None, 'cmake_clean_cache': False, 'cmake_clean_first': False, 'cmake_force_configure': False, 'cmake_target': None, 'cmake_target_skip_unavailable': False, 'install_base': '/home/mubashir/Documents/FYP-Legged-Robot-main/Code/install/ign_ros2_control_demos', 'merge_install': False, 'path': '/home/mubashir/Documents/FYP-Legged-Robot-main/Code/gz_ros2_control/ign_ros2_control_demos', 'symlink_install': False, 'test_result_base': None}[0m
[1.364s] [34mcolcon.colcon_core.verb[0m [1;30mLevel 5[0m set package 'gz_ros2_control_tests' build argument 'cmake_args' from command line to 'None'
[1.364s] [34mcolcon.colcon_core.verb[0m [1;30mLevel 5[0m set package 'gz_ros2_control_tests' build argument 'cmake_target' from command line to 'None'
[1.364s] [34mcolcon.colcon_core.verb[0m [1;30mLevel 5[0m set package 'gz_ros2_control_tests' build argument 'cmake_target_skip_unavailable' from command line to 'False'
[1.364s] [34mcolcon.colcon_core.verb[0m [1;30mLevel 5[0m set package 'gz_ros2_control_tests' build argument 'cmake_clean_cache' from command line to 'False'
[1.364s] [34mcolcon.colcon_core.verb[0m [1;30mLevel 5[0m set package 'gz_ros2_control_tests' build argument 'cmake_clean_first' from command line to 'False'
[1.365s] [34mcolcon.colcon_core.verb[0m [1;30mLevel 5[0m set package 'gz_ros2_control_tests' build argument 'cmake_force_configure' from command line to 'False'
[1.365s] [34mcolcon.colcon_core.verb[0m [1;30mLevel 5[0m set package 'gz_ros2_control_tests' build argument 'ament_cmake_args' from command line to 'None'
[1.365s] [34mcolcon.colcon_core.verb[0m [1;30mLevel 5[0m set package 'gz_ros2_control_tests' build argument 'catkin_cmake_args' from command line to 'None'
[1.365s] [34mcolcon.colcon_core.verb[0m [1;30mLevel 5[0m set package 'gz_ros2_control_tests' build argument 'catkin_skip_building_tests' from command line to 'False'
[1.365s] [34mcolcon.colcon_core.verb[0m [1;30mDEBUG[0m [32mBuilding package 'gz_ros2_control_tests' with the following arguments: {'ament_cmake_args': None, 'build_base': '/home/mubashir/Documents/FYP-Legged-Robot-main/Code/build/gz_ros2_control_tests', 'catkin_cmake_args': None, 'catkin_skip_building_tests': False, 'cmake_args': None, 'cmake_clean_cache': False, 'cmake_clean_first': False, 'cmake_force_configure': False, 'cmake_target': None, 'cmake_target_skip_unavailable': False, 'install_base': '/home/mubashir/Documents/FYP-Legged-Robot-main/Code/install/gz_ros2_control_tests', 'merge_install': False, 'path': '/home/mubashir/Documents/FYP-Legged-Robot-main/Code/gz_ros2_control/gz_ros2_control_tests', 'symlink_install': False, 'test_result_base': None}[0m
[1.365s] [34mcolcon.colcon_core.executor[0m [1;30mINFO[0m Executing jobs using 'parallel' executor
[1.367s] [34mcolcon.colcon_parallel_executor.executor.parallel[0m [1;30mDEBUG[0m [32mrun_until_complete[0m
[1.369s] [34mcolcon.colcon_ros.task.ament_cmake.build[0m [1;30mINFO[0m Building ROS package in '/home/mubashir/Documents/FYP-Legged-Robot-main/Code/gz_ros2_control/gz_ros2_control' with build type 'ament_cmake'
[1.369s] [34mcolcon.colcon_cmake.task.cmake.build[0m [1;30mINFO[0m Building CMake package in '/home/mubashir/Documents/FYP-Legged-Robot-main/Code/gz_ros2_control/gz_ros2_control'
[1.377s] [34mcolcon.colcon_core.plugin_system[0m [1;30mINFO[0m Skipping extension 'colcon_core.shell.bat': Not used on non-Windows systems
[1.378s] [34mcolcon.colcon_core.shell[0m [1;30mINFO[0m Skip shell extension 'powershell' for command environment: Not usable outside of PowerShell
[1.378s] [34mcolcon.colcon_core.shell[0m [1;30mDEBUG[0m [32mSkip shell extension 'dsv' for command environment[0m
[1.385s] [34mcolcon.colcon_ros.task.ament_python.build[0m [1;30mINFO[0m Building ROS package in '/home/mubashir/Documents/FYP-Legged-Robot-main/Code/ROS/src/rlpa_ros2' with build type 'ament_python'
[1.385s] [34mcolcon.colcon_core.shell[0m [1;30mLevel 1[0m create_environment_hook('rlpa_ros2', 'ament_prefix_path')
[1.386s] [34mcolcon.colcon_core.shell[0m [1;30mINFO[0m Creating environment hook '/home/mubashir/Documents/FYP-Legged-Robot-main/Code/install/rlpa_ros2/share/rlpa_ros2/hook/ament_prefix_path.ps1'
[1.390s] [34mcolcon.colcon_core.shell[0m [1;30mINFO[0m Creating environment descriptor '/home/mubashir/Documents/FYP-Legged-Robot-main/Code/install/rlpa_ros2/share/rlpa_ros2/hook/ament_prefix_path.dsv'
[1.391s] [34mcolcon.colcon_core.shell[0m [1;30mINFO[0m Creating environment hook '/home/mubashir/Documents/FYP-Legged-Robot-main/Code/install/rlpa_ros2/share/rlpa_ros2/hook/ament_prefix_path.sh'
[1.394s] [34mcolcon.colcon_core.shell[0m [1;30mINFO[0m Skip shell extension 'powershell' for command environment: Not usable outside of PowerShell
[1.394s] [34mcolcon.colcon_core.shell[0m [1;30mDEBUG[0m [32mSkip shell extension 'dsv' for command environment[0m
[1.402s] [34mcolcon.colcon_ros.task.ament_python.build[0m [1;30mINFO[0m Building ROS package in '/home/mubashir/Documents/FYP-Legged-Robot-main/Code/ROS/src/cheetah_ros2' with build type 'ament_python'
[1.403s] [34mcolcon.colcon_core.shell[0m [1;30mLevel 1[0m create_environment_hook('cheetah_ros2', 'ament_prefix_path')
[1.404s] [34mcolcon.colcon_core.shell[0m [1;30mINFO[0m Creating environment hook '/home/mubashir/Documents/FYP-Legged-Robot-main/Code/install/cheetah_ros2/share/cheetah_ros2/hook/ament_prefix_path.ps1'
[1.408s] [34mcolcon.colcon_core.shell[0m [1;30mINFO[0m Creating environment descriptor '/home/mubashir/Documents/FYP-Legged-Robot-main/Code/install/cheetah_ros2/share/cheetah_ros2/hook/ament_prefix_path.dsv'
[1.409s] [34mcolcon.colcon_core.shell[0m [1;30mINFO[0m Creating environment hook '/home/mubashir/Documents/FYP-Legged-Robot-main/Code/install/cheetah_ros2/share/cheetah_ros2/hook/ament_prefix_path.sh'
[1.411s] [34mcolcon.colcon_core.shell[0m [1;30mINFO[0m Skip shell extension 'powershell' for command environment: Not usable outside of PowerShell
[1.411s] [34mcolcon.colcon_core.shell[0m [1;30mDEBUG[0m [32mSkip shell extension 'dsv' for command environment[0m
[1.419s] [34mcolcon.colcon_ros.task.ament_python.build[0m [1;30mINFO[0m Building ROS package in '/home/mubashir/Documents/FYP-Legged-Robot-main/Code/ROS/src/cpg_ros2' with build type 'ament_python'
[1.420s] [34mcolcon.colcon_core.shell[0m [1;30mLevel 1[0m create_environment_hook('cpg_ros2', 'ament_prefix_path')
[1.420s] [34mcolcon.colcon_core.shell[0m [1;30mINFO[0m Creating environment hook '/home/mubashir/Documents/FYP-Legged-Robot-main/Code/install/cpg_ros2/share/cpg_ros2/hook/ament_prefix_path.ps1'
[1.422s] [34mcolcon.colcon_core.shell[0m [1;30mINFO[0m Creating environment descriptor '/home/mubashir/Documents/FYP-Legged-Robot-main/Code/install/cpg_ros2/share/cpg_ros2/hook/ament_prefix_path.dsv'
[1.424s] [34mcolcon.colcon_core.shell[0m [1;30mINFO[0m Creating environment hook '/home/mubashir/Documents/FYP-Legged-Robot-main/Code/install/cpg_ros2/share/cpg_ros2/hook/ament_prefix_path.sh'
[1.426s] [34mcolcon.colcon_core.shell[0m [1;30mINFO[0m Skip shell extension 'powershell' for command environment: Not usable outside of PowerShell
[1.426s] [34mcolcon.colcon_core.shell[0m [1;30mDEBUG[0m [32mSkip shell extension 'dsv' for command environment[0m
[1.432s] [34mcolcon.colcon_ros.task.ament_cmake.build[0m [1;30mINFO[0m Building ROS package in '/home/mubashir/Documents/FYP-Legged-Robot-main/Code/ROS/src/elevation_mapping' with build type 'ament_cmake'
[1.433s] [34mcolcon.colcon_cmake.task.cmake.build[0m [1;30mINFO[0m Building CMake package in '/home/mubashir/Documents/FYP-Legged-Robot-main/Code/ROS/src/elevation_mapping'
[1.434s] [34mcolcon.colcon_core.shell[0m [1;30mINFO[0m Skip shell extension 'powershell' for command environment: Not usable outside of PowerShell
[1.434s] [34mcolcon.colcon_core.shell[0m [1;30mDEBUG[0m [32mSkip shell extension 'dsv' for command environment[0m
[1.444s] [34mcolcon.colcon_ros.task.ament_python.build[0m [1;30mINFO[0m Building ROS package in '/home/mubashir/Documents/FYP-Legged-Robot-main/Code/ROS/src/kin_ros2' with build type 'ament_python'
[1.445s] [34mcolcon.colcon_core.shell[0m [1;30mLevel 1[0m create_environment_hook('kin_ros2', 'ament_prefix_path')
[1.446s] [34mcolcon.colcon_core.shell[0m [1;30mINFO[0m Creating environment hook '/home/mubashir/Documents/FYP-Legged-Robot-main/Code/install/kin_ros2/share/kin_ros2/hook/ament_prefix_path.ps1'
[1.447s] [34mcolcon.colcon_core.shell[0m [1;30mINFO[0m Creating environment descriptor '/home/mubashir/Documents/FYP-Legged-Robot-main/Code/install/kin_ros2/share/kin_ros2/hook/ament_prefix_path.dsv'
[1.448s] [34mcolcon.colcon_core.shell[0m [1;30mINFO[0m Creating environment hook '/home/mubashir/Documents/FYP-Legged-Robot-main/Code/install/kin_ros2/share/kin_ros2/hook/ament_prefix_path.sh'
[1.449s] [34mcolcon.colcon_core.shell[0m [1;30mINFO[0m Skip shell extension 'powershell' for command environment: Not usable outside of PowerShell
[1.449s] [34mcolcon.colcon_core.shell[0m [1;30mDEBUG[0m [32mSkip shell extension 'dsv' for command environment[0m
[1.457s] [34mcolcon.colcon_ros.task.ament_python.build[0m [1;30mINFO[0m Building ROS package in '/home/mubashir/Documents/FYP-Legged-Robot-main/Code/ROS/src/perception' with build type 'ament_python'
[1.458s] [34mcolcon.colcon_core.shell[0m [1;30mLevel 1[0m create_environment_hook('perception', 'ament_prefix_path')
[1.458s] [34mcolcon.colcon_core.shell[0m [1;30mINFO[0m Creating environment hook '/home/mubashir/Documents/FYP-Legged-Robot-main/Code/install/perception/share/perception/hook/ament_prefix_path.ps1'
[1.461s] [34mcolcon.colcon_core.shell[0m [1;30mINFO[0m Creating environment descriptor '/home/mubashir/Documents/FYP-Legged-Robot-main/Code/install/perception/share/perception/hook/ament_prefix_path.dsv'
[1.461s] [34mcolcon.colcon_core.shell[0m [1;30mINFO[0m Creating environment hook '/home/mubashir/Documents/FYP-Legged-Robot-main/Code/install/perception/share/perception/hook/ament_prefix_path.sh'
[1.463s] [34mcolcon.colcon_core.shell[0m [1;30mINFO[0m Skip shell extension 'powershell' for command environment: Not usable outside of PowerShell
[1.463s] [34mcolcon.colcon_core.shell[0m [1;30mDEBUG[0m [32mSkip shell extension 'dsv' for command environment[0m
[1.471s] [34mcolcon.colcon_ros.task.ament_cmake.build[0m [1;30mINFO[0m Building ROS package in '/home/mubashir/Documents/FYP-Legged-Robot-main/Code/ROS/src/quad_interface' with build type 'ament_cmake'
[1.472s] [34mcolcon.colcon_cmake.task.cmake.build[0m [1;30mINFO[0m Building CMake package in '/home/mubashir/Documents/FYP-Legged-Robot-main/Code/ROS/src/quad_interface'
[1.473s] [34mcolcon.colcon_core.shell[0m [1;30mINFO[0m Skip shell extension 'powershell' for command environment: Not usable outside of PowerShell
[1.473s] [34mcolcon.colcon_core.shell[0m [1;30mDEBUG[0m [32mSkip shell extension 'dsv' for command environment[0m
[1.492s] [34mcolcon.colcon_core.event_handler.log_command[0m [1;30mDEBUG[0m [32mInvoking command in '/home/mubashir/Documents/FYP-Legged-Robot-main/Code/build/gz_ros2_control': CMAKE_PREFIX_PATH=/opt/ros/humble /usr/bin/cmake /home/mubashir/Documents/FYP-Legged-Robot-main/Code/gz_ros2_control/gz_ros2_control -DCMAKE_INSTALL_PREFIX=/home/mubashir/Documents/FYP-Legged-Robot-main/Code/install/gz_ros2_control[0m
[2.299s] [34mcolcon.colcon_core.task.python.build[0m [1;30mINFO[0m Building Python package in '/home/mubashir/Documents/FYP-Legged-Robot-main/Code/ROS/src/rlpa_ros2'
[2.300s] [34mcolcon.colcon_core.shell[0m [1;30mINFO[0m Skip shell extension 'powershell' for command environment: Not usable outside of PowerShell
[2.300s] [34mcolcon.colcon_core.shell[0m [1;30mDEBUG[0m [32mSkip shell extension 'dsv' for command environment[0m
[3.023s] [34mcolcon.colcon_core.task.python.build[0m [1;30mINFO[0m Building Python package in '/home/mubashir/Documents/FYP-Legged-Robot-main/Code/ROS/src/cheetah_ros2'
[3.024s] [34mcolcon.colcon_core.shell[0m [1;30mINFO[0m Skip shell extension 'powershell' for command environment: Not usable outside of PowerShell
[3.025s] [34mcolcon.colcon_core.shell[0m [1;30mDEBUG[0m [32mSkip shell extension 'dsv' for command environment[0m
[3.694s] [34mcolcon.colcon_core.task.python.build[0m [1;30mINFO[0m Building Python package in '/home/mubashir/Documents/FYP-Legged-Robot-main/Code/ROS/src/cpg_ros2'
[3.695s] [34mcolcon.colcon_core.shell[0m [1;30mINFO[0m Skip shell extension 'powershell' for command environment: Not usable outside of PowerShell
[3.695s] [34mcolcon.colcon_core.shell[0m [1;30mDEBUG[0m [32mSkip shell extension 'dsv' for command environment[0m
[3.714s] [34mcolcon.colcon_core.event_handler.log_command[0m [1;30mDEBUG[0m [32mInvoking command in '/home/mubashir/Documents/FYP-Legged-Robot-main/Code/build/elevation_mapping': CMAKE_PREFIX_PATH=/opt/ros/humble /usr/bin/cmake /home/mubashir/Documents/FYP-Legged-Robot-main/Code/ROS/src/elevation_mapping -DCMAKE_INSTALL_PREFIX=/home/mubashir/Documents/FYP-Legged-Robot-main/Code/install/elevation_mapping[0m
[4.499s] [34mcolcon.colcon_core.task.python.build[0m [1;30mINFO[0m Building Python package in '/home/mubashir/Documents/FYP-Legged-Robot-main/Code/ROS/src/kin_ros2'
[4.499s] [34mcolcon.colcon_core.shell[0m [1;30mINFO[0m Skip shell extension 'powershell' for command environment: Not usable outside of PowerShell
[4.500s] [34mcolcon.colcon_core.shell[0m [1;30mDEBUG[0m [32mSkip shell extension 'dsv' for command environment[0m
[5.281s] [34mcolcon.colcon_core.task.python.build[0m [1;30mINFO[0m Building Python package in '/home/mubashir/Documents/FYP-Legged-Robot-main/Code/ROS/src/perception'
[5.281s] [34mcolcon.colcon_core.shell[0m [1;30mINFO[0m Skip shell extension 'powershell' for command environment: Not usable outside of PowerShell
[5.282s] [34mcolcon.colcon_core.shell[0m [1;30mDEBUG[0m [32mSkip shell extension 'dsv' for command environment[0m
[5.343s] [34mcolcon.colcon_core.event_handler.log_command[0m [1;30mDEBUG[0m [32mInvoking command in '/home/mubashir/Documents/FYP-Legged-Robot-main/Code/build/quad_interface': CMAKE_PREFIX_PATH=/opt/ros/humble /usr/bin/cmake /home/mubashir/Documents/FYP-Legged-Robot-main/Code/ROS/src/quad_interface -DCMAKE_INSTALL_PREFIX=/home/mubashir/Documents/FYP-Legged-Robot-main/Code/install/quad_interface[0m
[7.174s] [34mcolcon.colcon_core.event_handler.log_command[0m [1;30mDEBUG[0m [32mInvoking command in '/home/mubashir/Documents/FYP-Legged-Robot-main/Code/ROS/src/cheetah_ros2': PYTHONPATH=/home/mubashir/Documents/FYP-Legged-Robot-main/Code/build/cheetah_ros2/prefix_override:/usr/lib/python3/dist-packages/colcon_core/task/python/colcon_distutils_commands:/home/mubashir/Documents/FYP-Legged-Robot-main/Code/install/cheetah_ros2/lib/python3.10/site-packages:${PYTHONPATH} /usr/bin/python3 -W ignore:setup.py install is deprecated -W ignore:easy_install command is deprecated setup.py egg_info --egg-base ../../../build/cheetah_ros2 build --build-base /home/mubashir/Documents/FYP-Legged-Robot-main/Code/build/cheetah_ros2/build install --record /home/mubashir/Documents/FYP-Legged-Robot-main/Code/build/cheetah_ros2/install.log --single-version-externally-managed install_data[0m
[7.621s] [34mcolcon.colcon_core.event_handler.log_command[0m [1;30mDEBUG[0m [32mInvoking command in '/home/mubashir/Documents/FYP-Legged-Robot-main/Code/ROS/src/cpg_ros2': PYTHONPATH=/home/mubashir/Documents/FYP-Legged-Robot-main/Code/build/cpg_ros2/prefix_override:/usr/lib/python3/dist-packages/colcon_core/task/python/colcon_distutils_commands:/home/mubashir/Documents/FYP-Legged-Robot-main/Code/install/cpg_ros2/lib/python3.10/site-packages:${PYTHONPATH} /usr/bin/python3 -W ignore:setup.py install is deprecated -W ignore:easy_install command is deprecated setup.py egg_info --egg-base ../../../build/cpg_ros2 build --build-base /home/mubashir/Documents/FYP-Legged-Robot-main/Code/build/cpg_ros2/build install --record /home/mubashir/Documents/FYP-Legged-Robot-main/Code/build/cpg_ros2/install.log --single-version-externally-managed install_data[0m
[7.761s] [34mcolcon.colcon_core.event_handler.log_command[0m [1;30mDEBUG[0m [32mInvoking command in '/home/mubashir/Documents/FYP-Legged-Robot-main/Code/ROS/src/perception': PYTHONPATH=/home/mubashir/Documents/FYP-Legged-Robot-main/Code/build/perception/prefix_override:/usr/lib/python3/dist-packages/colcon_core/task/python/colcon_distutils_commands:/home/mubashir/Documents/FYP-Legged-Robot-main/Code/install/perception/lib/python3.10/site-packages:${PYTHONPATH} /usr/bin/python3 -W ignore:setup.py install is deprecated -W ignore:easy_install command is deprecated setup.py egg_info --egg-base ../../../build/perception build --build-base /home/mubashir/Documents/FYP-Legged-Robot-main/Code/build/perception/build install --record /home/mubashir/Documents/FYP-Legged-Robot-main/Code/build/perception/install.log --single-version-externally-managed install_data[0m
[7.969s] [34mcolcon.colcon_core.event_handler.log_command[0m [1;30mDEBUG[0m [32mInvoking command in '/home/mubashir/Documents/FYP-Legged-Robot-main/Code/ROS/src/kin_ros2': PYTHONPATH=/home/mubashir/Documents/FYP-Legged-Robot-main/Code/build/kin_ros2/prefix_override:/usr/lib/python3/dist-packages/colcon_core/task/python/colcon_distutils_commands:/home/mubashir/Documents/FYP-Legged-Robot-main/Code/install/kin_ros2/lib/python3.10/site-packages:${PYTHONPATH} /usr/bin/python3 -W ignore:setup.py install is deprecated -W ignore:easy_install command is deprecated setup.py egg_info --egg-base ../../../build/kin_ros2 build --build-base /home/mubashir/Documents/FYP-Legged-Robot-main/Code/build/kin_ros2/build install --record /home/mubashir/Documents/FYP-Legged-Robot-main/Code/build/kin_ros2/install.log --single-version-externally-managed install_data[0m
[8.274s] [34mcolcon.colcon_core.event_handler.log_command[0m [1;30mDEBUG[0m [32mInvoking command in '/home/mubashir/Documents/FYP-Legged-Robot-main/Code/ROS/src/rlpa_ros2': PYTHONPATH=/home/mubashir/Documents/FYP-Legged-Robot-main/Code/build/rlpa_ros2/prefix_override:/usr/lib/python3/dist-packages/colcon_core/task/python/colcon_distutils_commands:/home/mubashir/Documents/FYP-Legged-Robot-main/Code/install/rlpa_ros2/lib/python3.10/site-packages:${PYTHONPATH} /usr/bin/python3 -W ignore:setup.py install is deprecated -W ignore:easy_install command is deprecated setup.py egg_info --egg-base ../../../build/rlpa_ros2 build --build-base /home/mubashir/Documents/FYP-Legged-Robot-main/Code/build/rlpa_ros2/build install --record /home/mubashir/Documents/FYP-Legged-Robot-main/Code/build/rlpa_ros2/install.log --single-version-externally-managed install_data[0m
[9.960s] [34mcolcon.colcon_core.event_handler.log_command[0m [1;30mDEBUG[0m [32mInvoked command in '/home/mubashir/Documents/FYP-Legged-Robot-main/Code/ROS/src/perception' returned '0': PYTHONPATH=/home/mubashir/Documents/FYP-Legged-Robot-main/Code/build/perception/prefix_override:/usr/lib/python3/dist-packages/colcon_core/task/python/colcon_distutils_commands:/home/mubashir/Documents/FYP-Legged-Robot-main/Code/install/perception/lib/python3.10/site-packages:${PYTHONPATH} /usr/bin/python3 -W ignore:setup.py install is deprecated -W ignore:easy_install command is deprecated setup.py egg_info --egg-base ../../../build/perception build --build-base /home/mubashir/Documents/FYP-Legged-Robot-main/Code/build/perception/build install --record /home/mubashir/Documents/FYP-Legged-Robot-main/Code/build/perception/install.log --single-version-externally-managed install_data[0m
[9.995s] [34mcolcon.colcon_core.environment[0m [1;30mLevel 1[0m checking '/home/mubashir/Documents/FYP-Legged-Robot-main/Code/install/perception' for CMake module files
[9.998s] [34mcolcon.colcon_core.environment[0m [1;30mLevel 1[0m checking '/home/mubashir/Documents/FYP-Legged-Robot-main/Code/install/perception' for CMake config files
[10.026s] [34mcolcon.colcon_core.environment[0m [1;30mLevel 1[0m checking '/home/mubashir/Documents/FYP-Legged-Robot-main/Code/install/perception/lib'
[10.027s] [34mcolcon.colcon_core.environment[0m [1;30mLevel 1[0m checking '/home/mubashir/Documents/FYP-Legged-Robot-main/Code/install/perception/bin'
[10.027s] [34mcolcon.colcon_core.environment[0m [1;30mLevel 1[0m checking '/home/mubashir/Documents/FYP-Legged-Robot-main/Code/install/perception/lib/pkgconfig/perception.pc'
[10.028s] [34mcolcon.colcon_core.environment[0m [1;30mLevel 1[0m checking '/home/mubashir/Documents/FYP-Legged-Robot-main/Code/install/perception/lib/python3.10/site-packages'
[10.028s] [34mcolcon.colcon_core.shell[0m [1;30mLevel 1[0m create_environment_hook('perception', 'pythonpath')
[10.034s] [34mcolcon.colcon_core.shell[0m [1;30mINFO[0m Creating environment hook '/home/mubashir/Documents/FYP-Legged-Robot-main/Code/install/perception/share/perception/hook/pythonpath.ps1'
[10.035s] [34mcolcon.colcon_core.shell[0m [1;30mINFO[0m Creating environment descriptor '/home/mubashir/Documents/FYP-Legged-Robot-main/Code/install/perception/share/perception/hook/pythonpath.dsv'
[10.036s] [34mcolcon.colcon_core.shell[0m [1;30mINFO[0m Creating environment hook '/home/mubashir/Documents/FYP-Legged-Robot-main/Code/install/perception/share/perception/hook/pythonpath.sh'
[10.044s] [34mcolcon.colcon_core.environment[0m [1;30mLevel 1[0m checking '/home/mubashir/Documents/FYP-Legged-Robot-main/Code/install/perception/bin'
[10.044s] [34mcolcon.colcon_core.environment[0m [1;30mLevel 1[0m create_environment_scripts_only(perception)
[10.051s] [34mcolcon.colcon_core.shell[0m [1;30mINFO[0m Creating package script '/home/mubashir/Documents/FYP-Legged-Robot-main/Code/install/perception/share/perception/package.ps1'
[10.054s] [34mcolcon.colcon_core.shell[0m [1;30mINFO[0m Creating package descriptor '/home/mubashir/Documents/FYP-Legged-Robot-main/Code/install/perception/share/perception/package.dsv'
[10.066s] [34mcolcon.colcon_core.shell[0m [1;30mINFO[0m Creating package script '/home/mubashir/Documents/FYP-Legged-Robot-main/Code/install/perception/share/perception/package.sh'
[10.072s] [34mcolcon.colcon_core.shell[0m [1;30mINFO[0m Creating package script '/home/mubashir/Documents/FYP-Legged-Robot-main/Code/install/perception/share/perception/package.bash'
[10.079s] [34mcolcon.colcon_core.shell[0m [1;30mINFO[0m Creating package script '/home/mubashir/Documents/FYP-Legged-Robot-main/Code/install/perception/share/perception/package.zsh'
[10.086s] [34mcolcon.colcon_core.environment[0m [1;30mLevel 1[0m create_file_with_runtime_dependencies(/home/mubashir/Documents/FYP-Legged-Robot-main/Code/install/perception/share/colcon-core/packages/perception)
[10.092s] [34mcolcon.colcon_ros.task.ament_python.build[0m [1;30mINFO[0m Building ROS package in '/home/mubashir/Documents/FYP-Legged-Robot-main/Code/ROS/src/rl_ros2' with build type 'ament_python'
[10.093s] [34mcolcon.colcon_core.shell[0m [1;30mLevel 1[0m create_environment_hook('rl_ros2', 'ament_prefix_path')
[10.095s] [34mcolcon.colcon_core.shell[0m [1;30mINFO[0m Creating environment hook '/home/mubashir/Documents/FYP-Legged-Robot-main/Code/install/rl_ros2/share/rl_ros2/hook/ament_prefix_path.ps1'
[10.100s] [34mcolcon.colcon_core.shell[0m [1;30mINFO[0m Creating environment descriptor '/home/mubashir/Documents/FYP-Legged-Robot-main/Code/install/rl_ros2/share/rl_ros2/hook/ament_prefix_path.dsv'
[10.103s] [34mcolcon.colcon_core.shell[0m [1;30mINFO[0m Creating environment hook '/home/mubashir/Documents/FYP-Legged-Robot-main/Code/install/rl_ros2/share/rl_ros2/hook/ament_prefix_path.sh'
[10.105s] [34mcolcon.colcon_core.shell[0m [1;30mINFO[0m Skip shell extension 'powershell' for command environment: Not usable outside of PowerShell
[10.109s] [34mcolcon.colcon_core.shell[0m [1;30mDEBUG[0m [32mSkip shell extension 'dsv' for command environment[0m
[10.144s] [34mcolcon.colcon_core.event_handler.log_command[0m [1;30mDEBUG[0m [32mInvoked command in '/home/mubashir/Documents/FYP-Legged-Robot-main/Code/build/elevation_mapping' returned '1': CMAKE_PREFIX_PATH=/opt/ros/humble /usr/bin/cmake /home/mubashir/Documents/FYP-Legged-Robot-main/Code/ROS/src/elevation_mapping -DCMAKE_INSTALL_PREFIX=/home/mubashir/Documents/FYP-Legged-Robot-main/Code/install/elevation_mapping[0m
[11.010s] [34mcolcon.colcon_core.task.python.build[0m [1;30mINFO[0m Building Python package in '/home/mubashir/Documents/FYP-Legged-Robot-main/Code/ROS/src/rl_ros2'
[11.011s] [34mcolcon.colcon_core.shell[0m [1;30mINFO[0m Skip shell extension 'powershell' for command environment: Not usable outside of PowerShell
[11.011s] [34mcolcon.colcon_core.shell[0m [1;30mDEBUG[0m [32mSkip shell extension 'dsv' for command environment[0m
[11.027s] [34mcolcon.colcon_core.environment[0m [1;30mLevel 1[0m create_environment_scripts_only(elevation_mapping)
[11.028s] [34mcolcon.colcon_core.environment[0m [1;30mLevel 1[0m checking '/home/mubashir/Documents/FYP-Legged-Robot-main/Code/install/elevation_mapping' for CMake module files
[11.029s] [34mcolcon.colcon_core.environment[0m [1;30mLevel 1[0m checking '/home/mubashir/Documents/FYP-Legged-Robot-main/Code/install/elevation_mapping' for CMake config files
[11.029s] [34mcolcon.colcon_core.environment[0m [1;30mLevel 1[0m checking '/home/mubashir/Documents/FYP-Legged-Robot-main/Code/install/elevation_mapping/bin'
[11.030s] [34mcolcon.colcon_core.environment[0m [1;30mLevel 1[0m checking '/home/mubashir/Documents/FYP-Legged-Robot-main/Code/install/elevation_mapping/lib/pkgconfig/elevation_mapping.pc'
[11.030s] [34mcolcon.colcon_core.environment[0m [1;30mLevel 1[0m checking '/home/mubashir/Documents/FYP-Legged-Robot-main/Code/install/elevation_mapping/lib/python3.10/site-packages'
[11.031s] [34mcolcon.colcon_core.environment[0m [1;30mLevel 1[0m checking '/home/mubashir/Documents/FYP-Legged-Robot-main/Code/install/elevation_mapping/bin'
[11.032s] [34mcolcon.colcon_core.shell[0m [1;30mINFO[0m Creating package script '/home/mubashir/Documents/FYP-Legged-Robot-main/Code/install/elevation_mapping/share/elevation_mapping/package.ps1'
[11.033s] [34mcolcon.colcon_core.shell[0m [1;30mINFO[0m Creating package descriptor '/home/mubashir/Documents/FYP-Legged-Robot-main/Code/install/elevation_mapping/share/elevation_mapping/package.dsv'
[11.034s] [34mcolcon.colcon_core.shell[0m [1;30mINFO[0m Creating package script '/home/mubashir/Documents/FYP-Legged-Robot-main/Code/install/elevation_mapping/share/elevation_mapping/package.sh'
[11.034s] [34mcolcon.colcon_core.shell[0m [1;30mINFO[0m Creating package script '/home/mubashir/Documents/FYP-Legged-Robot-main/Code/install/elevation_mapping/share/elevation_mapping/package.bash'
[11.035s] [34mcolcon.colcon_core.shell[0m [1;30mINFO[0m Creating package script '/home/mubashir/Documents/FYP-Legged-Robot-main/Code/install/elevation_mapping/share/elevation_mapping/package.zsh'
[11.036s] [34mcolcon.colcon_core.environment[0m [1;30mLevel 1[0m create_file_with_runtime_dependencies(/home/mubashir/Documents/FYP-Legged-Robot-main/Code/install/elevation_mapping/share/colcon-core/packages/elevation_mapping)
[12.853s] [34mcolcon.colcon_parallel_executor.executor.parallel[0m [1;30mDEBUG[0m [32mclosing loop[0m
[12.853s] [34mcolcon.colcon_parallel_executor.executor.parallel[0m [1;30mDEBUG[0m [32mloop closed[0m
[12.854s] [34mcolcon.colcon_parallel_executor.executor.parallel[0m [1;30mDEBUG[0m [32mrun_until_complete finished with '1'[0m
[12.854s] [34mcolcon.colcon_core.event_reactor[0m [1;30mDEBUG[0m [32mjoining thread[0m
[12.872s] [34mcolcon.colcon_core.plugin_system[0m [1;30mINFO[0m Skipping extension 'colcon_notification.desktop_notification.terminal_notifier': Not used on non-Darwin systems
[12.872s] [34mcolcon.colcon_core.plugin_system[0m [1;30mINFO[0m Skipping extension 'colcon_notification.desktop_notification.win32': Not used on non-Windows systems
[12.873s] [34mcolcon.colcon_notification.desktop_notification[0m [1;30mINFO[0m Sending desktop notification using 'notify2'
[12.900s] [34mcolcon.colcon_core.event_reactor[0m [1;30mDEBUG[0m [32mjoined thread[0m
[12.901s] [34mcolcon.colcon_core.shell[0m [1;30mINFO[0m Creating prefix script '/home/mubashir/Documents/FYP-Legged-Robot-main/Code/install/local_setup.ps1'
[12.905s] [34mcolcon.colcon_core.shell[0m [1;30mINFO[0m Creating prefix util module '/home/mubashir/Documents/FYP-Legged-Robot-main/Code/install/_local_setup_util_ps1.py'
[12.910s] [34mcolcon.colcon_core.shell[0m [1;30mINFO[0m Creating prefix chain script '/home/mubashir/Documents/FYP-Legged-Robot-main/Code/install/setup.ps1'
[12.912s] [34mcolcon.colcon_core.shell[0m [1;30mINFO[0m Creating prefix script '/home/mubashir/Documents/FYP-Legged-Robot-main/Code/install/local_setup.sh'
[12.914s] [34mcolcon.colcon_core.shell[0m [1;30mINFO[0m Creating prefix util module '/home/mubashir/Documents/FYP-Legged-Robot-main/Code/install/_local_setup_util_sh.py'
[12.915s] [34mcolcon.colcon_core.shell[0m [1;30mINFO[0m Creating prefix chain script '/home/mubashir/Documents/FYP-Legged-Robot-main/Code/install/setup.sh'
[12.918s] [34mcolcon.colcon_core.shell[0m [1;30mINFO[0m Creating prefix script '/home/mubashir/Documents/FYP-Legged-Robot-main/Code/install/local_setup.bash'
[12.922s] [34mcolcon.colcon_core.shell[0m [1;30mINFO[0m Creating prefix chain script '/home/mubashir/Documents/FYP-Legged-Robot-main/Code/install/setup.bash'
[12.925s] [34mcolcon.colcon_core.shell[0m [1;30mINFO[0m Creating prefix script '/home/mubashir/Documents/FYP-Legged-Robot-main/Code/install/local_setup.zsh'
[12.927s] [34mcolcon.colcon_core.shell[0m [1;30mINFO[0m Creating prefix chain script '/home/mubashir/Documents/FYP-Legged-Robot-main/Code/install/setup.zsh'
